province,id,name,category,subcategory,city,phone,website,address,lat,lng,sans_adresse,sans_gps,sans_telephone,tel_suspect,verifie_par,is_province_wide,horaire_lun_ven,horaire_samedi,horaire_dimanche,horaire_ferie,disponible_24h,urgence_24h,note_horaire
QC,imm-sii-rive-sud,Maison Internationale de la Rive-Sud (MIRS),immigration,Accueil – nouveaux arrivants,Brossard,(450) 445-8777,https://mirs.qc.ca/,"2500 Boul. Lapinière, Brossard, QC J4Z 3V1",,,,X,,,admin,f,08h30–16h30,Fermé,Fermé,Fermé,non,non,Lun-ven 8h30-16h30. Sur RV pour consultations spécialisées.
QC,drum-garde-2205-rue-bertrand,2205 rue bertrand,famille,Milieu familial subventionné,Drummondville,1-844-270-5055,,,45.85881,-72.48767,X,,,,admin,f,07h00–18h00,Fermé,Fermé,Fermé,non,non,Lun-ven 7h-18h. Fermeture jours fériés et 2 semaines l'été.
QC,drum-garde-andrea-duquette,Andrea Duquette,famille,Milieu familial subventionné,Drummondville,1-844-270-5055,,,45.88115,-72.4494,X,,,,admin,f,07h00–18h00,Fermé,Fermé,Fermé,non,non,Lun-ven 7h-18h. Fermeture jours fériés et 2 semaines l'été.
QC,drum-garde-anny-gelinas,Anny Gelinas,famille,Milieu familial subventionné,Drummondville,1-844-270-5055,,,45.8664,-72.46853,X,,,,admin,f,07h00–18h00,Fermé,Fermé,Fermé,non,non,Lun-ven 7h-18h. Fermeture jours fériés et 2 semaines l'été.
QC,drum-garde-bousquet-lyn,Bousquet Lyn,famille,Milieu familial subventionné,Drummondville,1-844-270-5055,,,45.89525,-72.47361,X,,,,admin,f,07h00–18h00,Fermé,Fermé,Fermé,non,non,Lun-ven 7h-18h. Fermeture jours fériés et 2 semaines l'été.
QC,drum-garde-cpe-cooperatif-les-p-tites-abeilles-inst-2,CPE COOPÉRATIF LES P'TITES ABEILLES - INST. DUNKIN,famille,CPE subventionné,Drummondville,1-844-270-5055,,,45.88736,-72.4795,X,,,,admin,f,07h00–18h00,Fermé,Fermé,Fermé,non,non,Lun-ven 7h-18h. Fermeture jours fériés et 2 semaines l'été.
QC,drum-garde-cpe-cooperatif-les-p-tites-abeilles-inst,CPE COOPÉRATIF LES P'TITES ABEILLES - INST. LINDSAY,famille,CPE subventionné,Drummondville,1-844-270-5055,,,45.88589,-72.478,X,,,,admin,f,07h00–18h00,Fermé,Fermé,Fermé,non,non,Lun-ven 7h-18h. Fermeture jours fériés et 2 semaines l'été.
QC,drum-garde-cpe-fardoche-inst-du-moulin,CPE FARDOCHE - INST. DU MOULIN,famille,CPE subventionné,Drummondville,1-844-270-5055,,,45.87639,-72.48031,X,,,,admin,f,07h00–18h00,Fermé,Fermé,Fermé,non,non,Lun-ven 7h-18h. Fermeture jours fériés et 2 semaines l'été.
QC,drum-garde-cpe-fardoche-inst-rajotte,CPE FARDOCHE - INST. RAJOTTE,famille,CPE subventionné,Drummondville,1-844-270-5055,,,45.89817,-72.48599,X,,,,admin,f,07h00–18h00,Fermé,Fermé,Fermé,non,non,Lun-ven 7h-18h. Fermeture jours fériés et 2 semaines l'été.
QC,drum-garde-cpe-fardoche-inst-saint-alfred,CPE FARDOCHE - INST. SAINT-ALFRED,famille,CPE subventionné,Drummondville,1-844-270-5055,,,45.87784,-72.46665,X,,,,admin,f,07h00–18h00,Fermé,Fermé,Fermé,non,non,Lun-ven 7h-18h. Fermeture jours fériés et 2 semaines l'été.
QC,drum-garde-cpe-grand-mere-douceur-inst-drummond,CPE GRAND-MÈRE DOUCEUR - INST. DRUMMOND,famille,CPE subventionné,Drummondville,1-844-270-5055,,,45.88392,-72.47497,X,,,,admin,f,07h00–18h00,Fermé,Fermé,Fermé,non,non,Lun-ven 7h-18h. Fermeture jours fériés et 2 semaines l'été.
QC,drum-garde-cpe-grand-mere-douceur-inst-le-quartier,CPE GRAND-MÈRE DOUCEUR - INST. LE QUARTIER,famille,CPE subventionné,Drummondville,1-844-270-5055,,,45.87744,-72.49844,X,,,,admin,f,07h00–18h00,Fermé,Fermé,Fermé,non,non,Lun-ven 7h-18h. Fermeture jours fériés et 2 semaines l'été.
QC,drum-garde-cpe-grand-mere-douceur-inst-st-charles,CPE GRAND-MÈRE DOUCEUR - INST. ST-CHARLES,famille,CPE subventionné,Drummondville,1-844-270-5055,,,45.86953,-72.46817,X,,,,admin,f,07h00–18h00,Fermé,Fermé,Fermé,non,non,Lun-ven 7h-18h. Fermeture jours fériés et 2 semaines l'été.
QC,drum-garde-cpe-la-maison-de-becassine-inst-1,CPE LA MAISON DE BÉCASSINE - INST 1,famille,CPE subventionné,Drummondville,1-844-270-5055,,,45.8833,-72.51493,X,,,,admin,f,07h00–18h00,Fermé,Fermé,Fermé,non,non,Lun-ven 7h-18h. Fermeture jours fériés et 2 semaines l'été.
QC,drum-garde-cpe-le-papillon-enchante-inst-1,CPE LE PAPILLON ENCHANTÉ - INST. 1,famille,CPE subventionné,Drummondville,1-844-270-5055,,,45.89699,-72.49738,X,,,,admin,f,07h00–18h00,Fermé,Fermé,Fermé,non,non,Lun-ven 7h-18h. Fermeture jours fériés et 2 semaines l'été.
QC,drum-garde-cpe-les-petits-lutins-de-drum-inst-de-dr,CPE LES PETITS LUTINS DE DRUM. - INST. DE DRUMMONDVILLE,famille,CPE subventionné,Drummondville,1-844-270-5055,,,45.88218,-72.47874,X,,,,admin,f,07h00–18h00,Fermé,Fermé,Fermé,non,non,Lun-ven 7h-18h. Fermeture jours fériés et 2 semaines l'été.
QC,drum-garde-cpe-les-petits-lutins-de-drum-inst-du-fr,CPE LES PETITS LUTINS DE DRUM. - INST. DU FRAISIER,famille,CPE subventionné,Drummondville,1-844-270-5055,,,45.88326,-72.49076,X,,,,admin,f,07h00–18h00,Fermé,Fermé,Fermé,non,non,Lun-ven 7h-18h. Fermeture jours fériés et 2 semaines l'été.
QC,drum-garde-cpe-plumeau-soleil,CPE PLUMEAU-SOLEIL,famille,CPE subventionné,Drummondville,1-844-270-5055,,,45.86594,-72.47834,X,,,,admin,f,07h00–18h00,Fermé,Fermé,Fermé,non,non,Lun-ven 7h-18h. Fermeture jours fériés et 2 semaines l'été.
QC,drum-garde-cpe-plumeau-soleil-inst-la-ribambelle,CPE PLUMEAU-SOLEIL - INST. LA RIBAMBELLE,famille,CPE subventionné,Drummondville,1-844-270-5055,,,45.87267,-72.46764,X,,,,admin,f,07h00–18h00,Fermé,Fermé,Fermé,non,non,Lun-ven 7h-18h. Fermeture jours fériés et 2 semaines l'été.
QC,drum-garde-cpe-plumeau-soleil-inst-uqtr,CPE PLUMEAU-SOLEIL - INST. UQTR,famille,CPE subventionné,Drummondville,1-844-270-5055,,,45.89084,-72.47006,X,,,,admin,f,07h00–18h00,Fermé,Fermé,Fermé,non,non,Lun-ven 7h-18h. Fermeture jours fériés et 2 semaines l'été.
QC,drum-garde-cpe-sur-une-patte-inst-celanese,CPE SUR UNE PATTE - INST. CELANESE,famille,CPE subventionné,Drummondville,1-844-270-5055,,,45.88049,-72.50031,X,,,,admin,f,07h00–18h00,Fermé,Fermé,Fermé,non,non,Lun-ven 7h-18h. Fermeture jours fériés et 2 semaines l'été.
QC,drum-garde-cpe-a-tire-d-aile-inst-av-des-lilas,CPE À TIRE D'AILE - INST. AV. DES LILAS,famille,CPE subventionné,Drummondville,1-844-270-5055,,,45.88955,-72.50411,X,,,,admin,f,07h00–18h00,Fermé,Fermé,Fermé,non,non,Lun-ven 7h-18h. Fermeture jours fériés et 2 semaines l'été.
QC,drum-garde-cpe-a-tire-d-aile-inst-boul-des-pins,CPE À TIRE D'AILE - INST. BOUL. DES PINS,famille,CPE subventionné,Drummondville,1-844-270-5055,,,45.8896,-72.50394,X,,,,admin,f,07h00–18h00,Fermé,Fermé,Fermé,non,non,Lun-ven 7h-18h. Fermeture jours fériés et 2 semaines l'été.
QC,drum-garde-carmen-cinthya-romero-espinoza,Carmen Cinthya Romero Espinoza,famille,Milieu familial subventionné,Drummondville,1-844-270-5055,,,45.89862,-72.46005,X,,,,admin,f,07h00–18h00,Fermé,Fermé,Fermé,non,non,Lun-ven 7h-18h. Fermeture jours fériés et 2 semaines l'été.
QC,drum-garde-claudie-trottier,Claudie Trottier,famille,Milieu familial subventionné,Drummondville,1-844-270-5055,,,45.87556,-72.4915,X,,,,admin,f,07h00–18h00,Fermé,Fermé,Fermé,non,non,Lun-ven 7h-18h. Fermeture jours fériés et 2 semaines l'été.
QC,drum-garde-france-munger,France Munger,famille,Milieu familial subventionné,Drummondville,1-844-270-5055,,,45.87717,-72.47322,X,,,,admin,f,07h00–18h00,Fermé,Fermé,Fermé,non,non,Lun-ven 7h-18h. Fermeture jours fériés et 2 semaines l'été.
QC,drum-garde-g-au-chateau-des-amis,G. AU CHÂTEAU DES AMIS,famille,Garderie subventionné,Drummondville,1-844-270-5055,,,45.88515,-72.46256,X,,,,admin,f,07h00–18h00,Fermé,Fermé,Fermé,non,non,Lun-ven 7h-18h. Fermeture jours fériés et 2 semaines l'été.
QC,drum-garde-g-l-atelier-des-frimousses,G. L'ATELIER DES FRIMOUSSES,famille,Garderie subventionné,Drummondville,1-844-270-5055,,,45.87799,-72.51233,X,,,,admin,f,07h00–18h00,Fermé,Fermé,Fermé,non,non,Lun-ven 7h-18h. Fermeture jours fériés et 2 semaines l'été.
QC,drum-garde-g-l-univers-enchante-lemire,G. L'UNIVERS ENCHANTÉ (LEMIRE),famille,Garderie non subventionné,Drummondville,1-844-270-5055,,,45.86487,-72.47434,X,,,,admin,f,07h00–18h00,Fermé,Fermé,Fermé,non,non,Lun-ven 7h-18h. Fermeture jours fériés et 2 semaines l'été.
QC,drum-garde-g-la-petite-ecole-vision-drummondville,G. LA PETITE ÉCOLE VISION DRUMMONDVILLE,famille,Garderie non subventionné,Drummondville,1-844-270-5055,,,45.88609,-72.48001,X,,,,admin,f,07h00–18h00,Fermé,Fermé,Fermé,non,non,Lun-ven 7h-18h. Fermeture jours fériés et 2 semaines l'été.
QC,drum-garde-g-pomme-aventure-drummondville,G. POMME AVENTURE DRUMMONDVILLE,famille,Garderie subventionné,Drummondville,1-844-270-5055,,,45.90336,-72.4776,X,,,,admin,f,07h00–18h00,Fermé,Fermé,Fermé,non,non,Lun-ven 7h-18h. Fermeture jours fériés et 2 semaines l'été.
QC,drum-garde-ikram,Ikram,famille,Milieu familial subventionné,Drummondville,1-844-270-5055,,,45.87592,-72.4679,X,,,,admin,f,07h00–18h00,Fermé,Fermé,Fermé,non,non,Lun-ven 7h-18h. Fermeture jours fériés et 2 semaines l'été.
QC,drum-garde-josee-gauthier,Josée Gauthier,famille,Milieu familial subventionné,Drummondville,1-844-270-5055,,,45.88053,-72.50506,X,,,,admin,f,07h00–18h00,Fermé,Fermé,Fermé,non,non,Lun-ven 7h-18h. Fermeture jours fériés et 2 semaines l'été.
QC,drum-garde-julie-cloutier,Julie Cloutier,famille,Milieu familial subventionné,Drummondville,1-844-270-5055,,,45.87454,-72.45492,X,,,,admin,f,07h00–18h00,Fermé,Fermé,Fermé,non,non,Lun-ven 7h-18h. Fermeture jours fériés et 2 semaines l'été.
QC,drum-garde-karine-beaupre,Karine Beaupré,famille,Milieu familial subventionné,Drummondville,1-844-270-5055,,,45.89848,-72.47997,X,,,,admin,f,07h00–18h00,Fermé,Fermé,Fermé,non,non,Lun-ven 7h-18h. Fermeture jours fériés et 2 semaines l'été.
QC,drum-garde-l-envol-des-nuances,L'envol des nuances,famille,Milieu familial subventionné,Drummondville,1-844-270-5055,,,45.87606,-72.50938,X,,,,admin,f,07h00–18h00,Fermé,Fermé,Fermé,non,non,Lun-ven 7h-18h. Fermeture jours fériés et 2 semaines l'été.
QC,drum-garde-l-envolee-des-papillons,L'envolée des papillons,famille,Milieu familial subventionné,Drummondville,1-844-270-5055,,,45.89138,-72.51243,X,,,,admin,f,07h00–18h00,Fermé,Fermé,Fermé,non,non,Lun-ven 7h-18h. Fermeture jours fériés et 2 semaines l'été.
QC,drum-garde-le-petit-monde-de-nancy,Le Petit Monde de Nancy,famille,Milieu familial subventionné,Drummondville,1-844-270-5055,,,45.87539,-72.50435,X,,,,admin,f,07h00–18h00,Fermé,Fermé,Fermé,non,non,Lun-ven 7h-18h. Fermeture jours fériés et 2 semaines l'été.
QC,drum-garde-les-petits-renards-futes,Les Petits Renards futés,famille,Milieu familial subventionné,Drummondville,1-844-270-5055,,,45.87443,-72.48326,X,,,,admin,f,07h00–18h00,Fermé,Fermé,Fermé,non,non,Lun-ven 7h-18h. Fermeture jours fériés et 2 semaines l'été.
QC,drum-garde-les-pommettes-rouges,Les Pommettes Rouges,famille,Milieu familial subventionné,Drummondville,1-844-270-5055,,,45.86529,-72.49793,X,,,,admin,f,07h00–18h00,Fermé,Fermé,Fermé,non,non,Lun-ven 7h-18h. Fermeture jours fériés et 2 semaines l'été.
QC,drum-garde-les-p-tites-grenouilles,Les P’tites Grenouilles,famille,Milieu familial subventionné,Drummondville,1-844-270-5055,,,45.88871,-72.49078,X,,,,admin,f,07h00–18h00,Fermé,Fermé,Fermé,non,non,Lun-ven 7h-18h. Fermeture jours fériés et 2 semaines l'été.
QC,drum-garde-les-amis-de-vanessa,Les amis de Vanessa,famille,Milieu familial subventionné,Drummondville,1-844-270-5055,,,45.86994,-72.48838,X,,,,admin,f,07h00–18h00,Fermé,Fermé,Fermé,non,non,Lun-ven 7h-18h. Fermeture jours fériés et 2 semaines l'été.
QC,drum-garde-les-oisillons-du-bonheur,Les oisillons du bonheur,famille,Milieu familial subventionné,Drummondville,1-844-270-5055,,,45.89944,-72.46797,X,,,,admin,f,07h00–18h00,Fermé,Fermé,Fermé,non,non,Lun-ven 7h-18h. Fermeture jours fériés et 2 semaines l'été.
QC,drum-garde-les-troubadoux,Les troubadoux,famille,Milieu familial subventionné,Drummondville,1-844-270-5055,,,45.85986,-72.49648,X,,,,admin,f,07h00–18h00,Fermé,Fermé,Fermé,non,non,Lun-ven 7h-18h. Fermeture jours fériés et 2 semaines l'été.
QC,drum-garde-louise-beland,Louise Beland,famille,Milieu familial subventionné,Drummondville,1-844-270-5055,,,45.86592,-72.4766,X,,,,admin,f,07h00–18h00,Fermé,Fermé,Fermé,non,non,Lun-ven 7h-18h. Fermeture jours fériés et 2 semaines l'été.
QC,drum-garde-maison-d-amour,Maison d’amour,famille,Milieu familial subventionné,Drummondville,1-844-270-5055,,,45.88164,-72.51564,X,,,,admin,f,07h00–18h00,Fermé,Fermé,Fermé,non,non,Lun-ven 7h-18h. Fermeture jours fériés et 2 semaines l'été.
QC,drum-garde-marie-helene-st-louis,Marie-Helene St-louis,famille,Milieu familial subventionné,Drummondville,1-844-270-5055,,,45.86442,-72.49917,X,,,,admin,f,07h00–18h00,Fermé,Fermé,Fermé,non,non,Lun-ven 7h-18h. Fermeture jours fériés et 2 semaines l'été.
QC,drum-garde-marinela-sirca,Marinela Sirca,famille,Milieu familial subventionné,Drummondville,1-844-270-5055,,,45.87562,-72.46817,X,,,,admin,f,07h00–18h00,Fermé,Fermé,Fermé,non,non,Lun-ven 7h-18h. Fermeture jours fériés et 2 semaines l'été.
QC,drum-garde-milieux-familial-chez-cindy,Milieux familial chez cindy,famille,Milieu familial subventionné,Drummondville,1-844-270-5055,,,45.89161,-72.49222,X,,,,admin,f,07h00–18h00,Fermé,Fermé,Fermé,non,non,Lun-ven 7h-18h. Fermeture jours fériés et 2 semaines l'été.
QC,drum-garde-mme-guylaine-mercier,Mme Guylaine Mercier,famille,Milieu familial subventionné,Drummondville,1-844-270-5055,,,45.87929,-72.50773,X,,,,admin,f,07h00–18h00,Fermé,Fermé,Fermé,non,non,Lun-ven 7h-18h. Fermeture jours fériés et 2 semaines l'été.
QC,drum-garde-mme-ivonn-sanchez-cruz,Mme Ivonn Sanchez Cruz,famille,Milieu familial subventionné,Drummondville,1-844-270-5055,,,45.88894,-72.45868,X,,,,admin,f,07h00–18h00,Fermé,Fermé,Fermé,non,non,Lun-ven 7h-18h. Fermeture jours fériés et 2 semaines l'été.
QC,drum-garde-mme-maria-alejandra-silva-gonzalez,Mme Maria Alejandra Silva Gonzalez,famille,Milieu familial subventionné,Drummondville,1-844-270-5055,,,45.87547,-72.48897,X,,,,admin,f,07h00–18h00,Fermé,Fermé,Fermé,non,non,Lun-ven 7h-18h. Fermeture jours fériés et 2 semaines l'été.
QC,drum-garde-mme-marie-joane-theodore,Mme Marie Joane Théodore,famille,Milieu familial subventionné,Drummondville,1-844-270-5055,,,45.88597,-72.47292,X,,,,admin,f,07h00–18h00,Fermé,Fermé,Fermé,non,non,Lun-ven 7h-18h. Fermeture jours fériés et 2 semaines l'été.
QC,drum-garde-mme-marilyn-bousquet,Mme Marilyn Bousquet,famille,Milieu familial subventionné,Drummondville,1-844-270-5055,,,45.90328,-72.47526,X,,,,admin,f,07h00–18h00,Fermé,Fermé,Fermé,non,non,Lun-ven 7h-18h. Fermeture jours fériés et 2 semaines l'été.
QC,drum-garde-mme-mery-catalina-ruiz-reyes,Mme Mery Catalina Ruiz Reyes,famille,Milieu familial subventionné,Drummondville,1-844-270-5055,,,45.90314,-72.47004,X,,,,admin,f,07h00–18h00,Fermé,Fermé,Fermé,non,non,Lun-ven 7h-18h. Fermeture jours fériés et 2 semaines l'été.
QC,drum-garde-mme-najlae-medni,Mme Najlae Medni,famille,Milieu familial subventionné,Drummondville,1-844-270-5055,,,45.88895,-72.47625,X,,,,admin,f,07h00–18h00,Fermé,Fermé,Fermé,non,non,Lun-ven 7h-18h. Fermeture jours fériés et 2 semaines l'été.
QC,drum-garde-mme-pierrette-beaulieu-salvas,Mme Pierrette Beaulieu Salvas,famille,Milieu familial subventionné,Drummondville,1-844-270-5055,,,45.8664,-72.45907,X,,,,admin,f,07h00–18h00,Fermé,Fermé,Fermé,non,non,Lun-ven 7h-18h. Fermeture jours fériés et 2 semaines l'été.
QC,drum-garde-mon-beau-petit-cocon,Mon Beau Petit Cocon,famille,Milieu familial subventionné,Drummondville,1-844-270-5055,,,45.89358,-72.47146,X,,,,admin,f,07h00–18h00,Fermé,Fermé,Fermé,non,non,Lun-ven 7h-18h. Fermeture jours fériés et 2 semaines l'été.
QC,drum-garde-mylene-duff,Mylene Duff,famille,Milieu familial subventionné,Drummondville,1-844-270-5055,,,45.88748,-72.45371,X,,,,admin,f,07h00–18h00,Fermé,Fermé,Fermé,non,non,Lun-ven 7h-18h. Fermeture jours fériés et 2 semaines l'été.
QC,drum-garde-nathalie-beaudoin,Nathalie Beaudoin,famille,Milieu familial subventionné,Drummondville,1-844-270-5055,,,45.86711,-72.46449,X,,,,admin,f,07h00–18h00,Fermé,Fermé,Fermé,non,non,Lun-ven 7h-18h. Fermeture jours fériés et 2 semaines l'été.
QC,drum-garde-paola-stela-kamga-kaptche-epse-fokou,Paola stela Kamga kaptche Epse Fokou,famille,Milieu familial subventionné,Drummondville,1-844-270-5055,,,45.86347,-72.47213,X,,,,admin,f,07h00–18h00,Fermé,Fermé,Fermé,non,non,Lun-ven 7h-18h. Fermeture jours fériés et 2 semaines l'été.
QC,drum-garde-petits-genies,Petits Génies,famille,Milieu familial subventionné,Drummondville,1-844-270-5055,,,45.90016,-72.47696,X,,,,admin,f,07h00–18h00,Fermé,Fermé,Fermé,non,non,Lun-ven 7h-18h. Fermeture jours fériés et 2 semaines l'été.
QC,drum-garde-princesses-et-dragons,Princesses et Dragons,famille,Milieu familial subventionné,Drummondville,1-844-270-5055,,,45.85832,-72.48233,X,,,,admin,f,07h00–18h00,Fermé,Fermé,Fermé,non,non,Lun-ven 7h-18h. Fermeture jours fériés et 2 semaines l'été.
QC,drum-garde-rhode-flavienne-mbatchou-piengue,Rhode Flavienne Mbatchou Piengue,famille,Milieu familial subventionné,Drummondville,1-844-270-5055,,,45.89744,-72.48835,X,,,,admin,f,07h00–18h00,Fermé,Fermé,Fermé,non,non,Lun-ven 7h-18h. Fermeture jours fériés et 2 semaines l'été.
QC,drum-garde-service-de-garde-chez-lyne,Service de garde chez Lyne,famille,Milieu familial subventionné,Drummondville,1-844-270-5055,,,45.90628,-72.48573,X,,,,admin,f,07h00–18h00,Fermé,Fermé,Fermé,non,non,Lun-ven 7h-18h. Fermeture jours fériés et 2 semaines l'été.
QC,drum-garde-service-de-garde-chez-yaya,Service de garde chez Yaya,famille,Milieu familial subventionné,Drummondville,1-844-270-5055,,,45.8694,-72.46984,X,,,,admin,f,07h00–18h00,Fermé,Fermé,Fermé,non,non,Lun-ven 7h-18h. Fermeture jours fériés et 2 semaines l'été.
QC,drum-garde-service-de-garde-les-pitchoux,Service de garde les pitchoux,famille,Milieu familial subventionné,Drummondville,1-844-270-5055,,,45.90474,-72.47549,X,,,,admin,f,07h00–18h00,Fermé,Fermé,Fermé,non,non,Lun-ven 7h-18h. Fermeture jours fériés et 2 semaines l'été.
QC,drum-garde-milieu-familial,Services de garde en milieu familial — Drummondville (1),famille,Milieu familial subventionné,Drummondville,1-844-270-5055,,,45.88107,-72.47664,X,,,,admin,f,07h00–18h00,Fermé,Fermé,Fermé,non,non,Lun-ven 7h-18h. Fermeture jours fériés et 2 semaines l'été.
QC,drum-garde-milieu-familial-2,Services de garde en milieu familial — Drummondville (2),famille,Milieu familial subventionné,Drummondville,1-844-270-5055,,,45.88942,-72.47547,X,,,,admin,f,07h00–18h00,Fermé,Fermé,Fermé,non,non,Lun-ven 7h-18h. Fermeture jours fériés et 2 semaines l'été.
QC,drum-garde-milieu-familial-3,Services de garde en milieu familial — Drummondville (3),famille,Milieu familial subventionné,Drummondville,1-844-270-5055,,,45.8924,-72.47044,X,,,,admin,f,07h00–18h00,Fermé,Fermé,Fermé,non,non,Lun-ven 7h-18h. Fermeture jours fériés et 2 semaines l'été.
QC,drum-garde-milieu-familial-4,Services de garde en milieu familial — Drummondville (4),famille,Milieu familial non subventionné,Drummondville,1-844-270-5055,,,45.90351,-72.4885,X,,,,admin,f,07h00–18h00,Fermé,Fermé,Fermé,non,non,Lun-ven 7h-18h. Fermeture jours fériés et 2 semaines l'été.
QC,drum-garde-milieu-familial-5,Services de garde en milieu familial — Drummondville (5),famille,Milieu familial subventionné,Drummondville,1-844-270-5055,,,45.9042,-72.49332,X,,,,admin,f,07h00–18h00,Fermé,Fermé,Fermé,non,non,Lun-ven 7h-18h. Fermeture jours fériés et 2 semaines l'été.
QC,drum-garde-stephanie,Stephanie,famille,Milieu familial subventionné,Drummondville,1-844-270-5055,,,45.88441,-72.51706,X,,,,admin,f,07h00–18h00,Fermé,Fermé,Fermé,non,non,Lun-ven 7h-18h. Fermeture jours fériés et 2 semaines l'été.
QC,drum-garde-valerie-auclair,valerie auclair,famille,Milieu familial subventionné,Drummondville,1-844-270-5055,,,45.89363,-72.51286,X,,,,admin,f,07h00–18h00,Fermé,Fermé,Fermé,non,non,Lun-ven 7h-18h. Fermeture jours fériés et 2 semaines l'été.
QC,emp-cje-drummondville,Carrefour Jeunesse-Emploi Drummond,emploi,Carrefour jeunesse-emploi (CJE),Drummondville,819-475-4646,https://www.cjedrummond.qc.ca,"150, rue Marchand, bureau 260, Drummondville, QC J2C 4N1",,,,X,,,curated-mauricie-update,f,08h30–16h30,Fermé,Fermé,Fermé,non,non,Lun-ven 8h30-16h30. Sans RV ou sur RV selon service.
QC,ba-drummondville,Banque alimentaire Drummond,alimentation,Banque alimentaire,Drummondville,819-478-4243,https://www.comptoiralimentairedrummond.com/fr,"1655, rue Corriveau Drummondville (Québec) J2C 1Y9",,,,X,,,curated-baq-network,f,09h00–16h00,09h00–13h00,Fermé,Fermé,non,non,"Lun-ven 9h-16h, sam 9h-13h. Horaires varient selon point de distribution."
QC,h-omh-drummondville,Office municipal d'habitation Drummond,logement,Office municipal d'habitation,Drummondville,819-477-1620,https://omhd.ca,"750, rue des Forges, Drummondville, QC J2B 6K6",,,,X,,,curated-housing-network,f,08h30–16h30,Fermé,Fermé,Fermé,non,non,Bureau lun-ven 8h30-16h30. Liste d'attente – inscription requise.
QC,centre911-centreduqc,Centre 911 — Centre-du-Québec,soutienSocial,Centre 911,Drummondville,911,,,45.8833,-72.4833,X,,,,,f,00h00–24h00,00h00–24h00,00h00–24h00,00h00–24h00,oui,oui,"Service disponible 24h/24, 7j/7"
QC,baq-moisson-haut-st-francois,Moisson Haut-Saint-François,alimentation,Banque alimentaire régionale,East Angus,819-832-2515,https://moissonhsf.com,"275, rue Saint-Jean Ouest, East Angus, QC J0B 1R0",,,,X,,,curated-baq-network,f,09h00–16h00,09h00–13h00,Fermé,Fermé,non,non,"Lun-ven 9h-16h, sam 9h-13h. Horaires varient selon point de distribution."
QC,centre911-gaspesie,Centre 911 — Gaspésie / Îles-de-la-Madeleine,soutienSocial,Centre 911,Gaspé,911,,,48.8349,-64.4818,X,,,,,f,00h00–24h00,00h00–24h00,00h00–24h00,00h00–24h00,oui,oui,"Service disponible 24h/24, 7j/7"
QC,emp-cje-gatineau,Carrefour jeunesse-emploi Outaouais,emploi,Carrefour jeunesse-emploi (CJE),Gatineau,819-771-4391,https://cjeo.qc.ca,"92, boul. Saint-Raymond, Gatineau, QC J8Y 1S7",,,,X,,,curated-employment-network,f,08h30–16h30,Fermé,Fermé,Fermé,non,non,Lun-ven 8h30-16h30. Sans RV ou sur RV selon service.
QC,baq-moisson-outaouais,Moisson Outaouais,alimentation,Banque alimentaire régionale,Gatineau,819-669-2000,https://moissonoutaouais.com,"37 rue Bombardier, Gatineau, QC J8R 0G4",,,,X,,,curated-baq-network,f,09h00–16h00,09h00–13h00,Fermé,Fermé,non,non,"Lun-ven 9h-16h, sam 9h-13h. Horaires varient selon point de distribution."
QC,msss-clsc-gatineau-clsc-de-vallee-de-la-lievre,CLSC De Vallée-De-La-Lièvre,sante,CLSC,Gatineau,819-966-6530,,"578, rue Maclaren Est, Gatineau, QC J8L 2W1",45.5880012512207,-75.40270233154297,,,,,donnees-quebec.ca/MSSS,f,08h00–20h00,08h00–16h00,08h00–16h00,08h00–16h00,non,non,Lun-ven 8h-20h. Sam-dim et fériés 8h-16h. Sur RV pour certains services.
QC,msss-clsc-gatineau-clsc-et-centre-de-protection-de-l-enfance-et-de-la-jeunesse-,CLSC Et Centre De Protection De L'Enfance Et De La Jeunesse De L'Outaouais,sante,CLSC,Gatineau,819-966-6530,,"105, boulevard Sacré-Coeur, Édifice Marc, Gatineau, QC J8X 1C5",45.43769836425781,-75.71510314941406,,,,,donnees-quebec.ca/MSSS,f,08h00–20h00,08h00–16h00,08h00–16h00,08h00–16h00,non,non,Lun-ven 8h-20h. Sam-dim et fériés 8h-16h. Sur RV pour certains services.
QC,msss-clsc-gatineau-clsc-leguerrier,CLSC Leguerrier,sante,CLSC,Gatineau,819-966-6530,,"425, rue Leguerrier, Gatineau, QC J9H 6N8",45.399600982666016,-75.83599853515625,,,,,donnees-quebec.ca/MSSS,f,08h00–20h00,08h00–16h00,08h00–16h00,08h00–16h00,non,non,Lun-ven 8h-20h. Sam-dim et fériés 8h-16h. Sur RV pour certains services.
QC,msss-clsc-gatineau-clsc-saint-redempteur,CLSC Saint-Rédempteur,sante,CLSC,Gatineau,819-966-6530,,"85, rue Saint-Rédempteur, Gatineau, QC J8X 4E6",45.42710113525391,-75.7218017578125,,,,,donnees-quebec.ca/MSSS,f,08h00–20h00,08h00–16h00,08h00–16h00,08h00–16h00,non,non,Lun-ven 8h-20h. Sam-dim et fériés 8h-16h. Sur RV pour certains services.
QC,msss-chsld-gatineau-centre-d-hebergement-champlain-de-gatineau,Centre D'Hébergement Champlain-De-Gatineau,sante,CHSLD,Gatineau,819-966-6530,,"510, boulevard La Vérendrye Est, Gatineau, QC J8P 8B4",45.5005989074707,-75.63749694824219,,,,,donnees-quebec.ca/MSSS,f,08h00–16h00 (admin) | Soins 24h/24,Soins 24h/24 (admin fermé),Soins 24h/24 (admin fermé),Soins 24h/24 (admin fermé),oui,non,Milieu de vie 24h/24. Admin: lun-ven 8h-16h. Visites: 8h-21h30
QC,msss-chsld-gatineau-centre-d-hebergement-d-aylmer,Centre D'Hébergement D'Aylmer,sante,CHSLD,Gatineau,819-966-6530,,"445, boulevard Wilfrid-Lavigne, Gatineau, QC J9H 6H9",45.39910125732422,-75.83830261230469,,,,,donnees-quebec.ca/MSSS,f,08h00–16h00 (admin) | Soins 24h/24,Soins 24h/24 (admin fermé),Soins 24h/24 (admin fermé),Soins 24h/24 (admin fermé),oui,non,Milieu de vie 24h/24. Admin: lun-ven 8h-16h. Visites: 8h-21h30
QC,msss-chsld-gatineau-centre-d-hebergement-de-vallee-de-la-lievre,Centre D'Hébergement De Vallée-De-La-Lièvre,sante,CHSLD,Gatineau,819-966-6530,,"111, rue Gérard-Gauthier, Gatineau, QC J8L 3C9",45.58039855957031,-75.42279815673828,,,,,donnees-quebec.ca/MSSS,f,08h00–16h00 (admin) | Soins 24h/24,Soins 24h/24 (admin fermé),Soins 24h/24 (admin fermé),Soins 24h/24 (admin fermé),oui,non,Milieu de vie 24h/24. Admin: lun-ven 8h-16h. Visites: 8h-21h30
QC,msss-chsld-gatineau-centre-d-hebergement-ernest-brisson,Centre D'Hébergement Ernest-Brisson,sante,CHSLD,Gatineau,819-966-6530,,"134, rue Jean-René-Monette, Gatineau, QC J8P 7C3",45.48160171508789,-75.64739990234375,,,,,donnees-quebec.ca/MSSS,f,08h00–16h00 (admin) | Soins 24h/24,Soins 24h/24 (admin fermé),Soins 24h/24 (admin fermé),Soins 24h/24 (admin fermé),oui,non,Milieu de vie 24h/24. Admin: lun-ven 8h-16h. Visites: 8h-21h30
QC,msss-chsld-gatineau-centre-d-hebergement-et-de-soins-de-longue-duree-vigi-de-l-o,Centre D'Hébergement Et De Soins De Longue Durée Vigi De L'Outaouais,sante,CHSLD,Gatineau,819-966-6530,,"565, boulevard de l'Hôpital, Gatineau, QC J8V 3T4",45.49470138549805,-75.69219970703125,,,,,donnees-quebec.ca/MSSS,f,08h00–16h00 (admin) | Soins 24h/24,Soins 24h/24 (admin fermé),Soins 24h/24 (admin fermé),Soins 24h/24 (admin fermé),oui,non,Milieu de vie 24h/24. Admin: lun-ven 8h-16h. Visites: 8h-21h30
QC,msss-chsld-gatineau-centre-d-hebergement-la-pieta,Centre D'Hébergement La Pietà,sante,CHSLD,Gatineau,819-966-6530,,"273, rue Laurier, Gatineau, QC J8X 3W8",45.43920135498047,-75.70880126953125,,,,,donnees-quebec.ca/MSSS,f,08h00–16h00 (admin) | Soins 24h/24,Soins 24h/24 (admin fermé),Soins 24h/24 (admin fermé),Soins 24h/24 (admin fermé),oui,non,Milieu de vie 24h/24. Admin: lun-ven 8h-16h. Visites: 8h-21h30
QC,msss-chsld-gatineau-centre-d-hebergement-lionel-emond,Centre D'Hébergement Lionel-Émond,sante,CHSLD,Gatineau,819-966-6530,,"125, boulevard Lionel-Émond, Gatineau, QC J8Y 5S8",45.4453010559082,-75.74849700927734,,,,,donnees-quebec.ca/MSSS,f,08h00–16h00 (admin) | Soins 24h/24,Soins 24h/24 (admin fermé),Soins 24h/24 (admin fermé),Soins 24h/24 (admin fermé),oui,non,Milieu de vie 24h/24. Admin: lun-ven 8h-16h. Visites: 8h-21h30
QC,msss-clsc-gatineau-centre-de-readaptation-en-deficience-physique-et-aire-ouvert,Centre De Réadaptation En Déficience Physique Et Aire Ouverte Saint-Raymond,sante,CLSC,Gatineau,819-966-6530,,"92, boulevard Saint-Raymond, Gatineau, QC J8Y 1S7",45.44729995727539,-75.74199676513672,,,,,donnees-quebec.ca/MSSS,f,08h00–20h00,08h00–16h00,08h00–16h00,08h00–16h00,non,non,Lun-ven 8h-20h. Sam-dim et fériés 8h-16h. Sur RV pour certains services.
QC,msss-hopital-gatineau-centre-de-services-ambulatoires-corbeil,Centre De Services Ambulatoires Corbeil,sante,Hôpital,Gatineau,819-966-6530,,"63, rue Corbeil, Gatineau, QC J8Y 5W8",45.45100021362305,-75.75090026855469,,,,,donnees-quebec.ca/MSSS,f,00h00–24h00 (urgences) | 08h00–16h00 (admin),00h00–24h00 (urgences),00h00–24h00 (urgences),00h00–24h00 (urgences),oui,oui,Urgences 24h/24. Services ambulatoires sur rendez-vous: lun-ven 8h-16h
QC,msss-hopital-gatineau-centre-de-services-ambulatoires-en-sante-mentale-mont-bleu,Centre De Services Ambulatoires En Santé Mentale Mont-Bleu,sante,Hôpital,Gatineau,819-966-6530,,"207, boulevard du Mont-Bleu, Gatineau, QC J8Z 3G3",45.46030044555664,-75.7666015625,,,,,donnees-quebec.ca/MSSS,f,00h00–24h00 (urgences) | 08h00–16h00 (admin),00h00–24h00 (urgences),00h00–24h00 (urgences),00h00–24h00 (urgences),oui,oui,Urgences 24h/24. Services ambulatoires sur rendez-vous: lun-ven 8h-16h
QC,msss-hopital-gatineau-centre-de-services-ambulatoires-en-sante-mentale-moussette,Centre De Services Ambulatoires En Santé Mentale Moussette,sante,Hôpital,Gatineau,819-966-6530,,"73, boulevard Moussette, Gatineau, QC J8Y 5J8",45.43960189819336,-75.7437973022461,,,,,donnees-quebec.ca/MSSS,f,00h00–24h00 (urgences) | 08h00–16h00 (admin),00h00–24h00 (urgences),00h00–24h00 (urgences),00h00–24h00 (urgences),oui,oui,Urgences 24h/24. Services ambulatoires sur rendez-vous: lun-ven 8h-16h
QC,msss-clsc-gatineau-centre-de-services-ambulatoires-et-clsc-de-l-oasis,Centre De Services Ambulatoires Et CLSC De L'Oasis,sante,CLSC,Gatineau,819-966-6530,,"160, Suite 20, boulevard de l'Hôpital, Gatineau, QC J8T 8J1",45.49330139160156,-75.6886978149414,,,,,donnees-quebec.ca/MSSS,f,08h00–20h00,08h00–16h00,08h00–16h00,08h00–16h00,non,non,Lun-ven 8h-20h. Sam-dim et fériés 8h-16h. Sur RV pour certains services.
QC,msss-hopital-gatineau-centre-de-services-ambulatoires-pierre-janet,Centre De Services Ambulatoires Pierre-Janet,sante,Hôpital,Gatineau,819-966-6530,,"20, rue Laferrière, Gatineau, QC J8T 3C1",45.4734992980957,-75.69190216064453,,,,,donnees-quebec.ca/MSSS,f,00h00–24h00 (urgences) | 08h00–16h00 (admin),00h00–24h00 (urgences),00h00–24h00 (urgences),00h00–24h00 (urgences),oui,oui,Urgences 24h/24. Services ambulatoires sur rendez-vous: lun-ven 8h-16h
QC,msss-chsld-gatineau-centre-de-services-externes-pour-les-aines-de-gatineau,Centre De Services Externes Pour Les Aînés De Gatineau,sante,CHSLD,Gatineau,819-966-6530,,"455, Montée Paiement, Gatineau, QC J8P 0B1",45.49319839477539,-75.6771011352539,,,,,donnees-quebec.ca/MSSS,f,08h00–16h00 (admin) | Soins 24h/24,Soins 24h/24 (admin fermé),Soins 24h/24 (admin fermé),Soins 24h/24 (admin fermé),oui,non,Milieu de vie 24h/24. Admin: lun-ven 8h-16h. Visites: 8h-21h30
QC,msss-hopital-gatineau-centre-hospitalier-pierre-janet,Centre Hospitalier Pierre-Janet,sante,Hôpital,Gatineau,819-966-6530,,"46, rue Lucien Brault, Gatineau, QC J8Z 1H8",45.46289825439453,-75.74919891357422,,,,,donnees-quebec.ca/MSSS,f,00h00–24h00 (urgences) | 08h00–16h00 (admin),00h00–24h00 (urgences),00h00–24h00 (urgences),00h00–24h00 (urgences),oui,oui,Urgences 24h/24. Services ambulatoires sur rendez-vous: lun-ven 8h-16h
QC,msss-clsc-gatineau-centre-multiservices-de-sante-et-de-services-sociaux-de-gati,Centre Multiservices De Santé Et De Services Sociaux De Gatineau,sante,CLSC,Gatineau,819-966-6530,,"777, boulevard de la Gappe, Gatineau, QC J8T 8R2",45.48329925537109,-75.68569946289062,,,,,donnees-quebec.ca/MSSS,f,08h00–20h00,08h00–16h00,08h00–16h00,08h00–16h00,non,non,Lun-ven 8h-20h. Sam-dim et fériés 8h-16h. Sur RV pour certains services.
QC,msss-hopital-gatineau-hopital-de-gatineau,Hôpital De Gatineau,sante,Hôpital,Gatineau,819-966-6530,,"909, boulevard La Vérendrye Ouest, Gatineau, QC J8P 7H2",45.49330139160156,-75.69110107421875,,,,,donnees-quebec.ca/MSSS,f,00h00–24h00 (urgences) | 08h00–16h00 (admin),00h00–24h00 (urgences),00h00–24h00 (urgences),00h00–24h00 (urgences),oui,oui,Urgences 24h/24. Services ambulatoires sur rendez-vous: lun-ven 8h-16h
QC,msss-hopital-gatineau-hopital-de-hull,Hôpital De Hull,sante,Hôpital,Gatineau,819-966-6530,,"116, boulevard Lionel-Émond, Gatineau, QC J8Y 1W7",45.44490051269531,-75.74600219726562,,,,,donnees-quebec.ca/MSSS,f,00h00–24h00 (urgences) | 08h00–16h00 (admin),00h00–24h00 (urgences),00h00–24h00 (urgences),00h00–24h00 (urgences),oui,oui,Urgences 24h/24. Services ambulatoires sur rendez-vous: lun-ven 8h-16h
QC,msss-hopital-gatineau-hopital-de-jour-pavillon-marcel-d-amour,Hôpital De Jour - Pavillon Marcel D'Amour,sante,Hôpital,Gatineau,819-966-6530,,"30, rue Pharand, Gatineau, QC J9A 1K7",45.424800872802734,-75.7406005859375,,,,,donnees-quebec.ca/MSSS,f,00h00–24h00 (urgences) | 08h00–16h00 (admin),00h00–24h00 (urgences),00h00–24h00 (urgences),00h00–24h00 (urgences),oui,oui,Urgences 24h/24. Services ambulatoires sur rendez-vous: lun-ven 8h-16h
QC,msss-hopital-gatineau-hopital-en-sante-mentale-pierre-janet,Hôpital En Santé Mentale Pierre-Janet,sante,Hôpital,Gatineau,819-966-6530,,"20, rue Pharand, Gatineau, QC J9A 1K7",45.42530059814453,-75.73989868164062,,,,,donnees-quebec.ca/MSSS,f,00h00–24h00 (urgences) | 08h00–16h00 (admin),00h00–24h00 (urgences),00h00–24h00 (urgences),00h00–24h00 (urgences),oui,oui,Urgences 24h/24. Services ambulatoires sur rendez-vous: lun-ven 8h-16h
QC,msss-hopital-gatineau-hopital-et-chsld-de-papineau,Hôpital Et CHSLD De Papineau,sante,Hôpital,Gatineau,819-966-6530,,"155, rue Maclaren Est, Gatineau, QC J8L 0C2",45.588600158691406,-75.4114990234375,,,,,donnees-quebec.ca/MSSS,f,08h00–16h00 (admin) | Soins 24h/24,Soins 24h/24 (admin fermé),Soins 24h/24 (admin fermé),Soins 24h/24 (admin fermé),oui,non,Milieu de vie 24h/24. Admin: lun-ven 8h-16h. Visites: 8h-21h30
QC,msss-clsc-gatineau-maison-de-naissance-de-l-outaouais,Maison De Naissance De L'Outaouais,sante,CLSC,Gatineau,819-966-6530,,"76, avenue Gatineau, Gatineau, QC J8T 4J4",45.479000091552734,-75.72250366210938,,,,,donnees-quebec.ca/MSSS,f,08h00–20h00,08h00–16h00,08h00–16h00,08h00–16h00,non,non,Lun-ven 8h-20h. Sam-dim et fériés 8h-16h. Sur RV pour certains services.
QC,msss-chsld-gatineau-maison-des-aines-et-alternative-masson-anger,Maison Des Aînés Et Alternative Masson-Anger,sante,CHSLD,Gatineau,819-966-6530,,"100, rue de la Papetière, Gatineau, QC J8M 1P5",45.52399826049805,-75.48419952392578,,,,,donnees-quebec.ca/MSSS,f,08h00–16h00 (admin) | Soins 24h/24,Soins 24h/24 (admin fermé),Soins 24h/24 (admin fermé),Soins 24h/24 (admin fermé),oui,non,Milieu de vie 24h/24. Admin: lun-ven 8h-16h. Visites: 8h-21h30
QC,msss-chsld-gatineau-maison-des-aines-et-alternative-parc-de-la-montagne,Maison Des Aînés Et Alternative Parc-De-La-Montagne,sante,CHSLD,Gatineau,819-966-6530,,"155, boulevard Lionel-Émond, Gatineau, QC J8Y 5S8",45.44599914550781,-75.74859619140625,,,,,donnees-quebec.ca/MSSS,f,08h00–16h00 (admin) | Soins 24h/24,Soins 24h/24 (admin fermé),Soins 24h/24 (admin fermé),Soins 24h/24 (admin fermé),oui,non,Milieu de vie 24h/24. Admin: lun-ven 8h-16h. Visites: 8h-21h30
QC,h-omh-gatineau,Office municipal d'habitation de Gatineau,logement,Office municipal d'habitation,Gatineau,819-771-5862,https://omhg.ca,"151, boul. Mont-Bleu, Gatineau, QC J8Z 1J3",,,,X,,,curated-housing-network,f,08h30–16h30,Fermé,Fermé,Fermé,non,non,Bureau lun-ven 8h30-16h30. Liste d'attente – inscription requise.
QC,imm-acet,Accueil parrainage Outaouais (APO),immigration,Accueil – nouveaux arrivants,Gatineau,819-777-2960,https://apo-qc.org,"298, rue Notre-Dame-de-l'Île, Gatineau, QC J8X 3T6",,,,X,,,curated-immigration-network,f,08h30–16h30,Fermé,Fermé,Fermé,non,non,Lun-ven 8h30-16h30. Sur RV pour consultations spécialisées.
QC,imm-cana-gatineau,Service Intégration Travail Outaouais (SITO),immigration,Employabilité immigrants,Gatineau,819-595-9444,https://sito-outaouais.com,"75, rue d'Edmonton, Gatineau, QC J8Y 6X3",,,,X,,,curated-immigration-network,f,08h30–16h30,Fermé,Fermé,Fermé,non,non,Lun-ven 8h30-16h30. Sur RV pour consultations spécialisées.
QC,centre911-gatineau,Centre 911 de Gatineau — Outaouais,soutienSocial,Centre 911,Gatineau,911,,,45.4766,-75.7013,X,,,,,f,00h00–24h00,00h00–24h00,00h00–24h00,00h00–24h00,oui,oui,"Service disponible 24h/24, 7j/7"
QC,saaq-gatineau,SAAQ — Bureau de Gatineau,soutienSocial,Services gouvernementaux,Gatineau,1-800-361-7620,,,45.4765,-75.7013,X,,,,,f,08h30–16h30,Fermé,Fermé,Fermé,non,non,Lun-ven 8h30-16h30. En ligne 24h/24 pour certains services.
QC,msss-clsc-godbout-clsc-de-godbout,CLSC De Godbout,sante,CLSC,Godbout,418-568-7748,,"101, rue Levack, Godbout, QC G0H 1G0",49.319801330566406,-67.59860229492188,,,,,donnees-quebec.ca/MSSS,f,08h00–20h00,08h00–16h00,08h00–16h00,08h00–16h00,non,non,Lun-ven 8h-20h. Sam-dim et fériés 8h-16h. Sur RV pour certains services.
QC,msss-clsc-gracefield-clsc-de-gracefield,CLSC De Gracefield,sante,CLSC,Gracefield,819-463-3747,,"12A, rue Principale, Gracefield, QC J0X 1W0",46.09180068969727,-76.0519027709961,,,,,donnees-quebec.ca/MSSS,f,08h00–20h00,08h00–16h00,08h00–16h00,08h00–16h00,non,non,Lun-ven 8h-20h. Sam-dim et fériés 8h-16h. Sur RV pour certains services.
QC,msss-chsld-gracefield-centre-d-hebergement-de-gracefield,Centre D'Hébergement De Gracefield,sante,CHSLD,Gracefield,819-463-3747,,"1, rue du Foyer, Gracefield, QC J0X 1W0",46.09220123291016,-76.05030059814453,,,,,donnees-quebec.ca/MSSS,f,08h00–16h00 (admin) | Soins 24h/24,Soins 24h/24 (admin fermé),Soins 24h/24 (admin fermé),Soins 24h/24 (admin fermé),oui,non,Milieu de vie 24h/24. Admin: lun-ven 8h-16h. Visites: 8h-21h30
QC,baq-sos-depannage-granby,SOS Dépannage – Moisson Granby,alimentation,Banque alimentaire régionale,Granby,450-378-3026,https://sosdepannage.org,"775, rue Principale, Granby, QC J2G 2Y6",,,,X,,,curated-baq-network,f,09h00–16h00,09h00–13h00,Fermé,Fermé,non,non,"Lun-ven 9h-16h, sam 9h-13h. Horaires varient selon point de distribution."
QC,msss-chsld-granby-chsld-de-granby,CHSLD De Granby,sante,CHSLD,Granby,450-375-8000,,"80, rue Godue, Granby, QC J2J 2Z7",45.407501220703125,-72.76219940185547,,,,,donnees-quebec.ca/MSSS,f,08h00–16h00 (admin) | Soins 24h/24,Soins 24h/24 (admin fermé),Soins 24h/24 (admin fermé),Soins 24h/24 (admin fermé),oui,non,Milieu de vie 24h/24. Admin: lun-ven 8h-16h. Visites: 8h-21h30
QC,msss-chsld-granby-chsld-leclerc,CHSLD Leclerc,sante,CHSLD,Granby,450-375-8000,,"250, rue Déragon, Granby, QC J2G 5J5",45.40950012207031,-72.72760009765625,,,,,donnees-quebec.ca/MSSS,f,08h00–16h00 (admin) | Soins 24h/24,Soins 24h/24 (admin fermé),Soins 24h/24 (admin fermé),Soins 24h/24 (admin fermé),oui,non,Milieu de vie 24h/24. Admin: lun-ven 8h-16h. Visites: 8h-21h30
QC,msss-chsld-granby-chsld-marie-berthe-couture,CHSLD Marie-Berthe-Couture,sante,CHSLD,Granby,450-375-8000,,"230, rue Davignon, Granby, QC J2G 9B1",45.41239929199219,-72.72260284423828,,,,,donnees-quebec.ca/MSSS,f,08h00–16h00 (admin) | Soins 24h/24,Soins 24h/24 (admin fermé),Soins 24h/24 (admin fermé),Soins 24h/24 (admin fermé),oui,non,Milieu de vie 24h/24. Admin: lun-ven 8h-16h. Visites: 8h-21h30
QC,msss-chsld-granby-chsld-villa-bonheur,CHSLD Villa-Bonheur,sante,CHSLD,Granby,450-375-8000,,"71, rue Court, Granby, QC J2G 4Y7",45.40140151977539,-72.72329711914062,,,,,donnees-quebec.ca/MSSS,f,08h00–16h00 (admin) | Soins 24h/24,Soins 24h/24 (admin fermé),Soins 24h/24 (admin fermé),Soins 24h/24 (admin fermé),oui,non,Milieu de vie 24h/24. Admin: lun-ven 8h-16h. Visites: 8h-21h30
QC,msss-clsc-granby-clsc-et-maison-de-naissance-de-laurier,CLSC Et Maison De Naissance De Laurier,sante,CLSC,Granby,450-375-8000,,"261, rue Laurier, Granby, QC J2G 5K8",45.41059875488281,-72.72779846191406,,,,,donnees-quebec.ca/MSSS,f,08h00–20h00,08h00–16h00,08h00–16h00,08h00–16h00,non,non,Lun-ven 8h-20h. Sam-dim et fériés 8h-16h. Sur RV pour certains services.
QC,msss-clsc-granby-clsc-notre-dame,CLSC Notre-Dame,sante,CLSC,Granby,450-375-8000,,"363, rue Notre-Dame, Granby, QC J2G 3L4",45.40060043334961,-72.73400115966797,,,,,donnees-quebec.ca/MSSS,f,08h00–20h00,08h00–16h00,08h00–16h00,08h00–16h00,non,non,Lun-ven 8h-20h. Sam-dim et fériés 8h-16h. Sur RV pour certains services.
QC,msss-clsc-granby-clsc-robinson-sud,CLSC Robinson-Sud,sante,CLSC,Granby,450-375-8000,,"90, rue Robinson Sud, bureau 101, Granby, QC J2G 7L4",45.40480041503906,-72.74400329589844,,,,,donnees-quebec.ca/MSSS,f,08h00–20h00,08h00–16h00,08h00–16h00,08h00–16h00,non,non,Lun-ven 8h-20h. Sam-dim et fériés 8h-16h. Sur RV pour certains services.
QC,msss-clsc-granby-clsc-yvan-duquette,CLSC Yvan-Duquette,sante,CLSC,Granby,450-375-8000,,"294, rue Déragon, Granby, QC J2G 5J5",45.4109001159668,-72.72709655761719,,,,,donnees-quebec.ca/MSSS,f,08h00–20h00,08h00–16h00,08h00–16h00,08h00–16h00,non,non,Lun-ven 8h-20h. Sam-dim et fériés 8h-16h. Sur RV pour certains services.
QC,msss-hopital-granby-centre-de-services-ambulatoires-providence,Centre De Services Ambulatoires Providence,sante,Hôpital,Granby,450-375-8000,,"279, rue de la Providence, Granby, QC J2G 4S7",45.410400390625,-72.71659851074219,,,,,donnees-quebec.ca/MSSS,f,00h00–24h00 (urgences) | 08h00–16h00 (admin),00h00–24h00 (urgences),00h00–24h00 (urgences),00h00–24h00 (urgences),oui,oui,Urgences 24h/24. Services ambulatoires sur rendez-vous: lun-ven 8h-16h
QC,msss-hopital-granby-centre-de-services-ambulatoires-saint-jacques,Centre De Services Ambulatoires Saint-Jacques,sante,Hôpital,Granby,450-375-8000,,"155, rue Saint-Jacques, Granby, QC J2G 9A7",45.39799880981445,-72.72660064697266,,,,,donnees-quebec.ca/MSSS,f,00h00–24h00 (urgences) | 08h00–16h00 (admin),00h00–24h00 (urgences),00h00–24h00 (urgences),00h00–24h00 (urgences),oui,oui,Urgences 24h/24. Services ambulatoires sur rendez-vous: lun-ven 8h-16h
QC,msss-hopital-granby-hopital-de-granby,Hôpital De Granby,sante,Hôpital,Granby,450-375-8000,,"205, boulevard Leclerc Ouest, Granby, QC J2G 1T7",45.41059875488281,-72.7229995727539,,,,,donnees-quebec.ca/MSSS,f,00h00–24h00 (urgences) | 08h00–16h00 (admin),00h00–24h00 (urgences),00h00–24h00 (urgences),00h00–24h00 (urgences),oui,oui,Urgences 24h/24. Services ambulatoires sur rendez-vous: lun-ven 8h-16h
QC,msss-chsld-granby-maison-des-aines-et-alternative-de-granby,Maison Des Aînés Et Alternative De Granby,sante,CHSLD,Granby,450-375-8000,,"301, rue de la Providence, Granby, QC J2G 4S7",45.41170120239258,-72.71600341796875,,,,,donnees-quebec.ca/MSSS,f,08h00–16h00 (admin) | Soins 24h/24,Soins 24h/24 (admin fermé),Soins 24h/24 (admin fermé),Soins 24h/24 (admin fermé),oui,non,Milieu de vie 24h/24. Admin: lun-ven 8h-16h. Visites: 8h-21h30
QC,msss-clsc-grande-riviere-aire-ouverte-de-grande-riviere,Aire Ouverte De Grande-Rivière,sante,CLSC,Grande-Rivière,418-385-2572,,"36-B, Grande-Allée Ouest, Grande-Rivière, QC G0C 1W0",48.39390182495117,-64.51270294189453,,,,,donnees-quebec.ca/MSSS,f,08h00–20h00,08h00–16h00,08h00–16h00,08h00–16h00,non,non,Lun-ven 8h-20h. Sam-dim et fériés 8h-16h. Sur RV pour certains services.
QC,msss-clsc-grande-vallee-centre-multiservices-de-sante-et-de-services-sociaux-de-gran,Centre Multiservices De Santé Et De Services Sociaux De Grande-Vallée,sante,CLSC,Grande-Vallée,418-393-2204,,"71, rue Saint-François-Xavier Ouest, Grande-Vallée, QC G0E 1K0",49.22719955444336,-65.10440063476562,,,,,donnees-quebec.ca/MSSS,f,08h00–20h00,08h00–16h00,08h00–16h00,08h00–16h00,non,non,Lun-ven 8h-20h. Sam-dim et fériés 8h-16h. Sur RV pour certains services.
QC,msss-clsc-grenville-clsc-de-grenville,CLSC De Grenville,sante,CLSC,Grenville,819-242-4444,,"199, rue Principale, Grenville, QC J0V 1J0",45.62730026245117,-74.58920288085938,,,,,donnees-quebec.ca/MSSS,f,08h00–20h00,08h00–16h00,08h00–16h00,08h00–16h00,non,non,Lun-ven 8h-20h. Sam-dim et fériés 8h-16h. Sur RV pour certains services.
QC,msss-clsc-gros-mecatina-clsc-de-la-tabatiere,CLSC De La Tabatière,sante,CLSC,Gros-Mécatina,418-949-2164,,"40, route Mécatina, La Tabatière, Gros-Mécatina, QC G0G 1T0",50.82270050048828,-58.96580123901367,,,,,donnees-quebec.ca/MSSS,f,08h00–20h00,08h00–16h00,08h00–16h00,08h00–16h00,non,non,Lun-ven 8h-20h. Sam-dim et fériés 8h-16h. Sur RV pour certains services.
QC,msss-clsc-gros-mecatina-clsc-de-mutton-bay,CLSC De Mutton Bay,sante,CLSC,Gros-Mécatina,418-949-2164,,"46, route Mécatina, Mutton Bay, Gros-Mécatina, QC G0G 2C0",50.774898529052734,-59.02799987792969,,,,,donnees-quebec.ca/MSSS,f,08h00–20h00,08h00–16h00,08h00–16h00,08h00–16h00,non,non,Lun-ven 8h-20h. Sam-dim et fériés 8h-16h. Sur RV pour certains services.
QC,msss-clsc-grosse-ile-clsc-de-l-est,CLSC De L'Est,sante,CLSC,Grosse-Île,418-986-2121,,"773, chemin Principal (Grosse-Île), Grosse-Île, QC G4T 6B5",47.5713005065918,-61.47890090942383,,,,,donnees-quebec.ca/MSSS,f,08h00–20h00,08h00–16h00,08h00–16h00,08h00–16h00,non,non,Lun-ven 8h-20h. Sam-dim et fériés 8h-16h. Sur RV pour certains services.
QC,msss-chsld-ham-nord-foyer-saints-anges-de-ham-nord,Foyer Saints-Anges De Ham-Nord,sante,CHSLD,Ham-Nord,819-344-2262,,"493, rue Principale, Ham-Nord, QC G0P 1A0",45.90380096435547,-71.64779663085938,,,,,donnees-quebec.ca/MSSS,f,08h00–16h00 (admin) | Soins 24h/24,Soins 24h/24 (admin fermé),Soins 24h/24 (admin fermé),Soins 24h/24 (admin fermé),oui,non,Milieu de vie 24h/24. Admin: lun-ven 8h-16h. Visites: 8h-21h30
QC,msss-chsld-havre-saint-pierre-chsld-de-havre-saint-pierre,CHSLD De Havre-Saint-Pierre,sante,CHSLD,Havre-Saint-Pierre,418-538-3011,,"933, rue Boréale, Havre-Saint-Pierre, QC G0G 1P0",50.23799896240234,-63.60770034790039,,,,,donnees-quebec.ca/MSSS,f,08h00–16h00 (admin) | Soins 24h/24,Soins 24h/24 (admin fermé),Soins 24h/24 (admin fermé),Soins 24h/24 (admin fermé),oui,non,Milieu de vie 24h/24. Admin: lun-ven 8h-16h. Visites: 8h-21h30
QC,msss-clsc-havre-saint-pierre-centre-multiservices-de-sante-et-de-services-sociaux-de-la-m,Centre Multiservices De Santé Et De Services Sociaux De La Minganie,sante,CLSC,Havre-Saint-Pierre,418-538-3011,,"1035, promenade des Anciens, Havre-Saint-Pierre, QC G0G 1P0",50.237701416015625,-63.60469818115234,,,,,donnees-quebec.ca/MSSS,f,08h00–20h00,08h00–16h00,08h00–16h00,08h00–16h00,non,non,Lun-ven 8h-20h. Sam-dim et fériés 8h-16h. Sur RV pour certains services.
QC,msss-clsc-henryville-clsc-de-henryville,CLSC De Henryville,sante,CLSC,Henryville,450-359-5000,,"125, rue de l'Église, Henryville, QC J0J 1E0",45.13890075683594,-73.19229888916016,,,,,donnees-quebec.ca/MSSS,f,08h00–20h00,08h00–16h00,08h00–16h00,08h00–16h00,non,non,Lun-ven 8h-20h. Sam-dim et fériés 8h-16h. Sur RV pour certains services.
QC,msss-clsc-huntingdon-aire-ouverte-de-huntingdon,Aire Ouverte De Huntingdon,sante,CLSC,Huntingdon,450-264-6111,,"2-E, rue Hendersen, suite 1, Huntingdon, QC J0S 1H0",45.08720016479492,-74.17169952392578,,,,,donnees-quebec.ca/MSSS,f,08h00–20h00,08h00–16h00,08h00–16h00,08h00–16h00,non,non,Lun-ven 8h-20h. Sam-dim et fériés 8h-16h. Sur RV pour certains services.
QC,msss-chsld-huntingdon-chsld-du-comte-de-huntingdon-huntingdon-county-chsld,CHSLD Du Comté-De-Huntingdon / Huntingdon County CHSLD,sante,CHSLD,Huntingdon,450-264-6111,,"198, rue Châteauguay, Huntingdon, QC J0S 1H0",45.08250045776367,-74.17759704589844,,,,,donnees-quebec.ca/MSSS,f,08h00–16h00 (admin) | Soins 24h/24,Soins 24h/24 (admin fermé),Soins 24h/24 (admin fermé),Soins 24h/24 (admin fermé),oui,non,Milieu de vie 24h/24. Admin: lun-ven 8h-16h. Visites: 8h-21h30
QC,msss-clsc-huntingdon-clsc-de-huntingdon-huntingdon-clsc,CLSC De Huntingdon / Huntingdon CLSC,sante,CLSC,Huntingdon,450-264-6111,,"10, rue King, bureau 200, Huntingdon, QC J0S 1H0",45.08879852294922,-74.17359924316406,,,,,donnees-quebec.ca/MSSS,f,08h00–20h00,08h00–16h00,08h00–16h00,08h00–16h00,non,non,Lun-ven 8h-20h. Sam-dim et fériés 8h-16h. Sur RV pour certains services.
QC,msss-clsc-inukjuak-dispensaire-d-inukjuak,Dispensaire D'Inukjuak,sante,CLSC,Inukjuak,819-254-8516,,"Inukjuak, Inukjuak, QC J0M 1M0",58.45289993286133,-78.1050033569336,,,,,donnees-quebec.ca/MSSS,f,08h00–20h00,08h00–16h00,08h00–16h00,08h00–16h00,non,non,Lun-ven 8h-20h. Sam-dim et fériés 8h-16h. Sur RV pour certains services.
QC,msss-clsc-ivujivik-dispensaire-d-ivujivik,Dispensaire D'Ivujivik,sante,CLSC,Ivujivik,819-922-9959,,"Ivujivik, Ivujivik, QC J0M 1H0",62.41640090942383,-77.91410064697266,,,,,donnees-quebec.ca/MSSS,f,08h00–20h00,08h00–16h00,08h00–16h00,08h00–16h00,non,non,Lun-ven 8h-20h. Sam-dim et fériés 8h-16h. Sur RV pour certains services.
QC,msss-clsc-joliette-aire-ouverte-de-joliette,Aire Ouverte De Joliette,sante,CLSC,Joliette,450-759-8222,,"107, Place Bourget Nord, Joliette, QC J6E 5E6",46.04729843139648,-73.42500305175781,,,,,donnees-quebec.ca/MSSS,f,08h00–20h00,08h00–16h00,08h00–16h00,08h00–16h00,non,non,Lun-ven 8h-20h. Sam-dim et fériés 8h-16h. Sur RV pour certains services.
QC,msss-clsc-joliette-clsc-de-joliette,CLSC De Joliette,sante,CLSC,Joliette,450-759-8222,,"380, boulevard Base-de-Roc, Joliette, QC J6E 9J6",46.01910018920898,-73.43720245361328,,,,,donnees-quebec.ca/MSSS,f,08h00–20h00,08h00–16h00,08h00–16h00,08h00–16h00,non,non,Lun-ven 8h-20h. Sam-dim et fériés 8h-16h. Sur RV pour certains services.
QC,msss-chsld-joliette-centre-d-hebergement-saint-eusebe,Centre D'Hébergement Saint-Eusèbe,sante,CHSLD,Joliette,450-759-8222,,"585, boulevard Manseau, Joliette, QC J6E 3E5",46.02330017089844,-73.44149780273438,,,,,donnees-quebec.ca/MSSS,f,08h00–16h00 (admin) | Soins 24h/24,Soins 24h/24 (admin fermé),Soins 24h/24 (admin fermé),Soins 24h/24 (admin fermé),oui,non,Milieu de vie 24h/24. Admin: lun-ven 8h-16h. Visites: 8h-21h30
QC,centre911-lanaudiere,Centre 911 — Lanaudière,soutienSocial,Centre 911,Joliette,911,,,46.0233,-73.4323,X,,,,,f,00h00–24h00,00h00–24h00,00h00–24h00,00h00–24h00,oui,oui,"Service disponible 24h/24, 7j/7"
QC,msss-hopital-kahnawake-centre-hospitalier-kateri-memorial-tehsakotitsen-tha,Centre Hospitalier Kateri Memorial Tehsakotitsen : Tha,sante,Hôpital,Kahnawake,450-638-3930,,"Case postale 10, Kahnawake, QC J0L 1B0",45.41550064086914,-73.68289947509766,,,,,donnees-quebec.ca/MSSS,f,00h00–24h00 (urgences) | 08h00–16h00 (admin),00h00–24h00 (urgences),00h00–24h00 (urgences),00h00–24h00 (urgences),oui,oui,Urgences 24h/24. Services ambulatoires sur rendez-vous: lun-ven 8h-16h
QC,msss-clsc-kangiqsualujjuaq-dispensaire-de-kangiqsualujjuaq,Dispensaire De Kangiqsualujjuaq,sante,CLSC,Kangiqsualujjuaq,819-337-5555,,"Kangiqsualujjuaq, Kangiqsualujjuaq, QC J0M 1N0",58.69490051269531,-65.95429992675781,,,,,donnees-quebec.ca/MSSS,f,08h00–20h00,08h00–16h00,08h00–16h00,08h00–16h00,non,non,Lun-ven 8h-20h. Sam-dim et fériés 8h-16h. Sur RV pour certains services.
QC,msss-clsc-kangiqsujuaq-dispensaire-de-kangiqsujuaq,Dispensaire De Kangiqsujuaq,sante,CLSC,Kangiqsujuaq,819-338-3356,,"Kangiqsujuaq, Kangiqsujuaq, QC J0M 1K0",61.5989990234375,-71.95700073242188,,,,,donnees-quebec.ca/MSSS,f,08h00–20h00,08h00–16h00,08h00–16h00,08h00–16h00,non,non,Lun-ven 8h-20h. Sam-dim et fériés 8h-16h. Sur RV pour certains services.
QC,msss-clsc-kangirsuk-dispensaire-de-kangirsuk,Dispensaire De Kangirsuk,sante,CLSC,Kangirsuk,819-935-4277,,"Kangirsuk, Kangirsuk, QC J0M 1A0",60.01750183105469,-70.01399993896484,,,,,donnees-quebec.ca/MSSS,f,08h00–20h00,08h00–16h00,08h00–16h00,08h00–16h00,non,non,Lun-ven 8h-20h. Sam-dim et fériés 8h-16h. Sur RV pour certains services.
QC,msss-clsc-kawawachikamach-clsc-naskapi,CLSC Naskapi,sante,CLSC,Kawawachikamach,418-585-2576,,"1016, rue Mohannis, Kawawachikamach, QC G0G 2Z0",54.86119842529297,-66.76429748535156,,,,,donnees-quebec.ca/MSSS,f,08h00–20h00,08h00–16h00,08h00–16h00,08h00–16h00,non,non,Lun-ven 8h-20h. Sam-dim et fériés 8h-16h. Sur RV pour certains services.
QC,msss-clsc-kirkland-centre-de-services-ambulatoires-en-sante-mentale-saint-charl,Centre De Services Ambulatoires En Santé Mentale Saint-Charles,sante,CLSC,Kirkland,514-630-2000,,"2840, boulevard Saint-Charles, Kirkland, QC H9H 3B6",45.4468002319336,-73.85379791259766,,,,,donnees-quebec.ca/MSSS,f,08h00–20h00,08h00–16h00,08h00–16h00,08h00–16h00,non,non,Lun-ven 8h-20h. Sam-dim et fériés 8h-16h. Sur RV pour certains services.
QC,msss-clsc-kuujjuaq-centre-de-sante-tulattavik-de-l-ungava,Centre De Santé Tulattavik De L'Ungava,sante,CLSC,Kuujjuaq,819-964-2905,,"Kuujjuaq, Kuujjuaq, QC J0M 1C0",58.10699844360352,-68.4052963256836,,,,,donnees-quebec.ca/MSSS,f,08h00–20h00,08h00–16h00,08h00–16h00,08h00–16h00,non,non,Lun-ven 8h-20h. Sam-dim et fériés 8h-16h. Sur RV pour certains services.
QC,msss-hopital-kuujjuaq-maison-de-transit-centre-de-sante-tulattavik-de-l-ungava,Maison De Transit (Centre De Santé Tulattavik De L'Ungava),sante,Hôpital,Kuujjuaq,819-964-2905,,"Kuujuuaq, Kuujjuaq, QC J0M 1C0",58.10699844360352,-68.4052963256836,,,,,donnees-quebec.ca/MSSS,f,00h00–24h00 (urgences) | 08h00–16h00 (admin),00h00–24h00 (urgences),00h00–24h00 (urgences),00h00–24h00 (urgences),oui,oui,Urgences 24h/24. Services ambulatoires sur rendez-vous: lun-ven 8h-16h
QC,centre911-nunavik,Centre 911 — Nunavik,soutienSocial,Centre 911,Kuujjuaq,911,,,58.1072,-68.389,X,,,,,f,00h00–24h00,00h00–24h00,00h00–24h00,00h00–24h00,oui,oui,"Service disponible 24h/24, 7j/7"
QC,msss-clsc-kuujjuarapik-dispensaire-de-kuujjuarapik,Dispensaire De Kuujjuarapik,sante,CLSC,Kuujjuarapik,819-929-3222,,"Kuujjuarapik, Kuujjuarapik, QC J0M 1G0",55.27840042114258,-77.76360321044922,,,,,donnees-quebec.ca/MSSS,f,08h00–20h00,08h00–16h00,08h00–16h00,08h00–16h00,non,non,Lun-ven 8h-20h. Sam-dim et fériés 8h-16h. Sur RV pour certains services.
QC,msss-clsc-l-ancienne-lorette-clsc-de-l-ancienne-lorette,CLSC De L'Ancienne-Lorette,sante,CLSC,L'Ancienne-Lorette,418-525-4444,,"1320, rue Saint-Paul, L'Ancienne-Lorette, QC G2E 1Z4",46.79790115356445,-71.35179901123047,,,,,donnees-quebec.ca/MSSS,f,08h00–20h00,08h00–16h00,08h00–16h00,08h00–16h00,non,non,Lun-ven 8h-20h. Sam-dim et fériés 8h-16h. Sur RV pour certains services.
QC,msss-chsld-l-ancienne-lorette-hopital-ste-monique,Hôpital Ste-Monique,sante,CHSLD,L'Ancienne-Lorette,418-525-4444,,"6125, boulevard Wilfrid-Hamel, L'Ancienne-Lorette, QC G2E 5W2",46.79819869995117,-71.34239959716797,,,,,donnees-quebec.ca/MSSS,f,08h00–16h00 (admin) | Soins 24h/24,Soins 24h/24 (admin fermé),Soins 24h/24 (admin fermé),Soins 24h/24 (admin fermé),oui,non,Milieu de vie 24h/24. Admin: lun-ven 8h-16h. Visites: 8h-21h30
QC,msss-clsc-l-anse-saint-jean-clsc-du-fjord-a-l-anse-saint-jean,CLSC Du Fjord-À-L'Anse-Saint-Jean,sante,CLSC,L'Anse-Saint-Jean,418-272-2741,,"29, rue Saint-Jean-Baptiste, L'Anse-Saint-Jean, QC G0V 1J0",48.19919967651367,-70.24019622802734,,,,,donnees-quebec.ca/MSSS,f,08h00–20h00,08h00–16h00,08h00–16h00,08h00–16h00,non,non,Lun-ven 8h-20h. Sam-dim et fériés 8h-16h. Sur RV pour certains services.
QC,msss-clsc-l-ascension-de-notre-seigneur-clsc-de-l-ascension-de-notre-seigneur,CLSC De L'Ascension-De-Notre-Seigneur,sante,CLSC,L'Ascension-de-Notre-Seigneur,418-347-3261,,"3815, 3e Avenue Ouest, L'Ascension-de-Notre-Seigneur, QC G0W 1Y0",48.69189834594727,-71.67250061035156,,,,,donnees-quebec.ca/MSSS,f,08h00–20h00,08h00–16h00,08h00–16h00,08h00–16h00,non,non,Lun-ven 8h-20h. Sam-dim et fériés 8h-16h. Sur RV pour certains services.
QC,baq-moisson-lanaudiere,Moisson Lanaudière,alimentation,Banque alimentaire régionale,L'Assomption,450-654-1414,https://moissonlanaudiere.org,"270, boul. de l'Ange-Gardien Nord, L'Assomption, QC J5W 1R7",,,,X,,,curated-baq-network,f,09h00–16h00,09h00–13h00,Fermé,Fermé,non,non,"Lun-ven 9h-16h, sam 9h-13h. Horaires varient selon point de distribution."
QC,msss-chsld-l-assomption-centre-d-hebergement-et-de-readaptation-en-deficience-physiq,Centre D'Hébergement Et De Réadaptation En Déficience Physique De L'Assomption,sante,CHSLD,L'Assomption,450-654-7525,,"410, boulevard de l'Ange-Gardien, L'Assomption, QC J5W 1S7",45.82500076293945,-73.42539978027344,,,,,donnees-quebec.ca/MSSS,f,08h00–16h00 (admin) | Soins 24h/24,Soins 24h/24 (admin fermé),Soins 24h/24 (admin fermé),Soins 24h/24 (admin fermé),oui,non,Milieu de vie 24h/24. Admin: lun-ven 8h-16h. Visites: 8h-21h30
QC,msss-chsld-l-assomption-maison-des-aines-de-l-assomption,Maison Des Aînés De L'Assomption,sante,CHSLD,L'Assomption,450-654-7525,,"220, boulevard Hector-Papin, L'Assomption, QC J5W 0P4",45.821998596191406,-73.43509674072266,,,,,donnees-quebec.ca/MSSS,f,08h00–16h00 (admin) | Soins 24h/24,Soins 24h/24 (admin fermé),Soins 24h/24 (admin fermé),Soins 24h/24 (admin fermé),oui,non,Milieu de vie 24h/24. Admin: lun-ven 8h-16h. Visites: 8h-21h30
QC,msss-clsc-l-isle-verte-clsc-de-l-isle-verte,CLSC De L'Isle-Verte,sante,CLSC,L'Isle-Verte,418-898-2941,,"150, rue Saint-Jean-Baptiste, L'Isle-Verte, QC G0L 1K0",48.01470184326172,-69.33679962158203,,,,,donnees-quebec.ca/MSSS,f,08h00–20h00,08h00–16h00,08h00–16h00,08h00–16h00,non,non,Lun-ven 8h-20h. Sam-dim et fériés 8h-16h. Sur RV pour certains services.
QC,msss-clsc-l-isle-aux-allumettes-clsc-de-chapeau,CLSC De Chapeau,sante,CLSC,L'Isle-aux-Allumettes,819-648-2336,,"72, rue Saint-Patrick, L'Isle-aux-Allumettes, QC J0X 1M0",45.910400390625,-77.0728988647461,,,,,donnees-quebec.ca/MSSS,f,08h00–20h00,08h00–16h00,08h00–16h00,08h00–16h00,non,non,Lun-ven 8h-20h. Sam-dim et fériés 8h-16h. Sur RV pour certains services.
QC,msss-clsc-l-isle-aux-coudres-clsc-de-l-isle-aux-coudres,CLSC De L'Isle-Aux-Coudres,sante,CLSC,L'Isle-aux-Coudres,418-438-2931,,"25, chemin de la Traverse, L'Isle-aux-Coudres, QC G0A 3J0",47.420501708984375,-70.38240051269531,,,,,donnees-quebec.ca/MSSS,f,08h00–20h00,08h00–16h00,08h00–16h00,08h00–16h00,non,non,Lun-ven 8h-20h. Sam-dim et fériés 8h-16h. Sur RV pour certains services.
QC,msss-chsld-l-islet-chsld-de-saint-eugene,CHSLD De Saint-Eugène,sante,CHSLD,L'Islet,418-247-5001,,"2, rue de la Madone, L'Islet, QC G0R 1X0",47.084598541259766,-70.33660125732422,,,,,donnees-quebec.ca/MSSS,f,08h00–16h00 (admin) | Soins 24h/24,Soins 24h/24 (admin fermé),Soins 24h/24 (admin fermé),Soins 24h/24 (admin fermé),oui,non,Milieu de vie 24h/24. Admin: lun-ven 8h-16h. Visites: 8h-21h30
QC,msss-clsc-l-epiphanie-clsc-meilleur-de-l-epiphanie,CLSC Meilleur De L'Épiphanie,sante,CLSC,L'Épiphanie,450-654-7525,,"131, rue Amireault, L'Épiphanie, QC J5X 2T2",45.847599029541016,-73.48470306396484,,,,,donnees-quebec.ca/MSSS,f,08h00–20h00,08h00–16h00,08h00–16h00,08h00–16h00,non,non,Lun-ven 8h-20h. Sam-dim et fériés 8h-16h. Sur RV pour certains services.
QC,msss-chsld-l-ile-perrot-chsld-laurent-bergevin,CHSLD Laurent-Bergevin,sante,CHSLD,L'Île-Perrot,450-455-6171,,"200, boulevard Perrot, L'Île-Perrot, QC J7V 7M7",45.3927001953125,-73.9529037475586,,,,,donnees-quebec.ca/MSSS,f,08h00–16h00 (admin) | Soins 24h/24,Soins 24h/24 (admin fermé),Soins 24h/24 (admin fermé),Soins 24h/24 (admin fermé),oui,non,Milieu de vie 24h/24. Admin: lun-ven 8h-16h. Visites: 8h-21h30
QC,msss-clsc-l-ile-d-anticosti-clsc-de-port-menier,CLSC De Port-Menier,sante,CLSC,L'Île-d'Anticosti,418-535-0211,,"2A, ch. Rivière-aux-Canards, Port-Menier, L'Île-d'Anticosti, QC G0G 2Y0",49.81660079956055,-64.35030364990234,,,,,donnees-quebec.ca/MSSS,f,08h00–20h00,08h00–16h00,08h00–16h00,08h00–16h00,non,non,Lun-ven 8h-20h. Sam-dim et fériés 8h-16h. Sur RV pour certains services.
QC,msss-clsc-la-guadeloupe-clsc-de-la-guadeloupe,CLSC De La Guadeloupe,sante,CLSC,La Guadeloupe,418-459-3441,,"437, 15e rue Ouest, La Guadeloupe, QC G0M 1G0",45.9650993347168,-70.94180297851562,,,,,donnees-quebec.ca/MSSS,f,08h00–20h00,08h00–16h00,08h00–16h00,08h00–16h00,non,non,Lun-ven 8h-20h. Sam-dim et fériés 8h-16h. Sur RV pour certains services.
QC,msss-clsc-la-malbaie-clsc-et-centre-de-readaptation-en-dependance-de-la-malbaie,CLSC Et Centre De Réadaptation En Dépendance De La Malbaie,sante,CLSC,La Malbaie,418-665-1700,,"535, boulevard de Comporte, La Malbaie, QC G5A 1S8",47.65299987792969,-70.14910125732422,,,,,donnees-quebec.ca/MSSS,f,08h00–20h00,08h00–16h00,08h00–16h00,08h00–16h00,non,non,Lun-ven 8h-20h. Sam-dim et fériés 8h-16h. Sur RV pour certains services.
QC,msss-chsld-la-malbaie-centre-d-hebergement-bellerive,Centre D'Hébergement Bellerive,sante,CHSLD,La Malbaie,418-665-1700,,"555, boulevard de Comporté, La Malbaie, QC G5A 1W3",47.653900146484375,-70.14900207519531,,,,,donnees-quebec.ca/MSSS,f,08h00–16h00 (admin) | Soins 24h/24,Soins 24h/24 (admin fermé),Soins 24h/24 (admin fermé),Soins 24h/24 (admin fermé),oui,non,Milieu de vie 24h/24. Admin: lun-ven 8h-16h. Visites: 8h-21h30
QC,msss-clsc-la-malbaie-hopital-et-clsc-de-la-malbaie,Hôpital Et CLSC De La Malbaie,sante,CLSC,La Malbaie,418-665-1700,,"303, rue Saint-Étienne, La Malbaie, QC G5A 1T1",47.65620040893555,-70.15170288085938,,,,,donnees-quebec.ca/MSSS,f,00h00–24h00 (urgences) | 08h00–16h00 (admin),00h00–24h00 (urgences),00h00–24h00 (urgences),00h00–24h00 (urgences),oui,oui,Urgences 24h/24. Services ambulatoires sur rendez-vous: lun-ven 8h-16h
QC,msss-clsc-la-morandiere-rochebaucourt-clsc-de-rochebaucourt,CLSC De Rochebaucourt,sante,CLSC,La Morandière-Rochebaucourt,819-734-2881,,"20, rue du Chanoine-Girard, La Morandière-Rochebaucourt, QC J0Y 2J0",48.676700592041016,-77.50039672851562,,,,,donnees-quebec.ca/MSSS,f,08h00–20h00,08h00–16h00,08h00–16h00,08h00–16h00,non,non,Lun-ven 8h-20h. Sam-dim et fériés 8h-16h. Sur RV pour certains services.
QC,msss-clsc-la-patrie-clsc-de-la-patrie,CLSC De La Patrie,sante,CLSC,La Patrie,819-888-2841,,"40, rue du Moulin, La Patrie, QC J0B 1Y0",45.39939880371094,-71.25140380859375,,,,,donnees-quebec.ca/MSSS,f,08h00–20h00,08h00–16h00,08h00–16h00,08h00–16h00,non,non,Lun-ven 8h-20h. Sam-dim et fériés 8h-16h. Sur RV pour certains services.
QC,baq-moisson-kamouraska,Moisson Kamouraska,alimentation,Banque alimentaire régionale,La Pocatière,418-856-3325,https://moissonkamouraska.org,"608, 4e Avenue Painchaud, La Pocatière, QC G0R 1Z0",,,,X,,,curated-baq-network,f,09h00–16h00,09h00–13h00,Fermé,Fermé,non,non,"Lun-ven 9h-16h, sam 9h-13h. Horaires varient selon point de distribution."
QC,msss-clsc-la-pocatiere-hopital-notre-dame-de-fatima,Hôpital Notre-Dame-De-Fatima,sante,CLSC,La Pocatière,418-856-7000,,"1201, 6e Avenue Pilote, La Pocatière, QC G0R 1Z0",47.37179946899414,-70.02619934082031,,,,,donnees-quebec.ca/MSSS,f,00h00–24h00 (urgences) | 08h00–16h00 (admin),00h00–24h00 (urgences),00h00–24h00 (urgences),00h00–24h00 (urgences),oui,oui,Urgences 24h/24. Services ambulatoires sur rendez-vous: lun-ven 8h-16h
QC,msss-chsld-la-prairie-chsld-de-la-prairie,CHSLD De La Prairie,sante,CHSLD,La Prairie,450-466-5000,,"500, avenue Balmoral, La Prairie, QC J5R 4N5",45.42110061645508,-73.49130249023438,,,,,donnees-quebec.ca/MSSS,f,08h00–16h00 (admin) | Soins 24h/24,Soins 24h/24 (admin fermé),Soins 24h/24 (admin fermé),Soins 24h/24 (admin fermé),oui,non,Milieu de vie 24h/24. Admin: lun-ven 8h-16h. Visites: 8h-21h30
QC,msss-clsc-la-peche-centre-multiservices-de-sante-et-de-services-sociaux-de-la-p,Centre Multiservices De Santé Et De Services Sociaux De La Pêche,sante,CLSC,La Pêche,819-459-1112,,"9, chemin Passe-Partout, La Pêche, QC J0X 2W0",45.6416015625,-76.04000091552734,,,,,donnees-quebec.ca/MSSS,f,08h00–20h00,08h00–16h00,08h00–16h00,08h00–16h00,non,non,Lun-ven 8h-20h. Sam-dim et fériés 8h-16h. Sur RV pour certains services.
QC,msss-hopital-la-peche-hopital-et-chsld-memorial-de-wakefield-wakefield-memorial-ho,Hôpital Et CHSLD Mémorial De Wakefield / Wakefield Memorial Hospital,sante,Hôpital,La Pêche,819-459-1112,,"101, chemin Burnside, La Pêche, QC J0X 3G0",45.64860153198242,-75.93260192871094,,,,,donnees-quebec.ca/MSSS,f,08h00–16h00 (admin) | Soins 24h/24,Soins 24h/24 (admin fermé),Soins 24h/24 (admin fermé),Soins 24h/24 (admin fermé),oui,non,Milieu de vie 24h/24. Admin: lun-ven 8h-16h. Visites: 8h-21h30
QC,msss-chsld-la-sarre-chsld-de-la-sarre,CHSLD De La Sarre,sante,CHSLD,La Sarre,819-333-2311,,"22, 1e Avenue Est, La Sarre, QC J9Z 1C4",48.81039810180664,-79.20369720458984,,,,,donnees-quebec.ca/MSSS,f,08h00–16h00 (admin) | Soins 24h/24,Soins 24h/24 (admin fermé),Soins 24h/24 (admin fermé),Soins 24h/24 (admin fermé),oui,non,Milieu de vie 24h/24. Admin: lun-ven 8h-16h. Visites: 8h-21h30
QC,msss-clsc-la-sarre-clsc-en-sante-mentale-de-la-sarre,CLSC En Santé Mentale De La Sarre,sante,CLSC,La Sarre,819-333-2311,,"299-A, rue Principale, La Sarre, QC J9Z 1Z1",48.80329895019531,-79.20500183105469,,,,,donnees-quebec.ca/MSSS,f,08h00–20h00,08h00–16h00,08h00–16h00,08h00–16h00,non,non,Lun-ven 8h-20h. Sam-dim et fériés 8h-16h. Sur RV pour certains services.
QC,msss-clsc-la-sarre-clsc-et-centre-de-protection-de-l-enfance-et-de-la-jeunesse-,CLSC Et Centre De Protection De L'Enfance Et De La Jeunesse De La Sarre,sante,CLSC,La Sarre,819-333-2311,,"261, 1e Rue Est, La Sarre, QC J9Z 2B7",48.80459976196289,-79.20259857177734,,,,,donnees-quebec.ca/MSSS,f,08h00–20h00,08h00–16h00,08h00–16h00,08h00–16h00,non,non,Lun-ven 8h-20h. Sam-dim et fériés 8h-16h. Sur RV pour certains services.
QC,msss-clsc-la-sarre-centre-multiservices-de-sante-et-de-services-sociaux-de-la-s,Centre Multiservices De Santé Et De Services Sociaux De La Sarre,sante,CLSC,La Sarre,819-333-2311,,"679, 2e Rue Est, La Sarre, QC J9Z 2X7",48.786399841308594,-79.19850158691406,,,,,donnees-quebec.ca/MSSS,f,08h00–20h00,08h00–16h00,08h00–16h00,08h00–16h00,non,non,Lun-ven 8h-20h. Sam-dim et fériés 8h-16h. Sur RV pour certains services.
QC,msss-clsc-la-tuque-clsc-de-parent,CLSC De Parent,sante,CLSC,La Tuque,819-523-4581,,"9, rue de l'Hôtel-de-Ville, La Tuque, QC G0X 3P0",47.92160034179688,-74.61309814453125,,,,,donnees-quebec.ca/MSSS,f,08h00–20h00,08h00–16h00,08h00–16h00,08h00–16h00,non,non,Lun-ven 8h-20h. Sam-dim et fériés 8h-16h. Sur RV pour certains services.
QC,msss-clsc-la-tuque-centre-multiservices-de-sante-et-de-services-sociaux-du-haut,Centre Multiservices De Santé Et De Services Sociaux Du Haut-Saint-Maurice,sante,CLSC,La Tuque,819-523-4581,,"885, boulevard Ducharme, La Tuque, QC G9X 3C1",47.42850112915039,-72.78569793701172,,,,,donnees-quebec.ca/MSSS,f,08h00–20h00,08h00–16h00,08h00–16h00,08h00–16h00,non,non,Lun-ven 8h-20h. Sam-dim et fériés 8h-16h. Sur RV pour certains services.
QC,msss-clsc-labelle-clsc-de-labelle,CLSC De Labelle,sante,CLSC,Labelle,819-623-1234,,"17, rue du Couvent, Labelle, QC J0T 1H0",46.2781982421875,-74.73400115966797,,,,,donnees-quebec.ca/MSSS,f,08h00–20h00,08h00–16h00,08h00–16h00,08h00–16h00,non,non,Lun-ven 8h-20h. Sam-dim et fériés 8h-16h. Sur RV pour certains services.
QC,msss-chsld-labelle-centre-d-hebergement-de-labelle,Centre D'Hébergement De Labelle,sante,CHSLD,Labelle,819-623-1234,,"50, rue de l'Église, Labelle, QC J0T 1H0",46.27730178833008,-74.73570251464844,,,,,donnees-quebec.ca/MSSS,f,08h00–16h00 (admin) | Soins 24h/24,Soins 24h/24 (admin fermé),Soins 24h/24 (admin fermé),Soins 24h/24 (admin fermé),oui,non,Milieu de vie 24h/24. Admin: lun-ven 8h-16h. Visites: 8h-21h30
QC,msss-clsc-lac-brome-clsc-de-lac-brome,CLSC De Lac-Brome,sante,CLSC,Lac-Brome,450-243-4007,,"270, rue Victoria, Lac-Brome, QC J0E 1V0",45.21799850463867,-72.52970123291016,,,,,donnees-quebec.ca/MSSS,f,08h00–20h00,08h00–16h00,08h00–16h00,08h00–16h00,non,non,Lun-ven 8h-20h. Sam-dim et fériés 8h-16h. Sur RV pour certains services.
QC,msss-clsc-lac-etchemin-centre-multiservices-de-sante-et-de-services-sociaux-de-lac-,Centre Multiservices De Santé Et De Services Sociaux De Lac-Etchemin,sante,CLSC,Lac-Etchemin,418-625-3101,,"331, place du Sanatorium, Lac-Etchemin, QC G0R 1S0",46.4005012512207,-70.49810028076172,,,,,donnees-quebec.ca/MSSS,f,08h00–20h00,08h00–16h00,08h00–16h00,08h00–16h00,non,non,Lun-ven 8h-20h. Sam-dim et fériés 8h-16h. Sur RV pour certains services.
QC,msss-clsc-lac-megantic-centre-multiservices-de-sante-et-de-services-sociaux-du-gran,Centre Multiservices De Santé Et De Services Sociaux Du Granit,sante,CLSC,Lac-Mégantic,819-583-0330,,"3569, rue Laval, Lac-Mégantic, QC G6B 1A5",45.588600158691406,-70.90579986572266,,,,,donnees-quebec.ca/MSSS,f,08h00–20h00,08h00–16h00,08h00–16h00,08h00–16h00,non,non,Lun-ven 8h-20h. Sam-dim et fériés 8h-16h. Sur RV pour certains services.
QC,msss-chsld-lac-au-saumon-centre-d-hebergement-marie-anne-ouellet,Centre D'Hébergement Marie-Anne-Ouellet,sante,CHSLD,Lac-au-Saumon,418-778-3112,,"6, rue Turbide, Lac-au-Saumon, QC G0J 1M0",48.417999267578125,-67.34660339355469,,,,,donnees-quebec.ca/MSSS,f,08h00–16h00 (admin) | Soins 24h/24,Soins 24h/24 (admin fermé),Soins 24h/24 (admin fermé),Soins 24h/24 (admin fermé),oui,non,Milieu de vie 24h/24. Admin: lun-ven 8h-16h. Visites: 8h-21h30
QC,msss-clsc-lac-des-aigles-clsc-de-lac-des-aigles,CLSC De Lac-Des-Aigles,sante,CLSC,Lac-des-Aigles,418-779-2123,,"69, rue Principale, Lac-des-Aigles, QC G0K 1V0",47.988399505615234,-68.67669677734375,,,,,donnees-quebec.ca/MSSS,f,08h00–20h00,08h00–16h00,08h00–16h00,08h00–16h00,non,non,Lun-ven 8h-20h. Sam-dim et fériés 8h-16h. Sur RV pour certains services.
QC,msss-clsc-lachute-clsc-et-centre-de-services-ambulatoires-en-pedopsychiatrie-d,CLSC Et Centre De Services Ambulatoires En Pédopsychiatrie De La Rue Mary,sante,CLSC,Lachute,819-242-4444,,"189, rue Mary, Lachute, QC J8H 2C3",45.65250015258789,-74.339599609375,,,,,donnees-quebec.ca/MSSS,f,08h00–20h00,08h00–16h00,08h00–16h00,08h00–16h00,non,non,Lun-ven 8h-20h. Sam-dim et fériés 8h-16h. Sur RV pour certains services.
QC,msss-clsc-lachute-centre-multiservices-de-sante-et-de-services-sociaux-d-argen,Centre Multiservices De Santé Et De Services Sociaux D'Argenteuil,sante,CLSC,Lachute,819-242-4444,,"145, avenue de la Providence, Lachute, QC J8H 4C7",45.66189956665039,-74.35209655761719,,,,,donnees-quebec.ca/MSSS,f,08h00–20h00,08h00–16h00,08h00–16h00,08h00–16h00,non,non,Lun-ven 8h-20h. Sam-dim et fériés 8h-16h. Sur RV pour certains services.
QC,msss-chsld-lachute-la-residence-de-lachute,La Résidence De Lachute,sante,CHSLD,Lachute,819-242-4444,,"377, rue Principale, Lachute, QC J8H 1Y1",45.65660095214844,-74.33930206298828,,,,,donnees-quebec.ca/MSSS,f,08h00–16h00 (admin) | Soins 24h/24,Soins 24h/24 (admin fermé),Soins 24h/24 (admin fermé),Soins 24h/24 (admin fermé),oui,non,Milieu de vie 24h/24. Admin: lun-ven 8h-16h. Visites: 8h-21h30
QC,msss-clsc-laforce-clsc-de-laforce,CLSC De Laforce,sante,CLSC,Laforce,819-722-2777,,"711, chemin du Village, Laforce, QC J0Z 2J0",47.536598205566406,-78.7249984741211,,,,,donnees-quebec.ca/MSSS,f,08h00–20h00,08h00–16h00,08h00–16h00,08h00–16h00,non,non,Lun-ven 8h-20h. Sam-dim et fériés 8h-16h. Sur RV pour certains services.
QC,msss-clsc-lambton-clsc-et-chsld-de-lambton,CLSC Et CHSLD De Lambton,sante,CLSC,Lambton,418-486-7017,,"310-A, rue Principale, Lambton, QC G0M 1H0",45.829498291015625,-71.09609985351562,,,,,donnees-quebec.ca/MSSS,f,08h00–16h00 (admin) | Soins 24h/24,Soins 24h/24 (admin fermé),Soins 24h/24 (admin fermé),Soins 24h/24 (admin fermé),oui,non,Milieu de vie 24h/24. Admin: lun-ven 8h-16h. Visites: 8h-21h30
QC,msss-chsld-lanoraie-centre-d-hebergement-alphonse-rondeau,Centre D'Hébergement Alphonse-Rondeau,sante,CHSLD,Lanoraie,450-759-8222,,"419, rue Faust, Lanoraie, QC J0K 1E0",45.96379852294922,-73.2239990234375,,,,,donnees-quebec.ca/MSSS,f,08h00–16h00 (admin) | Soins 24h/24,Soins 24h/24 (admin fermé),Soins 24h/24 (admin fermé),Soins 24h/24 (admin fermé),oui,non,Milieu de vie 24h/24. Admin: lun-ven 8h-16h. Visites: 8h-21h30
QC,msss-clsc-latulipe-et-gaboury-clsc-de-latulipe,CLSC De Latulipe,sante,CLSC,Latulipe-et-Gaboury,819-747-2632,,"5, rue du carrefour Nord, Latulipe-et-Gaboury, QC J0Z 2N0",47.42940139770508,-79.03189849853516,,,,,donnees-quebec.ca/MSSS,f,08h00–20h00,08h00–16h00,08h00–16h00,08h00–16h00,non,non,Lun-ven 8h-20h. Sam-dim et fériés 8h-16h. Sur RV pour certains services.
QC,msss-clsc-laurier-station-clsc-et-centre-de-services-externes-pour-les-aines-de-laurie,CLSC Et Centre De Services Externes Pour Les Aînés De Laurier-Station,sante,CLSC,Laurier-Station,418-728-3435,,"135, rue de la Station, Laurier-Station, QC G0S 1N0",46.53990173339844,-71.62969970703125,,,,,donnees-quebec.ca/MSSS,f,08h00–20h00,08h00–16h00,08h00–16h00,08h00–16h00,non,non,Lun-ven 8h-20h. Sam-dim et fériés 8h-16h. Sur RV pour certains services.
QC,emp-cje-laval,Carrefour jeunesse-emploi de Laval,emploi,Carrefour jeunesse-emploi (CJE),Laval,450-967-9009,https://cje-laval.qc.ca,"440, boul. Saint-Martin Ouest, bureau 100, Laval, QC H7M 3L1",,,,X,,,curated-employment-network,f,08h30–16h30,Fermé,Fermé,Fermé,non,non,Lun-ven 8h30-16h30. Sans RV ou sur RV selon service.
QC,baq-moisson-laval,Moisson Laval,alimentation,Banque alimentaire régionale,Laval,450-622-0668,https://moissonlaval.org,"3500, boul. Industriel, Laval, QC H7L 4S3",,,,X,,,curated-baq-network,f,09h00–16h00,09h00–13h00,Fermé,Fermé,non,non,"Lun-ven 9h-16h, sam 9h-13h. Horaires varient selon point de distribution."
QC,msss-chsld-laval-chsld-de-laval,CHSLD De Laval,sante,CHSLD,Laval,450-668-1010,,"2805, boulevard Chomedey, Laval, QC H7P 0C2",45.570899963378906,-73.7666015625,,,,,donnees-quebec.ca/MSSS,f,08h00–16h00 (admin) | Soins 24h/24,Soins 24h/24 (admin fermé),Soins 24h/24 (admin fermé),Soins 24h/24 (admin fermé),oui,non,Milieu de vie 24h/24. Admin: lun-ven 8h-16h. Visites: 8h-21h30
QC,msss-chsld-laval-chsld-val-des-brises,CHSLD Val-Des-Brises,sante,CHSLD,Laval,450-668-1010,,"3155, boulevard Michel-Ange, Laval, QC H7E 0J1",45.61470031738281,-73.68499755859375,,,,,donnees-quebec.ca/MSSS,f,08h00–16h00 (admin) | Soins 24h/24,Soins 24h/24 (admin fermé),Soins 24h/24 (admin fermé),Soins 24h/24 (admin fermé),oui,non,Milieu de vie 24h/24. Admin: lun-ven 8h-16h. Visites: 8h-21h30
QC,msss-clsc-laval-clsc-de-l-ouest-de-l-ile,CLSC De L'Ouest-De-L'Île,sante,CLSC,Laval,450-668-1010,,"4250, rue Dagenais Ouest, Laval, QC H7R 1L4",45.55889892578125,-73.83740234375,,,,,donnees-quebec.ca/MSSS,f,08h00–20h00,08h00–16h00,08h00–16h00,08h00–16h00,non,non,Lun-ven 8h-20h. Sam-dim et fériés 8h-16h. Sur RV pour certains services.
QC,msss-clsc-laval-clsc-des-mille-iles,CLSC Des Mille-Îles,sante,CLSC,Laval,450-668-1010,,"775, rue Montrose, Laval, QC H7E 0H6",45.607200622558594,-73.64550018310547,,,,,donnees-quebec.ca/MSSS,f,08h00–20h00,08h00–16h00,08h00–16h00,08h00–16h00,non,non,Lun-ven 8h-20h. Sam-dim et fériés 8h-16h. Sur RV pour certains services.
QC,msss-clsc-laval-clsc-et-chsld-idola-saint-jean,CLSC Et CHSLD Idola-Saint-Jean,sante,CLSC,Laval,450-668-1010,,"250, boulevard Cartier Ouest, Laval, QC H7N 5S5",45.55770111083984,-73.69419860839844,,,,,donnees-quebec.ca/MSSS,f,08h00–16h00 (admin) | Soins 24h/24,Soins 24h/24 (admin fermé),Soins 24h/24 (admin fermé),Soins 24h/24 (admin fermé),oui,non,Milieu de vie 24h/24. Admin: lun-ven 8h-16h. Visites: 8h-21h30
QC,msss-clsc-laval-clsc-et-chsld-sainte-rose,CLSC Et CHSLD Sainte-Rose,sante,CLSC,Laval,450-668-1010,,"280, boulevard du Roi-du-Nord, Laval, QC H7L 4L2",45.6078987121582,-73.78939819335938,,,,,donnees-quebec.ca/MSSS,f,08h00–16h00 (admin) | Soins 24h/24,Soins 24h/24 (admin fermé),Soins 24h/24 (admin fermé),Soins 24h/24 (admin fermé),oui,non,Milieu de vie 24h/24. Admin: lun-ven 8h-16h. Visites: 8h-21h30
QC,msss-clsc-laval-clsc-et-centre-de-services-ambulatoires-chomedey,CLSC Et Centre De Services Ambulatoires Chomedey,sante,CLSC,Laval,450-668-1010,,"800, boulevard Chomedey, tour A, B et C, Laval, QC H7V 3Y4",45.54449844360352,-73.74099731445312,,,,,donnees-quebec.ca/MSSS,f,08h00–20h00,08h00–16h00,08h00–16h00,08h00–16h00,non,non,Lun-ven 8h-20h. Sam-dim et fériés 8h-16h. Sur RV pour certains services.
QC,msss-clsc-laval-clsc-et-centre-de-services-ambulatoires-ruisseau-papineau,CLSC Et Centre De Services Ambulatoires Ruisseau-Papineau,sante,CLSC,Laval,450-668-1010,,"1665, rue du Couvent, Laval, QC H7W 3A8",45.54970169067383,-73.76210021972656,,,,,donnees-quebec.ca/MSSS,f,08h00–20h00,08h00–16h00,08h00–16h00,08h00–16h00,non,non,Lun-ven 8h-20h. Sam-dim et fériés 8h-16h. Sur RV pour certains services.
QC,msss-clsc-laval-clsc-et-groupe-de-medecine-de-famille-universitaire-du-marig,CLSC Et Groupe De Médecine De Famille Universitaire Du Marigot,sante,CLSC,Laval,450-668-1010,,"1351, boulevard des Laurentides, Laval, QC H7M 2Y2",45.58689880371094,-73.71019744873047,,,,,donnees-quebec.ca/MSSS,f,08h00–20h00,08h00–16h00,08h00–16h00,08h00–16h00,non,non,Lun-ven 8h-20h. Sam-dim et fériés 8h-16h. Sur RV pour certains services.
QC,msss-chsld-laval-centre-d-hebergement-champlain-de-saint-francois,Centre D'Hébergement Champlain-De-Saint-François,sante,CHSLD,Laval,450-668-1010,,"8520-8528, boulevard Lévesque Est, Laval, QC H7A 1W6",45.68560028076172,-73.62740325927734,,,,,donnees-quebec.ca/MSSS,f,08h00–16h00 (admin) | Soins 24h/24,Soins 24h/24 (admin fermé),Soins 24h/24 (admin fermé),Soins 24h/24 (admin fermé),oui,non,Milieu de vie 24h/24. Admin: lun-ven 8h-16h. Visites: 8h-21h30
QC,msss-chsld-laval-centre-d-hebergement-de-la-rive,Centre D'Hébergement De La Rive,sante,CHSLD,Laval,450-668-1010,,"1050, 15e avenue, Laval, QC H7R 4N9",45.562198638916016,-73.85890197753906,,,,,donnees-quebec.ca/MSSS,f,08h00–16h00 (admin) | Soins 24h/24,Soins 24h/24 (admin fermé),Soins 24h/24 (admin fermé),Soins 24h/24 (admin fermé),oui,non,Milieu de vie 24h/24. Admin: lun-ven 8h-16h. Visites: 8h-21h30
QC,msss-chsld-laval-centre-d-hebergement-et-de-soins-de-longue-duree-saint-jude,Centre D'Hébergement Et De Soins De Longue Durée Saint-Jude,sante,CHSLD,Laval,450-668-1010,,"4410, boulevard Saint-Martin Ouest, Laval, QC H7T 1C3",45.547000885009766,-73.7677001953125,,,,,donnees-quebec.ca/MSSS,f,08h00–16h00 (admin) | Soins 24h/24,Soins 24h/24 (admin fermé),Soins 24h/24 (admin fermé),Soins 24h/24 (admin fermé),oui,non,Milieu de vie 24h/24. Admin: lun-ven 8h-16h. Visites: 8h-21h30
QC,msss-chsld-laval-centre-d-hebergement-et-de-soins-de-longue-duree-vigi-l-orch,Centre D'Hébergement Et De Soins De Longue Durée Vigi L'Orchidée Blanche,sante,CHSLD,Laval,450-668-1010,,"2577, boulevard René-Laennec, Laval, QC H7K 3V4",45.61949920654297,-73.72250366210938,,,,,donnees-quebec.ca/MSSS,f,08h00–16h00 (admin) | Soins 24h/24,Soins 24h/24 (admin fermé),Soins 24h/24 (admin fermé),Soins 24h/24 (admin fermé),oui,non,Milieu de vie 24h/24. Admin: lun-ven 8h-16h. Visites: 8h-21h30
QC,msss-chsld-laval-centre-d-hebergement-fernand-larocque,Centre D'Hébergement Fernand-Larocque,sante,CHSLD,Laval,450-668-1010,,"5436, boulevard Lévesque Est, Laval, QC H7C 1N7",45.615501403808594,-73.64399719238281,,,,,donnees-quebec.ca/MSSS,f,08h00–16h00 (admin) | Soins 24h/24,Soins 24h/24 (admin fermé),Soins 24h/24 (admin fermé),Soins 24h/24 (admin fermé),oui,non,Milieu de vie 24h/24. Admin: lun-ven 8h-16h. Visites: 8h-21h30
QC,msss-chsld-laval-centre-d-hebergement-la-piniere,Centre D'Hébergement La Pinière,sante,CHSLD,Laval,450-668-1010,,"4895, rue Saint-Joseph, Laval, QC H7C 1H6",45.61130142211914,-73.64949798583984,,,,,donnees-quebec.ca/MSSS,f,08h00–16h00 (admin) | Soins 24h/24,Soins 24h/24 (admin fermé),Soins 24h/24 (admin fermé),Soins 24h/24 (admin fermé),oui,non,Milieu de vie 24h/24. Admin: lun-ven 8h-16h. Visites: 8h-21h30
QC,msss-chsld-laval-centre-d-hebergement-sainte-dorothee,Centre D'Hébergement Sainte-Dorothée,sante,CHSLD,Laval,450-668-1010,,"350, boulevard Samson, Laval, QC H7X 1J4",45.52379989624024,-73.80470275878906,,,,,donnees-quebec.ca/MSSS,f,08h00–16h00 (admin) | Soins 24h/24,Soins 24h/24 (admin fermé),Soins 24h/24 (admin fermé),Soins 24h/24 (admin fermé),oui,non,Milieu de vie 24h/24. Admin: lun-ven 8h-16h. Visites: 8h-21h30
QC,msss-hopital-laval-centre-de-services-ambulatoires-de-laval,Centre De Services Ambulatoires De Laval,sante,Hôpital,Laval,450-668-1010,,"1515, boulevard Chomedey, Laval, QC H7V 3Y7",45.55229949951172,-73.74620056152344,,,,,donnees-quebec.ca/MSSS,f,00h00–24h00 (urgences) | 08h00–16h00 (admin),00h00–24h00 (urgences),00h00–24h00 (urgences),00h00–24h00 (urgences),oui,oui,Urgences 24h/24. Services ambulatoires sur rendez-vous: lun-ven 8h-16h
QC,msss-hopital-laval-centre-de-services-ambulatoires-en-sante-mentale-rene-laenne,Centre De Services Ambulatoires En Santé Mentale René-Laennec,sante,Hôpital,Laval,450-668-1010,,"2008, boulevard René-Laennec, Laval, QC H7M 4J8",45.608699798583984,-73.72029876708984,,,,,donnees-quebec.ca/MSSS,f,00h00–24h00 (urgences) | 08h00–16h00 (admin),00h00–24h00 (urgences),00h00–24h00 (urgences),00h00–24h00 (urgences),oui,oui,Urgences 24h/24. Services ambulatoires sur rendez-vous: lun-ven 8h-16h
QC,msss-clsc-laval-centre-multiservices-de-sante-et-de-services-sociaux-de-lava,Centre Multiservices De Santé Et De Services Sociaux De Laval,sante,CLSC,Laval,450-668-1010,,"308, boulevard Cartier Ouest, Laval, QC H7N 2J2",45.55410003662109,-73.69950103759766,,,,,donnees-quebec.ca/MSSS,f,08h00–20h00,08h00–16h00,08h00–16h00,08h00–16h00,non,non,Lun-ven 8h-20h. Sam-dim et fériés 8h-16h. Sur RV pour certains services.
QC,msss-hopital-laval-hopital-de-la-cite-de-la-sante,Hôpital De La Cité-De-La-Santé,sante,Hôpital,Laval,450-668-1010,,"1755, boulevard René-Laennec, Laval, QC H7M 3L9",45.60329818725586,-73.71080017089844,,,,,donnees-quebec.ca/MSSS,f,00h00–24h00 (urgences) | 08h00–16h00 (admin),00h00–24h00 (urgences),00h00–24h00 (urgences),00h00–24h00 (urgences),oui,oui,Urgences 24h/24. Services ambulatoires sur rendez-vous: lun-ven 8h-16h
QC,msss-hopital-laval-hopital-juif-de-readaptation,Hôpital Juif De Réadaptation,sante,Hôpital,Laval,450-668-1010,,"3205, place Alton-Goldbloom, Laval, QC H7V 1R2",45.54869842529297,-73.73760223388672,,,,,donnees-quebec.ca/MSSS,f,00h00–24h00 (urgences) | 08h00–16h00 (admin),00h00–24h00 (urgences),00h00–24h00 (urgences),00h00–24h00 (urgences),oui,oui,Urgences 24h/24. Services ambulatoires sur rendez-vous: lun-ven 8h-16h
QC,msss-chsld-laval-la-residence-du-bonheur,La Résidence Du Bonheur,sante,CHSLD,Laval,450-668-1010,,"5855, rue Boulard, Laval, QC H7B 1A3",45.68659973144531,-73.64739990234375,,,,,donnees-quebec.ca/MSSS,f,08h00–16h00 (admin) | Soins 24h/24,Soins 24h/24 (admin fermé),Soins 24h/24 (admin fermé),Soins 24h/24 (admin fermé),oui,non,Milieu de vie 24h/24. Admin: lun-ven 8h-16h. Visites: 8h-21h30
QC,msss-chsld-laval-maison-des-aines-de-chomedey,Maison Des Aînés De Chomedey,sante,CHSLD,Laval,450-668-1010,,"540, boulevard des Prairies, Laval, QC H7V 1B5",45.540000915527344,-73.71920013427734,,,,,donnees-quebec.ca/MSSS,f,08h00–16h00 (admin) | Soins 24h/24,Soins 24h/24 (admin fermé),Soins 24h/24 (admin fermé),Soins 24h/24 (admin fermé),oui,non,Milieu de vie 24h/24. Admin: lun-ven 8h-16h. Visites: 8h-21h30
QC,msss-chsld-laval-manoir-st-patrice,Manoir St-Patrice,sante,CHSLD,Laval,450-668-1010,,"3615, boulevard Perron, Laval, QC H7V 1P4",45.54180145263672,-73.74099731445312,,,,,donnees-quebec.ca/MSSS,f,08h00–16h00 (admin) | Soins 24h/24,Soins 24h/24 (admin fermé),Soins 24h/24 (admin fermé),Soins 24h/24 (admin fermé),oui,non,Milieu de vie 24h/24. Admin: lun-ven 8h-16h. Visites: 8h-21h30
QC,msss-chsld-laval-residence-riviera,Résidence Riviera,sante,CHSLD,Laval,450-668-1010,,"2999, boulevard Notre-Dame, Laval, QC H7V 4C4",45.54869842529297,-73.7343978881836,,,,,donnees-quebec.ca/MSSS,f,08h00–16h00 (admin) | Soins 24h/24,Soins 24h/24 (admin fermé),Soins 24h/24 (admin fermé),Soins 24h/24 (admin fermé),oui,non,Milieu de vie 24h/24. Admin: lun-ven 8h-16h. Visites: 8h-21h30
QC,msss-chsld-laval-sante-courville-de-laval,Santé Courville De Laval,sante,CHSLD,Laval,450-668-1010,,"5200, 80e Rue, Laval, QC H7R 5T6",45.54330062866211,-73.8550033569336,,,,,donnees-quebec.ca/MSSS,f,08h00–16h00 (admin) | Soins 24h/24,Soins 24h/24 (admin fermé),Soins 24h/24 (admin fermé),Soins 24h/24 (admin fermé),oui,non,Milieu de vie 24h/24. Admin: lun-ven 8h-16h. Visites: 8h-21h30
QC,h-cl-laval,Comité logement de Laval,logement,Comité logement,Laval,450-967-3138,https://comitelogementlaval.org,"295, boul. Cartier Ouest, bureau 5, Laval, QC H7N 2J5",,,,X,,,curated-housing-network,f,09h00–17h00,Fermé,Fermé,Fermé,non,non,Lun-ven 9h-17h. Consultations sur RV.
QC,h-omh-laval,Office municipal d'habitation de Laval,logement,Office municipal d'habitation,Laval,450-682-9272,https://omhlaval.ca,"1015, place Théodore-Robitaille, Laval, QC H7V 4R6",,,,X,,,curated-housing-network,f,08h30–16h30,Fermé,Fermé,Fermé,non,non,Bureau lun-ven 8h30-16h30. Liste d'attente – inscription requise.
QC,imm-cito-laval,Carrefour d'intercultures de Laval (CIL),immigration,Accueil – nouveaux arrivants,Laval,450-686-5871,https://cilaval.com,"1536, boul. Le Corbusier, bureau 210, Laval, QC H7S 2K1",,,,X,,,curated-immigration-network,f,08h30–16h30,Fermé,Fermé,Fermé,non,non,Lun-ven 8h30-16h30. Sur RV pour consultations spécialisées.
QC,centre911-laval,Centre 911 de Laval,soutienSocial,Centre 911,Laval,911,,,45.6066,-73.7124,X,,,,,f,00h00–24h00,00h00–24h00,00h00–24h00,00h00–24h00,oui,oui,"Service disponible 24h/24, 7j/7"
QC,saaq-laval,SAAQ — Bureau de Laval,soutienSocial,Services gouvernementaux,Laval,1-800-361-7620,,,45.6066,-73.7124,X,,,,,f,08h30–16h30,Fermé,Fermé,Fermé,non,non,Lun-ven 8h30-16h30. En ligne 24h/24 pour certains services.
QC,msss-clsc-lavaltrie-clsc-de-lavaltrie,CLSC De Lavaltrie,sante,CLSC,Lavaltrie,450-654-7525,,"1400, rue Notre-Dame, Lavaltrie, QC J5T 1M6",45.885101318359375,-73.27629852294922,,,,,donnees-quebec.ca/MSSS,f,08h00–20h00,08h00–16h00,08h00–16h00,08h00–16h00,non,non,Lun-ven 8h-20h. Sam-dim et fériés 8h-16h. Sur RV pour certains services.
QC,msss-clsc-lebel-sur-quevillon-centre-de-sante-lebel,Centre De Santé Lebel,sante,CLSC,Lebel-sur-Quévillon,819-755-4881,,"950, boulevard Quévillon Nord, Lebel-sur-Quévillon, QC J0Y 1X0",49.05609893798828,-76.9832992553711,,,,,donnees-quebec.ca/MSSS,f,08h00–20h00,08h00–16h00,08h00–16h00,08h00–16h00,non,non,Lun-ven 8h-20h. Sam-dim et fériés 8h-16h. Sur RV pour certains services.
QC,msss-chsld-les-bergeronnes-chsld-des-bergeronnes,CHSLD Des Bergeronnes,sante,CHSLD,Les Bergeronnes,418-232-6259,,"450, rue de la Mer, Les Bergeronnes, QC G0T 1G0",48.238800048828125,-69.54460144042969,,,,,donnees-quebec.ca/MSSS,f,08h00–16h00 (admin) | Soins 24h/24,Soins 24h/24 (admin fermé),Soins 24h/24 (admin fermé),Soins 24h/24 (admin fermé),oui,non,Milieu de vie 24h/24. Admin: lun-ven 8h-16h. Visites: 8h-21h30
QC,msss-clsc-les-escoumins-centre-multiservices-de-sante-et-de-services-sociaux-des-esc,Centre Multiservices De Santé Et De Services Sociaux Des Escoumins,sante,CLSC,Les Escoumins,418-233-2931,,"4, rue de l'Hôpital, Les Escoumins, QC G0T 1K0",48.35210037231445,-69.40709686279297,,,,,donnees-quebec.ca/MSSS,f,08h00–20h00,08h00–16h00,08h00–16h00,08h00–16h00,non,non,Lun-ven 8h-20h. Sam-dim et fériés 8h-16h. Sur RV pour certains services.
QC,msss-clsc-les-hauteurs-clsc-de-les-hauteurs,CLSC De Les Hauteurs,sante,CLSC,Les Hauteurs,418-798-4112,,"54, rue de l'Église, Les Hauteurs, QC G0K 1C0",48.37760162353516,-68.11289978027344,,,,,donnees-quebec.ca/MSSS,f,08h00–20h00,08h00–16h00,08h00–16h00,08h00–16h00,non,non,Lun-ven 8h-20h. Sam-dim et fériés 8h-16h. Sur RV pour certains services.
QC,msss-clsc-les-mechins-clsc-les-mechins,CLSC Les Méchins,sante,CLSC,Les Méchins,418-729-3553,,"110, rue Pelletier, Les Méchins, QC G0J 1T0",49.0005989074707,-66.97979736328125,,,,,donnees-quebec.ca/MSSS,f,08h00–20h00,08h00–16h00,08h00–16h00,08h00–16h00,non,non,Lun-ven 8h-20h. Sam-dim et fériés 8h-16h. Sur RV pour certains services.
QC,msss-clsc-les-iles-de-la-madeleine-aire-ouverte-des-iles,Aire Ouverte Des Îles,sante,CLSC,Les Îles-de-la-Madeleine,418-986-2121,,"333, chemin Principal, Les Îles-de-la-Madeleine, QC G4T 1E2",47.37620162963867,-61.86790084838867,,,,,donnees-quebec.ca/MSSS,f,08h00–20h00,08h00–16h00,08h00–16h00,08h00–16h00,non,non,Lun-ven 8h-20h. Sam-dim et fériés 8h-16h. Sur RV pour certains services.
QC,msss-chsld-les-iles-de-la-madeleine-chsld-eudore-labrie,CHSLD Eudore-Labrie,sante,CHSLD,Les Îles-de-la-Madeleine,418-986-2121,,"424, chemin Principal, Les Îles-de-la-Madeleine, QC G4T 1C9",47.37570190429688,-61.86759948730469,,,,,donnees-quebec.ca/MSSS,f,08h00–16h00 (admin) | Soins 24h/24,Soins 24h/24 (admin fermé),Soins 24h/24 (admin fermé),Soins 24h/24 (admin fermé),oui,non,Milieu de vie 24h/24. Admin: lun-ven 8h-16h. Visites: 8h-21h30
QC,msss-chsld-les-iles-de-la-madeleine-chsld-plaisance,CHSLD Plaisance,sante,CHSLD,Les Îles-de-la-Madeleine,418-986-2121,,"596, chemin Principal, Les Îles-de-la-Madeleine, QC G4T 1G1",47.37350082397461,-61.87300109863281,,,,,donnees-quebec.ca/MSSS,f,08h00–16h00 (admin) | Soins 24h/24,Soins 24h/24 (admin fermé),Soins 24h/24 (admin fermé),Soins 24h/24 (admin fermé),oui,non,Milieu de vie 24h/24. Admin: lun-ven 8h-16h. Visites: 8h-21h30
QC,msss-clsc-les-iles-de-la-madeleine-clsc-de-bassin,CLSC De Bassin,sante,CLSC,Les Îles-de-la-Madeleine,418-986-2121,,"599, chemin du Bassin (Bassin), Les Îles-de-la-Madeleine, QC G4T 0C8",47.22159957885742,-61.93349838256836,,,,,donnees-quebec.ca/MSSS,f,08h00–20h00,08h00–16h00,08h00–16h00,08h00–16h00,non,non,Lun-ven 8h-20h. Sam-dim et fériés 8h-16h. Sur RV pour certains services.
QC,msss-clsc-les-iles-de-la-madeleine-clsc-de-cap-aux-meules,CLSC De Cap-Aux-Meules,sante,CLSC,Les Îles-de-la-Madeleine,418-986-2121,,"420, chemin Principal (Cap-aux-Meules), Les Îles-de-la-Madeleine, QC G4T 1S1",47.37620162963867,-61.86790084838867,,,,,donnees-quebec.ca/MSSS,f,08h00–20h00,08h00–16h00,08h00–16h00,08h00–16h00,non,non,Lun-ven 8h-20h. Sam-dim et fériés 8h-16h. Sur RV pour certains services.
QC,msss-clsc-les-iles-de-la-madeleine-clsc-de-l-ile-d-entree,CLSC De L'Île D'Entrée,sante,CLSC,Les Îles-de-la-Madeleine,418-986-2121,,"124, chemin Big Hill, Les Îles-de-la-Madeleine, QC G4T 1Z2",47.27379989624024,-61.701698303222656,,,,,donnees-quebec.ca/MSSS,f,08h00–20h00,08h00–16h00,08h00–16h00,08h00–16h00,non,non,Lun-ven 8h-20h. Sam-dim et fériés 8h-16h. Sur RV pour certains services.
QC,msss-hopital-les-iles-de-la-madeleine-hopital-de-l-archipel,Hôpital De L'Archipel,sante,Hôpital,Les Îles-de-la-Madeleine,418-986-2121,,"430, chemin Principal, Les Îles-de-la-Madeleine, QC G4T 1R9",47.3755989074707,-61.86880111694336,,,,,donnees-quebec.ca/MSSS,f,00h00–24h00 (urgences) | 08h00–16h00 (admin),00h00–24h00 (urgences),00h00–24h00 (urgences),00h00–24h00 (urgences),oui,oui,Urgences 24h/24. Services ambulatoires sur rendez-vous: lun-ven 8h-16h
QC,msss-clsc-longue-pointe-de-mingan-clsc-de-longue-pointe-de-mingan,CLSC De Longue-Pointe-De-Mingan,sante,CLSC,Longue-Pointe-de-Mingan,418-538-2212,,"870, chemin du Roi, Longue-Pointe-de-Mingan, QC G0G 1V0",50.27050018310547,-64.14129638671875,,,,,donnees-quebec.ca/MSSS,f,08h00–20h00,08h00–16h00,08h00–16h00,08h00–16h00,non,non,Lun-ven 8h-20h. Sam-dim et fériés 8h-16h. Sur RV pour certains services.
QC,msss-chsld-longueuil-chsld-argyle-longueuil,CHSLD Argyle - Longueuil,sante,CHSLD,Longueuil,450-466-5000,,"1205, chemin Du Tremblay, Longueuil, QC J4N 1R4",45.53730010986328,-73.46399688720703,,,,,donnees-quebec.ca/MSSS,f,08h00–16h00 (admin) | Soins 24h/24,Soins 24h/24 (admin fermé),Soins 24h/24 (admin fermé),Soins 24h/24 (admin fermé),oui,non,Milieu de vie 24h/24. Admin: lun-ven 8h-16h. Visites: 8h-21h30
QC,msss-chsld-longueuil-chsld-henriette-cere,CHSLD Henriette-Céré,sante,CHSLD,Longueuil,450-466-5000,,"6435, chemin de Chambly, Longueuil, QC J3Y 3R6",45.49660110473633,-73.40399932861328,,,,,donnees-quebec.ca/MSSS,f,08h00–16h00 (admin) | Soins 24h/24,Soins 24h/24 (admin fermé),Soins 24h/24 (admin fermé),Soins 24h/24 (admin fermé),oui,non,Milieu de vie 24h/24. Admin: lun-ven 8h-16h. Visites: 8h-21h30
QC,msss-chsld-longueuil-chsld-marguerite-rocheleau,CHSLD Marguerite-Rocheleau,sante,CHSLD,Longueuil,450-466-5000,,"8105, boulevard Cousineau, Longueuil, QC J3Z 0G6",45.47710037231445,-73.38249969482422,,,,,donnees-quebec.ca/MSSS,f,08h00–16h00 (admin) | Soins 24h/24,Soins 24h/24 (admin fermé),Soins 24h/24 (admin fermé),Soins 24h/24 (admin fermé),oui,non,Milieu de vie 24h/24. Admin: lun-ven 8h-16h. Visites: 8h-21h30
QC,msss-clsc-longueuil-clsc-cousineau,CLSC Cousineau,sante,CLSC,Longueuil,450-466-5000,,"5928, boulevard Cousineau, Longueuil, QC J3Y 7R9",45.49729919433594,-73.40910339355469,,,,,donnees-quebec.ca/MSSS,f,08h00–20h00,08h00–16h00,08h00–16h00,08h00–16h00,non,non,Lun-ven 8h-20h. Sam-dim et fériés 8h-16h. Sur RV pour certains services.
QC,msss-clsc-longueuil-clsc-de-longueuil-ouest,CLSC De Longueuil-Ouest,sante,CLSC,Longueuil,450-466-5000,,"201, boulevard Curé-Poirier Ouest, Longueuil, QC J4J 2G4",45.5275993347168,-73.48320007324219,,,,,donnees-quebec.ca/MSSS,f,08h00–20h00,08h00–16h00,08h00–16h00,08h00–16h00,non,non,Lun-ven 8h-20h. Sam-dim et fériés 8h-16h. Sur RV pour certains services.
QC,msss-clsc-longueuil-clsc-simonne-monet-chartrand,CLSC Simonne-Monet-Chartrand,sante,CLSC,Longueuil,450-466-5000,,"1303, boulevard Jacques-Cartier Est, Longueuil, QC J4M 2Y8",45.53609848022461,-73.45850372314453,,,,,donnees-quebec.ca/MSSS,f,08h00–20h00,08h00–16h00,08h00–16h00,08h00–16h00,non,non,Lun-ven 8h-20h. Sam-dim et fériés 8h-16h. Sur RV pour certains services.
QC,msss-chsld-longueuil-centre-d-hebergement-de-monseigneur-coderre,Centre D'Hébergement De Monseigneur-Coderre,sante,CHSLD,Longueuil,450-466-5000,,"2761, rue Beauvais, Longueuil, QC J4M 2A4",45.53549957275391,-73.45210266113281,,,,,donnees-quebec.ca/MSSS,f,08h00–16h00 (admin) | Soins 24h/24,Soins 24h/24 (admin fermé),Soins 24h/24 (admin fermé),Soins 24h/24 (admin fermé),oui,non,Milieu de vie 24h/24. Admin: lun-ven 8h-16h. Visites: 8h-21h30
QC,msss-chsld-longueuil-centre-d-hebergement-du-chevalier-de-levis,Centre D'Hébergement Du Chevalier-De Lévis,sante,CHSLD,Longueuil,450-466-5000,,"40, rue Lévis, Longueuil, QC J4H 1S5",45.538700103759766,-73.50260162353516,,,,,donnees-quebec.ca/MSSS,f,08h00–16h00 (admin) | Soins 24h/24,Soins 24h/24 (admin fermé),Soins 24h/24 (admin fermé),Soins 24h/24 (admin fermé),oui,non,Milieu de vie 24h/24. Admin: lun-ven 8h-16h. Visites: 8h-21h30
QC,msss-chsld-longueuil-centre-d-hebergement-du-manoir-trinite,Centre D'Hébergement Du Manoir-Trinité,sante,CHSLD,Longueuil,450-466-5000,,"1275, boulevard Jacques-Cartier Est, Longueuil, QC J4M 2Y8",45.535400390625,-73.45939636230469,,,,,donnees-quebec.ca/MSSS,f,08h00–16h00 (admin) | Soins 24h/24,Soins 24h/24 (admin fermé),Soins 24h/24 (admin fermé),Soins 24h/24 (admin fermé),oui,non,Milieu de vie 24h/24. Admin: lun-ven 8h-16h. Visites: 8h-21h30
QC,msss-chsld-longueuil-centre-d-hebergement-et-de-soins-de-longue-duree-vigi-de-mon,Centre D'Hébergement Et De Soins De Longue Durée Vigi De Montérégie,sante,CHSLD,Longueuil,450-466-5000,,"2042, boulevard Marie, Longueuil, QC J4T 2B4",45.49860000610352,-73.48139953613281,,,,,donnees-quebec.ca/MSSS,f,08h00–16h00 (admin) | Soins 24h/24,Soins 24h/24 (admin fermé),Soins 24h/24 (admin fermé),Soins 24h/24 (admin fermé),oui,non,Milieu de vie 24h/24. Admin: lun-ven 8h-16h. Visites: 8h-21h30
QC,msss-chsld-longueuil-centre-d-hebergement-rene-levesque,Centre D'Hébergement René-Lévesque,sante,CHSLD,Longueuil,450-466-5000,,"1901, rue Claude, Longueuil, QC J4G 1Y5",45.567501068115234,-73.47949981689453,,,,,donnees-quebec.ca/MSSS,f,08h00–16h00 (admin) | Soins 24h/24,Soins 24h/24 (admin fermé),Soins 24h/24 (admin fermé),Soins 24h/24 (admin fermé),oui,non,Milieu de vie 24h/24. Admin: lun-ven 8h-16h. Visites: 8h-21h30
QC,msss-hopital-longueuil-centre-de-services-ambulatoires-de-greenfield-park,Centre De Services Ambulatoires De Greenfield Park,sante,Hôpital,Longueuil,450-466-5000,,"5000, boulevard Taschereau, bureau 502, Longueuil, QC J4V 3M3",45.48189926147461,-73.4657974243164,,,,,donnees-quebec.ca/MSSS,f,00h00–24h00 (urgences) | 08h00–16h00 (admin),00h00–24h00 (urgences),00h00–24h00 (urgences),00h00–24h00 (urgences),oui,oui,Urgences 24h/24. Services ambulatoires sur rendez-vous: lun-ven 8h-16h
QC,msss-hopital-longueuil-centre-de-services-ambulatoires-de-la-rue-beauregard,Centre De Services Ambulatoires De La Rue Beauregard,sante,Hôpital,Longueuil,450-466-5000,,"1255, rue Beauregard, Longueuil, QC J4K 2M3",45.510501861572266,-73.48729705810547,,,,,donnees-quebec.ca/MSSS,f,00h00–24h00 (urgences) | 08h00–16h00 (admin),00h00–24h00 (urgences),00h00–24h00 (urgences),00h00–24h00 (urgences),oui,oui,Urgences 24h/24. Services ambulatoires sur rendez-vous: lun-ven 8h-16h
QC,msss-hopital-longueuil-centre-de-services-ambulatoires-en-sante-mentale-de-l-avenue,Centre De Services Ambulatoires En Santé Mentale De L'Avenue Victoria,sante,Hôpital,Longueuil,450-466-5000,,"1406, avenue Victoria, Longueuil, QC J4V 1M1",45.48989868164063,-73.49250030517578,,,,,donnees-quebec.ca/MSSS,f,00h00–24h00 (urgences) | 08h00–16h00 (admin),00h00–24h00 (urgences),00h00–24h00 (urgences),00h00–24h00 (urgences),oui,oui,Urgences 24h/24. Services ambulatoires sur rendez-vous: lun-ven 8h-16h
QC,msss-hopital-longueuil-centre-de-services-ambulatoires-en-sante-mentale-de-la-rue-l,Centre De Services Ambulatoires En Santé Mentale De La Rue Labonté,sante,Hôpital,Longueuil,450-466-5000,,"190, rue Labonté, Longueuil, QC J4H 2P7",45.53400039672852,-73.51129913330078,,,,,donnees-quebec.ca/MSSS,f,00h00–24h00 (urgences) | 08h00–16h00 (admin),00h00–24h00 (urgences),00h00–24h00 (urgences),00h00–24h00 (urgences),oui,oui,Urgences 24h/24. Services ambulatoires sur rendez-vous: lun-ven 8h-16h
QC,msss-hopital-longueuil-centre-de-services-ambulatoires-en-sante-mentale-de-longueui,Centre De Services Ambulatoires En Santé Mentale De Longueuil,sante,Hôpital,Longueuil,450-466-5000,,"1225, rue Saint-Charles Ouest, bureau 17, Longueuil, QC J4K 0B9",45.52270126342773,-73.52050018310547,,,,,donnees-quebec.ca/MSSS,f,00h00–24h00 (urgences) | 08h00–16h00 (admin),00h00–24h00 (urgences),00h00–24h00 (urgences),00h00–24h00 (urgences),oui,oui,Urgences 24h/24. Services ambulatoires sur rendez-vous: lun-ven 8h-16h
QC,msss-hopital-longueuil-centre-de-services-ambulatoires-en-sante-mentale-du-boulevar,Centre De Services Ambulatoires En Santé Mentale Du Boulevard Taschereau,sante,Hôpital,Longueuil,450-466-5000,,"2924, boulevard Taschereau, Longueuil, QC J4V 2G8",45.49990081787109,-73.48760223388672,,,,,donnees-quebec.ca/MSSS,f,00h00–24h00 (urgences) | 08h00–16h00 (admin),00h00–24h00 (urgences),00h00–24h00 (urgences),00h00–24h00 (urgences),oui,oui,Urgences 24h/24. Services ambulatoires sur rendez-vous: lun-ven 8h-16h
QC,msss-hopital-longueuil-centre-de-services-ambulatoires-et-institut-nazareth-et-loui,Centre De Services Ambulatoires Et Institut Nazareth Et Louis-Braille Saint-Charles Ouest,sante,Hôpital,Longueuil,450-466-5000,,"1111, rue Saint-Charles Ouest, Longueuil, QC J4K 5G4",45.52640151977539,-73.5197982788086,,,,,donnees-quebec.ca/MSSS,f,00h00–24h00 (urgences) | 08h00–16h00 (admin),00h00–24h00 (urgences),00h00–24h00 (urgences),00h00–24h00 (urgences),oui,oui,Urgences 24h/24. Services ambulatoires sur rendez-vous: lun-ven 8h-16h
QC,msss-clsc-longueuil-centre-de-services-ambulatoires-clsc-et-groupe-de-medecine-d,"Centre De Services Ambulatoires, CLSC Et Groupe De Médecine De Famille Universitaire De Saint-Hubert",sante,CLSC,Longueuil,450-466-5000,,"6800, boulevard Cousineau, Longueuil, QC J3Y 8Z4",45.492801666259766,-73.4032974243164,,,,,donnees-quebec.ca/MSSS,f,08h00–20h00,08h00–16h00,08h00–16h00,08h00–16h00,non,non,Lun-ven 8h-20h. Sam-dim et fériés 8h-16h. Sur RV pour certains services.
QC,msss-hopital-longueuil-hopital-charles-le-moyne,Hôpital Charles-Le Moyne,sante,Hôpital,Longueuil,450-466-5000,,"3120, boulevard Taschereau, Longueuil, QC J4V 2H1",45.49729919433594,-73.48639678955078,,,,,donnees-quebec.ca/MSSS,f,00h00–24h00 (urgences) | 08h00–16h00 (admin),00h00–24h00 (urgences),00h00–24h00 (urgences),00h00–24h00 (urgences),oui,oui,Urgences 24h/24. Services ambulatoires sur rendez-vous: lun-ven 8h-16h
QC,msss-clsc-longueuil-hopital-pierre-boucher,Hôpital Pierre-Boucher,sante,CLSC,Longueuil,450-466-5000,,"1333, boulevard Jacques-Cartier Est, Longueuil, QC J4M 2A5",45.53829956054688,-73.45880126953125,,,,,donnees-quebec.ca/MSSS,f,00h00–24h00 (urgences) | 08h00–16h00 (admin),00h00–24h00 (urgences),00h00–24h00 (urgences),00h00–24h00 (urgences),oui,oui,Urgences 24h/24. Services ambulatoires sur rendez-vous: lun-ven 8h-16h
QC,msss-chsld-longueuil-maison-des-aines-et-alternative-de-longueuil,Maison Des Aînés Et Alternative De Longueuil,sante,CHSLD,Longueuil,450-466-5000,,"1225, boulevard Jacques-Cartier Est, Longueuil, QC J4M 2Y8",45.5359992980957,-73.46009826660156,,,,,donnees-quebec.ca/MSSS,f,08h00–16h00 (admin) | Soins 24h/24,Soins 24h/24 (admin fermé),Soins 24h/24 (admin fermé),Soins 24h/24 (admin fermé),oui,non,Milieu de vie 24h/24. Admin: lun-ven 8h-16h. Visites: 8h-21h30
QC,msss-hopital-longueuil-pole-de-l-hopital-pierre-boucher-bellagio,Pôle De L'Hôpital Pierre-Boucher - Bellagio,sante,Hôpital,Longueuil,450-466-5000,,"1205, chemin du Tremblay, Longueuil, QC J4N 1R4",45.53730010986328,-73.46399688720703,,,,,donnees-quebec.ca/MSSS,f,00h00–24h00 (urgences) | 08h00–16h00 (admin),00h00–24h00 (urgences),00h00–24h00 (urgences),00h00–24h00 (urgences),oui,oui,Urgences 24h/24. Services ambulatoires sur rendez-vous: lun-ven 8h-16h
QC,h-omh-longueuil,Office municipal d'habitation de Longueuil,logement,Office municipal d'habitation,Longueuil,450-670-1278,https://omhl.ca,"300, rue Saint-Jean, Longueuil, QC J4H 2X4",,,,X,,,curated-housing-network,f,08h30–16h30,Fermé,Fermé,Fermé,non,non,Bureau lun-ven 8h30-16h30. Liste d'attente – inscription requise.
QC,centre911-longueuil,Centre 911 — Agglomération de Longueuil,soutienSocial,Centre 911,Longueuil,911,,,45.5313,-73.5185,X,,,,,f,00h00–24h00,00h00–24h00,00h00–24h00,00h00–24h00,oui,oui,"Service disponible 24h/24, 7j/7"
QC,saaq-longueuil,SAAQ — Bureau de Longueuil,soutienSocial,Services gouvernementaux,Longueuil,1-800-361-7620,,,45.5315,-73.5189,X,,,,,f,08h30–16h30,Fermé,Fermé,Fermé,non,non,Lun-ven 8h30-16h30. En ligne 24h/24 pour certains services.
QC,emp-cremauricie-louiseville,Coopérative de remplacement de la Mauricie – MRC de Maskinongé,emploi,Agence de placement,Louiseville,819-370-3660,https://cremauricie.com,"760, boulevard Saint-Laurent Est, Louiseville, QC J5V 1H9",,,,X,,,curated-mauricie,f,08h00–17h00,Variable,Fermé,Fermé,non,non,Lun-ven 8h-17h. Certaines agences ouvertes sam matin.
QC,emp-sit-mauricie-louiseville,SIT Mauricie – Service d'intégration au travail (Louiseville),emploi,Insertion socioprofessionnelle,Louiseville,819-228-5832,https://www.sitmauricie.com,"44, rue Saint-François-Xavier, Louiseville, QC J5V 2B7",,,,X,,,curated-mauricie,f,08h30–16h30,Fermé,Fermé,Fermé,non,non,Lun-ven 8h30-16h30. Sans RV ou sur RV selon service.
QC,msss-clsc-louiseville-centre-multiservices-de-sante-et-de-services-sociaux-avellin,Centre Multiservices De Santé Et De Services Sociaux Avellin-Dalcourt,sante,CLSC,Louiseville,819-228-2731,,"450, 2e Rue, Louiseville, QC J5V 1V3",46.25460052490234,-72.92900085449219,,,,,donnees-quebec.ca/MSSS,f,08h00–20h00,08h00–16h00,08h00–16h00,08h00–16h00,non,non,Lun-ven 8h-20h. Sam-dim et fériés 8h-16h. Sur RV pour certains services.
QC,msss-clsc-louiseville-centre-multiservices-de-sante-et-de-services-sociaux-comtois,Centre Multiservices De Santé Et De Services Sociaux Comtois,sante,CLSC,Louiseville,819-228-2731,,"41, boulevard Comtois, Louiseville, QC J5V 2H8",46.255001068115234,-72.95189666748047,,,,,donnees-quebec.ca/MSSS,f,08h00–20h00,08h00–16h00,08h00–16h00,08h00–16h00,non,non,Lun-ven 8h-20h. Sam-dim et fériés 8h-16h. Sur RV pour certains services.
QC,msss-clsc-low-clsc-de-low,CLSC De Low,sante,CLSC,Low,819-422-3744,,"334, route 105, Low, QC J0X 2C0",45.809200286865234,-75.94969940185547,,,,,donnees-quebec.ca/MSSS,f,08h00–20h00,08h00–16h00,08h00–16h00,08h00–16h00,non,non,Lun-ven 8h-20h. Sam-dim et fériés 8h-16h. Sur RV pour certains services.
QC,msss-chsld-lyster-centre-d-hebergement-de-lyster,Centre D'Hébergement De Lyster,sante,CHSLD,Lyster,819-389-5671,,"2180, rue Bécancour, Lyster, QC G0S 1V0",46.37070083618164,-71.62049865722656,,,,,donnees-quebec.ca/MSSS,f,08h00–16h00 (admin) | Soins 24h/24,Soins 24h/24 (admin fermé),Soins 24h/24 (admin fermé),Soins 24h/24 (admin fermé),oui,non,Milieu de vie 24h/24. Admin: lun-ven 8h-16h. Visites: 8h-21h30
QC,msss-hopital-levis-chsld-et-hopital-paul-gilbert,CHSLD Et Hôpital Paul-Gilbert,sante,Hôpital,Lévis,418-380-8993,,"9330, boulevard du Centre-Hospitalier, Lévis, QC G6X 1L6",46.725399017333984,-71.2593994140625,,,,,donnees-quebec.ca/MSSS,f,08h00–16h00 (admin) | Soins 24h/24,Soins 24h/24 (admin fermé),Soins 24h/24 (admin fermé),Soins 24h/24 (admin fermé),oui,non,Milieu de vie 24h/24. Admin: lun-ven 8h-16h. Visites: 8h-21h30
QC,msss-clsc-levis-clsc-de-saint-romuald,CLSC De Saint-Romuald,sante,CLSC,Lévis,418-380-8993,,"200-1205, boulevard Guillaume-Couture, Lévis, QC G6W 0J6",46.73540115356445,-71.26349639892578,,,,,donnees-quebec.ca/MSSS,f,08h00–20h00,08h00–16h00,08h00–16h00,08h00–16h00,non,non,Lun-ven 8h-20h. Sam-dim et fériés 8h-16h. Sur RV pour certains services.
QC,msss-chsld-levis-centre-d-accueil-saint-joseph-de-levis,Centre D'Accueil Saint-Joseph De Lévis,sante,CHSLD,Lévis,418-380-8993,,"5445, rue Saint-Louis, Lévis, QC G6V 4G9",46.79909896850586,-71.1886978149414,,,,,donnees-quebec.ca/MSSS,f,08h00–16h00 (admin) | Soins 24h/24,Soins 24h/24 (admin fermé),Soins 24h/24 (admin fermé),Soins 24h/24 (admin fermé),oui,non,Milieu de vie 24h/24. Admin: lun-ven 8h-16h. Visites: 8h-21h30
QC,msss-chsld-levis-centre-d-hebergement-champlain-chanoine-audet,Centre D'Hébergement Champlain - Chanoine-Audet,sante,CHSLD,Lévis,418-380-8993,,"2155, chemin du Sault, Lévis, QC G6W 2K7",46.75529861450195,-71.23770141601562,,,,,donnees-quebec.ca/MSSS,f,08h00–16h00 (admin) | Soins 24h/24,Soins 24h/24 (admin fermé),Soins 24h/24 (admin fermé),Soins 24h/24 (admin fermé),oui,non,Milieu de vie 24h/24. Admin: lun-ven 8h-16h. Visites: 8h-21h30
QC,msss-hopital-levis-centre-de-services-ambulatoires-de-chaudiere-appalaches,Centre De Services Ambulatoires De Chaudière-Appalaches,sante,Hôpital,Lévis,418-380-8993,,"950, rue de la Concorde, Lévis, QC G6W 8A8",46.72710037231445,-71.27239990234375,,,,,donnees-quebec.ca/MSSS,f,00h00–24h00 (urgences) | 08h00–16h00 (admin),00h00–24h00 (urgences),00h00–24h00 (urgences),00h00–24h00 (urgences),oui,oui,Urgences 24h/24. Services ambulatoires sur rendez-vous: lun-ven 8h-16h
QC,msss-hopital-levis-centre-de-services-ambulatoires-de-levis,Centre De Services Ambulatoires De Lévis,sante,Hôpital,Lévis,418-380-8993,,"106, rue Jean-XXIII, Lévis, QC G6V 2K1",46.81570053100586,-71.17489624023438,,,,,donnees-quebec.ca/MSSS,f,00h00–24h00 (urgences) | 08h00–16h00 (admin),00h00–24h00 (urgences),00h00–24h00 (urgences),00h00–24h00 (urgences),oui,oui,Urgences 24h/24. Services ambulatoires sur rendez-vous: lun-ven 8h-16h
QC,msss-hopital-levis-centre-de-services-ambulatoires-en-pedopsychiatrie-de-levis,Centre De Services Ambulatoires En Pédopsychiatrie De Lévis,sante,Hôpital,Lévis,418-380-8993,,"6550, rue Saint-Georges, Lévis, QC G6V 6X2",46.8129997253418,-71.17369842529297,,,,,donnees-quebec.ca/MSSS,f,00h00–24h00 (urgences) | 08h00–16h00 (admin),00h00–24h00 (urgences),00h00–24h00 (urgences),00h00–24h00 (urgences),oui,oui,Urgences 24h/24. Services ambulatoires sur rendez-vous: lun-ven 8h-16h
QC,msss-hopital-levis-centre-de-services-ambulatoires-en-sante-mentale-de-levis,Centre De Services Ambulatoires En Santé Mentale De Lévis,sante,Hôpital,Lévis,418-380-8993,,"101, rue Saint-Dominique, Lévis, QC G6V 2M8",46.8213005065918,-71.1791000366211,,,,,donnees-quebec.ca/MSSS,f,00h00–24h00 (urgences) | 08h00–16h00 (admin),00h00–24h00 (urgences),00h00–24h00 (urgences),00h00–24h00 (urgences),oui,oui,Urgences 24h/24. Services ambulatoires sur rendez-vous: lun-ven 8h-16h
QC,msss-chsld-levis-centre-de-services-externes-pour-les-aines-de-saint-romuald,Centre De Services Externes Pour Les Aînés De Saint-Romuald,sante,CHSLD,Lévis,418-380-8993,,"2157, chemin du Sault, Lévis, QC G6W 2K7",46.75529861450195,-71.23770141601562,,,,,donnees-quebec.ca/MSSS,f,08h00–16h00 (admin) | Soins 24h/24,Soins 24h/24 (admin fermé),Soins 24h/24 (admin fermé),Soins 24h/24 (admin fermé),oui,non,Milieu de vie 24h/24. Admin: lun-ven 8h-16h. Visites: 8h-21h30
QC,msss-clsc-levis-centre-multiservices-de-sante-et-de-services-sociaux-de-levi,Centre Multiservices De Santé Et De Services Sociaux De Lévis,sante,CLSC,Lévis,418-380-8993,,"99, rue du Mont-Marie, Lévis, QC G6V 0M4",46.81340026855469,-71.17669677734375,,,,,donnees-quebec.ca/MSSS,f,08h00–20h00,08h00–16h00,08h00–16h00,08h00–16h00,non,non,Lun-ven 8h-20h. Sam-dim et fériés 8h-16h. Sur RV pour certains services.
QC,msss-clsc-levis-centre-multiservices-de-sante-et-de-services-sociaux-monseig,Centre Multiservices De Santé Et De Services Sociaux Monseigneur-Bourget,sante,CLSC,Lévis,418-380-8993,,"100, rue Monseigneur-Bourget, Lévis, QC G6V 2Y9",46.81769943237305,-71.15689849853516,,,,,donnees-quebec.ca/MSSS,f,08h00–20h00,08h00–16h00,08h00–16h00,08h00–16h00,non,non,Lun-ven 8h-20h. Sam-dim et fériés 8h-16h. Sur RV pour certains services.
QC,msss-hopital-levis-groupe-de-medecine-de-famille-universitaire-de-levis,Groupe De Médecine De Famille Universitaire De Lévis,sante,Hôpital,Lévis,418-380-8993,,"100-1205, boulevard Guillaume-Couture, Lévis, QC G6W 0J4",46.73540115356445,-71.26349639892578,,,,,donnees-quebec.ca/MSSS,f,00h00–24h00 (urgences) | 08h00–16h00 (admin),00h00–24h00 (urgences),00h00–24h00 (urgences),00h00–24h00 (urgences),oui,oui,Urgences 24h/24. Services ambulatoires sur rendez-vous: lun-ven 8h-16h
QC,msss-hopital-levis-hotel-dieu-de-levis,Hôtel-Dieu De Lévis,sante,Hôpital,Lévis,418-380-8993,,"143, rue Wolfe, Lévis, QC G6V 3Z1",46.81499862670898,-71.17729949951172,,,,,donnees-quebec.ca/MSSS,f,00h00–24h00 (urgences) | 08h00–16h00 (admin),00h00–24h00 (urgences),00h00–24h00 (urgences),00h00–24h00 (urgences),oui,oui,Urgences 24h/24. Services ambulatoires sur rendez-vous: lun-ven 8h-16h
QC,msss-clsc-levis-maison-de-naissance-mimosa,Maison De Naissance Mimosa,sante,CLSC,Lévis,418-380-8993,,"182, rue de Saint-Romuald, Lévis, QC G6W 3G9",46.75579833984375,-71.23789978027344,,,,,donnees-quebec.ca/MSSS,f,08h00–20h00,08h00–16h00,08h00–16h00,08h00–16h00,non,non,Lun-ven 8h-20h. Sam-dim et fériés 8h-16h. Sur RV pour certains services.
QC,msss-chsld-levis-maison-des-aines-et-alternative-de-saint-etienne-de-lauzon,Maison Des Aînés Et Alternative De Saint-Étienne-De-Lauzon,sante,CHSLD,Lévis,418-380-8993,,"540, avenue Albert-Rousseau, Lévis, QC G6J 2C7",46.65869903564453,-71.30390167236328,,,,,donnees-quebec.ca/MSSS,f,08h00–16h00 (admin) | Soins 24h/24,Soins 24h/24 (admin fermé),Soins 24h/24 (admin fermé),Soins 24h/24 (admin fermé),oui,non,Milieu de vie 24h/24. Admin: lun-ven 8h-16h. Visites: 8h-21h30
QC,msss-chsld-levis-pavillon-bellevue,Pavillon Bellevue,sante,CHSLD,Lévis,418-380-8993,,"99, rue Monseigneur-Bourget, Lévis, QC G6V 9V2",46.81909942626953,-71.15670013427734,,,,,donnees-quebec.ca/MSSS,f,08h00–16h00 (admin) | Soins 24h/24,Soins 24h/24 (admin fermé),Soins 24h/24 (admin fermé),Soins 24h/24 (admin fermé),oui,non,Milieu de vie 24h/24. Admin: lun-ven 8h-16h. Visites: 8h-21h30
QC,h-omh-levis,Office municipal d'habitation de Lévis,logement,Office municipal d'habitation,Lévis,418-833-1531,https://omhlevis.com,"1700, av. Taniata, Lévis, QC G6Z 0G3",,,,X,,,curated-housing-network,f,08h30–16h30,Fermé,Fermé,Fermé,non,non,Bureau lun-ven 8h30-16h30. Liste d'attente – inscription requise.
QC,mh-cps-cdq,Centre de prévention du suicide les Deux-Rives,santemental,Centre de prévention du suicide,Lévis,1-866-277-3553,https://cps2rives.ca,,,,X,X,,,curated-mh-network,f,00h00–24h00,00h00–24h00,00h00–24h00,00h00–24h00,oui,oui,"Service disponible 24h/24, 7j/7"
QC,centre911-levis,Centre 911 de Lévis — Chaudière-Appalaches,soutienSocial,Centre 911,Lévis,911,,,46.8036,-71.1759,X,,,,,f,00h00–24h00,00h00–24h00,00h00–24h00,00h00–24h00,oui,oui,"Service disponible 24h/24, 7j/7"
QC,msss-clsc-macamic-centre-multiservices-de-sante-et-de-services-sociaux-de-maca,Centre Multiservices De Santé Et De Services Sociaux De Macamic,sante,CLSC,Macamic,819-782-2222,,"169, 7e Avenue Est, Macamic, QC J0Z 2S0",48.75699996948242,-78.98539733886719,,,,,donnees-quebec.ca/MSSS,f,08h00–20h00,08h00–16h00,08h00–16h00,08h00–16h00,non,non,Lun-ven 8h-20h. Sam-dim et fériés 8h-16h. Sur RV pour certains services.
QC,msss-clsc-magog-clsc-de-magog,CLSC De Magog,sante,CLSC,Magog,819-843-2572,,"200-1700, rue Sherbrooke, Magog, QC J1X 5B4",45.276100158691406,-72.13040161132812,,,,,donnees-quebec.ca/MSSS,f,08h00–20h00,08h00–16h00,08h00–16h00,08h00–16h00,non,non,Lun-ven 8h-20h. Sam-dim et fériés 8h-16h. Sur RV pour certains services.
QC,msss-clsc-magog-centre-multiservices-de-sante-et-de-services-sociaux-de-memp,Centre Multiservices De Santé Et De Services Sociaux De Memphrémagog,sante,CLSC,Magog,819-843-2572,,"50, rue Saint-Patrice Est, Magog, QC J1X 3X3",45.265098571777344,-72.14510345458984,,,,,donnees-quebec.ca/MSSS,f,08h00–20h00,08h00–16h00,08h00–16h00,08h00–16h00,non,non,Lun-ven 8h-20h. Sam-dim et fériés 8h-16h. Sur RV pour certains services.
QC,msss-chsld-magog-maison-des-aines-et-alternative-de-magog,Maison Des Aînés Et Alternative De Magog,sante,CHSLD,Magog,819-843-2572,,"15, chemin Southière, Magog, QC J1X 0P1",45.27859878540039,-72.18119812011719,,,,,donnees-quebec.ca/MSSS,f,08h00–16h00 (admin) | Soins 24h/24,Soins 24h/24 (admin fermé),Soins 24h/24 (admin fermé),Soins 24h/24 (admin fermé),oui,non,Milieu de vie 24h/24. Admin: lun-ven 8h-16h. Visites: 8h-21h30
QC,msss-chsld-malartic-chsld-de-malartic,CHSLD De Malartic,sante,CHSLD,Malartic,819-757-6205,,"987, rue des Pins, Malartic, QC J0Y 1Z0",48.14189910888672,-78.12889862060547,,,,,donnees-quebec.ca/MSSS,f,08h00–16h00 (admin) | Soins 24h/24,Soins 24h/24 (admin fermé),Soins 24h/24 (admin fermé),Soins 24h/24 (admin fermé),oui,non,Milieu de vie 24h/24. Admin: lun-ven 8h-16h. Visites: 8h-21h30
QC,msss-clsc-malartic-hopital-en-sante-mentale-et-clsc-de-malartic,Hôpital En Santé Mentale Et CLSC De Malartic,sante,CLSC,Malartic,819-757-6205,,"1141, rue Royale, Malartic, QC J0Y 1Z0",48.14149856567383,-78.12840270996094,,,,,donnees-quebec.ca/MSSS,f,00h00–24h00 (urgences) | 08h00–16h00 (admin),00h00–24h00 (urgences),00h00–24h00 (urgences),00h00–24h00 (urgences),oui,oui,Urgences 24h/24. Services ambulatoires sur rendez-vous: lun-ven 8h-16h
QC,msss-clsc-maniwaki-clsc-de-maniwaki,CLSC De Maniwaki,sante,CLSC,Maniwaki,819-449-4690,,"149, rue Principale Nord, Maniwaki, QC J9E 2B7",46.3838996887207,-75.9845962524414,,,,,donnees-quebec.ca/MSSS,f,08h00–20h00,08h00–16h00,08h00–16h00,08h00–16h00,non,non,Lun-ven 8h-20h. Sam-dim et fériés 8h-16h. Sur RV pour certains services.
QC,msss-hopital-maniwaki-hopital-de-maniwaki,Hôpital De Maniwaki,sante,Hôpital,Maniwaki,819-449-4690,,"309, boulevard Desjardins, Maniwaki, QC J9E 2E7",46.390899658203125,-75.97940063476562,,,,,donnees-quebec.ca/MSSS,f,00h00–24h00 (urgences) | 08h00–16h00 (admin),00h00–24h00 (urgences),00h00–24h00 (urgences),00h00–24h00 (urgences),oui,oui,Urgences 24h/24. Services ambulatoires sur rendez-vous: lun-ven 8h-16h
QC,msss-chsld-maniwaki-maison-des-aines-et-alternative-de-maniwaki,Maison Des Aînés Et Alternative De Maniwaki,sante,CHSLD,Maniwaki,819-449-4690,,"321, boulevard Desjardins, Maniwaki, QC J9E 2E6",46.39120101928711,-75.97720336914062,,,,,donnees-quebec.ca/MSSS,f,08h00–16h00 (admin) | Soins 24h/24,Soins 24h/24 (admin fermé),Soins 24h/24 (admin fermé),Soins 24h/24 (admin fermé),oui,non,Milieu de vie 24h/24. Admin: lun-ven 8h-16h. Visites: 8h-21h30
QC,msss-chsld-mansfield-et-pontefract-centre-d-hebergement-de-mansfield-et-pontefract,Centre D'Hébergement De Mansfield-Et-Pontefract,sante,CHSLD,Mansfield-et-Pontefract,819-683-3000,,"230, chemin de la Chute, Mansfield-et-Pontefract, QC J0X 1R0",45.85390090942383,-76.7219009399414,,,,,donnees-quebec.ca/MSSS,f,08h00–16h00 (admin) | Soins 24h/24,Soins 24h/24 (admin fermé),Soins 24h/24 (admin fermé),Soins 24h/24 (admin fermé),oui,non,Milieu de vie 24h/24. Admin: lun-ven 8h-16h. Visites: 8h-21h30
QC,msss-clsc-mansfield-et-pontefract-centre-multiservices-de-sante-et-de-services-sociaux-de-mans,Centre Multiservices De Santé Et De Services Sociaux De Mansfield-Et-Pontefract,sante,CLSC,Mansfield-et-Pontefract,819-683-3000,,"160, Chemin de la Chute, Mansfield-et-Pontefract, QC J0X 1R0",45.84749984741211,-76.72969818115234,,,,,donnees-quebec.ca/MSSS,f,08h00–20h00,08h00–16h00,08h00–16h00,08h00–16h00,non,non,Lun-ven 8h-20h. Sam-dim et fériés 8h-16h. Sur RV pour certains services.
QC,baq-moisson-gaspesie,Moisson Gaspésie–Les Îles,alimentation,Banque alimentaire régionale,Maria,418-759-3300,https://moissongaspesielesiles.com,"475, boul. Perron Ouest, Maria, QC G0C 1Y0",,,,X,,,curated-baq-network,f,09h00–16h00,09h00–13h00,Fermé,Fermé,non,non,"Lun-ven 9h-16h, sam 9h-13h. Horaires varient selon point de distribution."
QC,msss-chsld-maria-centre-d-hebergement-et-de-readaptation-de-maria,Centre D'Hébergement Et De Réadaptation De Maria,sante,CHSLD,Maria,418-759-3443,,"491, boulevard Perron, Maria, QC G0C 1Y0",48.17359924316406,-65.98580169677734,,,,,donnees-quebec.ca/MSSS,f,08h00–16h00 (admin) | Soins 24h/24,Soins 24h/24 (admin fermé),Soins 24h/24 (admin fermé),Soins 24h/24 (admin fermé),oui,non,Milieu de vie 24h/24. Admin: lun-ven 8h-16h. Visites: 8h-21h30
QC,msss-hopital-maria-hopital-et-groupe-de-medecine-de-famille-universitaire-de-ma,Hôpital Et Groupe De Médecine De Famille Universitaire De Maria,sante,Hôpital,Maria,418-759-3443,,"419, boulevard Perron, Maria, QC G0C 1Y0",48.1692008972168,-65.99349975585938,,,,,donnees-quebec.ca/MSSS,f,00h00–24h00 (urgences) | 08h00–16h00 (admin),00h00–24h00 (urgences),00h00–24h00 (urgences),00h00–24h00 (urgences),oui,oui,Urgences 24h/24. Services ambulatoires sur rendez-vous: lun-ven 8h-16h
QC,msss-chsld-marieville-chsld-sainte-croix,CHSLD Sainte-Croix,sante,CHSLD,Marieville,450-375-8000,,"300, rue du Docteur-Poulin, Marieville, QC J3M 1L7",45.43519973754883,-73.1593017578125,,,,,donnees-quebec.ca/MSSS,f,08h00–16h00 (admin) | Soins 24h/24,Soins 24h/24 (admin fermé),Soins 24h/24 (admin fermé),Soins 24h/24 (admin fermé),oui,non,Milieu de vie 24h/24. Admin: lun-ven 8h-16h. Visites: 8h-21h30
QC,msss-clsc-marsoui-clsc-de-marsoui,CLSC De Marsoui,sante,CLSC,Marsoui,418-288-5521,,"8, rue Principale Est, Marsoui, QC G0E 1S0",49.21500015258789,-66.06700134277344,,,,,donnees-quebec.ca/MSSS,f,08h00–20h00,08h00–16h00,08h00–16h00,08h00–16h00,non,non,Lun-ven 8h-20h. Sam-dim et fériés 8h-16h. Sur RV pour certains services.
QC,msss-chsld-mascouche-centre-d-hebergement-et-de-soins-de-longue-duree-vigi-yves-b,Centre D'Hébergement Et De Soins De Longue Durée Vigi Yves-Blais,sante,CHSLD,Mascouche,450-759-8222,,"2893, avenue des Ancêtres, Mascouche, QC J7K 1X6",45.74509811401367,-73.60569763183594,,,,,donnees-quebec.ca/MSSS,f,08h00–16h00 (admin) | Soins 24h/24,Soins 24h/24 (admin fermé),Soins 24h/24 (admin fermé),Soins 24h/24 (admin fermé),oui,non,Milieu de vie 24h/24. Admin: lun-ven 8h-16h. Visites: 8h-21h30
QC,msss-chsld-mascouche-maison-des-aines-de-mascouche,Maison Des Aînés De Mascouche,sante,CHSLD,Mascouche,450-759-8222,,"1500, rue Prudent-Beaudry, Mascouche, QC J7K 0Z4",45.72529983520508,-73.61470031738281,,,,,donnees-quebec.ca/MSSS,f,08h00–16h00 (admin) | Soins 24h/24,Soins 24h/24 (admin fermé),Soins 24h/24 (admin fermé),Soins 24h/24 (admin fermé),oui,non,Milieu de vie 24h/24. Admin: lun-ven 8h-16h. Visites: 8h-21h30
QC,msss-chsld-mashteuiatsh-centre-tshishemishk,Centre Tshishemishk,sante,CHSLD,Mashteuiatsh,418-275-5386,,"1823, rue Amishk, Mashteuiatsh, QC G0W 2H0",48.5801010131836,-72.2332992553711,,,,,donnees-quebec.ca/MSSS,f,08h00–16h00 (admin) | Soins 24h/24,Soins 24h/24 (admin fermé),Soins 24h/24 (admin fermé),Soins 24h/24 (admin fermé),oui,non,Milieu de vie 24h/24. Admin: lun-ven 8h-16h. Visites: 8h-21h30
QC,msss-clsc-matagami-centre-de-sante-isle-dieu,Centre De Santé Isle-Dieu,sante,CLSC,Matagami,819-739-2515,,"130, boulevard  Matagami, Matagami, QC J0Y 2A0",49.75680160522461,-77.62830352783203,,,,,donnees-quebec.ca/MSSS,f,08h00–20h00,08h00–16h00,08h00–16h00,08h00–16h00,non,non,Lun-ven 8h-20h. Sam-dim et fériés 8h-16h. Sur RV pour certains services.
QC,msss-clsc-matane-clsc-de-matane,CLSC De Matane,sante,CLSC,Matane,418-562-3135,,"349, avenue Saint-Jérôme, Édifice Bon-Pa, Matane, QC G4W 3A8",48.84600067138672,-67.52999877929688,,,,,donnees-quebec.ca/MSSS,f,08h00–20h00,08h00–16h00,08h00–16h00,08h00–16h00,non,non,Lun-ven 8h-20h. Sam-dim et fériés 8h-16h. Sur RV pour certains services.
QC,msss-chsld-matane-centre-d-hebergement-de-matane,Centre D'Hébergement De Matane,sante,CHSLD,Matane,418-562-3135,,"150, avenue Saint-Jérôme, Matane, QC G4W 3A2",48.84090042114258,-67.53199768066406,,,,,donnees-quebec.ca/MSSS,f,08h00–16h00 (admin) | Soins 24h/24,Soins 24h/24 (admin fermé),Soins 24h/24 (admin fermé),Soins 24h/24 (admin fermé),oui,non,Milieu de vie 24h/24. Admin: lun-ven 8h-16h. Visites: 8h-21h30
QC,msss-hopital-matane-hopital-de-matane,Hôpital De Matane,sante,Hôpital,Matane,418-562-3135,,"333, rue Thibault, Matane, QC G4W 2W5",48.84360122680664,-67.52439880371094,,,,,donnees-quebec.ca/MSSS,f,00h00–24h00 (urgences) | 08h00–16h00 (admin),00h00–24h00 (urgences),00h00–24h00 (urgences),00h00–24h00 (urgences),oui,oui,Urgences 24h/24. Services ambulatoires sur rendez-vous: lun-ven 8h-16h
QC,msss-clsc-matapedia-centre-multiservices-de-sante-et-de-services-sociaux-malauze,Centre Multiservices De Santé Et De Services Sociaux Malauze,sante,CLSC,Matapédia,418-865-2221,,"14, boulevard Perron, Matapédia, QC G0J 1V0",47.97790145874024,-66.93669891357422,,,,,donnees-quebec.ca/MSSS,f,08h00–20h00,08h00–16h00,08h00–16h00,08h00–16h00,non,non,Lun-ven 8h-20h. Sam-dim et fériés 8h-16h. Sur RV pour certains services.
QC,msss-clsc-mirabel-clsc-de-mirabel,CLSC De Mirabel,sante,CLSC,Mirabel,450-432-2777,,"8467, rue Saint-Jacques, Mirabel, QC J7N 2A3",45.6338005065918,-73.98300170898438,,,,,donnees-quebec.ca/MSSS,f,08h00–20h00,08h00–16h00,08h00–16h00,08h00–16h00,non,non,Lun-ven 8h-20h. Sam-dim et fériés 8h-16h. Sur RV pour certains services.
QC,msss-chsld-mirabel-centre-d-hebergement-de-saint-benoit,Centre D'Hébergement De Saint-Benoît,sante,CHSLD,Mirabel,450-432-2777,,"9100, rue Dumouchel, Mirabel, QC J7N 5A1",45.56520080566406,-74.0969009399414,,,,,donnees-quebec.ca/MSSS,f,08h00–16h00 (admin) | Soins 24h/24,Soins 24h/24 (admin fermé),Soins 24h/24 (admin fermé),Soins 24h/24 (admin fermé),oui,non,Milieu de vie 24h/24. Admin: lun-ven 8h-16h. Visites: 8h-21h30
QC,msss-chsld-mirabel-maison-des-aines-de-saint-canut,Maison Des Aînés De Saint-Canut,sante,CHSLD,Mirabel,450-432-2777,,"9525, rue Magloire-Lavallée, Mirabel, QC J7N 3C7",45.69889831542969,-74.09459686279297,,,,,donnees-quebec.ca/MSSS,f,08h00–16h00 (admin) | Soins 24h/24,Soins 24h/24 (admin fermé),Soins 24h/24 (admin fermé),Soins 24h/24 (admin fermé),oui,non,Milieu de vie 24h/24. Admin: lun-ven 8h-16h. Visites: 8h-21h30
QC,msss-clsc-mistissini-cmc-mistissini,Cmc Mistissini,sante,CLSC,Mistissini,418-923-3376,,"302, rue Queen, Mistissini, QC G0W 1C0",50.41329956054688,-73.86589813232422,,,,,donnees-quebec.ca/MSSS,f,08h00–20h00,08h00–16h00,08h00–16h00,08h00–16h00,non,non,Lun-ven 8h-20h. Sam-dim et fériés 8h-16h. Sur RV pour certains services.
QC,msss-clsc-mistissini-msdc-mistissini,Msdc Mistissini,sante,CLSC,Mistissini,418-923-3376,,"304, rue Queen, Mistissini, QC G0W 1C0",50.41270065307617,-73.86620330810547,,,,,donnees-quebec.ca/MSSS,f,08h00–20h00,08h00–16h00,08h00–16h00,08h00–16h00,non,non,Lun-ven 8h-20h. Sam-dim et fériés 8h-16h. Sur RV pour certains services.
QC,msss-clsc-moffet-clsc-de-moffet,CLSC De Moffet,sante,CLSC,Moffet,819-747-2632,,"14-A, rue Principale, Moffet, QC J0Z 2W0",47.54330062866211,-78.9520034790039,,,,,donnees-quebec.ca/MSSS,f,08h00–20h00,08h00–16h00,08h00–16h00,08h00–16h00,non,non,Lun-ven 8h-20h. Sam-dim et fériés 8h-16h. Sur RV pour certains services.
QC,baq-moisson-mitis,Moisson Mitis,alimentation,Banque alimentaire régionale,Mont-Joli,418-775-4144,https://moissonmitis.org,"39, av. Ross, Mont-Joli, QC G5H 1T2",,,,X,,,curated-baq-network,f,09h00–16h00,09h00–13h00,Fermé,Fermé,non,non,"Lun-ven 9h-16h, sam 9h-13h. Horaires varient selon point de distribution."
QC,msss-clsc-mont-joli-aire-ouverte-de-mont-joli,Aire Ouverte De Mont-Joli,sante,CLSC,Mont-Joli,418-775-7261,,"19, avenue Lebel, Mont-Joli, QC G5H 1K3",48.5890998840332,-68.19419860839844,,,,,donnees-quebec.ca/MSSS,f,08h00–20h00,08h00–16h00,08h00–16h00,08h00–16h00,non,non,Lun-ven 8h-20h. Sam-dim et fériés 8h-16h. Sur RV pour certains services.
QC,msss-clsc-mont-joli-centre-de-sante-et-de-services-sociaux-de-la-mitis,Centre De Santé Et De Services Sociaux De La Mitis,sante,CLSC,Mont-Joli,418-775-7261,,"800, avenue du Sanatorium, Mont-Joli, QC G5H 3L6",48.5723991394043,-68.21620178222656,,,,,donnees-quebec.ca/MSSS,f,08h00–20h00,08h00–16h00,08h00–16h00,08h00–16h00,non,non,Lun-ven 8h-20h. Sam-dim et fériés 8h-16h. Sur RV pour certains services.
QC,msss-clsc-mont-joli-maison-de-naissance-colette-julien,Maison De Naissance Colette-Julien,sante,CLSC,Mont-Joli,418-775-7261,,"40, avenue Saint-Paul, Mont-Joli, QC G5H 1B9",48.59310150146485,-68.19740295410156,,,,,donnees-quebec.ca/MSSS,f,08h00–20h00,08h00–16h00,08h00–16h00,08h00–16h00,non,non,Lun-ven 8h-20h. Sam-dim et fériés 8h-16h. Sur RV pour certains services.
QC,msss-clsc-mont-laurier-clsc-de-mont-laurier,CLSC De Mont-Laurier,sante,CLSC,Mont-Laurier,819-623-1234,,"767, rue de la Madone, Mont-Laurier, QC J9L 1T3",46.55670166015625,-75.49449920654297,,,,,donnees-quebec.ca/MSSS,f,08h00–20h00,08h00–16h00,08h00–16h00,08h00–16h00,non,non,Lun-ven 8h-20h. Sam-dim et fériés 8h-16h. Sur RV pour certains services.
QC,msss-hopital-mont-laurier-centre-de-services-ambulatoires-de-mont-laurier,Centre De Services Ambulatoires De Mont-Laurier,sante,Hôpital,Mont-Laurier,819-623-1234,,"942, boulevard Albiny-Paquette, Mont-Laurier, QC J9L 1L4",46.55059814453125,-75.48699951171875,,,,,donnees-quebec.ca/MSSS,f,00h00–24h00 (urgences) | 08h00–16h00 (admin),00h00–24h00 (urgences),00h00–24h00 (urgences),00h00–24h00 (urgences),oui,oui,Urgences 24h/24. Services ambulatoires sur rendez-vous: lun-ven 8h-16h
QC,msss-clsc-mont-laurier-centre-multiservices-de-sante-et-de-services-sociaux-de-mont,Centre Multiservices De Santé Et De Services Sociaux De Mont-Laurier,sante,CLSC,Mont-Laurier,819-623-1234,,"757, rue de la Madone, Mont-Laurier, QC J9L 1T3",46.556400299072266,-75.49490356445312,,,,,donnees-quebec.ca/MSSS,f,08h00–20h00,08h00–16h00,08h00–16h00,08h00–16h00,non,non,Lun-ven 8h-20h. Sam-dim et fériés 8h-16h. Sur RV pour certains services.
QC,msss-chsld-mont-laurier-centre-multiservices-de-sante-et-de-services-sociaux-sainte-,Centre Multiservices De Santé Et De Services Sociaux Sainte-Anne,sante,CHSLD,Mont-Laurier,819-623-1234,,"411, rue de la Madone, Mont-Laurier, QC J9L 1S1",46.551700592041016,-75.50189971923828,,,,,donnees-quebec.ca/MSSS,f,08h00–16h00 (admin) | Soins 24h/24,Soins 24h/24 (admin fermé),Soins 24h/24 (admin fermé),Soins 24h/24 (admin fermé),oui,non,Milieu de vie 24h/24. Admin: lun-ven 8h-16h. Visites: 8h-21h30
QC,msss-hopital-mont-laurier-hopital-de-mont-laurier,Hôpital De Mont-Laurier,sante,Hôpital,Mont-Laurier,819-623-1234,,"2561, chemin de la Lièvre Sud, Mont-Laurier, QC J9L 3G3",46.549198150634766,-75.5177001953125,,,,,donnees-quebec.ca/MSSS,f,00h00–24h00 (urgences) | 08h00–16h00 (admin),00h00–24h00 (urgences),00h00–24h00 (urgences),00h00–24h00 (urgences),oui,oui,Urgences 24h/24. Services ambulatoires sur rendez-vous: lun-ven 8h-16h
QC,msss-chsld-mont-royal-centre-d-hebergement-et-de-soins-de-longue-duree-vigi-de-mon,Centre D'Hébergement Et De Soins De Longue Durée Vigi De Mont-Royal,sante,CHSLD,Mont-Royal,514-340-8222,,"275, avenue Brittany, Mont-Royal, QC H3P 3C2",45.525001525878906,-73.6510009765625,,,,,donnees-quebec.ca/MSSS,f,08h00–16h00 (admin) | Soins 24h/24,Soins 24h/24 (admin fermé),Soins 24h/24 (admin fermé),Soins 24h/24 (admin fermé),oui,non,Milieu de vie 24h/24. Admin: lun-ven 8h-16h. Visites: 8h-21h30
QC,msss-clsc-mont-tremblant-clsc-de-mont-tremblant,CLSC De Mont-Tremblant,sante,CLSC,Mont-Tremblant,819-623-1234,,"635, rue Léonard, Mont-Tremblant, QC J8E 3H9",46.11539840698242,-74.59539794921875,,,,,donnees-quebec.ca/MSSS,f,08h00–20h00,08h00–16h00,08h00–16h00,08h00–16h00,non,non,Lun-ven 8h-20h. Sam-dim et fériés 8h-16h. Sur RV pour certains services.
QC,msss-chsld-mont-tremblant-centre-d-hebergement-de-mont-tremblant,Centre D'Hébergement De Mont-Tremblant,sante,CHSLD,Mont-Tremblant,819-623-1234,,"925, rue de Saint-Jovite, Mont-Tremblant, QC J8E 3J8",46.11790084838867,-74.59380340576172,,,,,donnees-quebec.ca/MSSS,f,08h00–16h00 (admin) | Soins 24h/24,Soins 24h/24 (admin fermé),Soins 24h/24 (admin fermé),Soins 24h/24 (admin fermé),oui,non,Milieu de vie 24h/24. Admin: lun-ven 8h-16h. Visites: 8h-21h30
QC,msss-hopital-mont-tremblant-centre-de-services-externes-pour-les-aines-et-services-ambul,Centre De Services Externes Pour Les Aînés Et Services Ambulatoires De Mont-Tremblant,sante,Hôpital,Mont-Tremblant,819-623-1234,,"2450-2555, rue de l'Aulnaie, suites 104,, Mont-Tremblant, QC J8E 0E5",46.1161994934082,-74.5823974609375,,,,,donnees-quebec.ca/MSSS,f,00h00–24h00 (urgences) | 08h00–16h00 (admin),00h00–24h00 (urgences),00h00–24h00 (urgences),00h00–24h00 (urgences),oui,oui,Urgences 24h/24. Services ambulatoires sur rendez-vous: lun-ven 8h-16h
QC,msss-clsc-montmagny-clsc-et-chsld-de-montmagny,CLSC Et CHSLD De Montmagny,sante,CLSC,Montmagny,418-248-0630,,"168, rue Saint-Joseph, Montmagny, QC G5V 1H8",46.982200622558594,-70.55400085449219,,,,,donnees-quebec.ca/MSSS,f,08h00–16h00 (admin) | Soins 24h/24,Soins 24h/24 (admin fermé),Soins 24h/24 (admin fermé),Soins 24h/24 (admin fermé),oui,non,Milieu de vie 24h/24. Admin: lun-ven 8h-16h. Visites: 8h-21h30
QC,msss-hopital-montmagny-hopital-de-montmagny,Hôpital De Montmagny,sante,Hôpital,Montmagny,418-248-0630,,"350, boulevard Taché Ouest, Montmagny, QC G5V 3R8",46.97639846801758,-70.5967025756836,,,,,donnees-quebec.ca/MSSS,f,00h00–24h00 (urgences) | 08h00–16h00 (admin),00h00–24h00 (urgences),00h00–24h00 (urgences),00h00–24h00 (urgences),oui,oui,Urgences 24h/24. Services ambulatoires sur rendez-vous: lun-ven 8h-16h
QC,emp-axtra,AXTRA – Alliance des centres-conseils en emploi,emploi,Aide CV et entrevue,Montréal,514-721-3051,https://axtra.ca,"533, rue Ontario Est, bureau 202, Montréal, QC H2L 1N8",,,,X,,,curated-mauricie,t,08h30–16h30,Fermé,Fermé,Fermé,non,non,Lun-ven 8h30-16h30.
QC,emp-cje-cdv,Carrefour jeunesse-emploi Centre-Sud / Plateau Mont-Royal / Mile-End,emploi,Carrefour jeunesse-emploi (CJE),Montréal,514-528-6838,https://cjecsplateau.org,"4321, av. Papineau, Montréal, QC H2H 1T3",,,,X,,,curated-employment-network,f,08h30–16h30,Fermé,Fermé,Fermé,non,non,Lun-ven 8h30-16h30. Sans RV ou sur RV selon service.
QC,emp-cje-hochelaga,Carrefour jeunesse-emploi Hochelaga-Maisonneuve,emploi,Carrefour jeunesse-emploi (CJE),Montréal,514-251-0832,https://cjehm.org,"4068, rue Sainte-Catherine Est, Montréal, QC H1V 1Y1",,,,X,,,curated-employment-network,f,08h30–16h30,Fermé,Fermé,Fermé,non,non,Lun-ven 8h30-16h30. Sans RV ou sur RV selon service.
QC,emp-cje-rosemont,Carrefour jeunesse-emploi Rosemont/Petite-Patrie,emploi,Carrefour jeunesse-emploi (CJE),Montréal,514-524-6826,https://cje-rpp.org,"5095, 9e av., Montréal, QC H1Y 2J3",,,,X,,,curated-employment-network,f,08h30–16h30,Fermé,Fermé,Fermé,non,non,Lun-ven 8h30-16h30. Sans RV ou sur RV selon service.
QC,emp-cje-st-laurent,Carrefour jeunesse-emploi de Saint-Laurent,emploi,Carrefour jeunesse-emploi (CJE),Montréal,514-744-5237,https://cjestlaurent.qc.ca,"1055, boul. Marcel-Laurin, bureau 230, Saint-Laurent, QC H4R 1J4",,,,X,,,curated-employment-network,f,08h30–16h30,Fermé,Fermé,Fermé,non,non,Lun-ven 8h30-16h30. Sans RV ou sur RV selon service.
QC,emp-equitas-mtl,Promotion Intégration Société Nouvelle (PROMIS) – volet emploi,emploi,Employabilité immigrants,Montréal,514-345-1615,https://promis.qc.ca,"3333, ch. de la Côte-Sainte-Catherine, bureau 201, Montréal, QC H3T 1C8",,,,X,,,curated-employment-network,f,08h30–16h30,Fermé,Fermé,Fermé,non,non,Lun-ven 8h30-16h30.
QC,emp-rocaq,RGPAQ – Regroupement des groupes populaires en alphabétisation du Québec,emploi,Alphabétisation,Montréal,514-523-2046,https://rgpaq.qc.ca,"5040, boul. Saint-Laurent, bureau 100, Montréal, QC H2T 1R7",,,,X,,,curated-employment-network,t,08h30–16h30,Fermé,Fermé,Fermé,non,non,Lun-ven 8h30-16h30.
QC,emp-semo-mtl,SEMO – Action main-d'œuvre,emploi,Service spécialisé main-d'œuvre,Montréal,514-721-4941,https://actionmaindoeuvre.ca,"55, av. du Mont-Royal Ouest, bureau 800, Montréal, QC H2T 2S6",,,,X,,,curated-employment-network,f,08h30–16h30,Fermé,Fermé,Fermé,non,non,Lun-ven 8h30-16h30.
QC,emp-semo-tetes,Têtes en l'air – SEMO santé mentale,emploi,Service spécialisé main-d'œuvre,Montréal,514-484-9889,https://tetesenlair.org,"5165, rue Sherbrooke Ouest, bureau 480, Montréal, QC H4A 1T6",,,,X,,,curated-employment-network,f,08h30–16h30,Fermé,Fermé,Fermé,non,non,Lun-ven 8h30-16h30.
QC,cchm-mtl,Cuisine Collective Hochelaga-Maisonneuve (CCHM),alimentation,Cuisine collective,Montréal,514-529-0789,https://cchm.qc.ca,"4565, rue Hochelaga, Montréal, QC H1V 1C7",,,,X,,,curated-baq-network,f,09h00–16h00,09h00–12h00,Fermé,Fermé,non,non,Lun-ven 9h-16h. Vérifier horaires locaux.
QC,lacorbeille-quebec,La Corbeille Bordeaux-Cartierville,alimentation,Banque alimentaire,Montréal,514-856-0838,https://lacorbeille.org,"12013, rue Lachapelle, Montréal, QC H4J 2R7",,,,X,,,curated-baq-network,f,09h00–16h00,09h00–13h00,Fermé,Fermé,non,non,"Lun-ven 9h-16h, sam 9h-13h. Horaires varient selon point de distribution."
QC,magasin-partage-mtl,Magasin-Partage de Montréal,alimentation,Magasin-partage,Montréal,514-385-6499,https://magasinpartage.com,"1751, rue Richardson, Montréal, QC H3K 1G6",,,,X,,,curated-baq-network,f,09h00–16h00,09h00–12h00,Fermé,Fermé,non,non,Lun-ven 9h-16h. Vérifier horaires locaux.
QC,maisondupere-mtl,Maison du Père,alimentation,Mission – aide d'urgence,Montréal,514-845-0168,https://maisondupere.org,"550, boul. René-Lévesque Est, Montréal, QC H2L 2L3",,,,X,,,curated-baq-network,f,08h30–16h30,09h00–12h00,Fermé,Fermé,non,non,"Dépannage lun-ven 8h30-16h30, sam 9h-12h. Appeler avant de se présenter."
QC,missionbonaccueil-mtl,Mission Bon Accueil (Welcome Hall Mission),alimentation,Mission – aide d'urgence,Montréal,514-523-5288,https://missionbonaccueil.com,"1490, av. de l'Hôtel-de-Ville, Montréal, QC H2X 3K3",,,,X,,,curated-baq-network,f,08h30–16h30,09h00–12h00,Fermé,Fermé,non,non,"Dépannage lun-ven 8h30-16h30, sam 9h-12h. Appeler avant de se présenter."
QC,missionoldbrewery-mtl,Mission Old Brewery,alimentation,Mission – aide d'urgence,Montréal,514-866-6591,https://missionoldbrewery.ca,"915, rue Clark, Montréal, QC H2Z 1J9",,,,X,,,curated-baq-network,f,08h30–16h30,09h00–12h00,Fermé,Fermé,non,non,"Dépannage lun-ven 8h30-16h30, sam 9h-12h. Appeler avant de se présenter."
QC,stmichaels-mtl,Mission Saint-Michael,alimentation,Mission – aide d'urgence,Montréal,514-393-1554,https://stmichaelsmission.ca,"105, rue Anderson, Montréal, QC H2X 3R5",,,,X,,,curated-baq-network,f,08h30–16h30,09h00–12h00,Fermé,Fermé,non,non,"Dépannage lun-ven 8h30-16h30, sam 9h-12h. Appeler avant de se présenter."
QC,baq-moisson-montreal,Moisson Montréal,alimentation,Banque alimentaire régionale,Montréal,514-344-4494,https://moissonmontreal.org,"6880, ch. de la Côte-de-Liesse, Saint-Laurent, QC H4T 2A1",,,,X,,,curated-baq-network,f,09h00–16h00,09h00–13h00,Fermé,Fermé,non,non,"Lun-ven 9h-16h, sam 9h-13h. Horaires varient selon point de distribution."
QC,rccq-qc,Regroupement des cuisines collectives du Québec (RCCQ),alimentation,Cuisines collectives – réseau,Montréal,514-529-3448,https://rccq.org,"1605, rue de Champlain, Montréal, QC H2L 2S5",,,,X,,,curated-baq-network,f,09h00–16h00,09h00–12h00,Fermé,Fermé,non,non,Lun-ven 9h-16h. Vérifier horaires locaux.
QC,resto-plateau-mtl,Resto Plateau,alimentation,Cuisine communautaire,Montréal,514-527-5997,https://restoplateau.com,"4450, rue Saint-Hubert, Montréal, QC H2J 2X1",,,,X,,,curated-baq-network,f,09h00–16h00,09h00–12h00,Fermé,Fermé,non,non,Lun-ven 9h-16h. Vérifier horaires locaux.
QC,sunyouth-mtl,Sun Youth / Jeunesse au Soleil,alimentation,Aide d'urgence multiservice,Montréal,514-842-6822,https://sunyouthorg.com,"4251, rue Saint-Urbain, Montréal, QC H2W 1V6",,,,X,,,curated-baq-network,f,08h30–16h30,09h00–12h00,Fermé,Fermé,non,non,"Dépannage lun-ven 8h30-16h30, sam 9h-12h. Appeler avant de se présenter."
QC,msss-clsc-montreal-aire-ouverte-de-cote-des-neiges,Aire Ouverte De Côte-Des-Neiges,sante,CLSC,Montréal,514-934-0354,,"5245, chemin de la Côte-des-Neiges, Montréal, QC H3T 1Y1",45.49610137939453,-73.62100219726562,,,,,donnees-quebec.ca/MSSS,f,08h00–20h00,08h00–16h00,08h00–16h00,08h00–16h00,non,non,Lun-ven 8h-20h. Sam-dim et fériés 8h-16h. Sur RV pour certains services.
QC,msss-clsc-montreal-aire-ouverte-de-l-est-de-montreal,Aire Ouverte De L'Est De Montréal,sante,CLSC,Montréal,514-934-0354,,"12125, rue Notre-Dame Est, Montréal, QC H1B 2Y9",45.64080047607422,-73.4905014038086,,,,,donnees-quebec.ca/MSSS,f,08h00–20h00,08h00–16h00,08h00–16h00,08h00–16h00,non,non,Lun-ven 8h-20h. Sam-dim et fériés 8h-16h. Sur RV pour certains services.
QC,msss-clsc-montreal-aire-ouverte-de-lasalle,Aire Ouverte De Lasalle,sante,CLSC,Montréal,514-934-0354,,"7580, rue Centrale, Montréal, QC H8P 1K5",45.43299865722656,-73.5969009399414,,,,,donnees-quebec.ca/MSSS,f,08h00–20h00,08h00–16h00,08h00–16h00,08h00–16h00,non,non,Lun-ven 8h-20h. Sam-dim et fériés 8h-16h. Sur RV pour certains services.
QC,msss-clsc-montreal-aire-ouverte-du-metro-berri,Aire Ouverte Du Métro-Berri,sante,CLSC,Montréal,514-934-0354,,"1015, rue Robin, Montréal, QC H2L 4M1",45.51890182495117,-73.56109619140625,,,,,donnees-quebec.ca/MSSS,f,08h00–20h00,08h00–16h00,08h00–16h00,08h00–16h00,non,non,Lun-ven 8h-20h. Sam-dim et fériés 8h-16h. Sur RV pour certains services.
QC,msss-clsc-montreal-aire-ouverte-du-metro-lionel-groulx,Aire Ouverte Du Métro-Lionel-Groulx,sante,CLSC,Montréal,514-934-0354,,"3181, rue Saint-Jacques, Montréal, QC H4C 1G7",45.48350143432617,-73.58059692382812,,,,,donnees-quebec.ca/MSSS,f,08h00–20h00,08h00–16h00,08h00–16h00,08h00–16h00,non,non,Lun-ven 8h-20h. Sam-dim et fériés 8h-16h. Sur RV pour certains services.
QC,msss-clsc-montreal-aire-ouverte-montreal-nord,Aire Ouverte Montréal-Nord,sante,CLSC,Montréal,514-934-0354,,"12415, boulevard Lacordaire, Montréal, QC H1G 4L5",45.615699768066406,-73.62899780273438,,,,,donnees-quebec.ca/MSSS,f,08h00–20h00,08h00–16h00,08h00–16h00,08h00–16h00,non,non,Lun-ven 8h-20h. Sam-dim et fériés 8h-16h. Sur RV pour certains services.
QC,msss-clsc-montreal-aire-ouverte-sauriol,Aire Ouverte Sauriol,sante,CLSC,Montréal,514-934-0354,,"2169, rue Sauriol E, Montréal, QC H2B 1G1",45.570899963378906,-73.64779663085938,,,,,donnees-quebec.ca/MSSS,f,08h00–20h00,08h00–16h00,08h00–16h00,08h00–16h00,non,non,Lun-ven 8h-20h. Sam-dim et fériés 8h-16h. Sur RV pour certains services.
QC,msss-chsld-montreal-chsld-angelica,CHSLD Angelica,sante,CHSLD,Montréal,514-934-0354,,"3435, boulevard Gouin Est, Montréal, QC H1H 1B1",45.58990097045898,-73.65129852294922,,,,,donnees-quebec.ca/MSSS,f,08h00–16h00 (admin) | Soins 24h/24,Soins 24h/24 (admin fermé),Soins 24h/24 (admin fermé),Soins 24h/24 (admin fermé),oui,non,Milieu de vie 24h/24. Admin: lun-ven 8h-16h. Visites: 8h-21h30
QC,msss-chsld-montreal-chsld-angus,CHSLD Angus,sante,CHSLD,Montréal,514-934-0354,,"3200, rue Omer-Lavallée, Montréal, QC H1Y 3P5",45.54650115966797,-73.56060028076172,,,,,donnees-quebec.ca/MSSS,f,08h00–16h00 (admin) | Soins 24h/24,Soins 24h/24 (admin fermé),Soins 24h/24 (admin fermé),Soins 24h/24 (admin fermé),oui,non,Milieu de vie 24h/24. Admin: lun-ven 8h-16h. Visites: 8h-21h30
QC,msss-chsld-montreal-chsld-auclair,CHSLD Auclair,sante,CHSLD,Montréal,514-934-0354,,"6910, rue Boyer, Montréal, QC H2S 2J7",45.539398193359375,-73.60859680175781,,,,,donnees-quebec.ca/MSSS,f,08h00–16h00 (admin) | Soins 24h/24,Soins 24h/24 (admin fermé),Soins 24h/24 (admin fermé),Soins 24h/24 (admin fermé),oui,non,Milieu de vie 24h/24. Admin: lun-ven 8h-16h. Visites: 8h-21h30
QC,msss-chsld-montreal-chsld-benjamin-victor-rousselot,CHSLD Benjamin-Victor-Rousselot,sante,CHSLD,Montréal,514-934-0354,,"5655, rue Sherbrooke Est, Montréal, QC H1N 1A4",45.572898864746094,-73.55079650878906,,,,,donnees-quebec.ca/MSSS,f,08h00–16h00 (admin) | Soins 24h/24,Soins 24h/24 (admin fermé),Soins 24h/24 (admin fermé),Soins 24h/24 (admin fermé),oui,non,Milieu de vie 24h/24. Admin: lun-ven 8h-16h. Visites: 8h-21h30
QC,msss-chsld-montreal-chsld-bourget,CHSLD Bourget,sante,CHSLD,Montréal,514-934-0354,,"11570, rue Notre-Dame Est, Montréal, QC H1B 2X4",45.6338005065918,-73.4927978515625,,,,,donnees-quebec.ca/MSSS,f,08h00–16h00 (admin) | Soins 24h/24,Soins 24h/24 (admin fermé),Soins 24h/24 (admin fermé),Soins 24h/24 (admin fermé),oui,non,Milieu de vie 24h/24. Admin: lun-ven 8h-16h. Visites: 8h-21h30
QC,msss-chsld-montreal-chsld-dante,CHSLD Dante,sante,CHSLD,Montréal,514-934-0354,,"6887, rue Châtelain, Montréal, QC H1T 3X7",45.5801010131836,-73.57330322265625,,,,,donnees-quebec.ca/MSSS,f,08h00–16h00 (admin) | Soins 24h/24,Soins 24h/24 (admin fermé),Soins 24h/24 (admin fermé),Soins 24h/24 (admin fermé),oui,non,Milieu de vie 24h/24. Admin: lun-ven 8h-16h. Visites: 8h-21h30
QC,msss-chsld-montreal-chsld-de-cartierville,CHSLD De Cartierville,sante,CHSLD,Montréal,514-934-0354,,"12235, rue Grenet, Montréal, QC H4J 2N9",45.53150177001953,-73.71720123291016,,,,,donnees-quebec.ca/MSSS,f,08h00–16h00 (admin) | Soins 24h/24,Soins 24h/24 (admin fermé),Soins 24h/24 (admin fermé),Soins 24h/24 (admin fermé),oui,non,Milieu de vie 24h/24. Admin: lun-ven 8h-16h. Visites: 8h-21h30
QC,msss-chsld-montreal-chsld-de-la-belle-rive,CHSLD De La Belle-Rive,sante,CHSLD,Montréal,514-934-0354,,"5320, boulevard Gouin Est, Montréal, QC H1G 1B4",45.61360168457031,-73.63569641113281,,,,,donnees-quebec.ca/MSSS,f,08h00–16h00 (admin) | Soins 24h/24,Soins 24h/24 (admin fermé),Soins 24h/24 (admin fermé),Soins 24h/24 (admin fermé),oui,non,Milieu de vie 24h/24. Admin: lun-ven 8h-16h. Visites: 8h-21h30
QC,msss-chsld-montreal-chsld-de-la-petite-patrie,CHSLD De La Petite-Patrie,sante,CHSLD,Montréal,514-934-0354,,"6767, rue Cartier, Montréal, QC H2G 3G2",45.546199798583984,-73.60060119628906,,,,,donnees-quebec.ca/MSSS,f,08h00–16h00 (admin) | Soins 24h/24,Soins 24h/24 (admin fermé),Soins 24h/24 (admin fermé),Soins 24h/24 (admin fermé),oui,non,Milieu de vie 24h/24. Admin: lun-ven 8h-16h. Visites: 8h-21h30
QC,msss-chsld-montreal-chsld-de-saint-laurent,CHSLD De Saint-Laurent,sante,CHSLD,Montréal,514-934-0354,,"1275, boulevard de la Côte-Vertu, Montréal, QC H4L 4V2",45.516998291015625,-73.67990112304688,,,,,donnees-quebec.ca/MSSS,f,08h00–16h00 (admin) | Soins 24h/24,Soins 24h/24 (admin fermé),Soins 24h/24 (admin fermé),Soins 24h/24 (admin fermé),oui,non,Milieu de vie 24h/24. Admin: lun-ven 8h-16h. Visites: 8h-21h30
QC,msss-hopital-montreal-chsld-de-saint-michel,CHSLD De Saint-Michel,sante,Hôpital,Montréal,514-934-0354,,"3130, rue Jarry Est, Montréal, QC H1Z 4N8",45.5620002746582,-73.61029815673828,,,,,donnees-quebec.ca/MSSS,f,08h00–16h00 (admin) | Soins 24h/24,Soins 24h/24 (admin fermé),Soins 24h/24 (admin fermé),Soins 24h/24 (admin fermé),oui,non,Milieu de vie 24h/24. Admin: lun-ven 8h-16h. Visites: 8h-21h30
QC,msss-chsld-montreal-chsld-des-berges-de-lachine,CHSLD Des Berges-De-Lachine,sante,CHSLD,Montréal,514-934-0354,,"3320, rue Notre-Dame, Montréal, QC H8T 1W8",45.43510055541992,-73.69309997558594,,,,,donnees-quebec.ca/MSSS,f,08h00–16h00 (admin) | Soins 24h/24,Soins 24h/24 (admin fermé),Soins 24h/24 (admin fermé),Soins 24h/24 (admin fermé),oui,non,Milieu de vie 24h/24. Admin: lun-ven 8h-16h. Visites: 8h-21h30
QC,msss-chsld-montreal-chsld-francois-seguenot,CHSLD François-Séguenot,sante,CHSLD,Montréal,514-934-0354,,"13950, rue Notre-Dame Est, Montréal, QC H1A 1T5",45.666900634765625,-73.49349975585938,,,,,donnees-quebec.ca/MSSS,f,08h00–16h00 (admin) | Soins 24h/24,Soins 24h/24 (admin fermé),Soins 24h/24 (admin fermé),Soins 24h/24 (admin fermé),oui,non,Milieu de vie 24h/24. Admin: lun-ven 8h-16h. Visites: 8h-21h30
QC,msss-chsld-montreal-chsld-hope,CHSLD Hope,sante,CHSLD,Montréal,514-934-0354,,"5725, avenue Victoria, Montréal, QC H3W 3H6",45.49300003051758,-73.63379669189453,,,,,donnees-quebec.ca/MSSS,f,08h00–16h00 (admin) | Soins 24h/24,Soins 24h/24 (admin fermé),Soins 24h/24 (admin fermé),Soins 24h/24 (admin fermé),oui,non,Milieu de vie 24h/24. Admin: lun-ven 8h-16h. Visites: 8h-21h30
QC,msss-chsld-montreal-chsld-jean-hubert-biermans,CHSLD Jean-Hubert-Biermans,sante,CHSLD,Montréal,514-934-0354,,"7905, rue Sherbrooke Est, Montréal, QC H1L 1A4",45.59629821777344,-73.5364990234375,,,,,donnees-quebec.ca/MSSS,f,08h00–16h00 (admin) | Soins 24h/24,Soins 24h/24 (admin fermé),Soins 24h/24 (admin fermé),Soins 24h/24 (admin fermé),oui,non,Milieu de vie 24h/24. Admin: lun-ven 8h-16h. Visites: 8h-21h30
QC,msss-hopital-montreal-chsld-jeanne-le-ber,CHSLD Jeanne-Le Ber,sante,Hôpital,Montréal,514-934-0354,,"7445, rue Hochelaga, Montréal, QC H1N 3V2",45.589500427246094,-73.52770233154297,,,,,donnees-quebec.ca/MSSS,f,08h00–16h00 (admin) | Soins 24h/24,Soins 24h/24 (admin fermé),Soins 24h/24 (admin fermé),Soins 24h/24 (admin fermé),oui,non,Milieu de vie 24h/24. Admin: lun-ven 8h-16h. Visites: 8h-21h30
QC,msss-chsld-montreal-chsld-joseph-francois-perreault,CHSLD Joseph-François-Perreault,sante,CHSLD,Montréal,514-934-0354,,"7400, boulevard Saint-Michel, Montréal, QC H2A 2Z8",45.55939865112305,-73.60179901123047,,,,,donnees-quebec.ca/MSSS,f,08h00–16h00 (admin) | Soins 24h/24,Soins 24h/24 (admin fermé),Soins 24h/24 (admin fermé),Soins 24h/24 (admin fermé),oui,non,Milieu de vie 24h/24. Admin: lun-ven 8h-16h. Visites: 8h-21h30
QC,msss-chsld-montreal-chsld-judith-jasmin,CHSLD Judith-Jasmin,sante,CHSLD,Montréal,514-934-0354,,"8850, rue Bisaillon, Montréal, QC H1K 4N2",45.60639953613281,-73.52970123291016,,,,,donnees-quebec.ca/MSSS,f,08h00–16h00 (admin) | Soins 24h/24,Soins 24h/24 (admin fermé),Soins 24h/24 (admin fermé),Soins 24h/24 (admin fermé),oui,non,Milieu de vie 24h/24. Admin: lun-ven 8h-16h. Visites: 8h-21h30
QC,msss-chsld-montreal-chsld-kastner,CHSLD Kastner,sante,CHSLD,Montréal,514-934-0354,,"5750, rue Lavoie, Montréal, QC H3W 3H5",45.49420166015625,-73.63259887695312,,,,,donnees-quebec.ca/MSSS,f,08h00–16h00 (admin) | Soins 24h/24,Soins 24h/24 (admin fermé),Soins 24h/24 (admin fermé),Soins 24h/24 (admin fermé),oui,non,Milieu de vie 24h/24. Admin: lun-ven 8h-16h. Visites: 8h-21h30
QC,msss-chsld-montreal-chsld-laurendeau,CHSLD Laurendeau,sante,CHSLD,Montréal,514-934-0354,,"1725, boulevard Gouin Est, Montréal, QC H2C 3H6",45.56809997558594,-73.66200256347656,,,,,donnees-quebec.ca/MSSS,f,08h00–16h00 (admin) | Soins 24h/24,Soins 24h/24 (admin fermé),Soins 24h/24 (admin fermé),Soins 24h/24 (admin fermé),oui,non,Milieu de vie 24h/24. Admin: lun-ven 8h-16h. Visites: 8h-21h30
QC,msss-chsld-montreal-chsld-le-royer,CHSLD Le Royer,sante,CHSLD,Montréal,514-934-0354,,"7351, rue Jean-Desprez, Montréal, QC H1K 5A6",45.61750030517578,-73.54759979248047,,,,,donnees-quebec.ca/MSSS,f,08h00–16h00 (admin) | Soins 24h/24,Soins 24h/24 (admin fermé),Soins 24h/24 (admin fermé),Soins 24h/24 (admin fermé),oui,non,Milieu de vie 24h/24. Admin: lun-ven 8h-16h. Visites: 8h-21h30
QC,msss-chsld-montreal-chsld-legare,CHSLD Légaré,sante,CHSLD,Montréal,514-934-0354,,"1615, avenue Émile-Journault, Montréal, QC H2M 2G3",45.55870056152344,-73.63529968261719,,,,,donnees-quebec.ca/MSSS,f,08h00–16h00 (admin) | Soins 24h/24,Soins 24h/24 (admin fermé),Soins 24h/24 (admin fermé),Soins 24h/24 (admin fermé),oui,non,Milieu de vie 24h/24. Admin: lun-ven 8h-16h. Visites: 8h-21h30
QC,msss-chsld-montreal-chsld-marie-rollet,CHSLD Marie-Rollet,sante,CHSLD,Montréal,514-934-0354,,"5003, rue Saint-Zotique Est, Montréal, QC H1T 1N6",45.57329940795898,-73.57579803466797,,,,,donnees-quebec.ca/MSSS,f,08h00–16h00 (admin) | Soins 24h/24,Soins 24h/24 (admin fermé),Soins 24h/24 (admin fermé),Soins 24h/24 (admin fermé),oui,non,Milieu de vie 24h/24. Admin: lun-ven 8h-16h. Visites: 8h-21h30
QC,msss-chsld-montreal-chsld-nicolet,CHSLD Nicolet,sante,CHSLD,Montréal,514-934-0354,,"2300, rue Nicolet, Montréal, QC H1W 3L4",45.54750061035156,-73.54859924316406,,,,,donnees-quebec.ca/MSSS,f,08h00–16h00 (admin) | Soins 24h/24,Soins 24h/24 (admin fermé),Soins 24h/24 (admin fermé),Soins 24h/24 (admin fermé),oui,non,Milieu de vie 24h/24. Admin: lun-ven 8h-16h. Visites: 8h-21h30
QC,msss-chsld-montreal-chsld-paul-gouin,CHSLD Paul-Gouin,sante,CHSLD,Montréal,514-934-0354,,"5900, rue de Saint-Vallier, Montréal, QC H2S 2P3",45.53219985961914,-73.59980010986328,,,,,donnees-quebec.ca/MSSS,f,08h00–16h00 (admin) | Soins 24h/24,Soins 24h/24 (admin fermé),Soins 24h/24 (admin fermé),Soins 24h/24 (admin fermé),oui,non,Milieu de vie 24h/24. Admin: lun-ven 8h-16h. Visites: 8h-21h30
QC,msss-chsld-montreal-chsld-paul-lizotte,CHSLD Paul-Lizotte,sante,CHSLD,Montréal,514-934-0354,,"6850, boulevard Gouin Est, Montréal, QC H1G 6L7",45.62749862670898,-73.62049865722656,,,,,donnees-quebec.ca/MSSS,f,08h00–16h00 (admin) | Soins 24h/24,Soins 24h/24 (admin fermé),Soins 24h/24 (admin fermé),Soins 24h/24 (admin fermé),oui,non,Milieu de vie 24h/24. Admin: lun-ven 8h-16h. Visites: 8h-21h30
QC,msss-chsld-montreal-chsld-pierre-joseph-triest,CHSLD Pierre-Joseph-Triest,sante,CHSLD,Montréal,514-934-0354,,"4900, boulevard Lapointe, Montréal, QC H1K 4W9",45.60049819946289,-73.53579711914062,,,,,donnees-quebec.ca/MSSS,f,08h00–16h00 (admin) | Soins 24h/24,Soins 24h/24 (admin fermé),Soins 24h/24 (admin fermé),Soins 24h/24 (admin fermé),oui,non,Milieu de vie 24h/24. Admin: lun-ven 8h-16h. Visites: 8h-21h30
QC,msss-chsld-montreal-chsld-polonais-marie-curie-sklodowska,CHSLD Polonais Marie-Curie-Sklodowska,sante,CHSLD,Montréal,514-934-0354,,"5655, rue Bélanger, Montréal, QC H1T 1G2",45.58100128173828,-73.57430267333984,,,,,donnees-quebec.ca/MSSS,f,08h00–16h00 (admin) | Soins 24h/24,Soins 24h/24 (admin fermé),Soins 24h/24 (admin fermé),Soins 24h/24 (admin fermé),oui,non,Milieu de vie 24h/24. Admin: lun-ven 8h-16h. Visites: 8h-21h30
QC,msss-chsld-montreal-chsld-providence-notre-dame-de-lourdes,CHSLD Providence Notre-Dame De Lourdes,sante,CHSLD,Montréal,514-934-0354,,"1870, boulevard Pie-IX, Montréal, QC H1V 2C6",45.549800872802734,-73.54070281982422,,,,,donnees-quebec.ca/MSSS,f,08h00–16h00 (admin) | Soins 24h/24,Soins 24h/24 (admin fermé),Soins 24h/24 (admin fermé),Soins 24h/24 (admin fermé),oui,non,Milieu de vie 24h/24. Admin: lun-ven 8h-16h. Visites: 8h-21h30
QC,msss-chsld-montreal-chsld-robert-cliche,CHSLD Robert-Cliche,sante,CHSLD,Montréal,514-934-0354,,"3730, rue de Bellechasse, Montréal, QC H1X 3E5",45.55759811401367,-73.57879638671875,,,,,donnees-quebec.ca/MSSS,f,08h00–16h00 (admin) | Soins 24h/24,Soins 24h/24 (admin fermé),Soins 24h/24 (admin fermé),Soins 24h/24 (admin fermé),oui,non,Milieu de vie 24h/24. Admin: lun-ven 8h-16h. Visites: 8h-21h30
QC,msss-chsld-montreal-chsld-saint-georges,CHSLD Saint-Georges,sante,CHSLD,Montréal,514-934-0354,,"3550, rue Saint-Urbain, Montréal, QC H2X 4C5",45.51219940185547,-73.5728988647461,,,,,donnees-quebec.ca/MSSS,f,08h00–16h00 (admin) | Soins 24h/24,Soins 24h/24 (admin fermé),Soins 24h/24 (admin fermé),Soins 24h/24 (admin fermé),oui,non,Milieu de vie 24h/24. Admin: lun-ven 8h-16h. Visites: 8h-21h30
QC,msss-chsld-montreal-chsld-saint-joseph-de-la-providence,CHSLD Saint-Joseph-De-La-Providence,sante,CHSLD,Montréal,514-934-0354,,"11844, avenue du Bois-de-Boulogne, Montréal, QC H3M 2X7",45.54100036621094,-73.69029998779297,,,,,donnees-quebec.ca/MSSS,f,08h00–16h00 (admin) | Soins 24h/24,Soins 24h/24 (admin fermé),Soins 24h/24 (admin fermé),Soins 24h/24 (admin fermé),oui,non,Milieu de vie 24h/24. Admin: lun-ven 8h-16h. Visites: 8h-21h30
QC,msss-chsld-montreal-chsld-vigi-marie-claret,CHSLD Vigi Marie-Claret,sante,CHSLD,Montréal,514-934-0354,,"3345, boulevard Henri-Bourassa Est, Montréal, QC H1H 1H6",45.58649826049805,-73.64969635009766,,,,,donnees-quebec.ca/MSSS,f,08h00–16h00 (admin) | Soins 24h/24,Soins 24h/24 (admin fermé),Soins 24h/24 (admin fermé),Soins 24h/24 (admin fermé),oui,non,Milieu de vie 24h/24. Admin: lun-ven 8h-16h. Visites: 8h-21h30
QC,msss-chsld-montreal-chsld-eloria-lepage,CHSLD Éloria-Lepage,sante,CHSLD,Montréal,514-934-0354,,"3090, avenue de la Pépinière, Montréal, QC H1N 3N4",45.57690048217773,-73.54199981689453,,,,,donnees-quebec.ca/MSSS,f,08h00–16h00 (admin) | Soins 24h/24,Soins 24h/24 (admin fermé),Soins 24h/24 (admin fermé),Soins 24h/24 (admin fermé),oui,non,Milieu de vie 24h/24. Admin: lun-ven 8h-16h. Visites: 8h-21h30
QC,msss-chsld-montreal-chateau-sur-le-lac,CHâteau Sur Le Lac,sante,CHSLD,Montréal,514-934-0354,,"16289, boulevard Gouin Ouest, Montréal, QC H9H 1E2",45.47800064086914,-73.87449645996094,,,,,donnees-quebec.ca/MSSS,f,08h00–16h00 (admin) | Soins 24h/24,Soins 24h/24 (admin fermé),Soins 24h/24 (admin fermé),Soins 24h/24 (admin fermé),oui,non,Milieu de vie 24h/24. Admin: lun-ven 8h-16h. Visites: 8h-21h30
QC,msss-clsc-montreal-clsc-d-ahuntsic,CLSC D'Ahuntsic,sante,CLSC,Montréal,514-934-0354,,"1165, boulevard Henri-Bourassa Est, Montréal, QC H2C 3K2",45.5614013671875,-73.66590118408203,,,,,donnees-quebec.ca/MSSS,f,08h00–20h00,08h00–16h00,08h00–16h00,08h00–16h00,non,non,Lun-ven 8h-20h. Sam-dim et fériés 8h-16h. Sur RV pour certains services.
QC,msss-clsc-montreal-clsc-de-benny-farm,CLSC De Benny Farm,sante,CLSC,Montréal,514-934-0354,,"6484, avenue de Monkland, Montréal, QC H4B 1H3",45.46549987792969,-73.63140106201172,,,,,donnees-quebec.ca/MSSS,f,08h00–20h00,08h00–16h00,08h00–16h00,08h00–16h00,non,non,Lun-ven 8h-20h. Sam-dim et fériés 8h-16h. Sur RV pour certains services.
QC,msss-clsc-montreal-clsc-de-dorval-lachine,CLSC De Dorval-Lachine,sante,CLSC,Montréal,514-934-0354,,"3320, rue Notre-Dame, Montréal, QC H8T 1W8",45.43539810180664,-73.68150329589844,,,,,donnees-quebec.ca/MSSS,f,08h00–20h00,08h00–16h00,08h00–16h00,08h00–16h00,non,non,Lun-ven 8h-20h. Sam-dim et fériés 8h-16h. Sur RV pour certains services.
QC,msss-clsc-montreal-clsc-de-l-est-de-montreal,CLSC De L'Est-De-Montréal,sante,CLSC,Montréal,514-934-0354,,"13926, rue Notre-Dame Est, Montréal, QC H1A 1T5",45.66640090942383,-73.49359893798828,,,,,donnees-quebec.ca/MSSS,f,08h00–20h00,08h00–16h00,08h00–16h00,08h00–16h00,non,non,Lun-ven 8h-20h. Sam-dim et fériés 8h-16h. Sur RV pour certains services.
QC,msss-clsc-montreal-clsc-de-la-petite-patrie,CLSC De La Petite-Patrie,sante,CLSC,Montréal,514-934-0354,,"6520, rue de Saint-Vallier, Montréal, QC H2S 2P7",45.5348014831543,-73.6052017211914,,,,,donnees-quebec.ca/MSSS,f,08h00–20h00,08h00–16h00,08h00–16h00,08h00–16h00,non,non,Lun-ven 8h-20h. Sam-dim et fériés 8h-16h. Sur RV pour certains services.
QC,msss-clsc-montreal-clsc-de-la-visitation-et-groupe-de-medecine-de-famille-unive,CLSC De La Visitation Et Groupe De Médecine De Famille Universitaire Des Faubourgs,sante,CLSC,Montréal,514-934-0354,,"1705, rue de la Visitation, Montréal, QC H2L 3C3",45.52109909057617,-73.55889892578125,,,,,donnees-quebec.ca/MSSS,f,08h00–20h00,08h00–16h00,08h00–16h00,08h00–16h00,non,non,Lun-ven 8h-20h. Sam-dim et fériés 8h-16h. Sur RV pour certains services.
QC,msss-clsc-montreal-clsc-de-lasalle,CLSC De Lasalle,sante,CLSC,Montréal,514-934-0354,,"8550, boulevard Newman, Montréal, QC H8N 1Y5",45.43119812011719,-73.63150024414062,,,,,donnees-quebec.ca/MSSS,f,08h00–20h00,08h00–16h00,08h00–16h00,08h00–16h00,non,non,Lun-ven 8h-20h. Sam-dim et fériés 8h-16h. Sur RV pour certains services.
QC,msss-clsc-montreal-clsc-de-mercier-est,CLSC De Mercier-Est,sante,CLSC,Montréal,514-934-0354,,"9503, rue Sherbrooke Est, Montréal, QC H1L 6P2",45.611698150634766,-73.52660369873047,,,,,donnees-quebec.ca/MSSS,f,08h00–20h00,08h00–16h00,08h00–16h00,08h00–16h00,non,non,Lun-ven 8h-20h. Sam-dim et fériés 8h-16h. Sur RV pour certains services.
QC,msss-clsc-montreal-clsc-de-montreal-nord,CLSC De Montréal-Nord,sante,CLSC,Montréal,514-934-0354,,"11441, boulevard Lacordaire, Montréal, QC H1G 4J9",45.6072998046875,-73.62000274658203,,,,,donnees-quebec.ca/MSSS,f,08h00–20h00,08h00–16h00,08h00–16h00,08h00–16h00,non,non,Lun-ven 8h-20h. Sam-dim et fériés 8h-16h. Sur RV pour certains services.
QC,msss-clsc-montreal-clsc-de-pierrefonds,CLSC De Pierrefonds,sante,CLSC,Montréal,514-934-0354,,"13800, boulevard Gouin Ouest, Montréal, QC H8Z 3H6",45.49720001220703,-73.84839630126953,,,,,donnees-quebec.ca/MSSS,f,08h00–20h00,08h00–16h00,08h00–16h00,08h00–16h00,non,non,Lun-ven 8h-20h. Sam-dim et fériés 8h-16h. Sur RV pour certains services.
QC,msss-clsc-montreal-clsc-de-riviere-des-prairies,CLSC De Rivière-Des-Prairies,sante,CLSC,Montréal,514-934-0354,,"8655, boulevard Perras, Montréal, QC H1E 4M7",45.644798278808594,-73.58599853515625,,,,,donnees-quebec.ca/MSSS,f,08h00–20h00,08h00–16h00,08h00–16h00,08h00–16h00,non,non,Lun-ven 8h-20h. Sam-dim et fériés 8h-16h. Sur RV pour certains services.
QC,msss-clsc-montreal-clsc-de-rosemont,CLSC De Rosemont,sante,CLSC,Montréal,514-934-0354,,"2909, rue Rachel Est, Montréal, QC H1W 0A9",45.54249954223633,-73.56210327148438,,,,,donnees-quebec.ca/MSSS,f,08h00–20h00,08h00–16h00,08h00–16h00,08h00–16h00,non,non,Lun-ven 8h-20h. Sam-dim et fériés 8h-16h. Sur RV pour certains services.
QC,msss-clsc-montreal-clsc-de-saint-henri,CLSC De Saint-Henri,sante,CLSC,Montréal,514-934-0354,,"3833, rue Notre-Dame Ouest, Montréal, QC H4C 1P8",45.47880172729492,-73.58370208740234,,,,,donnees-quebec.ca/MSSS,f,08h00–20h00,08h00–16h00,08h00–16h00,08h00–16h00,non,non,Lun-ven 8h-20h. Sam-dim et fériés 8h-16h. Sur RV pour certains services.
QC,msss-clsc-montreal-clsc-de-saint-laurent,CLSC De Saint-Laurent,sante,CLSC,Montréal,514-934-0354,,"1055, avenue Sainte-Croix, Montréal, QC H4L 3Z2",45.5172004699707,-73.68090057373047,,,,,donnees-quebec.ca/MSSS,f,08h00–20h00,08h00–16h00,08h00–16h00,08h00–16h00,non,non,Lun-ven 8h-20h. Sam-dim et fériés 8h-16h. Sur RV pour certains services.
QC,msss-clsc-montreal-clsc-de-saint-leonard,CLSC De Saint-Léonard,sante,CLSC,Montréal,514-934-0354,,"5540, rue Jarry Est, Montréal, QC H1P 1T9",45.58530044555664,-73.58989715576172,,,,,donnees-quebec.ca/MSSS,f,08h00–20h00,08h00–16h00,08h00–16h00,08h00–16h00,non,non,Lun-ven 8h-20h. Sam-dim et fériés 8h-16h. Sur RV pour certains services.
QC,msss-clsc-montreal-clsc-de-saint-michel,CLSC De Saint-Michel,sante,CLSC,Montréal,514-934-0354,,"3355, rue Jarry Est, Montréal, QC H1Z 2E5",45.56560134887695,-73.6082992553711,,,,,donnees-quebec.ca/MSSS,f,08h00–20h00,08h00–16h00,08h00–16h00,08h00–16h00,non,non,Lun-ven 8h-20h. Sam-dim et fériés 8h-16h. Sur RV pour certains services.
QC,msss-clsc-montreal-clsc-de-ville-emard-cote-saint-paul,CLSC De Ville-Émard-Côte-Saint-Paul,sante,CLSC,Montréal,514-934-0354,,"6161, rue Laurendeau, Montréal, QC H4E 3X6",45.457298278808594,-73.58910369873047,,,,,donnees-quebec.ca/MSSS,f,08h00–20h00,08h00–16h00,08h00–16h00,08h00–16h00,non,non,Lun-ven 8h-20h. Sam-dim et fériés 8h-16h. Sur RV pour certains services.
QC,msss-clsc-montreal-clsc-de-villeray,CLSC De Villeray,sante,CLSC,Montréal,514-934-0354,,"1425, rue Jarry Est, Montréal, QC H2E 1A7",45.551300048828125,-73.62110137939453,,,,,donnees-quebec.ca/MSSS,f,08h00–20h00,08h00–16h00,08h00–16h00,08h00–16h00,non,non,Lun-ven 8h-20h. Sam-dim et fériés 8h-16h. Sur RV pour certains services.
QC,msss-clsc-montreal-clsc-du-plateau-mont-royal,CLSC Du Plateau-Mont-Royal,sante,CLSC,Montréal,514-934-0354,,"4625, avenue de Lorimier, Montréal, QC H2H 2B4",45.53620147705078,-73.5739974975586,,,,,donnees-quebec.ca/MSSS,f,08h00–20h00,08h00–16h00,08h00–16h00,08h00–16h00,non,non,Lun-ven 8h-20h. Sam-dim et fériés 8h-16h. Sur RV pour certains services.
QC,msss-clsc-montreal-clsc-et-centre-de-services-ambulatoires-de-verdun,CLSC Et Centre De Services Ambulatoires De Verdun,sante,CLSC,Montréal,514-934-0354,,"400, rue de l'Église, Montréal, QC H4G 2M4",45.46260070800781,-73.56939697265625,,,,,donnees-quebec.ca/MSSS,f,08h00–20h00,08h00–16h00,08h00–16h00,08h00–16h00,non,non,Lun-ven 8h-20h. Sam-dim et fériés 8h-16h. Sur RV pour certains services.
QC,msss-clsc-montreal-clsc-et-groupe-de-medecine-de-famille-universitaire-bordeaux,CLSC Et Groupe De Médecine De Famille Universitaire Bordeaux-Cartierville,sante,CLSC,Montréal,514-934-0354,,"11822, avenue du Bois-de-Boulogne, Montréal, QC H3M 2X6",45.54079818725586,-73.68930053710938,,,,,donnees-quebec.ca/MSSS,f,08h00–20h00,08h00–16h00,08h00–16h00,08h00–16h00,non,non,Lun-ven 8h-20h. Sam-dim et fériés 8h-16h. Sur RV pour certains services.
QC,msss-clsc-montreal-clsc-et-groupe-de-medecine-de-famille-universitaire-cote-des,CLSC Et Groupe De Médecine De Famille Universitaire Côte-Des-Neiges,sante,CLSC,Montréal,514-934-0354,,"5700, chemin de la Côte-des-Neiges, Montréal, QC H3T 2A8",45.49819946289063,-73.6272964477539,,,,,donnees-quebec.ca/MSSS,f,08h00–20h00,08h00–16h00,08h00–16h00,08h00–16h00,non,non,Lun-ven 8h-20h. Sam-dim et fériés 8h-16h. Sur RV pour certains services.
QC,msss-clsc-montreal-clsc-et-groupe-de-medecine-de-famille-universitaire-de-hoche,CLSC Et Groupe De Médecine De Famille Universitaire De Hochelaga-Maisonneuve,sante,CLSC,Montréal,514-934-0354,,"4201, rue Ontario Est, Montréal, QC H1V 1K2",45.551300048828125,-73.54090118408203,,,,,donnees-quebec.ca/MSSS,f,08h00–20h00,08h00–16h00,08h00–16h00,08h00–16h00,non,non,Lun-ven 8h-20h. Sam-dim et fériés 8h-16h. Sur RV pour certains services.
QC,msss-clsc-montreal-clsc-et-groupe-de-medecine-de-famille-universitaire-metro,CLSC Et Groupe De Médecine De Famille Universitaire Métro,sante,CLSC,Montréal,514-934-0354,,"1801, boulevard de Maisonneuve Ouest, Montréal, QC H3H 1J9",45.49459838867188,-73.58100128173828,,,,,donnees-quebec.ca/MSSS,f,08h00–20h00,08h00–16h00,08h00–16h00,08h00–16h00,non,non,Lun-ven 8h-20h. Sam-dim et fériés 8h-16h. Sur RV pour certains services.
QC,msss-clsc-montreal-clsc-montreal-nord-est,CLSC Montréal-Nord-Est,sante,CLSC,Montréal,514-934-0354,,"12345, boulevard Albert-Hudon, Montréal, QC H1G 3L1",45.62360000610352,-73.61599731445312,,,,,donnees-quebec.ca/MSSS,f,08h00–20h00,08h00–16h00,08h00–16h00,08h00–16h00,non,non,Lun-ven 8h-20h. Sam-dim et fériés 8h-16h. Sur RV pour certains services.
QC,msss-clsc-montreal-clsc-olivier-guimond,CLSC Olivier-Guimond,sante,CLSC,Montréal,514-934-0354,,"5810, rue Sherbrooke Est, Montréal, QC H1N 1B2",45.57500076293945,-73.54750061035156,,,,,donnees-quebec.ca/MSSS,f,08h00–20h00,08h00–16h00,08h00–16h00,08h00–16h00,non,non,Lun-ven 8h-20h. Sam-dim et fériés 8h-16h. Sur RV pour certains services.
QC,msss-clsc-montreal-clsc-parthenais-et-groupe-de-medecine-de-famille-universitai,CLSC Parthenais Et Groupe De Médecine De Famille Universitaire Des Faubourgs,sante,CLSC,Montréal,514-934-0354,,"2260, rue Parthenais, Montréal, QC H2K 3T5",45.53099822998047,-73.56009674072266,,,,,donnees-quebec.ca/MSSS,f,08h00–20h00,08h00–16h00,08h00–16h00,08h00–16h00,non,non,Lun-ven 8h-20h. Sam-dim et fériés 8h-16h. Sur RV pour certains services.
QC,msss-clsc-montreal-clsc-saint-urbain,CLSC Saint-Urbain,sante,CLSC,Montréal,514-934-0354,,"55, avenue du Mont-Royal Ouest, Montréal, QC H2T 2S5",45.51950073242188,-73.5873031616211,,,,,donnees-quebec.ca/MSSS,f,08h00–20h00,08h00–16h00,08h00–16h00,08h00–16h00,non,non,Lun-ven 8h-20h. Sam-dim et fériés 8h-16h. Sur RV pour certains services.
QC,msss-clsc-montreal-clsc-sainte-catherine-et-groupe-de-medecine-de-famille-unive,CLSC Sainte-Catherine Et Groupe De Médecine De Famille Universitaire Des Faubourgs,sante,CLSC,Montréal,514-934-0354,,"66, rue Sainte-Catherine Est, Montréal, QC H2X 1K6",45.510501861572266,-73.56269836425781,,,,,donnees-quebec.ca/MSSS,f,08h00–20h00,08h00–16h00,08h00–16h00,08h00–16h00,non,non,Lun-ven 8h-20h. Sam-dim et fériés 8h-16h. Sur RV pour certains services.
QC,msss-clsc-montreal-clsc-william-c-van-horne,CLSC William C.-Van Horne,sante,CLSC,Montréal,514-934-0354,,"1271, avenue Van Horne, Montréal, QC H2V 1K5",45.52190017700195,-73.61399841308594,,,,,donnees-quebec.ca/MSSS,f,08h00–20h00,08h00–16h00,08h00–16h00,08h00–16h00,non,non,Lun-ven 8h-20h. Sam-dim et fériés 8h-16h. Sur RV pour certains services.
QC,msss-clsc-montreal-clsc-ile-des-s-urs,CLSC Île-Des-Sœurs,sante,CLSC,Montréal,514-934-0354,,"1, Place du Commerce, Montréal, QC H3E 1A1",45.46849822998047,-73.54570007324219,,,,,donnees-quebec.ca/MSSS,f,08h00–20h00,08h00–16h00,08h00–16h00,08h00–16h00,non,non,Lun-ven 8h-20h. Sam-dim et fériés 8h-16h. Sur RV pour certains services.
QC,msss-chsld-montreal-centre-d-hebergement-alfred-desrochers,Centre D'Hébergement Alfred-Desrochers,sante,CHSLD,Montréal,514-934-0354,,"5325, avenue Victoria, Montréal, QC H3W 2P2",45.490699768066406,-73.62750244140625,,,,,donnees-quebec.ca/MSSS,f,08h00–16h00 (admin) | Soins 24h/24,Soins 24h/24 (admin fermé),Soins 24h/24 (admin fermé),Soins 24h/24 (admin fermé),oui,non,Milieu de vie 24h/24. Admin: lun-ven 8h-16h. Visites: 8h-21h30
QC,msss-chsld-montreal-centre-d-hebergement-armand-lavergne,Centre D'Hébergement Armand-Lavergne,sante,CHSLD,Montréal,514-934-0354,,"3500, rue Chapleau, Montréal, QC H2K 4N3",45.53570175170898,-73.5634994506836,,,,,donnees-quebec.ca/MSSS,f,08h00–16h00 (admin) | Soins 24h/24,Soins 24h/24 (admin fermé),Soins 24h/24 (admin fermé),Soins 24h/24 (admin fermé),oui,non,Milieu de vie 24h/24. Admin: lun-ven 8h-16h. Visites: 8h-21h30
QC,msss-hopital-montreal-centre-d-hebergement-camille-lefebvre,Centre D'Hébergement Camille-Lefebvre,sante,Hôpital,Montréal,514-934-0354,,"637, 13e Avenue, Montréal, QC H8S 4K4",45.441200256347656,-73.67659759521484,,,,,donnees-quebec.ca/MSSS,f,08h00–16h00 (admin) | Soins 24h/24,Soins 24h/24 (admin fermé),Soins 24h/24 (admin fermé),Soins 24h/24 (admin fermé),oui,non,Milieu de vie 24h/24. Admin: lun-ven 8h-16h. Visites: 8h-21h30
QC,msss-chsld-montreal-centre-d-hebergement-champlain-marie-victorin,Centre D'Hébergement Champlain - Marie-Victorin,sante,CHSLD,Montréal,514-934-0354,,"7150, rue Marie-Victorin, Montréal, QC H1G 2J5",45.6161003112793,-73.60369873046875,,,,,donnees-quebec.ca/MSSS,f,08h00–16h00 (admin) | Soins 24h/24,Soins 24h/24 (admin fermé),Soins 24h/24 (admin fermé),Soins 24h/24 (admin fermé),oui,non,Milieu de vie 24h/24. Admin: lun-ven 8h-16h. Visites: 8h-21h30
QC,msss-chsld-montreal-centre-d-hebergement-champlain-de-gouin,Centre D'Hébergement Champlain-De-Gouin,sante,CHSLD,Montréal,514-934-0354,,"4445, boulevard Henri-Bourassa Est, Montréal, QC H1H 5M4",45.59960174560547,-73.63999938964844,,,,,donnees-quebec.ca/MSSS,f,08h00–16h00 (admin) | Soins 24h/24,Soins 24h/24 (admin fermé),Soins 24h/24 (admin fermé),Soins 24h/24 (admin fermé),oui,non,Milieu de vie 24h/24. Admin: lun-ven 8h-16h. Visites: 8h-21h30
QC,msss-chsld-montreal-centre-d-hebergement-de-la-maison-saint-joseph,Centre D'Hébergement De La Maison-Saint-Joseph,sante,CHSLD,Montréal,514-934-0354,,"5605, rue Beaubien Est, Montréal, QC H1T 1X4",45.57889938354492,-73.56749725341797,,,,,donnees-quebec.ca/MSSS,f,08h00–16h00 (admin) | Soins 24h/24,Soins 24h/24 (admin fermé),Soins 24h/24 (admin fermé),Soins 24h/24 (admin fermé),oui,non,Milieu de vie 24h/24. Admin: lun-ven 8h-16h. Visites: 8h-21h30
QC,msss-chsld-montreal-centre-d-hebergement-de-la-maree,Centre D'Hébergement De La Marée,sante,CHSLD,Montréal,514-934-0354,,"7015, boulevard Gouin Est, Montréal, QC H1E 5N2",45.63010025024414,-73.61900329589844,,,,,donnees-quebec.ca/MSSS,f,08h00–16h00 (admin) | Soins 24h/24,Soins 24h/24 (admin fermé),Soins 24h/24 (admin fermé),Soins 24h/24 (admin fermé),oui,non,Milieu de vie 24h/24. Admin: lun-ven 8h-16h. Visites: 8h-21h30
QC,msss-chsld-montreal-centre-d-hebergement-de-lachine,Centre D'Hébergement De Lachine,sante,CHSLD,Montréal,514-934-0354,,"650, place d'Accueil, Montréal, QC H8S 3Z5",45.44060134887695,-73.68949890136719,,,,,donnees-quebec.ca/MSSS,f,08h00–16h00 (admin) | Soins 24h/24,Soins 24h/24 (admin fermé),Soins 24h/24 (admin fermé),Soins 24h/24 (admin fermé),oui,non,Milieu de vie 24h/24. Admin: lun-ven 8h-16h. Visites: 8h-21h30
QC,msss-chsld-montreal-centre-d-hebergement-de-lasalle,Centre D'Hébergement De Lasalle,sante,CHSLD,Montréal,514-934-0354,,"8686, rue Centrale, Montréal, QC H8P 3N4",45.41640090942383,-73.62059783935547,,,,,donnees-quebec.ca/MSSS,f,08h00–16h00 (admin) | Soins 24h/24,Soins 24h/24 (admin fermé),Soins 24h/24 (admin fermé),Soins 24h/24 (admin fermé),oui,non,Milieu de vie 24h/24. Admin: lun-ven 8h-16h. Visites: 8h-21h30
QC,msss-chsld-montreal-centre-d-hebergement-de-verdun,Centre D'Hébergement De Verdun,sante,CHSLD,Montréal,514-934-0354,,"5500, boulevard Lasalle, Montréal, QC H4H 1N9",45.45240020751953,-73.56600189208984,,,,,donnees-quebec.ca/MSSS,f,08h00–16h00 (admin) | Soins 24h/24,Soins 24h/24 (admin fermé),Soins 24h/24 (admin fermé),Soins 24h/24 (admin fermé),oui,non,Milieu de vie 24h/24. Admin: lun-ven 8h-16h. Visites: 8h-21h30
QC,msss-chsld-montreal-centre-d-hebergement-denis-benjamin-viger,Centre D'Hébergement Denis-Benjamin-Viger,sante,CHSLD,Montréal,514-934-0354,,"3292, rue Cherrier, Montréal, QC H9C 1E4",45.4906005859375,-73.87000274658203,,,,,donnees-quebec.ca/MSSS,f,08h00–16h00 (admin) | Soins 24h/24,Soins 24h/24 (admin fermé),Soins 24h/24 (admin fermé),Soins 24h/24 (admin fermé),oui,non,Milieu de vie 24h/24. Admin: lun-ven 8h-16h. Visites: 8h-21h30
QC,msss-chsld-montreal-centre-d-hebergement-des-seigneurs,Centre D'Hébergement Des Seigneurs,sante,CHSLD,Montréal,514-934-0354,,"1800, rue Saint-Jacques, Montréal, QC H3J 2R5",45.48949813842773,-73.57099914550781,,,,,donnees-quebec.ca/MSSS,f,08h00–16h00 (admin) | Soins 24h/24,Soins 24h/24 (admin fermé),Soins 24h/24 (admin fermé),Soins 24h/24 (admin fermé),oui,non,Milieu de vie 24h/24. Admin: lun-ven 8h-16h. Visites: 8h-21h30
QC,msss-chsld-montreal-centre-d-hebergement-ernest-routhier,Centre D'Hébergement Ernest-Routhier,sante,CHSLD,Montréal,514-934-0354,,"2110, rue Wolfe, Montréal, QC H2L 4V4",45.52119827270508,-73.56439971923828,,,,,donnees-quebec.ca/MSSS,f,08h00–16h00 (admin) | Soins 24h/24,Soins 24h/24 (admin fermé),Soins 24h/24 (admin fermé),Soins 24h/24 (admin fermé),oui,non,Milieu de vie 24h/24. Admin: lun-ven 8h-16h. Visites: 8h-21h30
QC,msss-hopital-montreal-centre-d-hebergement-et-de-services-ambulatoires-champlain,Centre D'Hébergement Et De Services Ambulatoires Champlain,sante,Hôpital,Montréal,514-934-0354,,"1325, rue Crawford, Montréal, QC H4H 2N6",45.43880081176758,-73.58679962158203,,,,,donnees-quebec.ca/MSSS,f,08h00–16h00 (admin) | Soins 24h/24,Soins 24h/24 (admin fermé),Soins 24h/24 (admin fermé),Soins 24h/24 (admin fermé),oui,non,Milieu de vie 24h/24. Admin: lun-ven 8h-16h. Visites: 8h-21h30
QC,msss-chsld-montreal-centre-d-hebergement-et-de-soins-de-longue-duree-bussey-queb,Centre D'Hébergement Et De Soins De Longue Durée Bussey (Québec),sante,CHSLD,Montréal,514-934-0354,,"2069, boulevard Saint-Joseph, Montréal, QC H8S 4B7",45.433101654052734,-73.68329620361328,,,,,donnees-quebec.ca/MSSS,f,08h00–16h00 (admin) | Soins 24h/24,Soins 24h/24 (admin fermé),Soins 24h/24 (admin fermé),Soins 24h/24 (admin fermé),oui,non,Milieu de vie 24h/24. Admin: lun-ven 8h-16h. Visites: 8h-21h30
QC,msss-chsld-montreal-centre-d-hebergement-et-de-soins-de-longue-duree-du-manoir-d,Centre D'Hébergement Et De Soins De Longue Durée Du Manoir-De-L'Ouest-De-L'Île,sante,CHSLD,Montréal,514-934-0354,,"17725, boulevard de Pierrefonds, Montréal, QC H9J 3L1",45.46289825439453,-73.8855972290039,,,,,donnees-quebec.ca/MSSS,f,08h00–16h00 (admin) | Soins 24h/24,Soins 24h/24 (admin fermé),Soins 24h/24 (admin fermé),Soins 24h/24 (admin fermé),oui,non,Milieu de vie 24h/24. Admin: lun-ven 8h-16h. Visites: 8h-21h30
QC,msss-chsld-montreal-centre-d-hebergement-et-de-soins-de-longue-duree-vigi-de-pie,Centre D'Hébergement Et De Soins De Longue Durée Vigi De Pierrefonds,sante,CHSLD,Montréal,514-934-0354,,"14775, boulevard de Pierrefonds, Montréal, QC H9H 4Y1",45.48550033569336,-73.85870361328125,,,,,donnees-quebec.ca/MSSS,f,08h00–16h00 (admin) | Soins 24h/24,Soins 24h/24 (admin fermé),Soins 24h/24 (admin fermé),Soins 24h/24 (admin fermé),oui,non,Milieu de vie 24h/24. Admin: lun-ven 8h-16h. Visites: 8h-21h30
QC,msss-chsld-montreal-centre-d-hebergement-et-de-soins-de-longue-duree-vigi-reine-,Centre D'Hébergement Et De Soins De Longue Durée Vigi Reine-Élizabeth,sante,CHSLD,Montréal,514-934-0354,,"2055, avenue Northcliffe, Montréal, QC H4A 3K6",45.474098205566406,-73.6061019897461,,,,,donnees-quebec.ca/MSSS,f,08h00–16h00 (admin) | Soins 24h/24,Soins 24h/24 (admin fermé),Soins 24h/24 (admin fermé),Soins 24h/24 (admin fermé),oui,non,Milieu de vie 24h/24. Admin: lun-ven 8h-16h. Visites: 8h-21h30
QC,msss-chsld-montreal-centre-d-hebergement-father-dowd,Centre D'Hébergement Father-Dowd,sante,CHSLD,Montréal,514-934-0354,,"6565, chemin Hudson, Montréal, QC H3S 2T7",45.50709915161133,-73.63069915771484,,,,,donnees-quebec.ca/MSSS,f,08h00–16h00 (admin) | Soins 24h/24,Soins 24h/24 (admin fermé),Soins 24h/24 (admin fermé),Soins 24h/24 (admin fermé),oui,non,Milieu de vie 24h/24. Admin: lun-ven 8h-16h. Visites: 8h-21h30
QC,msss-chsld-montreal-centre-d-hebergement-henri-bradet,Centre D'Hébergement Henri-Bradet,sante,CHSLD,Montréal,514-934-0354,,"6465, avenue Chester, Montréal, QC H4V 2Z8",45.47200012207031,-73.64510345458984,,,,,donnees-quebec.ca/MSSS,f,08h00–16h00 (admin) | Soins 24h/24,Soins 24h/24 (admin fermé),Soins 24h/24 (admin fermé),Soins 24h/24 (admin fermé),oui,non,Milieu de vie 24h/24. Admin: lun-ven 8h-16h. Visites: 8h-21h30
QC,msss-hopital-montreal-centre-d-hebergement-j-henri-charbonneau,Centre D'Hébergement J.-Henri-Charbonneau,sante,Hôpital,Montréal,514-934-0354,,"3095, rue Sherbrooke Est, Montréal, QC H1W 1B2",45.542701721191406,-73.55879974365234,,,,,donnees-quebec.ca/MSSS,f,08h00–16h00 (admin) | Soins 24h/24,Soins 24h/24 (admin fermé),Soins 24h/24 (admin fermé),Soins 24h/24 (admin fermé),oui,non,Milieu de vie 24h/24. Admin: lun-ven 8h-16h. Visites: 8h-21h30
QC,msss-chsld-montreal-centre-d-hebergement-jean-de-la-lande,Centre D'Hébergement Jean-De-La-Lande,sante,CHSLD,Montréal,514-934-0354,,"4255, avenue Papineau, Montréal, QC H2H 2P6",45.53129959106445,-73.56990051269531,,,,,donnees-quebec.ca/MSSS,f,08h00–16h00 (admin) | Soins 24h/24,Soins 24h/24 (admin fermé),Soins 24h/24 (admin fermé),Soins 24h/24 (admin fermé),oui,non,Milieu de vie 24h/24. Admin: lun-ven 8h-16h. Visites: 8h-21h30
QC,msss-chsld-montreal-centre-d-hebergement-jeanne-mance,Centre D'Hébergement Jeanne-Mance,sante,CHSLD,Montréal,514-934-0354,,"3430, rue Jeanne-Mance, Montréal, QC H2X 2J9",45.509498596191406,-73.5718994140625,,,,,donnees-quebec.ca/MSSS,f,08h00–16h00 (admin) | Soins 24h/24,Soins 24h/24 (admin fermé),Soins 24h/24 (admin fermé),Soins 24h/24 (admin fermé),oui,non,Milieu de vie 24h/24. Admin: lun-ven 8h-16h. Visites: 8h-21h30
QC,msss-chsld-montreal-centre-d-hebergement-louis-riel,Centre D'Hébergement Louis-Riel,sante,CHSLD,Montréal,514-934-0354,,"2120, rue Augustin-Cantin, Montréal, QC H3K 3G3",45.48199844360352,-73.56629943847656,,,,,donnees-quebec.ca/MSSS,f,08h00–16h00 (admin) | Soins 24h/24,Soins 24h/24 (admin fermé),Soins 24h/24 (admin fermé),Soins 24h/24 (admin fermé),oui,non,Milieu de vie 24h/24. Admin: lun-ven 8h-16h. Visites: 8h-21h30
QC,msss-chsld-montreal-centre-d-hebergement-nazaire-piche,Centre D'Hébergement Nazaire-Piché,sante,CHSLD,Montréal,514-934-0354,,"150, 15e Avenue, Montréal, QC H8S 3L9",45.43410110473633,-73.6769027709961,,,,,donnees-quebec.ca/MSSS,f,08h00–16h00 (admin) | Soins 24h/24,Soins 24h/24 (admin fermé),Soins 24h/24 (admin fermé),Soins 24h/24 (admin fermé),oui,non,Milieu de vie 24h/24. Admin: lun-ven 8h-16h. Visites: 8h-21h30
QC,msss-hopital-montreal-centre-d-hebergement-notre-dame-de-la-merci,Centre D'Hébergement Notre-Dame-De-La-Merci,sante,Hôpital,Montréal,514-934-0354,,"555, boulevard Gouin Ouest, Montréal, QC H3L 1K5",45.54759979248047,-73.68769836425781,,,,,donnees-quebec.ca/MSSS,f,08h00–16h00 (admin) | Soins 24h/24,Soins 24h/24 (admin fermé),Soins 24h/24 (admin fermé),Soins 24h/24 (admin fermé),oui,non,Milieu de vie 24h/24. Admin: lun-ven 8h-16h. Visites: 8h-21h30
QC,msss-chsld-montreal-centre-d-hebergement-paul-bruchesi,Centre D'Hébergement Paul-Bruchési,sante,CHSLD,Montréal,514-934-0354,,"2225, rue Rachel Est, Montréal, QC H2H 1R4",45.53450012207031,-73.56620025634766,,,,,donnees-quebec.ca/MSSS,f,08h00–16h00 (admin) | Soins 24h/24,Soins 24h/24 (admin fermé),Soins 24h/24 (admin fermé),Soins 24h/24 (admin fermé),oui,non,Milieu de vie 24h/24. Admin: lun-ven 8h-16h. Visites: 8h-21h30
QC,msss-chsld-montreal-centre-d-hebergement-paul-emile-leger,Centre D'Hébergement Paul-Émile-Léger,sante,CHSLD,Montréal,514-934-0354,,"66, boulevard René-Lévesque Est, Montréal, QC H2X 1N3",45.5093002319336,-73.55999755859375,,,,,donnees-quebec.ca/MSSS,f,08h00–16h00 (admin) | Soins 24h/24,Soins 24h/24 (admin fermé),Soins 24h/24 (admin fermé),Soins 24h/24 (admin fermé),oui,non,Milieu de vie 24h/24. Admin: lun-ven 8h-16h. Visites: 8h-21h30
QC,msss-chsld-montreal-centre-d-hebergement-real-morel,Centre D'Hébergement Réal-Morel,sante,CHSLD,Montréal,514-934-0354,,"3500, rue Wellington, Montréal, QC H4G 1T3",45.46849822998047,-73.5647964477539,,,,,donnees-quebec.ca/MSSS,f,08h00–16h00 (admin) | Soins 24h/24,Soins 24h/24 (admin fermé),Soins 24h/24 (admin fermé),Soins 24h/24 (admin fermé),oui,non,Milieu de vie 24h/24. Admin: lun-ven 8h-16h. Visites: 8h-21h30
QC,msss-chsld-montreal-centre-d-hebergement-saint-andrew,Centre D'Hébergement Saint-Andrew,sante,CHSLD,Montréal,514-934-0354,,"3350, boulevard Cavendish, Montréal, QC H4B 2M7",45.4630012512207,-73.62889862060547,,,,,donnees-quebec.ca/MSSS,f,08h00–16h00 (admin) | Soins 24h/24,Soins 24h/24 (admin fermé),Soins 24h/24 (admin fermé),Soins 24h/24 (admin fermé),oui,non,Milieu de vie 24h/24. Admin: lun-ven 8h-16h. Visites: 8h-21h30
QC,msss-chsld-montreal-centre-d-hebergement-st-vincent-marie,Centre D'Hébergement St-Vincent-Marie,sante,CHSLD,Montréal,514-934-0354,,"1175, boulevard de la Côte-Vertu, Montréal, QC H4L 5J1",45.5176010131836,-73.67919921875,,,,,donnees-quebec.ca/MSSS,f,08h00–16h00 (admin) | Soins 24h/24,Soins 24h/24 (admin fermé),Soins 24h/24 (admin fermé),Soins 24h/24 (admin fermé),oui,non,Milieu de vie 24h/24. Admin: lun-ven 8h-16h. Visites: 8h-21h30
QC,msss-chsld-montreal-centre-d-hebergement-yvon-brunet,Centre D'Hébergement Yvon-Brunet,sante,CHSLD,Montréal,514-934-0354,,"6250, avenue Newman, Montréal, QC H4E 4K4",45.453800201416016,-73.60350036621094,,,,,donnees-quebec.ca/MSSS,f,08h00–16h00 (admin) | Soins 24h/24,Soins 24h/24 (admin fermé),Soins 24h/24 (admin fermé),Soins 24h/24 (admin fermé),oui,non,Milieu de vie 24h/24. Admin: lun-ven 8h-16h. Visites: 8h-21h30
QC,msss-chsld-montreal-centre-d-hebergement-emilie-gamelin,Centre D'Hébergement Émilie-Gamelin,sante,CHSLD,Montréal,514-934-0354,,"1440, rue Dufresne, Montréal, QC H2K 3J3",45.52840042114258,-73.54810333251953,,,,,donnees-quebec.ca/MSSS,f,08h00–16h00 (admin) | Soins 24h/24,Soins 24h/24 (admin fermé),Soins 24h/24 (admin fermé),Soins 24h/24 (admin fermé),oui,non,Milieu de vie 24h/24. Admin: lun-ven 8h-16h. Visites: 8h-21h30
QC,msss-chsld-montreal-centre-de-crise-emile-nelligan,Centre De Crise Émile-Nelligan,sante,CHSLD,Montréal,514-934-0354,,"6705, suite 211 rue Jean-Talon Est, Montréal, QC H1S 1N2",45.60309982299805,-73.52580261230469,,,,,donnees-quebec.ca/MSSS,f,00h00–24h00,00h00–24h00,00h00–24h00,00h00–24h00,oui,oui,"Service disponible 24h/24, 7j/7"
QC,msss-hopital-montreal-centre-de-recherche-du-centre-hospitalier-de-l-universite-de,Centre De Recherche Du Centre Hospitalier De L'Université De Montréal,sante,Hôpital,Montréal,514-934-0354,,"900, rue Saint-Denis, Montréal, QC H2X 0A9",45.51079940795898,-73.55590057373047,,,,,donnees-quebec.ca/MSSS,f,00h00–24h00 (urgences) | 08h00–16h00 (admin),00h00–24h00 (urgences),00h00–24h00 (urgences),00h00–24h00 (urgences),oui,oui,Urgences 24h/24. Services ambulatoires sur rendez-vous: lun-ven 8h-16h
QC,msss-chsld-montreal-centre-de-readaptation-marie-enfant,Centre De Réadaptation Marie Enfant,sante,CHSLD,Montréal,514-934-0354,,"5200, rue Bélanger, Montréal, QC H1T 1C9",45.57529830932617,-73.57720184326172,,,,,donnees-quebec.ca/MSSS,f,08h00–16h00 (admin) | Soins 24h/24,Soins 24h/24 (admin fermé),Soins 24h/24 (admin fermé),Soins 24h/24 (admin fermé),oui,non,Milieu de vie 24h/24. Admin: lun-ven 8h-16h. Visites: 8h-21h30
QC,msss-hopital-montreal-centre-de-services-ambulatoires-allan-memorial,Centre De Services Ambulatoires Allan Memorial,sante,Hôpital,Montréal,514-934-0354,,"1025, avenue des Pins, Montréal, QC H3A 1A1",45.50590133666992,-73.58260345458984,,,,,donnees-quebec.ca/MSSS,f,00h00–24h00 (urgences) | 08h00–16h00 (admin),00h00–24h00 (urgences),00h00–24h00 (urgences),00h00–24h00 (urgences),oui,oui,Urgences 24h/24. Services ambulatoires sur rendez-vous: lun-ven 8h-16h
QC,msss-hopital-montreal-centre-de-services-ambulatoires-bois-de-boulogne,Centre De Services Ambulatoires Bois-De-Boulogne,sante,Hôpital,Montréal,514-934-0354,,"1575, boulevard Henri-Bourassa Ouest, Montréal, QC H3M 3A9",45.53760147094727,-73.67970275878906,,,,,donnees-quebec.ca/MSSS,f,00h00–24h00 (urgences) | 08h00–16h00 (admin),00h00–24h00 (urgences),00h00–24h00 (urgences),00h00–24h00 (urgences),oui,oui,Urgences 24h/24. Services ambulatoires sur rendez-vous: lun-ven 8h-16h
QC,msss-hopital-montreal-centre-de-services-ambulatoires-de-dialyse-de-la-rue-de-gasp,Centre De Services Ambulatoires De Dialyse De La Rue De Gaspé,sante,Hôpital,Montréal,514-934-0354,,"5455, avenue de Gaspé, Montréal, QC H2T 3B3",45.52750015258789,-73.59639739990234,,,,,donnees-quebec.ca/MSSS,f,00h00–24h00 (urgences) | 08h00–16h00 (admin),00h00–24h00 (urgences),00h00–24h00 (urgences),00h00–24h00 (urgences),oui,oui,Urgences 24h/24. Services ambulatoires sur rendez-vous: lun-ven 8h-16h
QC,msss-hopital-montreal-centre-de-services-ambulatoires-de-maisonneuve,Centre De Services Ambulatoires De Maisonneuve,sante,Hôpital,Montréal,514-934-0354,,"5252, boulevard de Maisonneuve, Montréal, QC H4A 3S9",45.4734001159668,-73.60459899902344,,,,,donnees-quebec.ca/MSSS,f,00h00–24h00 (urgences) | 08h00–16h00 (admin),00h00–24h00 (urgences),00h00–24h00 (urgences),00h00–24h00 (urgences),oui,oui,Urgences 24h/24. Services ambulatoires sur rendez-vous: lun-ven 8h-16h
QC,msss-hopital-montreal-centre-de-services-ambulatoires-de-maisonneuve-est,Centre De Services Ambulatoires De Maisonneuve-Est,sante,Hôpital,Montréal,514-934-0354,,"1001, boulevard de Maisonneuve-Est, Montréal, QC H2L 4P9",45.51810073852539,-73.5593032836914,,,,,donnees-quebec.ca/MSSS,f,00h00–24h00 (urgences) | 08h00–16h00 (admin),00h00–24h00 (urgences),00h00–24h00 (urgences),00h00–24h00 (urgences),oui,oui,Urgences 24h/24. Services ambulatoires sur rendez-vous: lun-ven 8h-16h
QC,msss-hopital-montreal-centre-de-services-ambulatoires-en-sante-mentale-papineau,Centre De Services Ambulatoires En Santé Mentale Papineau,sante,Hôpital,Montréal,514-934-0354,,"10345, avenue Papineau, 3e étage, Montréal, QC H2B 2A3",45.56850051879883,-73.65360260009766,,,,,donnees-quebec.ca/MSSS,f,00h00–24h00 (urgences) | 08h00–16h00 (admin),00h00–24h00 (urgences),00h00–24h00 (urgences),00h00–24h00 (urgences),oui,oui,Urgences 24h/24. Services ambulatoires sur rendez-vous: lun-ven 8h-16h
QC,msss-clsc-montreal-centre-de-services-ambulatoires-et-maison-de-naissance-louva,Centre De Services Ambulatoires Et Maison De Naissance Louvain,sante,CLSC,Montréal,514-934-0354,,"9600, rue Saint-Denis, Montréal, QC H2M 1P2",45.54850006103516,-73.65409851074219,,,,,donnees-quebec.ca/MSSS,f,08h00–20h00,08h00–16h00,08h00–16h00,08h00–16h00,non,non,Lun-ven 8h-20h. Sam-dim et fériés 8h-16h. Sur RV pour certains services.
QC,msss-chsld-montreal-centre-de-services-externes-pour-les-aines-angelica,Centre De Services Externes Pour Les Aînés Angelica,sante,CHSLD,Montréal,514-934-0354,,"3395, boulevard Gouin Est, Montréal, QC H1H 5L8",45.589298248291016,-73.65160369873047,,,,,donnees-quebec.ca/MSSS,f,08h00–16h00 (admin) | Soins 24h/24,Soins 24h/24 (admin fermé),Soins 24h/24 (admin fermé),Soins 24h/24 (admin fermé),oui,non,Milieu de vie 24h/24. Admin: lun-ven 8h-16h. Visites: 8h-21h30
QC,msss-chsld-montreal-centre-de-soins-prolonges-grace-dart,Centre De Soins Prolongés Grace Dart,sante,CHSLD,Montréal,514-934-0354,,"5155, rue Sainte-Catherine Est, Montréal, QC H1V 2A5",45.55950164794922,-73.52890014648438,,,,,donnees-quebec.ca/MSSS,f,08h00–16h00 (admin) | Soins 24h/24,Soins 24h/24 (admin fermé),Soins 24h/24 (admin fermé),Soins 24h/24 (admin fermé),oui,non,Milieu de vie 24h/24. Admin: lun-ven 8h-16h. Visites: 8h-21h30
QC,msss-hopital-montreal-centre-hospitalier-de-l-universite-de-montreal,Centre Hospitalier De L'Université De Montréal,sante,Hôpital,Montréal,514-934-0354,,"1000, rue Saint-Denis, Montréal, QC H2X 0A9",45.51179885864258,-73.5562973022461,,,,,donnees-quebec.ca/MSSS,f,00h00–24h00 (urgences) | 08h00–16h00 (admin),00h00–24h00 (urgences),00h00–24h00 (urgences),00h00–24h00 (urgences),oui,oui,Urgences 24h/24. Services ambulatoires sur rendez-vous: lun-ven 8h-16h
QC,msss-hopital-montreal-centre-hospitalier-de-st-mary,Centre Hospitalier De St. Mary,sante,Hôpital,Montréal,514-934-0354,,"3830, avenue Lacombe, Montréal, QC H3T 1M5",45.49489974975586,-73.62409973144531,,,,,donnees-quebec.ca/MSSS,f,00h00–24h00 (urgences) | 08h00–16h00 (admin),00h00–24h00 (urgences),00h00–24h00 (urgences),00h00–24h00 (urgences),oui,oui,Urgences 24h/24. Services ambulatoires sur rendez-vous: lun-ven 8h-16h
QC,msss-hopital-montreal-centre-hospitalier-universitaire-sainte-justine,Centre Hospitalier Universitaire Sainte-Justine,sante,Hôpital,Montréal,514-934-0354,,"5757, avenue Decelles, Montréal, QC H3S 2C3",45.5010986328125,-73.6260986328125,,,,,donnees-quebec.ca/MSSS,f,00h00–24h00 (urgences) | 08h00–16h00 (admin),00h00–24h00 (urgences),00h00–24h00 (urgences),00h00–24h00 (urgences),oui,oui,Urgences 24h/24. Services ambulatoires sur rendez-vous: lun-ven 8h-16h
QC,msss-chsld-montreal-centre-le-cardinal,Centre Le Cardinal,sante,CHSLD,Montréal,514-934-0354,,"12900, rue Notre-Dame Est, Montréal, QC H1A 1R9",45.65250015258789,-73.48829650878906,,,,,donnees-quebec.ca/MSSS,f,08h00–16h00 (admin) | Soins 24h/24,Soins 24h/24 (admin fermé),Soins 24h/24 (admin fermé),Soins 24h/24 (admin fermé),oui,non,Milieu de vie 24h/24. Admin: lun-ven 8h-16h. Visites: 8h-21h30
QC,msss-hopital-montreal-centre-multiservice-de-sante-et-de-services-sociaux-de-saint,Centre Multiservice De Santé Et De Services Sociaux De Saint-Henri,sante,Hôpital,Montréal,514-934-0354,,"5205, rue Notre-Dame Ouest, Montréal, QC H4C 3L2",45.46969985961914,-73.59400177001953,,,,,donnees-quebec.ca/MSSS,f,00h00–24h00 (urgences) | 08h00–16h00 (admin),00h00–24h00 (urgences),00h00–24h00 (urgences),00h00–24h00 (urgences),oui,oui,Urgences 24h/24. Services ambulatoires sur rendez-vous: lun-ven 8h-16h
QC,msss-clsc-montreal-centre-multiservices-de-sante-et-de-services-sociaux-de-parc,Centre Multiservices De Santé Et De Services Sociaux De Parc-Extension,sante,CLSC,Montréal,514-934-0354,,"7085, rue Hutchison, Montréal, QC H3N 1Y9",45.529598236083984,-73.62100219726562,,,,,donnees-quebec.ca/MSSS,f,08h00–20h00,08h00–16h00,08h00–16h00,08h00–16h00,non,non,Lun-ven 8h-20h. Sam-dim et fériés 8h-16h. Sur RV pour certains services.
QC,msss-clsc-montreal-centre-multiservices-de-sante-et-de-services-sociaux-de-sain,Centre Multiservices De Santé Et De Services Sociaux De Saint-Louis-Du-Parc,sante,CLSC,Montréal,514-934-0354,,"15, avenue du Mont-Royal Ouest, Montréal, QC H2T 2R9",45.52000045776367,-73.58689880371094,,,,,donnees-quebec.ca/MSSS,f,08h00–20h00,08h00–16h00,08h00–16h00,08h00–16h00,non,non,Lun-ven 8h-20h. Sam-dim et fériés 8h-16h. Sur RV pour certains services.
QC,msss-hopital-montreal-centre-multiservices-de-sante-et-de-services-sociaux-riviere,Centre Multiservices De Santé Et De Services Sociaux Rivière-Des-Prairies,sante,Hôpital,Montréal,514-934-0354,,"7070, boulevard Perras, Montréal, QC H1E 1A4",45.62310028076172,-73.61139678955078,,,,,donnees-quebec.ca/MSSS,f,00h00–24h00 (urgences) | 08h00–16h00 (admin),00h00–24h00 (urgences),00h00–24h00 (urgences),00h00–24h00 (urgences),oui,oui,Urgences 24h/24. Services ambulatoires sur rendez-vous: lun-ven 8h-16h
QC,msss-hopital-montreal-centre-metropolitain-de-chirurgie-plastique,Centre Métropolitain De Chirurgie Plastique,sante,Hôpital,Montréal,514-934-0354,,"999, rue de Salaberry, Montréal, QC H3L 1L2",45.545501708984375,-73.69290161132812,,,,,donnees-quebec.ca/MSSS,f,00h00–24h00 (urgences) | 08h00–16h00 (admin),00h00–24h00 (urgences),00h00–24h00 (urgences),00h00–24h00 (urgences),oui,oui,Urgences 24h/24. Services ambulatoires sur rendez-vous: lun-ven 8h-16h
QC,msss-hopital-montreal-chu-sainte-justine,Chu Sainte-Justine,sante,Hôpital,Montréal,514-934-0354,,"3175, chemin de la Côte-Sainte-Catherine, Montréal, QC H3T 1C5",45.50320053100586,-73.6249008178711,,,,,donnees-quebec.ca/MSSS,f,00h00–24h00 (urgences) | 08h00–16h00 (admin),00h00–24h00 (urgences),00h00–24h00 (urgences),00h00–24h00 (urgences),oui,oui,Urgences 24h/24. Services ambulatoires sur rendez-vous: lun-ven 8h-16h
QC,msss-clsc-montreal-clinique-communautaire-de-pointe-st-charles,Clinique Communautaire De Pointe St-Charles,sante,CLSC,Montréal,514-934-0354,,"500, avenue Ash, Montréal, QC H3K 2R4",45.47840118408203,-73.55690002441406,,,,,donnees-quebec.ca/MSSS,f,08h00–20h00,08h00–16h00,08h00–16h00,08h00–16h00,non,non,Lun-ven 8h-20h. Sam-dim et fériés 8h-16h. Sur RV pour certains services.
QC,msss-clsc-montreal-clinique-communautaire-de-pointe-st-charles-point-de-service,Clinique Communautaire De Pointe St-Charles (Point De Service),sante,CLSC,Montréal,514-934-0354,,"1955, rue Centre, Montréal, QC H3K 1J1",45.482398986816406,-73.5634994506836,,,,,donnees-quebec.ca/MSSS,f,08h00–20h00,08h00–16h00,08h00–16h00,08h00–16h00,non,non,Lun-ven 8h-20h. Sam-dim et fériés 8h-16h. Sur RV pour certains services.
QC,msss-clsc-montreal-clinique-ips-snowdon,Clinique Ips+ Snowdon,sante,CLSC,Montréal,514-934-0354,,"5165, chemin Queen Mary, Montréal, QC H3W 1X7",45.485198974609375,-73.62850189208984,,,,,donnees-quebec.ca/MSSS,f,08h00–20h00,08h00–16h00,08h00–16h00,08h00–16h00,non,non,Lun-ven 8h-20h. Sam-dim et fériés 8h-16h. Sur RV pour certains services.
QC,msss-hopital-montreal-groupe-de-medecine-de-famille-universitaire-de-verdun,Groupe De Médecine De Famille Universitaire De Verdun,sante,Hôpital,Montréal,514-934-0354,,"3950, boulevard LaSalle, Montréal, QC H4G 2A2",45.4640998840332,-73.56400299072266,,,,,donnees-quebec.ca/MSSS,f,00h00–24h00 (urgences) | 08h00–16h00 (admin),00h00–24h00 (urgences),00h00–24h00 (urgences),00h00–24h00 (urgences),oui,oui,Urgences 24h/24. Services ambulatoires sur rendez-vous: lun-ven 8h-16h
QC,msss-hopital-montreal-groupe-de-medecine-de-famille-universitaire-de-verdun-de-l-e,Groupe De Médecine De Famille Universitaire De Verdun-De-L'Église,sante,Hôpital,Montréal,514-934-0354,,"55, rue de l'Église, Montréal, QC H4G 3E7",45.46289825439453,-73.56449890136719,,,,,donnees-quebec.ca/MSSS,f,00h00–24h00 (urgences) | 08h00–16h00 (admin),00h00–24h00 (urgences),00h00–24h00 (urgences),00h00–24h00 (urgences),oui,oui,Urgences 24h/24. Services ambulatoires sur rendez-vous: lun-ven 8h-16h
QC,msss-hopital-montreal-groupe-de-medecine-de-famille-universitaire-et-centre-de-ser,Groupe De Médecine De Famille Universitaire Et Centre De Services Ambulatoires De St. Mary,sante,Hôpital,Montréal,514-934-0354,,"3777, rue Jean-Brillant, Montréal, QC H3T 1M5",45.494998931884766,-73.6238021850586,,,,,donnees-quebec.ca/MSSS,f,00h00–24h00 (urgences) | 08h00–16h00 (admin),00h00–24h00 (urgences),00h00–24h00 (urgences),00h00–24h00 (urgences),oui,oui,Urgences 24h/24. Services ambulatoires sur rendez-vous: lun-ven 8h-16h
QC,msss-hopital-montreal-groupe-de-medecine-de-famille-universitaire-notre-dame,Groupe De Médecine De Famille Universitaire Notre-Dame,sante,Hôpital,Montréal,514-934-0354,,"2120, rue Sherbrooke Est, 6e étage, Montréal, QC H2K 1C3",45.53099822998047,-73.5625991821289,,,,,donnees-quebec.ca/MSSS,f,00h00–24h00 (urgences) | 08h00–16h00 (admin),00h00–24h00 (urgences),00h00–24h00 (urgences),00h00–24h00 (urgences),oui,oui,Urgences 24h/24. Services ambulatoires sur rendez-vous: lun-ven 8h-16h
QC,msss-hopital-montreal-groupe-de-medecine-de-famille-universitaire-sacre-c-ur,Groupe De Médecine De Famille Universitaire Sacré-Cœur,sante,Hôpital,Montréal,514-934-0354,,"1575, boulevard Henri-Bourassa Ouest, 2e, Montréal, QC H3M 3A9",45.53760147094727,-73.67970275878906,,,,,donnees-quebec.ca/MSSS,f,00h00–24h00 (urgences) | 08h00–16h00 (admin),00h00–24h00 (urgences),00h00–24h00 (urgences),00h00–24h00 (urgences),oui,oui,Urgences 24h/24. Services ambulatoires sur rendez-vous: lun-ven 8h-16h
QC,msss-hopital-montreal-hopital-catherine-booth,Hôpital Catherine-Booth,sante,Hôpital,Montréal,514-934-0354,,"4375, avenue Montclair, Montréal, QC H4B 2J5",45.46390151977539,-73.6355972290039,,,,,donnees-quebec.ca/MSSS,f,00h00–24h00 (urgences) | 08h00–16h00 (admin),00h00–24h00 (urgences),00h00–24h00 (urgences),00h00–24h00 (urgences),oui,oui,Urgences 24h/24. Services ambulatoires sur rendez-vous: lun-ven 8h-16h
QC,msss-hopital-montreal-hopital-de-lachine,Hôpital De Lachine,sante,Hôpital,Montréal,514-934-0354,,"650, 16e Avenue, Montréal, QC H8S 3N5",45.440799713134766,-73.677001953125,,,,,donnees-quebec.ca/MSSS,f,00h00–24h00 (urgences) | 08h00–16h00 (admin),00h00–24h00 (urgences),00h00–24h00 (urgences),00h00–24h00 (urgences),oui,oui,Urgences 24h/24. Services ambulatoires sur rendez-vous: lun-ven 8h-16h
QC,msss-hopital-montreal-hopital-de-lasalle,Hôpital De Lasalle,sante,Hôpital,Montréal,514-934-0354,,"8585, terrasse Champlain, Montréal, QC H8P 1C1",45.42079925537109,-73.62339782714844,,,,,donnees-quebec.ca/MSSS,f,00h00–24h00 (urgences) | 08h00–16h00 (admin),00h00–24h00 (urgences),00h00–24h00 (urgences),00h00–24h00 (urgences),oui,oui,Urgences 24h/24. Services ambulatoires sur rendez-vous: lun-ven 8h-16h
QC,msss-hopital-montreal-hopital-de-verdun,Hôpital De Verdun,sante,Hôpital,Montréal,514-934-0354,,"4000, boulevard LaSalle, Montréal, QC H4G 2A3",45.4640998840332,-73.56400299072266,,,,,donnees-quebec.ca/MSSS,f,00h00–24h00 (urgences) | 08h00–16h00 (admin),00h00–24h00 (urgences),00h00–24h00 (urgences),00h00–24h00 (urgences),oui,oui,Urgences 24h/24. Services ambulatoires sur rendez-vous: lun-ven 8h-16h
QC,msss-hopital-montreal-hopital-du-sacre-coeur-de-montreal,Hôpital Du Sacré-Coeur-De-Montréal,sante,Hôpital,Montréal,514-934-0354,,"5400, boulevard Gouin Ouest, Montréal, QC H4J 1C5",45.53260040283203,-73.71399688720703,,,,,donnees-quebec.ca/MSSS,f,00h00–24h00 (urgences) | 08h00–16h00 (admin),00h00–24h00 (urgences),00h00–24h00 (urgences),00h00–24h00 (urgences),oui,oui,Urgences 24h/24. Services ambulatoires sur rendez-vous: lun-ven 8h-16h
QC,msss-hopital-montreal-hopital-en-sante-mentale-albert-prevost,Hôpital En Santé Mentale Albert-Prévost,sante,Hôpital,Montréal,514-934-0354,,"6555, boulevard Gouin Ouest, Montréal, QC H4K 1B3",45.52899932861328,-73.72899627685547,,,,,donnees-quebec.ca/MSSS,f,00h00–24h00 (urgences) | 08h00–16h00 (admin),00h00–24h00 (urgences),00h00–24h00 (urgences),00h00–24h00 (urgences),oui,oui,Urgences 24h/24. Services ambulatoires sur rendez-vous: lun-ven 8h-16h
QC,msss-hopital-montreal-hopital-et-centre-de-readaptation-en-deficience-physique-irg,Hôpital Et Centre De Réadaptation En Déficience Physique Irglm-Charles W. Lindsay,sante,Hôpital,Montréal,514-934-0354,,"6363, chemin Hudson, Montréal, QC H3S 1M9",45.50709915161133,-73.62950134277344,,,,,donnees-quebec.ca/MSSS,f,00h00–24h00 (urgences) | 08h00–16h00 (admin),00h00–24h00 (urgences),00h00–24h00 (urgences),00h00–24h00 (urgences),oui,oui,Urgences 24h/24. Services ambulatoires sur rendez-vous: lun-ven 8h-16h
QC,msss-hopital-montreal-hopital-et-centre-de-readaptation-en-deficience-physique-irg-2,Hôpital Et Centre De Réadaptation En Déficience Physique Irglm-Gustave-Gingras,sante,Hôpital,Montréal,514-934-0354,,"6300, avenue Darlington, Montréal, QC H3S 2J4",45.50809860229492,-73.62879943847656,,,,,donnees-quebec.ca/MSSS,f,00h00–24h00 (urgences) | 08h00–16h00 (admin),00h00–24h00 (urgences),00h00–24h00 (urgences),00h00–24h00 (urgences),oui,oui,Urgences 24h/24. Services ambulatoires sur rendez-vous: lun-ven 8h-16h
QC,msss-hopital-montreal-hopital-fleury,Hôpital Fleury,sante,Hôpital,Montréal,514-934-0354,,"2180, rue Fleury Est, Montréal, QC H2B 1K3",45.5718002319336,-73.65039825439453,,,,,donnees-quebec.ca/MSSS,f,00h00–24h00 (urgences) | 08h00–16h00 (admin),00h00–24h00 (urgences),00h00–24h00 (urgences),00h00–24h00 (urgences),oui,oui,Urgences 24h/24. Services ambulatoires sur rendez-vous: lun-ven 8h-16h
QC,msss-hopital-montreal-hopital-glen,Hôpital Glen,sante,Hôpital,Montréal,514-934-0354,,"1001, boulevard Décarie, Montréal, QC H4A 3J1",45.4734001159668,-73.60089874267578,,,,,donnees-quebec.ca/MSSS,f,00h00–24h00 (urgences) | 08h00–16h00 (admin),00h00–24h00 (urgences),00h00–24h00 (urgences),00h00–24h00 (urgences),oui,oui,Urgences 24h/24. Services ambulatoires sur rendez-vous: lun-ven 8h-16h
QC,msss-chsld-montreal-hopital-grace-dart,Hôpital Grace Dart,sante,CHSLD,Montréal,514-934-0354,,"6085, rue Sherbrooke Est, Montréal, QC H1N 1C2",45.57849884033203,-73.54660034179688,,,,,donnees-quebec.ca/MSSS,f,08h00–16h00 (admin) | Soins 24h/24,Soins 24h/24 (admin fermé),Soins 24h/24 (admin fermé),Soins 24h/24 (admin fermé),oui,non,Milieu de vie 24h/24. Admin: lun-ven 8h-16h. Visites: 8h-21h30
QC,msss-hopital-montreal-hopital-general-de-montreal,Hôpital Général De Montréal,sante,Hôpital,Montréal,514-934-0354,,"1650, avenue Cedar, Montréal, QC H3G 1A4",45.49700164794922,-73.58899688720703,,,,,donnees-quebec.ca/MSSS,f,00h00–24h00 (urgences) | 08h00–16h00 (admin),00h00–24h00 (urgences),00h00–24h00 (urgences),00h00–24h00 (urgences),oui,oui,Urgences 24h/24. Services ambulatoires sur rendez-vous: lun-ven 8h-16h
QC,msss-hopital-montreal-hopital-general-juif-2,Hôpital Général Juif,sante,Hôpital,Montréal,514-934-0354,,"3755, chemin de la Côte-Sainte-Catherine, Montréal, QC H3T 1E2",45.49779891967773,-73.62879943847656,,,,,donnees-quebec.ca/MSSS,f,00h00–24h00 (urgences) | 08h00–16h00 (admin),00h00–24h00 (urgences),00h00–24h00 (urgences),00h00–24h00 (urgences),oui,oui,Urgences 24h/24. Services ambulatoires sur rendez-vous: lun-ven 8h-16h
QC,msss-hopital-montreal-hopital-general-juif,Hôpital Général Juif,sante,Hôpital,Montréal,514-934-0354,,"4335, chemin de la Côte-Sainte-Catherine, Montréal, QC H3T 1E4",45.49580001831055,-73.63059997558594,,,,,donnees-quebec.ca/MSSS,f,00h00–24h00 (urgences) | 08h00–16h00 (admin),00h00–24h00 (urgences),00h00–24h00 (urgences),00h00–24h00 (urgences),oui,oui,Urgences 24h/24. Services ambulatoires sur rendez-vous: lun-ven 8h-16h
QC,msss-hopital-montreal-hopital-jean-talon,Hôpital Jean-Talon,sante,Hôpital,Montréal,514-934-0354,,"1385, rue Jean-Talon Est, Montréal, QC H2E 1S6",45.5458984375,-73.6094970703125,,,,,donnees-quebec.ca/MSSS,f,00h00–24h00 (urgences) | 08h00–16h00 (admin),00h00–24h00 (urgences),00h00–24h00 (urgences),00h00–24h00 (urgences),oui,oui,Urgences 24h/24. Services ambulatoires sur rendez-vous: lun-ven 8h-16h
QC,msss-hopital-montreal-hopital-maisonneuve-rosemont,Hôpital Maisonneuve-Rosemont,sante,Hôpital,Montréal,514-934-0354,,"5415, boulevard de l'Assomption, Montréal, QC H1T 2M4",45.57419967651367,-73.55850219726562,,,,,donnees-quebec.ca/MSSS,f,00h00–24h00 (urgences) | 08h00–16h00 (admin),00h00–24h00 (urgences),00h00–24h00 (urgences),00h00–24h00 (urgences),oui,oui,Urgences 24h/24. Services ambulatoires sur rendez-vous: lun-ven 8h-16h
QC,msss-hopital-montreal-hopital-marie-clarac,Hôpital Marie-Clarac,sante,Hôpital,Montréal,514-934-0354,,"3530, boulevard Gouin Est, Montréal, QC H1H 1B7",45.59080123901367,-73.64969635009766,,,,,donnees-quebec.ca/MSSS,f,00h00–24h00 (urgences) | 08h00–16h00 (admin),00h00–24h00 (urgences),00h00–24h00 (urgences),00h00–24h00 (urgences),oui,oui,Urgences 24h/24. Services ambulatoires sur rendez-vous: lun-ven 8h-16h
QC,msss-hopital-montreal-hopital-neurologique-de-montreal,Hôpital Neurologique De Montréal,sante,Hôpital,Montréal,514-934-0354,,"3801, rue University, Montréal, QC H3A 2B4",45.50899887084961,-73.5813980102539,,,,,donnees-quebec.ca/MSSS,f,00h00–24h00 (urgences) | 08h00–16h00 (admin),00h00–24h00 (urgences),00h00–24h00 (urgences),00h00–24h00 (urgences),oui,oui,Urgences 24h/24. Services ambulatoires sur rendez-vous: lun-ven 8h-16h
QC,msss-hopital-montreal-hopital-notre-dame,Hôpital Notre-Dame,sante,Hôpital,Montréal,514-934-0354,,"1560, rue Sherbrooke Est, Montréal, QC H2L 4M1",45.52539825439453,-73.5635986328125,,,,,donnees-quebec.ca/MSSS,f,00h00–24h00 (urgences) | 08h00–16h00 (admin),00h00–24h00 (urgences),00h00–24h00 (urgences),00h00–24h00 (urgences),oui,oui,Urgences 24h/24. Services ambulatoires sur rendez-vous: lun-ven 8h-16h
QC,msss-hopital-montreal-hopital-richardson,Hôpital Richardson,sante,Hôpital,Montréal,514-934-0354,,"5425, avenue Bessborough, Montréal, QC H4V 2S7",45.47200012207031,-73.6458969116211,,,,,donnees-quebec.ca/MSSS,f,00h00–24h00 (urgences) | 08h00–16h00 (admin),00h00–24h00 (urgences),00h00–24h00 (urgences),00h00–24h00 (urgences),oui,oui,Urgences 24h/24. Services ambulatoires sur rendez-vous: lun-ven 8h-16h
QC,msss-hopital-montreal-hopital-santa-cabrini,Hôpital Santa Cabrini,sante,Hôpital,Montréal,514-934-0354,,"5655, rue Saint-Zotique Est, Montréal, QC H1T 1P7",45.5801010131836,-73.57170104980469,,,,,donnees-quebec.ca/MSSS,f,00h00–24h00 (urgences) | 08h00–16h00 (admin),00h00–24h00 (urgences),00h00–24h00 (urgences),00h00–24h00 (urgences),oui,oui,Urgences 24h/24. Services ambulatoires sur rendez-vous: lun-ven 8h-16h
QC,msss-hopital-montreal-hopital-shriners-pour-enfants-quebec,Hôpital Shriners Pour Enfants (Québec),sante,Hôpital,Montréal,514-934-0354,,"1003, boulevard Décarie, Montréal, QC H4A 0A9",45.4718017578125,-73.60199737548828,,,,,donnees-quebec.ca/MSSS,f,00h00–24h00 (urgences) | 08h00–16h00 (admin),00h00–24h00 (urgences),00h00–24h00 (urgences),00h00–24h00 (urgences),oui,oui,Urgences 24h/24. Services ambulatoires sur rendez-vous: lun-ven 8h-16h
QC,msss-hopital-montreal-hotel-dieu-de-montreal,Hôtel-Dieu De Montréal,sante,Hôpital,Montréal,514-934-0354,,"3840, rue Saint-Urbain, Montréal, QC H2W 1T8",45.51390075683594,-73.5781021118164,,,,,donnees-quebec.ca/MSSS,f,00h00–24h00 (urgences) | 08h00–16h00 (admin),00h00–24h00 (urgences),00h00–24h00 (urgences),00h00–24h00 (urgences),oui,oui,Urgences 24h/24. Services ambulatoires sur rendez-vous: lun-ven 8h-16h
QC,msss-hopital-montreal-institut-de-cardiologie-de-montreal,Institut De Cardiologie De Montréal,sante,Hôpital,Montréal,514-934-0354,,"5000, rue Bélanger, Montréal, QC H1T 1C8",45.57379913330078,-73.57779693603516,,,,,donnees-quebec.ca/MSSS,f,00h00–24h00 (urgences) | 08h00–16h00 (admin),00h00–24h00 (urgences),00h00–24h00 (urgences),00h00–24h00 (urgences),oui,oui,Urgences 24h/24. Services ambulatoires sur rendez-vous: lun-ven 8h-16h
QC,msss-hopital-montreal-institut-universitaire-de-geriatrie-de-montreal,Institut Universitaire De Gériatrie De Montréal,sante,Hôpital,Montréal,514-934-0354,,"4565, chemin Queen-Mary, Montréal, QC H3W 1W5",45.49100112915039,-73.6238021850586,,,,,donnees-quebec.ca/MSSS,f,00h00–24h00 (urgences) | 08h00–16h00 (admin),00h00–24h00 (urgences),00h00–24h00 (urgences),00h00–24h00 (urgences),oui,oui,Urgences 24h/24. Services ambulatoires sur rendez-vous: lun-ven 8h-16h
QC,msss-chsld-montreal-institut-universitaire-en-sante-mentale-de-montreal,Institut Universitaire En Santé Mentale De Montréal,sante,CHSLD,Montréal,514-934-0354,,"7401, rue Hochelaga, Montréal, QC H1N 3M5",45.588600158691406,-73.52899932861328,,,,,donnees-quebec.ca/MSSS,f,08h00–16h00 (admin) | Soins 24h/24,Soins 24h/24 (admin fermé),Soins 24h/24 (admin fermé),Soins 24h/24 (admin fermé),oui,non,Milieu de vie 24h/24. Admin: lun-ven 8h-16h. Visites: 8h-21h30
QC,msss-chsld-montreal-l-hopital-chinois-de-montreal-1963,L'Hôpital Chinois De Montréal (1963),sante,CHSLD,Montréal,514-934-0354,,"189, avenue Viger Est, Montréal, QC H2X 3Y9",45.509498596191406,-73.55809783935547,,,,,donnees-quebec.ca/MSSS,f,08h00–16h00 (admin) | Soins 24h/24,Soins 24h/24 (admin fermé),Soins 24h/24 (admin fermé),Soins 24h/24 (admin fermé),oui,non,Milieu de vie 24h/24. Admin: lun-ven 8h-16h. Visites: 8h-21h30
QC,msss-chsld-montreal-les-cedres-centre-d-accueil-pour-personnes-agees,Les Cèdres - Centre D'Accueil Pour Personnes Âgées,sante,CHSLD,Montréal,514-934-0354,,"1275, boulevard de la Côte-Vertu, Montréal, QC H4L 4V2",45.516998291015625,-73.67990112304688,,,,,donnees-quebec.ca/MSSS,f,08h00–16h00 (admin) | Soins 24h/24,Soins 24h/24 (admin fermé),Soins 24h/24 (admin fermé),Soins 24h/24 (admin fermé),oui,non,Milieu de vie 24h/24. Admin: lun-ven 8h-16h. Visites: 8h-21h30
QC,msss-chsld-montreal-maison-alternative-de-riviere-des-prairies,Maison Alternative De Rivière-Des-Prairies,sante,CHSLD,Montréal,514-934-0354,,"7099, boulevard Maurice-Duplessis, Montréal, QC H1G 0A6",45.62099838256836,-73.60919952392578,,,,,donnees-quebec.ca/MSSS,f,08h00–16h00 (admin) | Soins 24h/24,Soins 24h/24 (admin fermé),Soins 24h/24 (admin fermé),Soins 24h/24 (admin fermé),oui,non,Milieu de vie 24h/24. Admin: lun-ven 8h-16h. Visites: 8h-21h30
QC,msss-clsc-montreal-maison-de-naissance-anne-courtemanche,Maison De Naissance Anne-Courtemanche,sante,CLSC,Montréal,514-934-0354,,"4500, rue de Contrecoeur, Montréal, QC H1K 0L1",45.61180114746094,-73.527099609375,,,,,donnees-quebec.ca/MSSS,f,08h00–20h00,08h00–16h00,08h00–16h00,08h00–16h00,non,non,Lun-ven 8h-20h. Sam-dim et fériés 8h-16h. Sur RV pour certains services.
QC,msss-clsc-montreal-maison-de-naissance-de-cote-des-neiges,Maison De Naissance De Côte-Des-Neiges,sante,CLSC,Montréal,514-934-0354,,"6560, chemin de la Côte-des-Neiges, Montréal, QC H3S 2A7",45.50189971923828,-73.6353988647461,,,,,donnees-quebec.ca/MSSS,f,08h00–20h00,08h00–16h00,08h00–16h00,08h00–16h00,non,non,Lun-ven 8h-20h. Sam-dim et fériés 8h-16h. Sur RV pour certains services.
QC,msss-clsc-montreal-maison-de-naissance-jeanne-mance,Maison De Naissance Jeanne-Mance,sante,CLSC,Montréal,514-934-0354,,"1822-1828, rue Ontario Est, Montréal, QC H2K 1T7",45.526100158691406,-73.55870056152344,,,,,donnees-quebec.ca/MSSS,f,08h00–20h00,08h00–16h00,08h00–16h00,08h00–16h00,non,non,Lun-ven 8h-20h. Sam-dim et fériés 8h-16h. Sur RV pour certains services.
QC,msss-hopital-montreal-pavillon-rachel-tourigny,Pavillon Rachel-Tourigny,sante,Hôpital,Montréal,514-934-0354,,"5305, boulevard de l'Assomption, Montréal, QC H1T 2M4",45.57400131225586,-73.55680084228516,,,,,donnees-quebec.ca/MSSS,f,00h00–24h00 (urgences) | 08h00–16h00 (admin),00h00–24h00 (urgences),00h00–24h00 (urgences),00h00–24h00 (urgences),oui,oui,Urgences 24h/24. Services ambulatoires sur rendez-vous: lun-ven 8h-16h
QC,msss-hopital-montreal-pavillon-rosemont,Pavillon Rosemont,sante,Hôpital,Montréal,514-934-0354,,"5689, boulevard Rosemont, Montréal, QC H1T 2H1",45.57749938964844,-73.56210327148438,,,,,donnees-quebec.ca/MSSS,f,00h00–24h00 (urgences) | 08h00–16h00 (admin),00h00–24h00 (urgences),00h00–24h00 (urgences),00h00–24h00 (urgences),oui,oui,Urgences 24h/24. Services ambulatoires sur rendez-vous: lun-ven 8h-16h
QC,msss-hopital-montreal-pavillon-edouard-asselin,Pavillon Édouard-Asselin,sante,Hôpital,Montréal,514-934-0354,,"264, boulevard René-Lévesque Est, Montréal, QC H2X 1P1",45.51110076904297,-73.55860137939453,,,,,donnees-quebec.ca/MSSS,f,00h00–24h00 (urgences) | 08h00–16h00 (admin),00h00–24h00 (urgences),00h00–24h00 (urgences),00h00–24h00 (urgences),oui,oui,Urgences 24h/24. Services ambulatoires sur rendez-vous: lun-ven 8h-16h
QC,msss-hopital-montreal-programme-de-recherche-clinique-chum-ircm,Programme De Recherche Clinique Chum-Ircm,sante,Hôpital,Montréal,514-934-0354,,"120 avenue des Pins Ouest, Montréal, QC H2W 2T2",45.51340103149414,-73.57620239257812,,,,,donnees-quebec.ca/MSSS,f,00h00–24h00 (urgences) | 08h00–16h00 (admin),00h00–24h00 (urgences),00h00–24h00 (urgences),00h00–24h00 (urgences),oui,oui,Urgences 24h/24. Services ambulatoires sur rendez-vous: lun-ven 8h-16h
QC,msss-chsld-montreal-residence-berthiaume-du-tremblay,Résidence Berthiaume-Du Tremblay,sante,CHSLD,Montréal,514-934-0354,,"1635, boulevard Gouin Est, Montréal, QC H2C 1C2",45.56740188598633,-73.66300201416016,,,,,donnees-quebec.ca/MSSS,f,08h00–16h00 (admin) | Soins 24h/24,Soins 24h/24 (admin fermé),Soins 24h/24 (admin fermé),Soins 24h/24 (admin fermé),oui,non,Milieu de vie 24h/24. Admin: lun-ven 8h-16h. Visites: 8h-21h30
QC,msss-hopital-montreal-villa-medica,Villa Medica,sante,Hôpital,Montréal,514-934-0354,,"225, rue Sherbrooke Est, Montréal, QC H2X 1C9",45.51499938964844,-73.5687026977539,,,,,donnees-quebec.ca/MSSS,f,00h00–24h00 (urgences) | 08h00–16h00 (admin),00h00–24h00 (urgences),00h00–24h00 (urgences),00h00–24h00 (urgences),oui,oui,Urgences 24h/24. Services ambulatoires sur rendez-vous: lun-ven 8h-16h
QC,h-clos-mtl,CLOS – Comité logement Centre-Sud,logement,Comité logement,Montréal,514-525-0399,https://clos-mtl.org,"2349, rue de Rouen, bureau 210, Montréal, QC H2K 1L8",,,,X,,,curated-housing-network,f,09h00–17h00,Fermé,Fermé,Fermé,non,non,Lun-ven 9h-17h. Consultations sur RV.
QC,h-comite-logement-rosemont,Comité logement Rosemont,logement,Comité logement,Montréal,514-597-2581,https://comitelogement.org,"5350, rue Lafond, Montréal, QC H1X 2X2",,,,X,,,curated-housing-network,f,09h00–17h00,Fermé,Fermé,Fermé,non,non,Lun-ven 9h-17h. Consultations sur RV.
QC,h-cl-villeray,Comité logement de Villeray,logement,Comité logement,Montréal,514-270-6703,https://clvillerays.com,"660, rue Villeray, Montréal, QC H2R 1J1",,,,X,,,curated-housing-network,f,09h00–17h00,Fermé,Fermé,Fermé,non,non,Lun-ven 9h-17h. Consultations sur RV.
QC,h-cl-petite-patrie,Comité logement de la Petite-Patrie,logement,Comité logement,Montréal,514-272-9006,https://comitelogementpp.org,"6839, rue Drolet, Montréal, QC H2S 2T1",,,,X,,,curated-housing-network,f,09h00–17h00,Fermé,Fermé,Fermé,non,non,Lun-ven 9h-17h. Consultations sur RV.
QC,h-clpp-mtl,Comité logement du Plateau Mont-Royal,logement,Comité logement,Montréal,514-527-3495,https://clpmr.com,"4450, rue Saint-Hubert, bureau 328, Montréal, QC H2J 2W9",,,,X,,,curated-housing-network,f,09h00–17h00,Fermé,Fermé,Fermé,non,non,Lun-ven 9h-17h. Consultations sur RV.
QC,h-fohm,FOHM – Fédération des OSBL d'habitation de Montréal,logement,Fédération OSBL Montréal,Montréal,514-527-6668,https://fohm.org,"1000, rue Amherst, bureau 200, Montréal, QC H2L 3K5",,,,X,,,curated-housing-network,f,08h30–16h30,Fermé,Fermé,Fermé,non,non,Lun-ven 8h30-16h30.
QC,h-frapru,FRAPRU – Front d'action populaire en réaménagement urbain,logement,Réseau provincial – défense logement,Montréal,514-522-1010,https://frapru.qc.ca,"1431, rue Fullum, bureau 102, Montréal, QC H2K 0B5",,,,X,,,curated-housing-network,t,09h00–17h00,Fermé,Fermé,Fermé,non,non,Lun-ven 9h-17h. Consultations sur RV.
QC,h-omh-mtl,Office municipal d'habitation de Montréal (OMHM),logement,Office municipal d'habitation,Montréal,514-872-6646,https://omhm.qc.ca,"415, rue Saint-Antoine Ouest, Montréal, QC H2Z 1H8",,,,X,,,curated-housing-network,f,08h30–16h30,Fermé,Fermé,Fermé,non,non,Bureau lun-ven 8h30-16h30. Liste d'attente – inscription requise.
QC,h-rclalq,RCLALQ – Regroupement des comités logement et associations de locataires du Québec,logement,Défense des locataires,Montréal,514-521-7114,https://rclalq.qc.ca,"920, rue Sherbrooke Est, bureau 200, Montréal, QC H2L 1L2",,,,X,,,curated-housing-network,t,09h00–17h00,Fermé,Fermé,Fermé,non,non,Lun-ven 9h-17h. Consultations sur RV.
QC,h-rqoh,RQOH – Réseau québécois des OSBL d'habitation,logement,Réseau OSBL d'habitation,Montréal,1-866-846-9276,https://rqoh.com,"533, rue Ontario Est, bureau 202, Montréal, QC H2L 1N8",,,,X,,,curated-housing-network,t,08h30–16h30,Fermé,Fermé,Fermé,non,non,Lun-ven 8h30-16h30.
QC,imm-asfc-mtl,Action Réfugiés Montréal,immigration,Aide aux réfugiés,Montréal,514-935-7799,https://actionr.org,"1439, av. Union, bureau 401, Montréal, QC H3A 2B5",,,,X,,,curated-immigration-network,f,08h30–16h30,Fermé,Fermé,Fermé,non,non,Lun-ven 8h30-16h30. Sur RV pour consultations spécialisées.
QC,imm-cari-mtl,CARI Saint-Laurent (Centre d'accueil et de référence pour immigrants),immigration,Accueil – nouveaux arrivants,Montréal,514-748-2007,https://cari.qc.ca,"775, boul. Décarie, bureau 200, Saint-Laurent, QC H4L 3L9",,,,X,,,curated-immigration-network,f,08h30–16h30,Fermé,Fermé,Fermé,non,non,Lun-ven 8h30-16h30. Sur RV pour consultations spécialisées.
QC,imm-collectif-iberoam,Centre social d'aide aux immigrants (CSAI),immigration,Accueil – nouveaux arrivants,Montréal,514-932-2953,https://centrecsai.org,"6201, rue Laurendeau, Montréal, QC H4E 3X8",,,,X,,,curated-immigration-network,f,08h30–16h30,Fermé,Fermé,Fermé,non,non,Lun-ven 8h30-16h30. Sur RV pour consultations spécialisées.
QC,imm-clic-mtl,Clinique pour la Justice migrante,immigration,Aide juridique – immigration,Montréal,514-987-8786,https://cliniquejusticemigrante.org,"1290, rue Saint-Denis, bureau 200, Montréal, QC H2X 3J7",,,,X,,,curated-immigration-network,f,08h30–16h30,Fermé,Fermé,Fermé,non,non,Lun-ven 8h30-16h30. Sur RV pour consultations spécialisées.
QC,imm-collectif-mtl,Collectif des femmes immigrantes du Québec (CFIQ),immigration,Femmes immigrantes,Montréal,514-279-4246,https://cfiq.ca,"1255, rue Robert-Bourassa, bureau 906, Montréal, QC H3B 3W9",,,,X,,,curated-immigration-network,f,08h30–16h30,Fermé,Fermé,Fermé,non,non,Lun-ven 8h30-16h30. Sur RV pour consultations spécialisées.
QC,imm-soc-asile-mtl,Foyer du monde,immigration,Hébergement réfugiés,Montréal,514-733-0554,https://foyerdumonde.org,"5765, av. McKenna, Montréal, QC H3W 1S1",,,,X,,,curated-immigration-network,f,08h30–16h30,Fermé,Fermé,Fermé,non,non,Lun-ven 8h30-16h30. Sur RV pour consultations spécialisées.
QC,imm-himo-mtl,Hirondelle – Services d'accueil et d'intégration,immigration,Accueil – nouveaux arrivants,Montréal,514-281-2038,https://hirondelle.qc.ca,"4652, rue Jeanne-Mance, Montréal, QC H2V 4J4",,,,X,,,curated-immigration-network,f,08h30–16h30,Fermé,Fermé,Fermé,non,non,Lun-ven 8h30-16h30. Sur RV pour consultations spécialisées.
QC,imm-promis-mtl,PROMIS – Promotion-Intégration-Société nouvelle,immigration,Accueil – nouveaux arrivants,Montréal,514-345-1615,https://promis.qc.ca,"3333, ch. de la Côte-Sainte-Catherine, bureau 201, Montréal, QC H3T 1C8",,,,X,,,curated-immigration-network,f,08h30–16h30,Fermé,Fermé,Fermé,non,non,Lun-ven 8h30-16h30. Sur RV pour consultations spécialisées.
QC,imm-tcri,TCRI – Table de concertation des organismes au service des personnes réfugiées et immigrantes,immigration,Réseau provincial,Montréal,514-272-6060,https://tcri.qc.ca,"518, rue Beaubien Est, bureau 200, Montréal, QC H2S 1S5",,,,X,,,curated-immigration-network,t,08h30–16h30,Fermé,Fermé,Fermé,non,non,Lun-ven 8h30-16h30. Sur RV pour consultations spécialisées.
QC,imm-wmc-mtl,Welcome Collective,immigration,Aide aux demandeurs d'asile,Montréal,514-507-5685,https://welcomecollective.org,"5165, rue Sherbrooke Ouest, bureau 230, Montréal, QC H4A 1T6",,,,X,,,curated-immigration-network,f,08h30–16h30,Fermé,Fermé,Fermé,non,non,Lun-ven 8h30-16h30. Sur RV pour consultations spécialisées.
QC,mh-acsm-mtl,ACSM – Filiale de Montréal,santemental,Santé mentale communautaire,Montréal,514-849-3291,https://acsmmontreal.qc.ca,"55, av. du Mont-Royal Ouest, bureau 605, Montréal, QC H2T 2S6",,,,X,,,curated-mh-network,f,08h30–16h30,Fermé,Fermé,Fermé,non,non,Lun-ven 8h30-16h30. Sur rendez-vous pour suivi.
QC,msss-centre-hospitalier-psychiatrique-montreal-centre-de-services-ambulatoires-bois-de-boulogne,Centre De Services Ambulatoires Bois-De-Boulogne,santemental,Centre hospitalier psychiatrique,Montréal,514-934-0354,,"1575, boulevard Henri-Bourassa Ouest, Montréal, QC H3M 3A9",45.53760147094727,-73.67970275878906,,,,,donnees-quebec.ca/MSSS,f,00h00–24h00,00h00–24h00,00h00–24h00,00h00–24h00,oui,oui,"Service de crise disponible 24h/24, 7j/7"
QC,msss-centre-hospitalier-psychiatrique-montreal-centre-de-services-ambulatoires-de-soins-psychiatriques-craw,Centre De Services Ambulatoires De Soins Psychiatriques Crawford,santemental,Centre hospitalier psychiatrique,Montréal,514-934-0354,,"7105, boulevard Lasalle, Montréal, QC H4H 1R2",45.43939971923828,-73.5813980102539,,,,,donnees-quebec.ca/MSSS,f,00h00–24h00,00h00–24h00,00h00–24h00,00h00–24h00,oui,oui,"Service de crise disponible 24h/24, 7j/7"
QC,msss-centre-hospitalier-psychiatrique-montreal-centre-de-services-ambulatoires-de-soins-psychiatriques-well,Centre De Services Ambulatoires De Soins Psychiatriques Wellington,santemental,Centre hospitalier psychiatrique,Montréal,514-934-0354,,"4932, rue Wellington, Montréal, QC H4G 1X6",45.456298828125,-73.56729888916016,,,,,donnees-quebec.ca/MSSS,f,00h00–24h00,00h00–24h00,00h00–24h00,00h00–24h00,oui,oui,"Service de crise disponible 24h/24, 7j/7"
QC,msss-centre-hospitalier-psychiatrique-montreal-centre-de-services-ambulatoires-en-gerontopsychiatrie-grenet,Centre De Services Ambulatoires En Gérontopsychiatrie Grenet,santemental,Centre hospitalier psychiatrique,Montréal,514-934-0354,,"12085, rue Grenet, Montréal, QC H4J 2J4",45.52989959716797,-73.71379852294922,,,,,donnees-quebec.ca/MSSS,f,00h00–24h00,00h00–24h00,00h00–24h00,00h00–24h00,oui,oui,"Service de crise disponible 24h/24, 7j/7"
QC,msss-centre-hospitalier-psychiatrique-montreal-centre-de-services-ambulatoires-en-sante-mentale-papineau,Centre De Services Ambulatoires En Santé Mentale Papineau,santemental,Centre hospitalier psychiatrique,Montréal,514-934-0354,,"10345, avenue Papineau, 3e étage, Montréal, QC H2B 2A3",45.56850051879883,-73.65360260009766,,,,,donnees-quebec.ca/MSSS,f,00h00–24h00,00h00–24h00,00h00–24h00,00h00–24h00,oui,oui,"Service de crise disponible 24h/24, 7j/7"
QC,msss-centre-hospitalier-psychiatrique-montreal-centre-multiservices-de-sante-et-de-services-sociaux-riviere,Centre Multiservices De Santé Et De Services Sociaux Rivière-Des-Prairies,santemental,Centre hospitalier psychiatrique,Montréal,514-934-0354,,"7070, boulevard Perras, Montréal, QC H1E 1A4",45.62310028076172,-73.61139678955078,,,,,donnees-quebec.ca/MSSS,f,00h00–24h00,00h00–24h00,00h00–24h00,00h00–24h00,oui,oui,"Service de crise disponible 24h/24, 7j/7"
QC,mh-crise-iris-mtl,Centre de crise IRIS,santemental,Centre de crise,Montréal,514-388-9233,https://centrescriseduquebec.com,"8205, rue Boyer, Montréal, QC H2R 2R8",,,,X,,,curated-mh-network,f,00h00–24h00,00h00–24h00,00h00–24h00,00h00–24h00,oui,oui,"Service disponible 24h/24, 7j/7"
QC,mh-crise-rond-point-mtl,Centre de crise Le Tournant – Sud-Ouest,santemental,Centre de crise,Montréal,514-935-4546,https://centredecrise.ca,"110, rue Sainte-Catherine Est, Montréal, QC H2X 1K6",,,,X,,,curated-mh-network,f,00h00–24h00,00h00–24h00,00h00–24h00,00h00–24h00,oui,oui,"Service disponible 24h/24, 7j/7"
QC,msss-centre-hospitalier-psychiatrique-montreal-hopital-douglas,Hôpital Douglas,santemental,Centre hospitalier psychiatrique,Montréal,514-934-0354,,"6875, boulevard Lasalle, Montréal, QC H4H 1R3",45.44210052490234,-73.58439636230469,,,,,donnees-quebec.ca/MSSS,f,00h00–24h00 (urgences) | 08h00–16h00 (admin),00h00–24h00 (urgences),00h00–24h00 (urgences),00h00–24h00 (urgences),oui,oui,Urgences 24h/24. Services ambulatoires sur rendez-vous: lun-ven 8h-16h
QC,msss-centre-hospitalier-psychiatrique-montreal-institut-national-de-psychiatrie-legale-philippe-pinel,Institut National De Psychiatrie Légale Philippe-Pinel,santemental,Centre hospitalier psychiatrique,Montréal,514-934-0354,,"10905, boulevard Henri-Bourassa Est, Montréal, QC H1C 1H1",45.65599822998047,-73.53359985351562,,,,,donnees-quebec.ca/MSSS,f,00h00–24h00,00h00–24h00,00h00–24h00,00h00–24h00,oui,oui,"Service de crise disponible 24h/24, 7j/7"
QC,msss-centre-hospitalier-psychiatrique-montreal-institut-universitaire-en-sante-mentale-de-montreal,Institut Universitaire En Santé Mentale De Montréal,santemental,Centre hospitalier psychiatrique,Montréal,514-934-0354,,"7401, rue Hochelaga, Montréal, QC H1N 3M5",45.588600158691406,-73.52899932861328,,,,,donnees-quebec.ca/MSSS,f,00h00–24h00,00h00–24h00,00h00–24h00,00h00–24h00,oui,oui,"Service de crise disponible 24h/24, 7j/7"
QC,mh-crise-ouest-mtl,L'Autre Maison – Centre de crise,santemental,Centre de crise,Montréal,514-768-7225,https://lautremaison.com,"1190, rue de Bullion, Montréal, QC H2X 2Z6",,,,X,,,curated-mh-network,f,00h00–24h00,00h00–24h00,00h00–24h00,00h00–24h00,oui,oui,"Service disponible 24h/24, 7j/7"
QC,v-grand-chemin,Le Grand Chemin,santemental,Toxicomanie jeunes,Montréal,1-800-668-9210,,,,,X,X,,,,t,08h30–16h30,Fermé,Fermé,Fermé,non,non,Lun-ven 8h30-16h30. Sur rendez-vous pour suivi.
QC,msss-centre-hospitalier-psychiatrique-montreal-pavillon-fernand-seguin,Pavillon Fernand-Séguin,santemental,Centre hospitalier psychiatrique,Montréal,514-934-0354,,"7331, rue Hochelaga, Montréal, QC H1N 3V2",45.58620071411133,-73.52729797363281,,,,,donnees-quebec.ca/MSSS,f,00h00–24h00 (urgences) | 08h00–16h00 (admin),00h00–24h00 (urgences),00h00–24h00 (urgences),00h00–24h00 (urgences),oui,oui,Urgences 24h/24. Services ambulatoires sur rendez-vous: lun-ven 8h-16h
QC,mh-revivre-qc,"Revivre – Aide aux troubles anxieux, dépressifs, bipolaires",santemental,Soutien troubles mentaux,Montréal,1-866-738-4873,https://revivre.org,"5140, rue Saint-Hubert, bureau 100, Montréal, QC H2J 2Y3",,,,X,,,curated-mh-network,t,08h30–16h30,Fermé,Fermé,Fermé,non,non,Lun-ven 8h30-16h30. Sur rendez-vous pour suivi.
QC,v-suicide-action-mtl,Suicide Action Montréal,santemental,Prévention suicide,Montréal,1-866-277-3553,,,45.54,-73.55,X,,,,,f,00h00–24h00,00h00–24h00,00h00–24h00,00h00–24h00,oui,oui,"Service disponible 24h/24, 7j/7"
QC,mh-tracom-mtl,TRACOM – Centre de crise pour adultes,santemental,Centre de crise,Montréal,514-483-3033,https://tracom.ca,"5800, ch. Côte-Saint-Antoine, Montréal, QC H4A 1R9",,,,X,,,curated-mh-network,f,00h00–24h00,00h00–24h00,00h00–24h00,00h00–24h00,oui,oui,"Service disponible 24h/24, 7j/7"
QC,s-centraide-grand-mtl,Centraide du Grand Montréal,soutienSocial,Centraide,Montréal,514-288-1261,https://centraide-mtl.org,"493, rue Sherbrooke Ouest, Montréal, QC H3A 1B6",,,,X,,,curated-social-network,f,08h30–16h30,Fermé,Fermé,Fermé,non,non,Lun-ven 8h30-16h30.
QC,centre911-montreal,Centre 911 de Montréal,soutienSocial,Centre 911,Montréal,911,,,45.5048,-73.5772,X,,,,,f,00h00–24h00,00h00–24h00,00h00–24h00,00h00–24h00,oui,oui,"Service disponible 24h/24, 7j/7"
QC,s-cab-mtl,Centre d'action bénévole de Montréal,soutienSocial,Centre d'action bénévole,Montréal,514-842-3351,https://cabm.net,"1474, rue Fleury Est, Montréal, QC H2C 1S1",,,,X,,,curated-social-network,f,08h30–16h30,Fermé,Fermé,Fermé,non,non,Lun-ven 8h30-16h30.
QC,s-fcabq,FCABQ – Fédération des centres d'action bénévole du Québec,soutienSocial,Réseau – bénévolat,Montréal,514-843-6312,https://fcabq.org,"1557, av. Papineau, bureau 200, Montréal, QC H2K 4H7",,,,X,,,curated-social-network,t,08h30–16h30,Fermé,Fermé,Fermé,non,non,Lun-ven 8h30-16h30.
QC,s-bunker-mtl,Le Bunker – Hébergement jeunes,soutienSocial,Hébergement – jeunes,Montréal,514-524-0029,https://en-marge.qc.ca,"1490, av. de l'Hôtel-de-Ville, Montréal, QC H2X 3K3",,,,X,,,curated-social-network,f,08h30–16h30,Fermé,Fermé,Fermé,non,non,Lun-ven 8h30-16h30.
QC,s-mj-hochelaga,Maison des jeunes Hochelaga-Maisonneuve,soutienSocial,Maison de jeunes,Montréal,514-523-3593,https://mdjhm.com,"1755, rue Joliette, Montréal, QC H1W 3G8",,,,X,,,curated-social-network,f,08h30–16h30,Fermé,Fermé,Fermé,non,non,Lun-ven 8h30-16h30.
QC,s-mj-pat,Maison des jeunes de Pointe-aux-Trembles,soutienSocial,Maison de jeunes,Montréal,514-642-8546,https://mdjpat.com,"13 100, rue Notre-Dame Est, Montréal, QC H1A 3T6",,,,X,,,curated-social-network,f,08h30–16h30,Fermé,Fermé,Fermé,non,non,Lun-ven 8h30-16h30.
QC,s-pas-rue-mtl,Pas de la rue,soutienSocial,Itinérance – aînés,Montréal,514-525-1561,https://pasdelarue.org,"1575, boul. de Maisonneuve Est, Montréal, QC H2L 1Y6",,,,X,,,curated-social-network,f,08h30–16h30,Fermé,Fermé,Fermé,non,non,Lun-ven 8h30-16h30.
QC,s-stmichaels-shelter,Refuge des jeunes de Montréal,soutienSocial,Hébergement – jeunes,Montréal,514-849-4221,https://refugedesjeunes.org,"1836, rue Sainte-Catherine Est, Montréal, QC H2K 2H3",,,,X,,,curated-social-network,f,08h30–16h30,Fermé,Fermé,Fermé,non,non,Lun-ven 8h30-16h30.
QC,s-resilience-mtl,Résilience Montréal,soutienSocial,Itinérance,Montréal,438-381-0222,https://resiliencemontreal.com,"1684, rue Sainte-Catherine Ouest, Montréal, QC H3H 1L7",,,,X,,,curated-social-network,f,08h30–16h30,Fermé,Fermé,Fermé,non,non,Lun-ven 8h30-16h30.
QC,saaq-mtl,SAAQ — Bureau de Montréal (centre-ville),soutienSocial,Services gouvernementaux,Montréal,1-800-361-7620,,,45.5088,-73.5878,X,,,,,f,08h30–16h30,Fermé,Fermé,Fermé,non,non,Lun-ven 8h30-16h30. En ligne 24h/24 pour certains services.
QC,s-yslm-mtl,Y des femmes de Montréal (YWCA),soutienSocial,Hébergement – femmes,Montréal,514-866-9941,https://ydesfemmesmtl.org,"1355, boul. René-Lévesque Ouest, Montréal, QC H3G 1T3",,,,X,,,curated-social-network,f,08h30–16h30,Fermé,Fermé,Fermé,non,non,Lun-ven 8h30-16h30.
QC,msss-clsc-murdochville-clsc-et-centre-de-services-ambulatoires-de-murdochville,CLSC Et Centre De Services Ambulatoires De Murdochville,sante,CLSC,Murdochville,418-784-2572,,"600, avenue William-May, Murdochville, QC G0E 1W0",48.96129989624024,-65.49349975585938,,,,,donnees-quebec.ca/MSSS,f,08h00–20h00,08h00–16h00,08h00–16h00,08h00–16h00,non,non,Lun-ven 8h-20h. Sam-dim et fériés 8h-16h. Sur RV pour certains services.
QC,msss-clsc-metabetchouan-lac-a-la-croix-clsc-et-centre-d-hebergement-de-metabetchouan-lac-a-la-croix,CLSC Et Centre D'Hébergement De Métabetchouan-Lac-À-La-Croix,sante,CLSC,Métabetchouan--Lac-à-la-Croix,418-349-7878,,"1895, Route 169, Métabetchouan--Lac-à-la-Croix, QC G8G 1B4",48.42580032348633,-71.86609649658203,,,,,donnees-quebec.ca/MSSS,f,08h00–16h00 (admin) | Soins 24h/24,Soins 24h/24 (admin fermé),Soins 24h/24 (admin fermé),Soins 24h/24 (admin fermé),oui,non,Milieu de vie 24h/24. Admin: lun-ven 8h-16h. Visites: 8h-21h30
QC,msss-clsc-napierville-clsc-de-napierville,CLSC De Napierville,sante,CLSC,Napierville,450-454-4671,,"509, rue Saint-Jacques, Napierville, QC J0J 1L0",45.19269943237305,-73.41339874267578,,,,,donnees-quebec.ca/MSSS,f,08h00–20h00,08h00–16h00,08h00–16h00,08h00–16h00,non,non,Lun-ven 8h-20h. Sam-dim et fériés 8h-16h. Sur RV pour certains services.
QC,msss-clsc-natashquan-clsc-de-natashquan,CLSC De Natashquan,sante,CLSC,Natashquan,418-726-3426,,"47, chemin d'en Haut, Natashquan, QC G0G 2E0",50.18600082397461,-61.82059860229492,,,,,donnees-quebec.ca/MSSS,f,08h00–20h00,08h00–16h00,08h00–16h00,08h00–16h00,non,non,Lun-ven 8h-20h. Sam-dim et fériés 8h-16h. Sur RV pour certains services.
QC,msss-clsc-nemaska-cmc-nemaska,Cmc Nemaska,sante,CLSC,Nemaska,819-673-2522,,"7, rue Lakeshore, Nemaska, QC J0Y 3B0",51.68529891967773,-76.25579833984375,,,,,donnees-quebec.ca/MSSS,f,08h00–20h00,08h00–16h00,08h00–16h00,08h00–16h00,non,non,Lun-ven 8h-20h. Sam-dim et fériés 8h-16h. Sur RV pour certains services.
QC,msss-clsc-nemaska-msdc-nemaska,Msdc Nemaska,sante,CLSC,Nemaska,819-673-2522,,"20, rue Bedabin, Nemaska, QC J0Y 3B0",51.67770004272461,-76.25890350341797,,,,,donnees-quebec.ca/MSSS,f,08h00–20h00,08h00–16h00,08h00–16h00,08h00–16h00,non,non,Lun-ven 8h-20h. Sam-dim et fériés 8h-16h. Sur RV pour certains services.
QC,msss-chsld-new-carlisle-centre-d-hebergement-de-new-carlisle,Centre D'Hébergement De New Carlisle,sante,CHSLD,New Carlisle,418-752-2572,,"108, boulevard Gérard-D.-Levesque, New Carlisle, QC G0C 1Z0",48.010398864746094,-65.32119750976562,,,,,donnees-quebec.ca/MSSS,f,08h00–16h00 (admin) | Soins 24h/24,Soins 24h/24 (admin fermé),Soins 24h/24 (admin fermé),Soins 24h/24 (admin fermé),oui,non,Milieu de vie 24h/24. Admin: lun-ven 8h-16h. Visites: 8h-21h30
QC,msss-clsc-nicolet-centre-multiservices-de-sante-et-de-services-sociaux-christ-,Centre Multiservices De Santé Et De Services Sociaux Christ-Roi,sante,CLSC,Nicolet,819-293-2071,,"675, rue Saint-Jean-Baptiste, Nicolet, QC J3T 1S4",46.23149871826172,-72.62650299072266,,,,,donnees-quebec.ca/MSSS,f,08h00–20h00,08h00–16h00,08h00–16h00,08h00–16h00,non,non,Lun-ven 8h-20h. Sam-dim et fériés 8h-16h. Sur RV pour certains services.
QC,msss-clsc-nicolet-maison-de-naissance-et-clsc-des-filles-de-la-sagesse,Maison De Naissance Et CLSC Des Filles-De-La-Sagesse,sante,CLSC,Nicolet,819-293-2071,,"1275, rue Saint-Jean-Baptiste, Nicolet, QC J3T 1W4",46.23429870605469,-72.63490295410156,,,,,donnees-quebec.ca/MSSS,f,08h00–20h00,08h00–16h00,08h00–16h00,08h00–16h00,non,non,Lun-ven 8h-20h. Sam-dim et fériés 8h-16h. Sur RV pour certains services.
QC,msss-clsc-normandin-clsc-et-centre-d-hebergement-de-normandin,CLSC Et Centre D'Hébergement De Normandin,sante,CLSC,Normandin,418-274-2961,,"1205, rue Saint-Cyrille, Normandin, QC G8M 4K1",48.83879852294922,-72.53099822998047,,,,,donnees-quebec.ca/MSSS,f,08h00–16h00 (admin) | Soins 24h/24,Soins 24h/24 (admin fermé),Soins 24h/24 (admin fermé),Soins 24h/24 (admin fermé),oui,non,Milieu de vie 24h/24. Admin: lun-ven 8h-16h. Visites: 8h-21h30
QC,msss-clsc-normetal-clsc-de-normetal,CLSC De Normétal,sante,CLSC,Normétal,819-788-2726,,"30, avenue du Docteur-Bigué, Normétal, QC J0Z 3A0",48.9989013671875,-79.36589813232422,,,,,donnees-quebec.ca/MSSS,f,08h00–20h00,08h00–16h00,08h00–16h00,08h00–16h00,non,non,Lun-ven 8h-20h. Sam-dim et fériés 8h-16h. Sur RV pour certains services.
QC,msss-chsld-notre-dame-des-anges-centre-d-hebergement-hopital-general-de-quebec,Centre D'Hébergement Hôpital Général De Québec,sante,CHSLD,Notre-Dame-des-Anges,418-525-4444,,"260, boulevard Langelier, Notre-Dame-des-Anges, QC G1K 5N1",46.814701080322266,-71.23280334472656,,,,,donnees-quebec.ca/MSSS,f,08h00–16h00 (admin) | Soins 24h/24,Soins 24h/24 (admin fermé),Soins 24h/24 (admin fermé),Soins 24h/24 (admin fermé),oui,non,Milieu de vie 24h/24. Admin: lun-ven 8h-16h. Visites: 8h-21h30
QC,msss-clsc-notre-dame-des-sept-douleurs-clsc-de-notre-dame-des-sept-douleurs,CLSC De Notre-Dame-Des-Sept-Douleurs,sante,CLSC,Notre-Dame-des-Sept-Douleurs,418-986-2121,,"6001, chemin de l'Île, Notre-Dame-des-Sept-Douleurs, QC G0L 1K0",48.01119995117188,-69.45330047607422,,,,,donnees-quebec.ca/MSSS,f,08h00–20h00,08h00–16h00,08h00–16h00,08h00–16h00,non,non,Lun-ven 8h-20h. Sam-dim et fériés 8h-16h. Sur RV pour certains services.
QC,msss-chsld-notre-dame-du-bon-conseil-centre-d-hebergement-de-notre-dame-du-bon-conseil,Centre D'Hébergement De Notre-Dame-Du-Bon-Conseil,sante,CHSLD,Notre-Dame-du-Bon-Conseil,819-396-2626,,"91, rue Saint-Thomas, Notre-Dame-du-Bon-Conseil, QC J0C 1A0",45.99909973144531,-72.34010314941406,,,,,donnees-quebec.ca/MSSS,f,08h00–16h00 (admin) | Soins 24h/24,Soins 24h/24 (admin fermé),Soins 24h/24 (admin fermé),Soins 24h/24 (admin fermé),oui,non,Milieu de vie 24h/24. Admin: lun-ven 8h-16h. Visites: 8h-21h30
QC,msss-clsc-notre-dame-du-laus-clsc-de-notre-dame-du-laus,CLSC De Notre-Dame-Du-Laus,sante,CLSC,Notre-Dame-du-Laus,819-623-1234,,"8, rue Saint-Denis, Notre-Dame-du-Laus, QC J0X 2M0",46.09030151367188,-75.62159729003906,,,,,donnees-quebec.ca/MSSS,f,08h00–20h00,08h00–16h00,08h00–16h00,08h00–16h00,non,non,Lun-ven 8h-20h. Sam-dim et fériés 8h-16h. Sur RV pour certains services.
QC,msss-clsc-notre-dame-du-nord-clsc-de-notre-dame-du-nord,CLSC De Notre-Dame-Du-Nord,sante,CLSC,Notre-Dame-du-Nord,819-723-2500,,"17-A, rue Principale Nord, Notre-Dame-du-Nord, QC J0Z 3B0",47.59439849853516,-79.4833984375,,,,,donnees-quebec.ca/MSSS,f,08h00–20h00,08h00–16h00,08h00–16h00,08h00–16h00,non,non,Lun-ven 8h-20h. Sam-dim et fériés 8h-16h. Sur RV pour certains services.
QC,msss-chsld-notre-dame-du-nord-le-chsld-des-premieres-nations-du-timiskaming,Le CHSLD Des Premières Nations Du Timiskaming,sante,CHSLD,Notre-Dame-du-Nord,819-723-2500,,"20, avenue Algonquin, Notre-Dame-du-Nord, QC J0Z 3B0",47.60699844360352,-79.47039794921875,,,,,donnees-quebec.ca/MSSS,f,08h00–16h00 (admin) | Soins 24h/24,Soins 24h/24 (admin fermé),Soins 24h/24 (admin fermé),Soins 24h/24 (admin fermé),oui,non,Milieu de vie 24h/24. Admin: lun-ven 8h-16h. Visites: 8h-21h30
QC,msss-clsc-nedelec-clsc-de-nedelec,CLSC De Nédélec,sante,CLSC,Nédélec,819-784-3383,,"68, rue Principale, Nédélec, QC J0Z 2Z0",47.69440078735352,-79.42389678955078,,,,,donnees-quebec.ca/MSSS,f,08h00–20h00,08h00–16h00,08h00–16h00,08h00–16h00,non,non,Lun-ven 8h-20h. Sam-dim et fériés 8h-16h. Sur RV pour certains services.
QC,msss-chsld-ormstown-chsld-d-ormstown-ormstown-chsld,CHSLD D'Ormstown / Ormstown CHSLD,sante,CHSLD,Ormstown,450-264-6111,,"65, rue Hector, Ormstown, QC J0S 1K0",45.12939834594727,-74.00289916992188,,,,,donnees-quebec.ca/MSSS,f,08h00–16h00 (admin) | Soins 24h/24,Soins 24h/24 (admin fermé),Soins 24h/24 (admin fermé),Soins 24h/24 (admin fermé),oui,non,Milieu de vie 24h/24. Admin: lun-ven 8h-16h. Visites: 8h-21h30
QC,msss-hopital-ormstown-hopital-barrie-memorial-barrie-memorial-hospital,Hôpital Barrie Memorial / Barrie Memorial Hospital,sante,Hôpital,Ormstown,450-264-6111,,"28, rue Gale, Ormstown, QC J0S 1K0",45.12630081176758,-73.9999008178711,,,,,donnees-quebec.ca/MSSS,f,00h00–24h00 (urgences) | 08h00–16h00 (admin),00h00–24h00 (urgences),00h00–24h00 (urgences),00h00–24h00 (urgences),oui,oui,Urgences 24h/24. Services ambulatoires sur rendez-vous: lun-ven 8h-16h
QC,msss-clsc-otter-lake-clsc-d-otter-lake,CLSC D'Otter Lake,sante,CLSC,Otter Lake,819-453-7544,,"340, avenue Martineau, Otter Lake, QC J0X 2P0",45.84469985961914,-76.43340301513672,,,,,donnees-quebec.ca/MSSS,f,08h00–20h00,08h00–16h00,08h00–16h00,08h00–16h00,non,non,Lun-ven 8h-20h. Sam-dim et fériés 8h-16h. Sur RV pour certains services.
QC,msss-clsc-ouje-bougoumou-msdc-ouje-bougoumou,Msdc Ouje-Bougoumou,sante,CLSC,Oujé-Bougoumou,418-745-2441,,"7, rue Wastawshkootaw, Oujé-Bougoumou, QC G0W 3C0",49.92219924926758,-74.82530212402344,,,,,donnees-quebec.ca/MSSS,f,08h00–20h00,08h00–16h00,08h00–16h00,08h00–16h00,non,non,Lun-ven 8h-20h. Sam-dim et fériés 8h-16h. Sur RV pour certains services.
QC,msss-clsc-ouje-bougoumou-ouje-bougoumou-healing-centre,Ouje-Bougoumou Healing Centre,sante,CLSC,Oujé-Bougoumou,418-745-2441,,"68, rue Opatica, C. P. 37, Oujé-Bougoumou, QC G0W 3C0",49.92499923706055,-74.8228988647461,,,,,donnees-quebec.ca/MSSS,f,08h00–20h00,08h00–16h00,08h00–16h00,08h00–16h00,non,non,Lun-ven 8h-20h. Sam-dim et fériés 8h-16h. Sur RV pour certains services.
QC,msss-clsc-palmarolle-chsld-et-clsc-de-palmarolle,CHSLD Et CLSC De Palmarolle,sante,CLSC,Palmarolle,819-787-2231,,"136, rue Principale Nord, Palmarolle, QC J0Z 3C0",48.66569900512695,-79.20059967041016,,,,,donnees-quebec.ca/MSSS,f,08h00–16h00 (admin) | Soins 24h/24,Soins 24h/24 (admin fermé),Soins 24h/24 (admin fermé),Soins 24h/24 (admin fermé),oui,non,Milieu de vie 24h/24. Admin: lun-ven 8h-16h. Visites: 8h-21h30
QC,msss-clsc-paspebiac-clsc-et-centre-de-services-ambulatoires-de-paspebiac,CLSC Et Centre De Services Ambulatoires De Paspébiac,sante,CLSC,Paspébiac,418-752-2572,,"273, boulevard Gérard-D.-Levesque, Paspébiac, QC G0C 2K0",48.02199935913086,-65.28679656982422,,,,,donnees-quebec.ca/MSSS,f,08h00–20h00,08h00–16h00,08h00–16h00,08h00–16h00,non,non,Lun-ven 8h-20h. Sam-dim et fériés 8h-16h. Sur RV pour certains services.
QC,msss-clsc-perce-clsc-de-barachois,CLSC De Barachois,sante,CLSC,Percé,418-782-2572,,"1070, Route 132 Est, Percé, QC G0C 1A0",48.61800003051758,-64.27960205078125,,,,,donnees-quebec.ca/MSSS,f,08h00–20h00,08h00–16h00,08h00–16h00,08h00–16h00,non,non,Lun-ven 8h-20h. Sam-dim et fériés 8h-16h. Sur RV pour certains services.
QC,msss-clsc-perce-clsc-de-perce,CLSC De Percé,sante,CLSC,Percé,418-782-2572,,"98, Route 132, Percé, QC G0C 2L0",48.5265998840332,-64.2136001586914,,,,,donnees-quebec.ca/MSSS,f,08h00–20h00,08h00–16h00,08h00–16h00,08h00–16h00,non,non,Lun-ven 8h-20h. Sam-dim et fériés 8h-16h. Sur RV pour certains services.
QC,msss-clsc-piedmont-clsc-de-piedmont,CLSC De Piedmont,sante,CLSC,Piedmont,450-432-2777,,"694, chemin Avila, Piedmont, QC J0R 1R3",45.88840103149414,-74.14510345458984,,,,,donnees-quebec.ca/MSSS,f,08h00–20h00,08h00–16h00,08h00–16h00,08h00–16h00,non,non,Lun-ven 8h-20h. Sam-dim et fériés 8h-16h. Sur RV pour certains services.
QC,msss-clsc-pierreville-centre-d-hebergement-et-clsc-lucien-shooner,Centre D'Hébergement Et CLSC Lucien-Shooner,sante,CLSC,Pierreville,450-568-2881,,"50, rue du Lieut.-Gouverneur-Paul-Comtoi, Pierreville, QC J0G 1J0",46.06819915771485,-72.8113021850586,,,,,donnees-quebec.ca/MSSS,f,08h00–16h00 (admin) | Soins 24h/24,Soins 24h/24 (admin fermé),Soins 24h/24 (admin fermé),Soins 24h/24 (admin fermé),oui,non,Milieu de vie 24h/24. Admin: lun-ven 8h-16h. Visites: 8h-21h30
QC,msss-chsld-plessisville-centre-d-hebergement-de-plessisville,Centre D'Hébergement De Plessisville,sante,CHSLD,Plessisville,819-362-6301,,"1340, rue Cormier, Plessisville, QC G6L 0G1",46.216400146484375,-71.77850341796875,,,,,donnees-quebec.ca/MSSS,f,08h00–16h00 (admin) | Soins 24h/24,Soins 24h/24 (admin fermé),Soins 24h/24 (admin fermé),Soins 24h/24 (admin fermé),oui,non,Milieu de vie 24h/24. Admin: lun-ven 8h-16h. Visites: 8h-21h30
QC,msss-clsc-plessisville-centre-multiservices-de-sante-et-de-services-sociaux-de-l-er,Centre Multiservices De Santé Et De Services Sociaux De L'Érable,sante,CLSC,Plessisville,819-362-6301,,"1331, rue Saint-Calixte, Plessisville, QC G6L 1P4",46.21599960327149,-71.7782974243164,,,,,donnees-quebec.ca/MSSS,f,08h00–20h00,08h00–16h00,08h00–16h00,08h00–16h00,non,non,Lun-ven 8h-20h. Sam-dim et fériés 8h-16h. Sur RV pour certains services.
QC,msss-clsc-plessisville-centre-multiservices-de-sante-et-de-services-sociaux-de-ples,Centre Multiservices De Santé Et De Services Sociaux De Plessisville,sante,CLSC,Plessisville,819-362-6301,,"1450, avenue Trudelle, Plessisville, QC G6L 3K4",46.21630096435547,-71.7738037109375,,,,,donnees-quebec.ca/MSSS,f,08h00–20h00,08h00–16h00,08h00–16h00,08h00–16h00,non,non,Lun-ven 8h-20h. Sam-dim et fériés 8h-16h. Sur RV pour certains services.
QC,msss-clsc-pohenegamook-clsc-de-pohenegamook,CLSC De Pohénégamook,sante,CLSC,Pohénégamook,418-859-2267,,"1922, rue Saint-Vallier, Pohénégamook, QC G0L 1J0",47.48979949951172,-69.28130340576172,,,,,donnees-quebec.ca/MSSS,f,08h00–20h00,08h00–16h00,08h00–16h00,08h00–16h00,non,non,Lun-ven 8h-20h. Sam-dim et fériés 8h-16h. Sur RV pour certains services.
QC,msss-chsld-pointe-claire-chsld-argyle-pointe-claire,CHSLD Argyle - Pointe-Claire,sante,CHSLD,Pointe-Claire,514-630-2000,,"300, avenue Stilview, Pointe-Claire, QC H9R 0A1",45.45209884643555,-73.83580017089844,,,,,donnees-quebec.ca/MSSS,f,08h00–16h00 (admin) | Soins 24h/24,Soins 24h/24 (admin fermé),Soins 24h/24 (admin fermé),Soins 24h/24 (admin fermé),oui,non,Milieu de vie 24h/24. Admin: lun-ven 8h-16h. Visites: 8h-21h30
QC,msss-chsld-pointe-claire-chsld-bayview,CHSLD Bayview,sante,CHSLD,Pointe-Claire,514-630-2000,,"27, Lakeshore, Pointe-Claire, QC H9S 4H1",45.44860076904297,-73.7865982055664,,,,,donnees-quebec.ca/MSSS,f,08h00–16h00 (admin) | Soins 24h/24,Soins 24h/24 (admin fermé),Soins 24h/24 (admin fermé),Soins 24h/24 (admin fermé),oui,non,Milieu de vie 24h/24. Admin: lun-ven 8h-16h. Visites: 8h-21h30
QC,msss-chsld-pointe-claire-chsld-stillview,CHSLD Stillview,sante,CHSLD,Pointe-Claire,514-630-2000,,"300, avenue Stillview, Pointe-Claire, QC H9R 0A1",45.45209884643555,-73.83580017089844,,,,,donnees-quebec.ca/MSSS,f,08h00–16h00 (admin) | Soins 24h/24,Soins 24h/24 (admin fermé),Soins 24h/24 (admin fermé),Soins 24h/24 (admin fermé),oui,non,Milieu de vie 24h/24. Admin: lun-ven 8h-16h. Visites: 8h-21h30
QC,msss-clsc-pointe-claire-clsc-du-lac-saint-louis,CLSC Du Lac-Saint-Louis,sante,CLSC,Pointe-Claire,514-630-2000,,"180, avenue Cartier, Pointe-Claire, QC H9S 4S1",45.43899917602539,-73.82749938964844,,,,,donnees-quebec.ca/MSSS,f,08h00–20h00,08h00–16h00,08h00–16h00,08h00–16h00,non,non,Lun-ven 8h-20h. Sam-dim et fériés 8h-16h. Sur RV pour certains services.
QC,msss-hopital-pointe-claire-centre-de-services-ambulatoires-stillview,Centre De Services Ambulatoires Stillview,sante,Hôpital,Pointe-Claire,514-630-2000,,"175, avenue Stillview, Pointe-Claire, QC H9R 4S3",45.45069885253906,-73.8323974609375,,,,,donnees-quebec.ca/MSSS,f,00h00–24h00 (urgences) | 08h00–16h00 (admin),00h00–24h00 (urgences),00h00–24h00 (urgences),00h00–24h00 (urgences),oui,oui,Urgences 24h/24. Services ambulatoires sur rendez-vous: lun-ven 8h-16h
QC,msss-clsc-pointe-claire-hopital-general-du-lakeshore,Hôpital Général Du Lakeshore,sante,CLSC,Pointe-Claire,514-630-2000,,"160, avenue Stillview, Pointe-Claire, QC H9R 2Y2",45.44860076904297,-73.83370208740234,,,,,donnees-quebec.ca/MSSS,f,00h00–24h00 (urgences) | 08h00–16h00 (admin),00h00–24h00 (urgences),00h00–24h00 (urgences),00h00–24h00 (urgences),oui,oui,Urgences 24h/24. Services ambulatoires sur rendez-vous: lun-ven 8h-16h
QC,msss-clsc-pointe-a-la-croix-clsc-et-centre-de-readaptation-en-deficience-physique-et-en-,CLSC Et Centre De Réadaptation En Déficience Physique Et En Déficience Intellectuelle Et En Troubles Du Spectre De L’autisme De Pointe-À-La-Croi,sante,CLSC,Pointe-à-la-Croix,418-788-5588,,"48, boulevard Interprovincial, Pointe-à-la-Croix, QC G0C 1L0",48.01950073242188,-66.69309997558594,,,,,donnees-quebec.ca/MSSS,f,08h00–20h00,08h00–16h00,08h00–16h00,08h00–16h00,non,non,Lun-ven 8h-20h. Sam-dim et fériés 8h-16h. Sur RV pour certains services.
QC,msss-clsc-pont-rouge-clsc-et-centre-de-readaptation-en-dependance-de-pont-rouge,CLSC Et Centre De Réadaptation En Dépendance De Pont-Rouge,sante,CLSC,Pont-Rouge,418-873-2371,,"3, rue du Jardin, Pont-Rouge, QC G3H 0A8",46.74610137939453,-71.69139862060547,,,,,donnees-quebec.ca/MSSS,f,08h00–20h00,08h00–16h00,08h00–16h00,08h00–16h00,non,non,Lun-ven 8h-20h. Sam-dim et fériés 8h-16h. Sur RV pour certains services.
QC,msss-chsld-pont-rouge-centre-d-hebergement-de-pont-rouge,Centre D'Hébergement De Pont-Rouge,sante,CHSLD,Pont-Rouge,418-873-2371,,"5, rue du Jardin, Pont-Rouge, QC G3H 0H1",46.74639892578125,-71.69039916992188,,,,,donnees-quebec.ca/MSSS,f,08h00–16h00 (admin) | Soins 24h/24,Soins 24h/24 (admin fermé),Soins 24h/24 (admin fermé),Soins 24h/24 (admin fermé),oui,non,Milieu de vie 24h/24. Admin: lun-ven 8h-16h. Visites: 8h-21h30
QC,msss-chsld-pont-rouge-maison-des-aines-et-alternative-de-pont-rouge,Maison Des Aînés Et Alternative De Pont-Rouge,sante,CHSLD,Pont-Rouge,418-873-2371,,"157, rue Dupont, Pont-Rouge, QC G3H 1N1",46.75600051879883,-71.69390106201172,,,,,donnees-quebec.ca/MSSS,f,08h00–16h00 (admin) | Soins 24h/24,Soins 24h/24 (admin fermé),Soins 24h/24 (admin fermé),Soins 24h/24 (admin fermé),oui,non,Milieu de vie 24h/24. Admin: lun-ven 8h-16h. Visites: 8h-21h30
QC,msss-clsc-pontiac-clsc-de-quyon,CLSC De Quyon,sante,CLSC,Pontiac,819-647-2211,,"1164, rue Clarendon, Pontiac, QC J0X 2V0",45.520301818847656,-76.23059844970703,,,,,donnees-quebec.ca/MSSS,f,08h00–20h00,08h00–16h00,08h00–16h00,08h00–16h00,non,non,Lun-ven 8h-20h. Sam-dim et fériés 8h-16h. Sur RV pour certains services.
QC,msss-clsc-port-cartier-centre-multiservices-de-sante-et-de-services-sociaux-de-port,Centre Multiservices De Santé Et De Services Sociaux De Port-Cartier,sante,CLSC,Port-Cartier,418-766-2572,,"3, rue De Shelter Bay, Port-Cartier, QC G5B 2W9",50.02379989624024,-66.89399719238281,,,,,donnees-quebec.ca/MSSS,f,08h00–20h00,08h00–16h00,08h00–16h00,08h00–16h00,non,non,Lun-ven 8h-20h. Sam-dim et fériés 8h-16h. Sur RV pour certains services.
QC,msss-clsc-port-daniel-gascons-clsc-de-gascons,CLSC De Gascons,sante,CLSC,Port-Daniel--Gascons,418-396-2572,,"63, Route 132, Port-Daniel--Gascons, QC G0C 1P0",48.19359970092773,-64.8646011352539,,,,,donnees-quebec.ca/MSSS,f,08h00–20h00,08h00–16h00,08h00–16h00,08h00–16h00,non,non,Lun-ven 8h-20h. Sam-dim et fériés 8h-16h. Sur RV pour certains services.
QC,msss-clsc-portneuf-clsc-de-portneuf,CLSC De Portneuf,sante,CLSC,Portneuf,418-286-3901,,"289, 2e Avenue, Portneuf, QC G0A 2Y0",46.71020126342773,-71.88829803466797,,,,,donnees-quebec.ca/MSSS,f,08h00–20h00,08h00–16h00,08h00–16h00,08h00–16h00,non,non,Lun-ven 8h-20h. Sam-dim et fériés 8h-16h. Sur RV pour certains services.
QC,msss-clsc-potton-clsc-de-mansonville,CLSC De Mansonville,sante,CLSC,Potton,819-292-3376,,"314, rue Principale, Potton, QC J0E 1X0",45.05239868164063,-72.39189910888672,,,,,donnees-quebec.ca/MSSS,f,08h00–20h00,08h00–16h00,08h00–16h00,08h00–16h00,non,non,Lun-ven 8h-20h. Sam-dim et fériés 8h-16h. Sur RV pour certains services.
QC,msss-chsld-potton-centre-de-services-externes-pour-les-aines-de-potton,Centre De Services Externes Pour Les Aînés De Potton,sante,CHSLD,Potton,819-292-3376,,"2, rue de Vale Perkins, Potton, QC J0E 1X0",45.049598693847656,-72.39189910888672,,,,,donnees-quebec.ca/MSSS,f,08h00–16h00 (admin) | Soins 24h/24,Soins 24h/24 (admin fermé),Soins 24h/24 (admin fermé),Soins 24h/24 (admin fermé),oui,non,Milieu de vie 24h/24. Admin: lun-ven 8h-16h. Visites: 8h-21h30
QC,msss-clsc-preissac-clsc-de-preissac,CLSC De Preissac,sante,CLSC,Preissac,819-797-3463,,"6, rue des Rapides, Preissac, QC J0Y 2E0",48.40719985961914,-78.3655014038086,,,,,donnees-quebec.ca/MSSS,f,08h00–20h00,08h00–16h00,08h00–16h00,08h00–16h00,non,non,Lun-ven 8h-20h. Sam-dim et fériés 8h-16h. Sur RV pour certains services.
QC,msss-chsld-princeville-centre-d-hebergement-de-saint-eusebe,Centre D'Hébergement De Saint-Eusèbe,sante,CHSLD,Princeville,819-364-2001,,"435, rue Saint-Jacques Est, Princeville, QC G6L 5C5",46.17779922485352,-71.86930084228516,,,,,donnees-quebec.ca/MSSS,f,08h00–16h00 (admin) | Soins 24h/24,Soins 24h/24 (admin fermé),Soins 24h/24 (admin fermé),Soins 24h/24 (admin fermé),oui,non,Milieu de vie 24h/24. Admin: lun-ven 8h-16h. Visites: 8h-21h30
QC,emp-aide-cv-entrevue,Centre d'aide CV et entrevue – Organismes d'aide à l'emploi,emploi,Aide CV et entrevue,Province,1-877-644-4545,https://www.quebec.ca/emploi/trouver-emploi-stage/organismes-aide,,,,X,X,,,curated-quebec-gouv,t,08h30–16h30,Fermé,Fermé,Fermé,non,non,Lun-ven 8h30-16h30.
QC,emp-centre-aide-travailleurs,Centre d'aide aux travailleurs – Québec,emploi,Soutien aux travailleurs,Province,1-877-644-4545,https://www.quebec.ca/famille-et-soutien-aux-personnes/aide-sociale-et-solidarite-sociale,,,,X,X,,,curated-quebec-gouv,t,08h30–16h30,Fermé,Fermé,Fermé,non,non,Lun-ven 8h30-16h30.
QC,emp-emploi-quebec,Emploi-Québec,emploi,Gouvernement – emploi,Province,1-888-643-4721,https://www.emploiquebec.gouv.qc.ca,,,,X,X,,,curated-employment-network,t,08h30–16h30,Fermé,Fermé,Fermé,non,non,Lun-ven 8h30-16h30.
QC,emp-programme-aide-emploi,Programme d'aide à l'emploi – Services Québec (Renseignements généraux),emploi,Gouvernement – emploi,Province,1-877-644-4545,https://www.quebec.ca/emploi,,,,X,X,,,curated-quebec-gouv,t,08h30–16h30,Fermé,Fermé,Fermé,non,non,Lun-ven 8h30-16h30.
QC,emp-rseo,Réseau des SADC et CAE du Québec,emploi,Développement économique régional,Province,418-687-1354,https://sadc-cae.ca,"1170, boul. Lebourgneuf, bureau 110, Québec, QC G2K 2E3",,,,X,,,curated-employment-network,t,08h30–16h30,Fermé,Fermé,Fermé,non,non,Lun-ven 8h30-16h30.
QC,emp-rcjeq,Réseau des carrefours jeunesse-emploi du Québec (RCJEQ),emploi,Réseau – emploi jeunes,Province,418-845-7222,https://rcjeq.org,"1135, Grande Allée Ouest, bureau 220, Québec, QC G1S 1E7",,,,X,,,curated-employment-network,t,08h30–16h30,Fermé,Fermé,Fermé,non,non,Lun-ven 8h30-16h30.
QC,emp-services-quebec-centre,Services Québec – Centre de services,emploi,Gouvernement – emploi,Province,1-877-644-4545,https://www.quebec.ca/services-quebec,,,,X,X,,,curated-quebec-gouv,t,08h30–16h30,Fermé,Fermé,Fermé,non,non,Lun-ven 8h30-16h30.
QC,emp-services-quebec,Services Québec – Centres locaux d'emploi,emploi,Gouvernement – emploi,Province,1-877-644-4545,https://www.quebec.ca/emploi,,,,X,X,,,curated-employment-network,t,08h30–16h30,Fermé,Fermé,Fermé,non,non,Lun-ven 8h30-16h30.
QC,imm-arrima,Arrima – Portail du MIFI pour candidats à l'immigration,immigration,Portail gouvernemental,Province,1-877-864-9191,https://www.quebec.ca/immigration/arrima,,,,X,X,,,curated-immigration-network,t,06h00–23h00 (en ligne),06h00–23h00 (en ligne),06h00–23h00 (en ligne),06h00–23h00 (en ligne),non,non,Portail en ligne 24h/24. Centre d'appels: lun-ven 8h-20h.
QC,imm-mifi,"Ministère de l'Immigration, Francisation et Intégration (MIFI)",immigration,Gouvernement du Québec,Province,1-877-864-9191,https://www.quebec.ca/immigration,,,,X,X,,,curated-immigration-network,t,08h30–16h30,Fermé,Fermé,Fermé,non,non,Lun-ven 8h30-16h30. Sur RV pour consultations spécialisées.
QC,mh-anebquebec,ANEB – Anorexie et boulimie Québec,santemental,Troubles alimentaires,Province,1-800-630-0907,https://anebquebec.com,,,,X,X,,,curated-mh-network,t,00h00–24h00,00h00–24h00,00h00–24h00,00h00–24h00,oui,oui,"Service disponible 24h/24, 7j/7"
QC,mh-drogue-aide,Drogue : aide et référence,santemental,Dépendance substances,Province,1-800-265-2626,https://aidedrogue.ca,,,,X,X,,,curated-mh-network,t,08h30–16h30,Fermé,Fermé,Fermé,non,non,Lun-ven 8h30-16h30. Sur rendez-vous pour suivi.
QC,mh-info-social-qc,Info-Social 811 (option 2),santemental,Ligne provinciale 24/7,Province,811,https://www.quebec.ca/sante/trouver-une-ressource/info-sante-811,,,,X,X,,,curated-mh-network,t,00h00–24h00,00h00–24h00,00h00–24h00,00h00–24h00,oui,oui,"Service disponible 24h/24, 7j/7"
QC,mh-interligne-lgbtq,Interligne (LGBTQ+),santemental,Soutien LGBTQ+,Province,1-888-505-1010,https://interligne.co,,,,X,X,,,curated-mh-network,t,00h00–24h00,00h00–24h00,00h00–24h00,00h00–24h00,oui,oui,"Service disponible 24h/24, 7j/7"
QC,mh-jeu-aide,Jeu : aide et référence,santemental,Dépendance jeu,Province,1-800-461-0140,https://aidejeu.ca,,,,X,X,,,curated-mh-network,t,08h30–16h30,Fermé,Fermé,Fermé,non,non,Lun-ven 8h30-16h30. Sur rendez-vous pour suivi.
QC,mh-suicide-action-qc,Ligne québécoise de prévention du suicide (1 866 APPELLE),santemental,Ligne d'écoute 24/7,Province,1-866-277-3553,https://commentparlerdusuicide.com,,,,X,X,,,curated-mh-network,t,00h00–24h00,00h00–24h00,00h00–24h00,00h00–24h00,oui,oui,"Service disponible 24h/24, 7j/7"
QC,mh-tel-jeunes-qc,Tel-jeunes,santemental,Ligne d'écoute jeunes,Province,1-800-263-2266,https://teljeunes.com,,,,X,X,,,curated-mh-network,t,00h00–24h00,00h00–24h00,00h00–24h00,00h00–24h00,oui,oui,"Ligne d'écoute 24h/24, 7j/7"
QC,s-cavac-qc,CAVAC – Centres d'aide aux victimes d'actes criminels,soutienSocial,Aide victimes d'actes criminels,Province,1-866-532-2822,https://cavac.qc.ca,,,,X,X,,,curated-social-network,t,08h30–16h30,Fermé,Fermé,Fermé,non,non,Lun-ven 8h30-16h30.
QC,s-info-aide-violence-sexuelle,Info-aide violence sexuelle,soutienSocial,Ligne provinciale – agression sexuelle,Province,1-888-933-9007,https://infoaideviolencesexuelle.ca,,,,X,X,,,curated-social-network,t,08h30–16h30,Fermé,Fermé,Fermé,non,non,Lun-ven 8h30-16h30.
QC,s-rmjq,RMJQ – Regroupement des maisons de jeunes du Québec,soutienSocial,Réseau provincial – jeunes,Province,418-666-6663,https://rmjq.org,"2400, av. d'Estimauville, bureau 100, Québec, QC G1J 5N1",,,,X,,,curated-social-network,t,08h30–16h30,Fermé,Fermé,Fermé,non,non,Lun-ven 8h30-16h30.
QC,s-rsiq,RSIQ – Réseau Solidarité Itinérance du Québec,soutienSocial,Réseau – itinérance,Province,514-879-1949,https://rsiq.org,"1431, rue Fullum, bureau 102, Montréal, QC H2K 0B5",,,,X,,,curated-social-network,t,08h30–16h30,Fermé,Fermé,Fermé,non,non,Lun-ven 8h30-16h30.
QC,s-sos-violence-conjugale,SOS violence conjugale,soutienSocial,Ligne provinciale 24/7 – violence,Province,1-800-363-9010,https://sosviolenceconjugale.ca,,,,X,X,,,curated-social-network,t,00h00–24h00,00h00–24h00,00h00–24h00,00h00–24h00,oui,oui,"Service disponible 24h/24, 7j/7"
QC,etat-civil-qc,Directeur de l'état civil du Québec,soutienSocial,Documents d'identité,Province de Québec,1-800-567-3900,,,46.8139,-71.2082,X,,,,admin,t,08h30–16h30,Fermé,Fermé,Fermé,non,non,Lun-ven 8h30-16h30. En ligne 24h/24 pour certains services.
QC,passeport-canada,Passeport Canada – Service Canada,soutienSocial,Documents d'identité,Province de Québec,1-800-567-6868,,,46.8139,-71.2082,X,,,,admin,t,08h30–16h30,Fermé,Fermé,Fermé,non,non,Lun-ven 8h30-16h30. En ligne 24h/24 pour certains services.
QC,cpe-pw3,Garde en milieu familial (RSG) – Réseau provincial,famille,Milieu familial subventionné,Province de Québec,1-877-644-4545,,,46.8139,-71.2082,X,,,,,t,07h00–18h00,Fermé,Fermé,Fermé,non,non,Lun-ven 7h-18h. Fermeture jours fériés et 2 semaines l'été.
QC,cpe-pw2,Ministère de la Famille – Aide financière garde,famille,Aide financière,Province de Québec,1-877-644-4545,,,46.8139,-71.2082,X,,,,,t,07h00–18h00,Fermé,Fermé,Fermé,non,non,Lun-ven 7h-18h. Fermeture jours fériés et 2 semaines l'été.
QC,cpe-pw1,Mon Enfant – Liste d'attente CPE,famille,CPE subventionné,Province de Québec,1-877-644-4545,,,46.8139,-71.2082,X,,,,,t,07h30–17h00,Fermé,Fermé,Fermé,non,non,Inscription via portail 24h/24. Bureau: lun-ven 7h30-17h
QC,emp-form1,CFP – Centres de formation professionnelle,emploi,Formation professionnelle,Province de Québec,1-877-644-4545,,,46.8139,-71.2082,X,,,,,t,08h30–16h30,Fermé,Fermé,Fermé,non,non,Lun-ven 8h30-16h30.
QC,pw7,Emploi-Québec,emploi,Services d'emploi,Province de Québec,1-888-643-4721,,,46.8139,-71.2082,X,,,,,t,08h30–16h30,Fermé,Fermé,Fermé,non,non,Lun-ven 8h30-16h30. Sans RV ou sur RV selon service.
QC,emp-pw1,Emploi-Québec – Services d'emploi,emploi,Centre d'emploi,Province de Québec,1-877-644-4545,,,46.8139,-71.2082,X,,,,,t,08h30–16h30,Fermé,Fermé,Fermé,non,non,Lun-ven 8h30-16h30.
QC,emp-pw2,Service Canada – Assurance-emploi (AE),emploi,Aide financière,Province de Québec,1-800-206-7218,,,46.8139,-71.2082,X,,,,,t,08h30–16h30,Fermé,Fermé,Fermé,non,non,Lun-ven 8h30-16h30.
QC,pw-servicesqc-emploi,Services Québec – Emploi,emploi,Recherche d'emploi et formation,Province de Québec,1-877-644-4545,https://www.quebec.ca/emploi,,46.8139,-71.2082,X,,,,,t,08h30–16h30,Fermé,Fermé,Fermé,non,non,Lun-ven 8h30-16h30.
QC,pw4,DPJ – Protection de la jeunesse,famille,Protection enfance,Province de Québec,1-800-463-9019,,,46.8139,-71.2082,X,,,,admin,t,08h00–20h00,08h00–16h00,08h00–16h00,08h00–16h00,non,non,Lun-ven 8h-20h. Sam-dim 8h-16h. Urgences jeunesse: disponible 24h.
QC,urgent-aide-abus-aines,Ligne Aide Abus Aînés,famille,Protection des aînés,Province de Québec,1-888-489-2287,,,46.8139,-71.2082,X,,,,admin,t,08h00–20h00,08h00–16h00,08h00–16h00,08h00–16h00,non,non,Lun-ven 8h-20h. Sam-dim 8h-16h. Urgences jeunesse: disponible 24h.
QC,pw-ligneparents-famille,LigneParents,famille,Soutien aux parents,Province de Québec,1-800-361-5085,https://www.ligneparents.com/,,45.5017,-73.5673,X,,,,,t,08h30–16h30,Fermé,Fermé,Fermé,non,non,Lun-ven 8h30-16h30. Sur RV.
QC,v-ligne-parents,LigneParents,famille,Soutien parental,Province de Québec,1-800-361-5085,,,,,X,X,,,admin,t,08h30–16h30,Fermé,Fermé,Fermé,non,non,Lun-ven 8h30-16h30. Sur RV.
QC,urgent-rqcalacs,RQCALACS — Agressions à caractère sexuel,famille,Agression sexuelle,Province de Québec,1-888-933-9007,,,45.5048,-73.5772,X,,,,admin,t,00h00–24h00,00h00–24h00,00h00–24h00,00h00–24h00,oui,oui,Ligne 24h/24. Intervention et soutien disponibles en tout temps.
QC,urgent-sos-grossesse,SOS Grossesse,famille,Grossesse en crise,Province de Québec,1-800-463-5655,,,45.5048,-73.5772,X,,,,admin,t,00h00–24h00,00h00–24h00,00h00–24h00,00h00–24h00,oui,oui,Ligne 24h/24. Intervention et soutien disponibles en tout temps.
QC,pw3,SOS Violence Conjugale,famille,Violence conjugale,Province de Québec,1-800-363-9010,,,46.8139,-71.2082,X,,,,admin,t,00h00–24h00,00h00–24h00,00h00–24h00,00h00–24h00,oui,oui,"Service disponible 24h/24, 7j/7"
QC,urgent-811-infosante,811 — Infosanté (Infirmière 24h/24),sante,Consultation santé,Province de Québec,811,,,46.8139,-71.2082,X,,,,,t,00h00–24h00,00h00–24h00,00h00–24h00,00h00–24h00,oui,oui,"Service disponible 24h/24, 7j/7"
QC,pw2,Info-Santé / Info-Social,sante,Consultation santé,Province de Québec,811,,,46.8139,-71.2082,X,,,,,t,00h00–24h00,00h00–24h00,00h00–24h00,00h00–24h00,oui,oui,"Service disponible 24h/24, 7j/7"
QC,hlth-pw3,OPHQ – Office des personnes handicapées,sante,Personnes handicapées,Province de Québec,1-800-567-1465,,,46.8139,-71.2082,X,,,,,t,08h30–16h30,Fermé,Fermé,Fermé,non,non,Lun-ven 8h30-16h30. Pour urgence: 811 (Info-Santé) ou urgence hospitalière.
QC,hlth-pw4,Programme SAPA – Soins à domicile (CISSS/CIUSSS),sante,Soins à domicile,Province de Québec,811,,,46.8139,-71.2082,X,,,,,t,00h00–24h00,00h00–24h00,00h00–24h00,00h00–24h00,oui,oui,"Service disponible 24h/24, 7j/7"
QC,hlth-pw1,RAMQ – Régie de l'assurance maladie,sante,Assurance maladie,Province de Québec,1-800-561-9749,,,46.8139,-71.2082,X,,,,,t,08h30–16h30,Fermé,Fermé,Fermé,non,non,Lun-ven 8h30-16h30. Pour urgence: 811 (Info-Santé) ou urgence hospitalière.
QC,hlth-aine1,Réseau FADOQ – Services aux aînés,sante,Services aux aînés,Province de Québec,1-800-544-9058,,,46.8139,-71.2082,X,,,,,t,08h30–16h30,Fermé,Fermé,Fermé,non,non,Lun-ven 8h30-16h30. Pour urgence: 811 (Info-Santé) ou urgence hospitalière.
QC,pw-shq-logement,SHQ – Société d'habitation du Québec,logement,Logement social et abordable,Province de Québec,1-800-463-4315,https://www.habitation.gouv.qc.ca/,,46.8139,-71.2082,X,,,,,t,08h30–16h30,Fermé,Fermé,Fermé,non,non,Lun-ven 8h30-16h30.
QC,imm-jurid1,Aide juridique – clinique immigration,immigration,Aide juridique,Province de Québec,1-800-842-2213,,,45.5088,-73.561,X,,,,,t,08h30–16h30,Fermé,Fermé,Fermé,non,non,Lun-ven 8h30-16h30. Sur RV pour consultations spécialisées.
QC,pw-mifi-immigration,MIFI – Ministère de l'Immigration,immigration,Démarches immigration,Province de Québec,1-877-864-9191,https://www.quebec.ca/immigration,,46.8139,-71.2082,X,,,,,t,08h30–16h30,Fermé,Fermé,Fermé,non,non,Lun-ven 8h30-16h30. Sur RV pour consultations spécialisées.
QC,imm-pw2,Service Canada – Statuts et documents fédéraux,immigration,Services fédéraux,Province de Québec,1-800-622-6232,,,46.8139,-71.2082,X,,,,,t,06h00–23h00 (en ligne),06h00–23h00 (en ligne),06h00–23h00 (en ligne),06h00–23h00 (en ligne),non,non,Portail en ligne 24h/24. Centre d'appels: lun-ven 8h-20h.
QC,pw-csj-juridique,Commission des services juridiques (Aide juridique),soutienSocial,Aide juridique gratuite,Province de Québec,1-800-842-2213,https://www.csj.qc.ca/,,45.5017,-73.5673,X,,,,,t,08h30–16h30,Fermé,Fermé,Fermé,non,non,Lun-ven 8h30-16h30. Sur RV. Garde téléphonique 24h pour arrestation: 1-800-842-2213.
QC,taq-qc,Tribunal administratif du Québec (TAQ),soutienSocial,Tribunal administratif,Province de Québec,1-800-567-0278,,,46.8139,-71.2082,X,,,,admin,t,08h30–16h30,Fermé,Fermé,Fermé,non,non,Lun-ven 8h30-16h30. Sur RV. Garde téléphonique 24h pour arrestation: 1-800-842-2213.
QC,urgent-811-infosocial,811 — Info-Social (Travailleur social 24h/24),santemental,Ligne d'écoute,Province de Québec,811,,,46.8139,-71.2082,X,,,,,t,00h00–24h00,00h00–24h00,00h00–24h00,00h00–24h00,oui,oui,"Service disponible 24h/24, 7j/7"
QC,v-anebquebec,ANEB — Troubles alimentaires,santemental,Troubles alimentaires,Province de Québec,1-800-630-0907,,,,,X,X,,,,t,00h00–24h00,00h00–24h00,00h00–24h00,00h00–24h00,oui,oui,"Service disponible 24h/24, 7j/7"
QC,urgent-drogue-aide,Drogue : aide et référence,santemental,Dépendance et addiction,Province de Québec,1-800-265-2626,,,45.5048,-73.5772,X,,,,,t,08h30–16h30,Fermé,Fermé,Fermé,non,non,Lun-ven 8h30-16h30. Urgences: appeler le 811 ou aller à l'urgence.
QC,v-interligne,Interligne,santemental,LGBTQ+,Province de Québec,1-888-505-1010,,,,,X,X,,,,t,00h00–24h00,00h00–24h00,00h00–24h00,00h00–24h00,oui,oui,"Service disponible 24h/24, 7j/7"
QC,urgent-jeu-aide,Jeu : aide et référence,santemental,Dépendance et addiction,Province de Québec,1-800-461-0140,,,45.5048,-73.5772,X,,,,,t,08h30–16h30,Fermé,Fermé,Fermé,non,non,Lun-ven 8h30-16h30. Urgences: appeler le 811 ou aller à l'urgence.
QC,urgent-kids-help,"Jeunesse, j'écoute / Kids Help Phone",santemental,Crise psychologique,Province de Québec,1-800-668-6868,,,45.5048,-73.5772,X,,,,,t,00h00–24h00,00h00–24h00,00h00–24h00,00h00–24h00,oui,oui,"Service disponible 24h/24, 7j/7"
QC,pw-msmq-santement,Mouvement Santé Mentale Québec,santemental,Promotion santé mentale,Province de Québec,1-877-849-4621,https://mouvementsmq.ca/,,46.8139,-71.2082,X,,,,,t,08h30–16h30,Fermé,Fermé,Fermé,non,non,Lun-ven 8h30-16h30. Sur rendez-vous pour suivi.
QC,v-portage,Portage,santemental,Toxicomanie,Province de Québec,1-866-893-3819,,,,,X,X,,,,t,08h30–16h30,Fermé,Fermé,Fermé,non,non,Lun-ven 8h30-16h30. Urgences: appeler le 811 ou aller à l'urgence.
QC,v-revivre,Revivre — Anxiété et dépression,santemental,Anxiété/dépression,Province de Québec,1-866-738-4873,,,,,X,X,,,,t,08h30–16h30,Fermé,Fermé,Fermé,non,non,Lun-ven 8h30-16h30. Sur rendez-vous pour suivi.
QC,pw5,Suicide Action Montréal / Tel-Jeunes,santemental,Prévention suicide,Province de Québec,1-866-APPELLE,,,46.8139,-71.2082,X,,,,,t,00h00–24h00,00h00–24h00,00h00–24h00,00h00–24h00,oui,oui,"Service disponible 24h/24, 7j/7"
QC,urgent-tel-jeunes,Tel-Jeunes (12–25 ans),santemental,Crise psychologique,Province de Québec,1-800-263-2266,,,45.5048,-73.5772,X,,,,,t,08h30–16h30,Fermé,Fermé,Fermé,non,non,Lun-ven 8h30-16h30. Sur rendez-vous pour suivi.
QC,re-pw3,CELIAPP – Compte épargne libre d'impôt 1ère propriété,achatImmobilier,Programme gouvernemental,Province de Québec,1-800-959-8281,,,46.8139,-71.2082,X,,,,admin,t,09h00–17h00,09h00–12h00,Fermé,Fermé,non,non,Lun-ven 9h-17h. Sam 9h-12h pour certains bureaux. En ligne 24h.
QC,re-assist2,Chambre des notaires du Québec,achatImmobilier,Service juridique,Province de Québec,1-800-263-1793,,,45.5015,-73.5711,X,,,,admin,t,09h00–17h00,09h00–12h00,Fermé,Fermé,non,non,Lun-ven 9h-17h. Sam 9h-12h pour certains bureaux. En ligne 24h.
QC,re-pw5,DuProprio – Vente sans courtier,achatImmobilier,Recherche de propriété,Province de Québec,1-866-387-7677,,,46.8139,-71.2082,X,,,,admin,t,09h00–17h00,09h00–12h00,Fermé,Fermé,non,non,Lun-ven 9h-17h. Sam 9h-12h pour certains bureaux. En ligne 24h.
QC,re-assist1,OACIQ – Organisme d'autoréglementation courtage immobilier,achatImmobilier,Encadrement professionnel,Province de Québec,1-800-440-7170,,,45.5548,-73.4568,X,,,,admin,t,09h00–17h00,09h00–12h00,Fermé,Fermé,non,non,Lun-ven 9h-17h. Sam 9h-12h pour certains bureaux. En ligne 24h.
QC,re-pw2,RAP – Régime d'accession à la propriété (REER),achatImmobilier,Programme gouvernemental,Province de Québec,1-800-959-8281,,,46.8139,-71.2082,X,,,,admin,t,09h00–17h00,09h00–12h00,Fermé,Fermé,non,non,Lun-ven 9h-17h. Sam 9h-12h pour certains bureaux. En ligne 24h.
QC,re-pw1,SCHL – Société canadienne d'hypothèques,achatImmobilier,Programme gouvernemental,Province de Québec,1-800-668-2642,,,46.8139,-71.2082,X,,,,admin,t,09h00–17h00,09h00–12h00,Fermé,Fermé,non,non,Lun-ven 9h-17h. Sam 9h-12h pour certains bureaux. En ligne 24h.
QC,v-aqris,AQIS — Association du Québec pour l'intégration sociale,soutienSocial,Déficience intellectuelle,Province de Québec,1-888-381-2300,,,,,X,X,,,,t,08h30–16h30,Fermé,Fermé,Fermé,non,non,Lun-ven 8h30-16h30.
QC,v-aqrips,AQRIPH — Personnes handicapées,soutienSocial,Handicap,Province de Québec,1-888-336-0967,,,,,X,X,,,,t,08h30–16h30,Fermé,Fermé,Fermé,non,non,Lun-ven 8h30-16h30.
QC,soc-jurid1,Aide juridique du Québec,soutienSocial,Aide juridique,Province de Québec,1-800-842-2213,,,45.5088,-73.557,X,,,,,t,08h30–16h30,Fermé,Fermé,Fermé,non,non,Lun-ven 8h30-16h30.
QC,soc-mss1,Aide sociale – Ministère Emploi et Solidarité,soutienSocial,Aide sociale,Province de Québec,1-877-767-8773,,,46.8139,-71.2082,X,,,,,t,08h30–16h30,Fermé,Fermé,Fermé,non,non,Lun-ven 8h30-16h30.
QC,assurance-aviva,Aviva Canada,soutienSocial,Assurance automobile,Province de Québec,1-866-692-8482,,,45.5048,-73.5772,X,,,,,t,08h30–16h30,Fermé,Fermé,Fermé,non,non,Lun-ven 8h30-16h30. En ligne 24h/24 pour certains services.
QC,assurance-beneva,Beneva Assurance,soutienSocial,Assurance automobile,Province de Québec,1-877-236-3827,,,46.8139,-71.2082,X,,,,,t,08h30–16h30,Fermé,Fermé,Fermé,non,non,Lun-ven 8h30-16h30. En ligne 24h/24 pour certains services.
QC,v-cavac,CAVAC — Centre d'aide aux victimes d'actes criminels,soutienSocial,Aide aux victimes,Province de Québec,1-866-532-2822,,,,,X,X,,,,t,08h30–16h30,Fermé,Fermé,Fermé,non,non,Lun-ven 8h30-16h30.
QC,assurance-cooperators,Co-operators,soutienSocial,Assurance automobile,Province de Québec,1-888-265-6444,,,45.5048,-73.5772,X,,,,,t,08h30–16h30,Fermé,Fermé,Fermé,non,non,Lun-ven 8h30-16h30. En ligne 24h/24 pour certains services.
QC,soc-drt1,Commission des droits de la personne (CDPDJ),soutienSocial,Défense des droits,Province de Québec,1-800-361-6477,,,45.5088,-73.5565,X,,,,,t,08h30–16h30,Fermé,Fermé,Fermé,non,non,Lun-ven 8h30-16h30.
QC,urgent-croix-rouge,Croix-Rouge canadienne — Québec,soutienSocial,Aide aux sinistrés,Province de Québec,1-800-418-1111,,,45.5048,-73.5772,X,,,,,t,08h30–16h30,Fermé,Fermé,Fermé,non,non,Lun-ven 8h30-16h30.
QC,assurance-desjardins,Desjardins Assurances,soutienSocial,Assurance automobile,Province de Québec,1-800-463-7843,,,45.423,-73.561,X,,,,,t,08h30–16h30,Fermé,Fermé,Fermé,non,non,Lun-ven 8h30-16h30. En ligne 24h/24 pour certains services.
QC,pw-fc-francophone,Fédération culturelle canadienne-française,soutienSocial,Services francophones hors Québec,Province de Québec,1-866-823-3322,https://fccf.ca/,,45.4215,-75.6972,X,,,,,t,08h30–16h30,Fermé,Fermé,Fermé,non,non,Lun-ven 8h30-16h30.
QC,v-inca-canada,INCA — Institut national canadien pour les aveugles,soutienSocial,Personnes aveugles,Province de Québec,1-800-465-4622,,,,,X,X,,,,t,08h30–16h30,Fermé,Fermé,Fermé,non,non,Lun-ven 8h30-16h30.
QC,urgent-info-crime,Info-Crime Québec,soutienSocial,Sécurité publique,Province de Québec,1-800-711-1800,,,45.5048,-73.5772,X,,,,,t,08h30–16h30,Fermé,Fermé,Fermé,non,non,Lun-ven 8h30-16h30.
QC,assurance-intact,Intact Assurance,soutienSocial,Assurance automobile,Province de Québec,1-866-464-2003,,,45.5048,-73.5772,X,,,,,t,08h30–16h30,Fermé,Fermé,Fermé,non,non,Lun-ven 8h30-16h30. En ligne 24h/24 pour certains services.
QC,assurance-promutuel,Promutuel Assurance,soutienSocial,Assurance automobile,Province de Québec,1-888-466-6883,,,46.8139,-71.2082,X,,,,,t,08h30–16h30,Fermé,Fermé,Fermé,non,non,Lun-ven 8h30-16h30. En ligne 24h/24 pour certains services.
QC,soc-drt2,Protecteur du citoyen,soutienSocial,Défense des droits,Province de Québec,1-800-463-5070,,,46.8139,-71.2082,X,,,,,t,08h30–16h30,Fermé,Fermé,Fermé,non,non,Lun-ven 8h30-16h30.
QC,soc-rev1,Revenu Québec – Aide aux personnes à faible revenu,soutienSocial,Services gouvernementaux,Province de Québec,1-800-267-6299,,,46.8139,-71.2082,X,,,,,t,08h30–16h30,Fermé,Fermé,Fermé,non,non,Lun-ven 8h30-16h30. En ligne 24h/24 pour certains services.
QC,urgent-securite-civile,Sécurité civile Québec,soutienSocial,Aide aux sinistrés,Province de Québec,1-800-363-1363,,,46.8139,-71.2082,X,,,,,t,08h30–16h30,Fermé,Fermé,Fermé,non,non,Lun-ven 8h30-16h30.
QC,police-sq,Sûreté du Québec (SQ),soutienSocial,Service de police,Province de Québec,1-800-461-2131,,,46.8139,-71.2082,X,,,,,t,00h00–24h00,00h00–24h00,00h00–24h00,00h00–24h00,oui,oui,"Service d'urgence 24h/24, 7j/7."
QC,assurance-td,TD Assurance,soutienSocial,Assurance automobile,Province de Québec,1-888-788-0839,,,45.5048,-73.5772,X,,,,,t,08h30–16h30,Fermé,Fermé,Fermé,non,non,Lun-ven 8h30-16h30. En ligne 24h/24 pour certains services.
QC,assurance-wawanesa,Wawanesa Assurance,soutienSocial,Assurance automobile,Province de Québec,1-844-929-2637,,,45.5048,-73.5772,X,,,,,t,08h30–16h30,Fermé,Fermé,Fermé,non,non,Lun-ven 8h30-16h30. En ligne 24h/24 pour certains services.
QC,assurance-belairdirect,belairdirect,soutienSocial,Assurance automobile,Province de Québec,1-888-270-3595,,,45.5048,-73.5772,X,,,,,t,08h30–16h30,Fermé,Fermé,Fermé,non,non,Lun-ven 8h30-16h30. En ligne 24h/24 pour certains services.
QC,assurance-industrielle-alliance,iA Assurance,soutienSocial,Assurance automobile,Province de Québec,1-800-463-6236,,,46.8139,-71.2082,X,,,,,t,08h30–16h30,Fermé,Fermé,Fermé,non,non,Lun-ven 8h30-16h30. En ligne 24h/24 pour certains services.
QC,msss-chsld-prevost-maison-des-aines-de-prevost,Maison Des Aînés De Prévost,sante,CHSLD,Prévost,450-432-2777,,"1050, rue Chopin, Prévost, QC J0R 1T0",45.85850143432617,-74.06169891357422,,,,,donnees-quebec.ca/MSSS,f,08h00–16h00 (admin) | Soins 24h/24,Soins 24h/24 (admin fermé),Soins 24h/24 (admin fermé),Soins 24h/24 (admin fermé),oui,non,Milieu de vie 24h/24. Admin: lun-ven 8h-16h. Visites: 8h-21h30
QC,msss-clsc-puvirnituq-centre-de-sante-inuulitsivik,Centre De Santé Inuulitsivik,sante,CLSC,Puvirnituq,819-988-2957,,"chemin Baie d'Hudson, Puvirnituq, QC J0M 1P0",60.03770065307617,-77.27580261230469,,,,,donnees-quebec.ca/MSSS,f,08h00–20h00,08h00–16h00,08h00–16h00,08h00–16h00,non,non,Lun-ven 8h-20h. Sam-dim et fériés 8h-16h. Sur RV pour certains services.
QC,msss-clsc-quaqtaq-dispensaire-de-quaqtaq,Dispensaire De Quaqtaq,sante,CLSC,Quaqtaq,819-492-9902,,"Quaqtaq, Quaqtaq, QC J0M 1J0",61.047000885009766,-69.63269805908203,,,,,donnees-quebec.ca/MSSS,f,08h00–20h00,08h00–16h00,08h00–16h00,08h00–16h00,non,non,Lun-ven 8h-20h. Sam-dim et fériés 8h-16h. Sur RV pour certains services.
QC,emp-cje-quebec,Carrefour jeunesse-emploi de la Capitale-Nationale,emploi,Carrefour jeunesse-emploi (CJE),Québec,418-525-5526,https://cjecn.com,"275, rue de la Couronne, bureau 100, Québec, QC G1K 6E2",,,,X,,,curated-employment-network,f,08h30–16h30,Fermé,Fermé,Fermé,non,non,Lun-ven 8h30-16h30. Sans RV ou sur RV selon service.
QC,baq-moisson-quebec,Moisson Québec,alimentation,Banque alimentaire régionale,Québec,418-682-5061,https://moissonquebec.com,"915, rue Saint-Vallier Ouest, Québec, QC G1N 1Z2",,,,X,,,curated-baq-network,f,09h00–16h00,09h00–13h00,Fermé,Fermé,non,non,"Lun-ven 9h-16h, sam 9h-13h. Horaires varient selon point de distribution."
QC,popotes-roulantes-qc,Popotes Roulantes du Québec (PRASAB),alimentation,Popote roulante – portail provincial,Québec,1-877-953-2363,https://popotes.org,"150, René-Lévesque Est, Québec, QC G1R 2B2",,,,X,,,curated-baq-network,f,09h00–16h00,09h00–12h00,Fermé,Fermé,non,non,Lun-ven 9h-16h. Vérifier horaires locaux.
QC,msss-clsc-quebec-aire-ouverte-de-loretteville,Aire Ouverte De Loretteville,sante,CLSC,Québec,418-525-4444,,"363, rue Racine, Québec, QC G2B 1E9",46.84999847412109,-71.36150360107422,,,,,donnees-quebec.ca/MSSS,f,08h00–20h00,08h00–16h00,08h00–16h00,08h00–16h00,non,non,Lun-ven 8h-20h. Sam-dim et fériés 8h-16h. Sur RV pour certains services.
QC,msss-clsc-quebec-aire-ouverte-de-quebec,Aire Ouverte De Québec,sante,CLSC,Québec,418-525-4444,,"260, boulevard Langelier, pavillon F, Québec, QC G1K 1H4",46.814701080322266,-71.23280334472656,,,,,donnees-quebec.ca/MSSS,f,08h00–20h00,08h00–16h00,08h00–16h00,08h00–16h00,non,non,Lun-ven 8h-20h. Sam-dim et fériés 8h-16h. Sur RV pour certains services.
QC,msss-chsld-quebec-chsld-de-la-maison-legault,CHSLD De La Maison-Legault,sante,CHSLD,Québec,418-525-4444,,"3035, chemin Saint-Louis, Québec, QC G1W 1R5",46.7578010559082,-71.2885971069336,,,,,donnees-quebec.ca/MSSS,f,08h00–16h00 (admin) | Soins 24h/24,Soins 24h/24 (admin fermé),Soins 24h/24 (admin fermé),Soins 24h/24 (admin fermé),oui,non,Milieu de vie 24h/24. Admin: lun-ven 8h-16h. Visites: 8h-21h30
QC,msss-hopital-quebec-chsld-et-hopital-de-charlesbourg,CHSLD Et Hôpital De Charlesbourg,sante,Hôpital,Québec,418-525-4444,,"7150, boulevard Cloutier, Québec, QC G1H 5V5",46.85139846801758,-71.27429962158203,,,,,donnees-quebec.ca/MSSS,f,08h00–16h00 (admin) | Soins 24h/24,Soins 24h/24 (admin fermé),Soins 24h/24 (admin fermé),Soins 24h/24 (admin fermé),oui,non,Milieu de vie 24h/24. Admin: lun-ven 8h-16h. Visites: 8h-21h30
QC,msss-chsld-quebec-chsld-notre-dame,CHSLD Notre-Dame,sante,CHSLD,Québec,418-525-4444,,"990, rue Gérard-Morisset, Québec, QC G1S 1X6",46.78810119628906,-71.25659942626953,,,,,donnees-quebec.ca/MSSS,f,08h00–16h00 (admin) | Soins 24h/24,Soins 24h/24 (admin fermé),Soins 24h/24 (admin fermé),Soins 24h/24 (admin fermé),oui,non,Milieu de vie 24h/24. Admin: lun-ven 8h-16h. Visites: 8h-21h30
QC,msss-clsc-quebec-clsc-d-orsainville,CLSC D'Orsainville,sante,CLSC,Québec,418-525-4444,,"791, rue de Sherwood, Québec, QC G2N 1X7",46.90510177612305,-71.32019805908203,,,,,donnees-quebec.ca/MSSS,f,08h00–20h00,08h00–16h00,08h00–16h00,08h00–16h00,non,non,Lun-ven 8h-20h. Sam-dim et fériés 8h-16h. Sur RV pour certains services.
QC,msss-clsc-quebec-clsc-de-beauport,CLSC De Beauport,sante,CLSC,Québec,418-525-4444,,"3666, chemin Royal, Québec, QC G1E 1X5",46.85369873046875,-71.20099639892578,,,,,donnees-quebec.ca/MSSS,f,08h00–20h00,08h00–16h00,08h00–16h00,08h00–16h00,non,non,Lun-ven 8h-20h. Sam-dim et fériés 8h-16h. Sur RV pour certains services.
QC,msss-clsc-quebec-clsc-de-charlesbourg,CLSC De Charlesbourg,sante,CLSC,Québec,418-525-4444,,"190, 76e Rue Est, Québec, QC G1H 7K4",46.85910034179688,-71.26509857177734,,,,,donnees-quebec.ca/MSSS,f,08h00–20h00,08h00–16h00,08h00–16h00,08h00–16h00,non,non,Lun-ven 8h-20h. Sam-dim et fériés 8h-16h. Sur RV pour certains services.
QC,msss-clsc-quebec-clsc-de-limoilou,CLSC De Limoilou,sante,CLSC,Québec,418-525-4444,,"1405, chemin de la Canardière, Québec, QC G1J 0A7",46.83639907836914,-71.22360229492188,,,,,donnees-quebec.ca/MSSS,f,08h00–20h00,08h00–16h00,08h00–16h00,08h00–16h00,non,non,Lun-ven 8h-20h. Sam-dim et fériés 8h-16h. Sur RV pour certains services.
QC,msss-clsc-quebec-clsc-de-maizerets,CLSC De Maizerets,sante,CLSC,Québec,418-525-4444,,"2480, chemin de la Canardière, Québec, QC G1J 2G1",46.84370040893555,-71.21829986572266,,,,,donnees-quebec.ca/MSSS,f,08h00–20h00,08h00–16h00,08h00–16h00,08h00–16h00,non,non,Lun-ven 8h-20h. Sam-dim et fériés 8h-16h. Sur RV pour certains services.
QC,msss-clsc-quebec-clsc-de-montcalm,CLSC De Montcalm,sante,CLSC,Québec,418-525-4444,,"383, chemin Sainte-Foy, Québec, QC G1S 2J1",46.803199768066406,-71.23300170898438,,,,,donnees-quebec.ca/MSSS,f,08h00–20h00,08h00–16h00,08h00–16h00,08h00–16h00,non,non,Lun-ven 8h-20h. Sam-dim et fériés 8h-16h. Sur RV pour certains services.
QC,msss-clsc-quebec-clsc-de-sainte-foy,CLSC De Sainte-Foy,sante,CLSC,Québec,418-525-4444,,"3108, chemin Sainte-Foy, Québec, QC G1X 1P8",46.77519989013672,-71.3124008178711,,,,,donnees-quebec.ca/MSSS,f,08h00–20h00,08h00–16h00,08h00–16h00,08h00–16h00,non,non,Lun-ven 8h-20h. Sam-dim et fériés 8h-16h. Sur RV pour certains services.
QC,msss-clsc-quebec-clsc-et-centre-de-readaptation-en-deficience-intellectuelle-,CLSC Et Centre De Réadaptation En Déficience Intellectuelle Et En Troubles Du Spectre De L'Autisme Du Pavillon Arthur-Vallée,sante,CLSC,Québec,418-525-4444,,"2400, avenue d'Estimauville, Québec, QC G1E 7G9",46.85210037231445,-71.22309875488281,,,,,donnees-quebec.ca/MSSS,f,00h00–24h00 (urgences) | 08h00–16h00 (admin),00h00–24h00 (urgences),00h00–24h00 (urgences),00h00–24h00 (urgences),oui,oui,Urgences 24h/24. Services ambulatoires sur rendez-vous: lun-ven 8h-16h
QC,msss-clsc-quebec-clsc-et-centre-de-readaptation-en-dependance-de-la-basse-vil,CLSC Et Centre De Réadaptation En Dépendance De La Basse-Ville,sante,CLSC,Québec,418-525-4444,,"50, rue Saint-Joseph Est, Québec, QC G1K 3A5",46.812599182128906,-71.23030090332031,,,,,donnees-quebec.ca/MSSS,f,08h00–20h00,08h00–16h00,08h00–16h00,08h00–16h00,non,non,Lun-ven 8h-20h. Sam-dim et fériés 8h-16h. Sur RV pour certains services.
QC,msss-clsc-quebec-clsc-et-centre-de-services-ambulatoires-de-la-haute-ville,CLSC Et Centre De Services Ambulatoires De La Haute-Ville,sante,CLSC,Québec,418-525-4444,,"55, chemin Sainte-Foy, Québec, QC G1R 1S9",46.805999755859375,-71.22789764404297,,,,,donnees-quebec.ca/MSSS,f,08h00–20h00,08h00–16h00,08h00–16h00,08h00–16h00,non,non,Lun-ven 8h-20h. Sam-dim et fériés 8h-16h. Sur RV pour certains services.
QC,msss-clsc-quebec-clsc-montmorency,CLSC Montmorency,sante,CLSC,Québec,418-525-4444,,"33, avenue Ruel, Québec, QC G1C 2C8",46.877201080322266,-71.1572036743164,,,,,donnees-quebec.ca/MSSS,f,08h00–20h00,08h00–16h00,08h00–16h00,08h00–16h00,non,non,Lun-ven 8h-20h. Sam-dim et fériés 8h-16h. Sur RV pour certains services.
QC,msss-chsld-quebec-centre-d-hebergement-champlain-des-montagnes,Centre D'Hébergement Champlain-Des-Montagnes,sante,CHSLD,Québec,418-525-4444,,"791, rue de Sherwood, Québec, QC G2N 1X7",46.90510177612305,-71.32019805908203,,,,,donnees-quebec.ca/MSSS,f,08h00–16h00 (admin) | Soins 24h/24,Soins 24h/24 (admin fermé),Soins 24h/24 (admin fermé),Soins 24h/24 (admin fermé),oui,non,Milieu de vie 24h/24. Admin: lun-ven 8h-16h. Visites: 8h-21h30
QC,msss-chsld-quebec-centre-d-hebergement-de-limoilou,Centre D'Hébergement De Limoilou,sante,CHSLD,Québec,418-525-4444,,"1401, chemin de la Canardière, Québec, QC G1J 0A6",46.83639907836914,-71.22360229492188,,,,,donnees-quebec.ca/MSSS,f,08h00–16h00 (admin) | Soins 24h/24,Soins 24h/24 (admin fermé),Soins 24h/24 (admin fermé),Soins 24h/24 (admin fermé),oui,non,Milieu de vie 24h/24. Admin: lun-ven 8h-16h. Visites: 8h-21h30
QC,msss-chsld-quebec-centre-d-hebergement-de-loretteville,Centre D'Hébergement De Loretteville,sante,CHSLD,Québec,418-525-4444,,"165, rue Lessard, Québec, QC G2B 2V9",46.85020065307617,-71.35040283203125,,,,,donnees-quebec.ca/MSSS,f,08h00–16h00 (admin) | Soins 24h/24,Soins 24h/24 (admin fermé),Soins 24h/24 (admin fermé),Soins 24h/24 (admin fermé),oui,non,Milieu de vie 24h/24. Admin: lun-ven 8h-16h. Visites: 8h-21h30
QC,msss-chsld-quebec-centre-d-hebergement-des-chutes,Centre D'Hébergement Des Chutes,sante,CHSLD,Québec,418-525-4444,,"700, boulevard des Chutes, Québec, QC G1E 2B7",46.85710144042969,-71.18779754638672,,,,,donnees-quebec.ca/MSSS,f,08h00–16h00 (admin) | Soins 24h/24,Soins 24h/24 (admin fermé),Soins 24h/24 (admin fermé),Soins 24h/24 (admin fermé),oui,non,Milieu de vie 24h/24. Admin: lun-ven 8h-16h. Visites: 8h-21h30
QC,msss-chsld-quebec-centre-d-hebergement-du-boise,Centre D'Hébergement Du Boisé,sante,CHSLD,Québec,418-525-4444,,"3690, boulevard Neilson, Québec, QC G1W 0A9",46.75400161743164,-71.32140350341797,,,,,donnees-quebec.ca/MSSS,f,08h00–16h00 (admin) | Soins 24h/24,Soins 24h/24 (admin fermé),Soins 24h/24 (admin fermé),Soins 24h/24 (admin fermé),oui,non,Milieu de vie 24h/24. Admin: lun-ven 8h-16h. Visites: 8h-21h30
QC,msss-chsld-quebec-centre-d-hebergement-du-faubourg,Centre D'Hébergement Du Faubourg,sante,CHSLD,Québec,418-525-4444,,"925, avenue Turnbull, Québec, QC G1R 2X6",46.80730056762695,-71.22429656982422,,,,,donnees-quebec.ca/MSSS,f,08h00–16h00 (admin) | Soins 24h/24,Soins 24h/24 (admin fermé),Soins 24h/24 (admin fermé),Soins 24h/24 (admin fermé),oui,non,Milieu de vie 24h/24. Admin: lun-ven 8h-16h. Visites: 8h-21h30
QC,msss-chsld-quebec-centre-d-hebergement-et-de-soins-de-longue-duree-cote-jardin,Centre D'Hébergement Et De Soins De Longue Durée Côté-Jardin,sante,CHSLD,Québec,418-525-4444,,"880, avenue Painchaud, Québec, QC G1S 0A3",46.78820037841797,-71.26100158691406,,,,,donnees-quebec.ca/MSSS,f,08h00–16h00 (admin) | Soins 24h/24,Soins 24h/24 (admin fermé),Soins 24h/24 (admin fermé),Soins 24h/24 (admin fermé),oui,non,Milieu de vie 24h/24. Admin: lun-ven 8h-16h. Visites: 8h-21h30
QC,msss-chsld-quebec-centre-d-hebergement-maizerets,Centre D'Hébergement Maizerets,sante,CHSLD,Québec,418-525-4444,,"2601, chemin de la Canardière, porte5, Québec, QC G1J 2G3",46.8473014831543,-71.22090148925781,,,,,donnees-quebec.ca/MSSS,f,08h00–16h00 (admin) | Soins 24h/24,Soins 24h/24 (admin fermé),Soins 24h/24 (admin fermé),Soins 24h/24 (admin fermé),oui,non,Milieu de vie 24h/24. Admin: lun-ven 8h-16h. Visites: 8h-21h30
QC,msss-chsld-quebec-centre-d-hebergement-notre-dame-de-lourdes,Centre D'Hébergement Notre-Dame-De-Lourdes,sante,CHSLD,Québec,418-525-4444,,"105, rue Hermine, Québec, QC G1K 1Y5",46.80989837646485,-71.2322998046875,,,,,donnees-quebec.ca/MSSS,f,08h00–16h00 (admin) | Soins 24h/24,Soins 24h/24 (admin fermé),Soins 24h/24 (admin fermé),Soins 24h/24 (admin fermé),oui,non,Milieu de vie 24h/24. Admin: lun-ven 8h-16h. Visites: 8h-21h30
QC,msss-chsld-quebec-centre-d-hebergement-paul-triquet,Centre D'Hébergement Paul-Triquet,sante,CHSLD,Québec,418-525-4444,,"789, rue de Belmont, Québec, QC G1V 4V2",46.789398193359375,-71.27249908447266,,,,,donnees-quebec.ca/MSSS,f,08h00–16h00 (admin) | Soins 24h/24,Soins 24h/24 (admin fermé),Soins 24h/24 (admin fermé),Soins 24h/24 (admin fermé),oui,non,Milieu de vie 24h/24. Admin: lun-ven 8h-16h. Visites: 8h-21h30
QC,msss-chsld-quebec-centre-d-hebergement-saint-antoine,Centre D'Hébergement Saint-Antoine,sante,CHSLD,Québec,418-525-4444,,"1451, boulevard Père-Lelièvre, Québec, QC G1M 1N8",46.80989837646485,-71.27839660644531,,,,,donnees-quebec.ca/MSSS,f,08h00–16h00 (admin) | Soins 24h/24,Soins 24h/24 (admin fermé),Soins 24h/24 (admin fermé),Soins 24h/24 (admin fermé),oui,non,Milieu de vie 24h/24. Admin: lun-ven 8h-16h. Visites: 8h-21h30
QC,msss-chsld-quebec-centre-d-hebergement-saint-augustin,Centre D'Hébergement Saint-Augustin,sante,CHSLD,Québec,418-525-4444,,"2135, rue de la Terrasse-Cadieux, Québec, QC G1C 1Z2",46.87770080566406,-71.16329956054688,,,,,donnees-quebec.ca/MSSS,f,08h00–16h00 (admin) | Soins 24h/24,Soins 24h/24 (admin fermé),Soins 24h/24 (admin fermé),Soins 24h/24 (admin fermé),oui,non,Milieu de vie 24h/24. Admin: lun-ven 8h-16h. Visites: 8h-21h30
QC,msss-chsld-quebec-centre-d-hebergement-st-jean-eudes,Centre D'Hébergement St-Jean-Eudes,sante,CHSLD,Québec,418-525-4444,,"6000, 3e Avenue Ouest, Québec, QC G1H 7J5",46.85049819946289,-71.2594985961914,,,,,donnees-quebec.ca/MSSS,f,08h00–16h00 (admin) | Soins 24h/24,Soins 24h/24 (admin fermé),Soins 24h/24 (admin fermé),Soins 24h/24 (admin fermé),oui,non,Milieu de vie 24h/24. Admin: lun-ven 8h-16h. Visites: 8h-21h30
QC,msss-chsld-quebec-centre-d-hebergement-yvonne-sylvain,Centre D'Hébergement Yvonne-Sylvain,sante,CHSLD,Québec,418-525-4444,,"3365, rue Guimont, Québec, QC G1E 2H1",46.85430145263672,-71.20970153808594,,,,,donnees-quebec.ca/MSSS,f,08h00–16h00 (admin) | Soins 24h/24,Soins 24h/24 (admin fermé),Soins 24h/24 (admin fermé),Soins 24h/24 (admin fermé),oui,non,Milieu de vie 24h/24. Admin: lun-ven 8h-16h. Visites: 8h-21h30
QC,msss-clsc-quebec-centre-de-protection-de-l-enfance-et-de-la-jeunesse-et-clsc-,Centre De Protection De L'Enfance Et De La Jeunesse Et CLSC De Québec,sante,CLSC,Québec,418-525-4444,,"1020, route de l'Église, 7e étage, Québec, QC G1V 3V9",46.77149963378906,-71.29609680175781,,,,,donnees-quebec.ca/MSSS,f,08h00–20h00,08h00–16h00,08h00–16h00,08h00–16h00,non,non,Lun-ven 8h-20h. Sam-dim et fériés 8h-16h. Sur RV pour certains services.
QC,msss-clsc-quebec-centre-de-protection-de-l-enfance-et-de-la-jeunesse-mont-d-y,Centre De Protection De L'Enfance Et De La Jeunesse Mont-D'Youville,sante,CLSC,Québec,418-525-4444,,"2915, avenue du Bourg-Royal, Québec, QC G1C 3S2",46.85660171508789,-71.21980285644531,,,,,donnees-quebec.ca/MSSS,f,08h00–20h00,08h00–16h00,08h00–16h00,08h00–16h00,non,non,Lun-ven 8h-20h. Sam-dim et fériés 8h-16h. Sur RV pour certains services.
QC,msss-chsld-quebec-centre-d-hebergement-domaine-saint-dominique,Centre D’hébergement Domaine Saint-Dominique,sante,CHSLD,Québec,418-525-4444,,"1045, boulevard René-Lévesque Ouest, Québec, QC G1S 1V3",46.79499816894531,-71.2416000366211,,,,,donnees-quebec.ca/MSSS,f,08h00–16h00 (admin) | Soins 24h/24,Soins 24h/24 (admin fermé),Soins 24h/24 (admin fermé),Soins 24h/24 (admin fermé),oui,non,Milieu de vie 24h/24. Admin: lun-ven 8h-16h. Visites: 8h-21h30
QC,msss-hopital-quebec-centre-hospitalier-de-l-universite-laval,Centre Hospitalier De L'Université Laval,sante,Hôpital,Québec,418-525-4444,,"2705, boulevard Laurier, Québec, QC G1V 4G2",46.76789855957031,-71.28230285644531,,,,,donnees-quebec.ca/MSSS,f,00h00–24h00 (urgences) | 08h00–16h00 (admin),00h00–24h00 (urgences),00h00–24h00 (urgences),00h00–24h00 (urgences),oui,oui,Urgences 24h/24. Services ambulatoires sur rendez-vous: lun-ven 8h-16h
QC,msss-clsc-quebec-centre-multiservices-de-sante-et-de-services-sociaux-chauvea,Centre Multiservices De Santé Et De Services Sociaux Chauveau,sante,CLSC,Québec,418-525-4444,,"11999, rue de l'Hôpital, Québec, QC G2A 2T7",46.85319900512695,-71.37000274658203,,,,,donnees-quebec.ca/MSSS,f,08h00–20h00,08h00–16h00,08h00–16h00,08h00–16h00,non,non,Lun-ven 8h-20h. Sam-dim et fériés 8h-16h. Sur RV pour certains services.
QC,msss-clsc-quebec-centre-multiservices-de-sante-et-de-services-sociaux-christ-,Centre Multiservices De Santé Et De Services Sociaux Christ-Roi,sante,CLSC,Québec,418-525-4444,,"900, boulevard Wilfrid-Hamel, Québec, QC G1M 2R9",46.81079864501953,-71.2582015991211,,,,,donnees-quebec.ca/MSSS,f,08h00–20h00,08h00–16h00,08h00–16h00,08h00–16h00,non,non,Lun-ven 8h-20h. Sam-dim et fériés 8h-16h. Sur RV pour certains services.
QC,msss-clsc-quebec-centre-multiservices-de-sante-et-de-services-sociaux-sacre-c,Centre Multiservices De Santé Et De Services Sociaux Sacré-Coeur,sante,CLSC,Québec,418-525-4444,,"1, avenue du Sacré-Coeur, Québec, QC G1N 2W1",46.81330108642578,-71.24549865722656,,,,,donnees-quebec.ca/MSSS,f,08h00–20h00,08h00–16h00,08h00–16h00,08h00–16h00,non,non,Lun-ven 8h-20h. Sam-dim et fériés 8h-16h. Sur RV pour certains services.
QC,msss-hopital-quebec-groupe-de-medecine-de-famille-universitaire-de-saint-francoi,Groupe De Médecine De Famille Universitaire De Saint-François D’assise,sante,Hôpital,Québec,418-525-4444,,"10, rue de l'Espinay, Québec, QC G1L 3L5",46.82780075073242,-71.23660278320312,,,,,donnees-quebec.ca/MSSS,f,00h00–24h00 (urgences) | 08h00–16h00 (admin),00h00–24h00 (urgences),00h00–24h00 (urgences),00h00–24h00 (urgences),oui,oui,Urgences 24h/24. Services ambulatoires sur rendez-vous: lun-ven 8h-16h
QC,msss-hopital-quebec-hopital-1re-avenue,Hôpital 1re Avenue,sante,Hôpital,Québec,418-525-4444,,"10, rue de l'Espinay, Québec, QC G1L 3L5",46.82780075073242,-71.23660278320312,,,,,donnees-quebec.ca/MSSS,f,00h00–24h00 (urgences) | 08h00–16h00 (admin),00h00–24h00 (urgences),00h00–24h00 (urgences),00h00–24h00 (urgences),oui,oui,Urgences 24h/24. Services ambulatoires sur rendez-vous: lun-ven 8h-16h
QC,msss-hopital-quebec-hopital-boulevard-laurier,Hôpital Boulevard Laurier,sante,Hôpital,Québec,418-525-4444,,"2705, boulevard Laurier, Québec, QC G1V 4G2",46.76789855957031,-71.28230285644531,,,,,donnees-quebec.ca/MSSS,f,00h00–24h00 (urgences) | 08h00–16h00 (admin),00h00–24h00 (urgences),00h00–24h00 (urgences),00h00–24h00 (urgences),oui,oui,Urgences 24h/24. Services ambulatoires sur rendez-vous: lun-ven 8h-16h
QC,msss-hopital-quebec-hopital-chemin-sainte-foy,Hôpital Chemin Sainte-Foy,sante,Hôpital,Québec,418-525-4444,,"1050, chemin Sainte-Foy, Québec, QC G1S 4L8",46.79899978637695,-71.24659729003906,,,,,donnees-quebec.ca/MSSS,f,00h00–24h00 (urgences) | 08h00–16h00 (admin),00h00–24h00 (urgences),00h00–24h00 (urgences),00h00–24h00 (urgences),oui,oui,Urgences 24h/24. Services ambulatoires sur rendez-vous: lun-ven 8h-16h
QC,msss-hopital-quebec-hopital-de-l-enfant-jesus,Hôpital De L'Enfant-Jésus,sante,Hôpital,Québec,418-525-4444,,"1401, 18e Rue, Québec, QC G1J 1Z4",46.83720016479492,-71.22550201416016,,,,,donnees-quebec.ca/MSSS,f,00h00–24h00 (urgences) | 08h00–16h00 (admin),00h00–24h00 (urgences),00h00–24h00 (urgences),00h00–24h00 (urgences),oui,oui,Urgences 24h/24. Services ambulatoires sur rendez-vous: lun-ven 8h-16h
QC,msss-hopital-quebec-hopital-du-saint-sacrement,Hôpital Du Saint-Sacrement,sante,Hôpital,Québec,418-525-4444,,"1050, chemin Sainte-Foy, Québec, QC G1S 4L8",46.79940032958984,-71.24639892578125,,,,,donnees-quebec.ca/MSSS,f,00h00–24h00 (urgences) | 08h00–16h00 (admin),00h00–24h00 (urgences),00h00–24h00 (urgences),00h00–24h00 (urgences),oui,oui,Urgences 24h/24. Services ambulatoires sur rendez-vous: lun-ven 8h-16h
QC,msss-hopital-quebec-hopital-jeffery-hale,Hôpital Jeffery Hale,sante,Hôpital,Québec,418-525-4444,,"1250, chemin Sainte-Foy, Québec, QC G1S 2M6",46.79660034179688,-71.25309753417969,,,,,donnees-quebec.ca/MSSS,f,00h00–24h00 (urgences) | 08h00–16h00 (admin),00h00–24h00 (urgences),00h00–24h00 (urgences),00h00–24h00 (urgences),oui,oui,Urgences 24h/24. Services ambulatoires sur rendez-vous: lun-ven 8h-16h
QC,msss-hopital-quebec-hopital-saint-francois-d-assise,Hôpital Saint-François D'Assise,sante,Hôpital,Québec,418-525-4444,,"10, rue de l'Espinay, Québec, QC G1L 3L5",46.82780075073242,-71.23660278320312,,,,,donnees-quebec.ca/MSSS,f,00h00–24h00 (urgences) | 08h00–16h00 (admin),00h00–24h00 (urgences),00h00–24h00 (urgences),00h00–24h00 (urgences),oui,oui,Urgences 24h/24. Services ambulatoires sur rendez-vous: lun-ven 8h-16h
QC,msss-hopital-quebec-institut-universitaire-de-cardiologie-et-de-pneumologie-de-q,Institut Universitaire De Cardiologie Et De Pneumologie De Québec,sante,Hôpital,Québec,418-525-4444,,"2725, chemin Sainte-Foy, Québec, QC G1V 4G5",46.77909851074219,-71.29769897460938,,,,,donnees-quebec.ca/MSSS,f,00h00–24h00 (urgences) | 08h00–16h00 (admin),00h00–24h00 (urgences),00h00–24h00 (urgences),00h00–24h00 (urgences),oui,oui,Urgences 24h/24. Services ambulatoires sur rendez-vous: lun-ven 8h-16h
QC,msss-chsld-quebec-institut-universitaire-en-sante-mentale-de-quebec,Institut Universitaire En Santé Mentale De Québec,sante,CHSLD,Québec,418-525-4444,,"2601, chemin de la Canardière, Québec, QC G1J 2G3",46.84769821166992,-71.22049713134766,,,,,donnees-quebec.ca/MSSS,f,08h00–16h00 (admin) | Soins 24h/24,Soins 24h/24 (admin fermé),Soins 24h/24 (admin fermé),Soins 24h/24 (admin fermé),oui,non,Milieu de vie 24h/24. Admin: lun-ven 8h-16h. Visites: 8h-21h30
QC,msss-hopital-quebec-l-hotel-dieu-de-quebec,L'Hôtel-Dieu De Québec,sante,Hôpital,Québec,418-525-4444,,"11, Côte du Palais, Québec, QC G1R 2J6",46.81539916992188,-71.21099853515625,,,,,donnees-quebec.ca/MSSS,f,00h00–24h00 (urgences) | 08h00–16h00 (admin),00h00–24h00 (urgences),00h00–24h00 (urgences),00h00–24h00 (urgences),oui,oui,Urgences 24h/24. Services ambulatoires sur rendez-vous: lun-ven 8h-16h
QC,msss-hopital-quebec-la-maison-michel-sarrazin,La Maison Michel-Sarrazin,sante,Hôpital,Québec,418-525-4444,,"2101, chemin Saint-Louis, Québec, QC G1T 1P5",46.77349853515625,-71.25160217285156,,,,,donnees-quebec.ca/MSSS,f,00h00–24h00 (urgences) | 08h00–16h00 (admin),00h00–24h00 (urgences),00h00–24h00 (urgences),00h00–24h00 (urgences),oui,oui,Urgences 24h/24. Services ambulatoires sur rendez-vous: lun-ven 8h-16h
QC,msss-clsc-quebec-maison-de-naissance-de-la-capitale-nationale,Maison De Naissance De La Capitale-Nationale,sante,CLSC,Québec,418-525-4444,,"1280, 1re Avenue, Québec, QC G1L 3K9",46.82699966430664,-71.2344970703125,,,,,donnees-quebec.ca/MSSS,f,08h00–20h00,08h00–16h00,08h00–16h00,08h00–16h00,non,non,Lun-ven 8h-20h. Sam-dim et fériés 8h-16h. Sur RV pour certains services.
QC,msss-chsld-quebec-maison-des-aines-et-alternative-de-lebourgneuf,Maison Des Aînés Et Alternative De Lebourgneuf,sante,CHSLD,Québec,418-525-4444,,"7400, rue de la Gandolière, Québec, QC G2J 0E2",46.84629821777344,-71.28959655761719,,,,,donnees-quebec.ca/MSSS,f,08h00–16h00 (admin) | Soins 24h/24,Soins 24h/24 (admin fermé),Soins 24h/24 (admin fermé),Soins 24h/24 (admin fermé),oui,non,Milieu de vie 24h/24. Admin: lun-ven 8h-16h. Visites: 8h-21h30
QC,msss-chsld-quebec-maison-des-aines-et-alternative-de-sainte-foy,Maison Des Aînés Et Alternative De Sainte-Foy,sante,CHSLD,Québec,418-525-4444,,"1576, route de l'Église, Québec, QC G1W 3P5",46.75960159301758,-71.27999877929688,,,,,donnees-quebec.ca/MSSS,f,08h00–16h00 (admin) | Soins 24h/24,Soins 24h/24 (admin fermé),Soins 24h/24 (admin fermé),Soins 24h/24 (admin fermé),oui,non,Milieu de vie 24h/24. Admin: lun-ven 8h-16h. Visites: 8h-21h30
QC,msss-chsld-quebec-saint-brigid-s-home,Saint Brigid'S Home,sante,CHSLD,Québec,418-525-4444,,"1645, chemin Saint-Louis, Québec, QC G1S 4M3",46.784400939941406,-71.24549865722656,,,,,donnees-quebec.ca/MSSS,f,08h00–16h00 (admin) | Soins 24h/24,Soins 24h/24 (admin fermé),Soins 24h/24 (admin fermé),Soins 24h/24 (admin fermé),oui,non,Milieu de vie 24h/24. Admin: lun-ven 8h-16h. Visites: 8h-21h30
QC,h-blu-quebec,Bureau d'animation et de leadership pour le logement (BAIL),logement,Comité logement,Québec,418-523-6177,https://lebail.qc.ca,"780, rue Saint-Vallier Est, Québec, QC G1K 3P9",,,,X,,,curated-housing-network,f,09h00–17h00,Fermé,Fermé,Fermé,non,non,Lun-ven 9h-17h. Consultations sur RV.
QC,h-omh-quebec,Office municipal d'habitation de Québec (OMHQ),logement,Office municipal d'habitation,Québec,418-780-5211,https://omhq.qc.ca,"550, boul. Charest Est, bureau 200, Québec, QC G1K 3J3",,,,X,,,curated-housing-network,f,08h30–16h30,Fermé,Fermé,Fermé,non,non,Bureau lun-ven 8h30-16h30. Liste d'attente – inscription requise.
QC,h-rohq,ROHQ – Regroupement des offices d'habitation du Québec,logement,Réseau OMH,Québec,418-527-6228,https://rohq.qc.ca,"1135, Grande Allée Ouest, bureau 240, Québec, QC G1S 1E7",,,,X,,,curated-housing-network,t,08h30–16h30,Fermé,Fermé,Fermé,non,non,Lun-ven 8h30-16h30.
QC,imm-soit-quebec,Service d'orientation et d'intégration des immigrants au travail (SOIT),immigration,Employabilité immigrants,Québec,418-688-6311,https://soit.ca,"1010, rue Borne, Québec, QC G1N 1L9",,,,X,,,curated-immigration-network,f,08h30–16h30,Fermé,Fermé,Fermé,non,non,Lun-ven 8h30-16h30. Sur RV pour consultations spécialisées.
QC,mh-acsm-quebec,ACSM – Filiale Québec,santemental,Santé mentale communautaire,Québec,418-529-1979,https://acsmquebec.org,"2380, av. du Mont-Thabor, Québec, QC G1J 3W7",,,,X,,,curated-mh-network,f,08h30–16h30,Fermé,Fermé,Fermé,non,non,Lun-ven 8h30-16h30. Sur rendez-vous pour suivi.
QC,mh-aqps,Association québécoise de prévention du suicide (AQPS),santemental,Réseau provincial – prévention suicide,Québec,418-614-9339,https://aqps.info,"8000, boul. Langelier, bureau 802, Montréal, QC H1P 3K2",,,,X,,,curated-mh-network,t,00h00–24h00,00h00–24h00,00h00–24h00,00h00–24h00,oui,oui,"Service disponible 24h/24, 7j/7"
QC,msss-centre-hospitalier-psychiatrique-quebec-centre-de-services-ambulatoires-boulevard-laurier,Centre De Services Ambulatoires Boulevard Laurier,santemental,Centre hospitalier psychiatrique,Québec,418-525-4444,,"2960, boulevard Laurier, suite 040, Québec, QC G1V 4S1",46.76599884033203,-71.2927017211914,,,,,donnees-quebec.ca/MSSS,f,00h00–24h00,00h00–24h00,00h00–24h00,00h00–24h00,oui,oui,"Service de crise disponible 24h/24, 7j/7"
QC,msss-centre-hospitalier-psychiatrique-quebec-centre-de-services-ambulatoires-chanoine-morel,Centre De Services Ambulatoires Chanoine-Morel,santemental,Centre hospitalier psychiatrique,Québec,418-525-4444,,"1212, avenue Chanoine-Morel, Québec, QC G1S 4A9",46.786598205566406,-71.25019836425781,,,,,donnees-quebec.ca/MSSS,f,00h00–24h00,00h00–24h00,00h00–24h00,00h00–24h00,oui,oui,"Service de crise disponible 24h/24, 7j/7"
QC,mh-crise-quebec,Centre de crise de Québec,santemental,Centre de crise,Québec,418-688-4240,https://centredecrise.com,"1027, rue Saint-Vallier Ouest, Québec, QC G1N 1Y4",,,,X,,,curated-mh-network,f,00h00–24h00,00h00–24h00,00h00–24h00,00h00–24h00,oui,oui,"Service disponible 24h/24, 7j/7"
QC,msss-centre-hospitalier-psychiatrique-quebec-hopital-de-maizerets,Hôpital De Maizerets,santemental,Centre hospitalier psychiatrique,Québec,418-525-4444,,"1401, 18e Rue, Québec, QC G1J 1Z4",46.83720016479492,-71.22550201416016,,,,,donnees-quebec.ca/MSSS,f,00h00–24h00 (urgences) | 08h00–16h00 (admin),00h00–24h00 (urgences),00h00–24h00 (urgences),00h00–24h00 (urgences),oui,oui,Urgences 24h/24. Services ambulatoires sur rendez-vous: lun-ven 8h-16h
QC,msss-centre-hospitalier-psychiatrique-quebec-institut-universitaire-en-sante-mentale-de-quebec,Institut Universitaire En Santé Mentale De Québec,santemental,Centre hospitalier psychiatrique,Québec,418-525-4444,,"2601, chemin de la Canardière, Québec, QC G1J 2G3",46.84769821166992,-71.22049713134766,,,,,donnees-quebec.ca/MSSS,f,00h00–24h00,00h00–24h00,00h00–24h00,00h00–24h00,oui,oui,"Service de crise disponible 24h/24, 7j/7"
QC,s-centraide-quebec,Centraide Québec et Chaudière-Appalaches,soutienSocial,Centraide,Québec,418-660-2000,https://centraide-quebec.com,"150, boul. René-Lévesque Est, bureau 200, Québec, QC G1R 2B2",,,,X,,,curated-social-network,f,08h30–16h30,Fermé,Fermé,Fermé,non,non,Lun-ven 8h30-16h30.
QC,centre911-quebec,Centre 911 de Québec,soutienSocial,Centre 911,Québec,911,,,46.8139,-71.2082,X,,,,,f,00h00–24h00,00h00–24h00,00h00–24h00,00h00–24h00,oui,oui,"Service disponible 24h/24, 7j/7"
QC,s-cab-quebec,Centre d'action bénévole de Québec,soutienSocial,Centre d'action bénévole,Québec,418-681-3501,https://cabquebec.org,"1453, rue de Bellechasse, Québec, QC G1L 1B7",,,,X,,,curated-social-network,f,08h30–16h30,Fermé,Fermé,Fermé,non,non,Lun-ven 8h30-16h30.
QC,saaq-qc,SAAQ — Bureau de Québec,soutienSocial,Services gouvernementaux,Québec,1-800-361-7620,,,46.8139,-71.2082,X,,,,,f,08h30–16h30,Fermé,Fermé,Fermé,non,non,Lun-ven 8h30-16h30. En ligne 24h/24 pour certains services.
QC,msss-clsc-rapides-des-joachims-clsc-de-rapides-des-joachims,CLSC De Rapides-Des-Joachims,sante,CLSC,Rapides-des-Joachims,819-586-2111,,"48A, rue de l'Église, Rapides-des-Joachims, QC J0X 3M0",46.197898864746094,-77.6895980834961,,,,,donnees-quebec.ca/MSSS,f,08h00–20h00,08h00–16h00,08h00–16h00,08h00–16h00,non,non,Lun-ven 8h-20h. Sam-dim et fériés 8h-16h. Sur RV pour certains services.
QC,msss-chsld-rawdon-chsld-heather-i,CHSLD Heather I,sante,CHSLD,Rawdon,450-759-8222,,"3931, Lakeshore Drive, Rawdon, QC J0K 1S0",46.05080032348633,-73.70220184326172,,,,,donnees-quebec.ca/MSSS,f,08h00–16h00 (admin) | Soins 24h/24,Soins 24h/24 (admin fermé),Soins 24h/24 (admin fermé),Soins 24h/24 (admin fermé),oui,non,Milieu de vie 24h/24. Admin: lun-ven 8h-16h. Visites: 8h-21h30
QC,msss-hopital-rawdon-centre-de-services-ambulatoires-en-sante-mentale-de-rawdon,Centre De Services Ambulatoires En Santé Mentale De Rawdon,sante,Hôpital,Rawdon,450-759-8222,,"3570, rue Church, Rawdon, QC J0K 1S0",46.04169845581055,-73.70269775390625,,,,,donnees-quebec.ca/MSSS,f,00h00–24h00 (urgences) | 08h00–16h00 (admin),00h00–24h00 (urgences),00h00–24h00 (urgences),00h00–24h00 (urgences),oui,oui,Urgences 24h/24. Services ambulatoires sur rendez-vous: lun-ven 8h-16h
QC,msss-chsld-repentigny-chsld-emile-mcduff,CHSLD Émile-Mcduff,sante,CHSLD,Repentigny,450-654-7525,,"1440, boulevard Iberville, Repentigny, QC J5Y 4G2",45.78799819946289,-73.40760040283203,,,,,donnees-quebec.ca/MSSS,f,08h00–16h00 (admin) | Soins 24h/24,Soins 24h/24 (admin fermé),Soins 24h/24 (admin fermé),Soins 24h/24 (admin fermé),oui,non,Milieu de vie 24h/24. Admin: lun-ven 8h-16h. Visites: 8h-21h30
QC,msss-clsc-repentigny-clsc-meilleur-d-iberville,CLSC Meilleur D'Iberville,sante,CLSC,Repentigny,450-654-7525,,"1124, boulevard Iberville, bureau 204, Repentigny, QC J5Y 3M6",45.77730178833008,-73.4175033569336,,,,,donnees-quebec.ca/MSSS,f,08h00–20h00,08h00–16h00,08h00–16h00,08h00–16h00,non,non,Lun-ven 8h-20h. Sam-dim et fériés 8h-16h. Sur RV pour certains services.
QC,msss-clsc-repentigny-clsc-meilleur-de-repentigny,CLSC Meilleur De Repentigny,sante,CLSC,Repentigny,450-654-7525,,"193, boulevard Lacombe, Repentigny, QC J5Z 3C4",45.74489974975586,-73.47989654541016,,,,,donnees-quebec.ca/MSSS,f,08h00–20h00,08h00–16h00,08h00–16h00,08h00–16h00,non,non,Lun-ven 8h-20h. Sam-dim et fériés 8h-16h. Sur RV pour certains services.
QC,msss-chsld-repentigny-centre-d-hebergement-de-repentigny,Centre D'Hébergement De Repentigny,sante,CHSLD,Repentigny,450-654-7525,,"250, boulevard Brien, Repentigny, QC J6A 7E9",45.74869918823242,-73.46520233154297,,,,,donnees-quebec.ca/MSSS,f,08h00–16h00 (admin) | Soins 24h/24,Soins 24h/24 (admin fermé),Soins 24h/24 (admin fermé),Soins 24h/24 (admin fermé),oui,non,Milieu de vie 24h/24. Admin: lun-ven 8h-16h. Visites: 8h-21h30
QC,msss-hopital-repentigny-centre-de-services-ambulatoires-en-pedopsychiatrie-de-repent,Centre De Services Ambulatoires En Pédopsychiatrie De Repentigny,sante,Hôpital,Repentigny,450-654-7525,,"465, rue Notre-Dame, bureau 204, Repentigny, QC J6A 2T3",45.73970031738281,-73.44619750976562,,,,,donnees-quebec.ca/MSSS,f,00h00–24h00 (urgences) | 08h00–16h00 (admin),00h00–24h00 (urgences),00h00–24h00 (urgences),00h00–24h00 (urgences),oui,oui,Urgences 24h/24. Services ambulatoires sur rendez-vous: lun-ven 8h-16h
QC,msss-clsc-repentigny-centre-multiservices-de-sante-et-de-services-sociaux-claude-,Centre Multiservices De Santé Et De Services Sociaux Claude-David,sante,CLSC,Repentigny,450-654-7525,,"135, boulevard Claude-David, Repentigny, QC J6A 1N6",45.71879959106445,-73.47560119628906,,,,,donnees-quebec.ca/MSSS,f,08h00–20h00,08h00–16h00,08h00–16h00,08h00–16h00,non,non,Lun-ven 8h-20h. Sam-dim et fériés 8h-16h. Sur RV pour certains services.
QC,msss-clsc-repentigny-maison-de-naissance-de-lanaudiere,Maison De Naissance De Lanaudière,sante,CLSC,Repentigny,450-654-7525,,"145, rue Jacques-Plante, Repentigny, QC J5Y 0L6",45.78739929199219,-73.40709686279297,,,,,donnees-quebec.ca/MSSS,f,08h00–20h00,08h00–16h00,08h00–16h00,08h00–16h00,non,non,Lun-ven 8h-20h. Sam-dim et fériés 8h-16h. Sur RV pour certains services.
QC,msss-chsld-repentigny-maison-des-aines-et-alternative-de-repentigny,Maison Des Aînés Et Alternative De Repentigny,sante,CHSLD,Repentigny,450-654-7525,,"240, rue Jacques-Plante, Repentigny, QC J5Y 0L2",45.79100036621094,-73.41439819335938,,,,,donnees-quebec.ca/MSSS,f,08h00–16h00 (admin) | Soins 24h/24,Soins 24h/24 (admin fermé),Soins 24h/24 (admin fermé),Soins 24h/24 (admin fermé),oui,non,Milieu de vie 24h/24. Admin: lun-ven 8h-16h. Visites: 8h-21h30
QC,msss-clsc-richelieu-centre-de-services-ambulatoires-et-clsc-du-richelieu,Centre De Services Ambulatoires Et CLSC Du Richelieu,sante,CLSC,Richelieu,450-359-5000,,"300, chemin de Marieville, Richelieu, QC J3L 3V8",45.43769836425781,-73.24500274658203,,,,,donnees-quebec.ca/MSSS,f,08h00–20h00,08h00–16h00,08h00–16h00,08h00–16h00,non,non,Lun-ven 8h-20h. Sam-dim et fériés 8h-16h. Sur RV pour certains services.
QC,msss-clsc-richelieu-maison-de-naissance-du-richelieu,Maison De Naissance Du Richelieu,sante,CLSC,Richelieu,450-359-5000,,"700, rue Martel, Richelieu, QC J3L 5R6",45.44179916381836,-73.24420166015625,,,,,donnees-quebec.ca/MSSS,f,08h00–20h00,08h00–16h00,08h00–16h00,08h00–16h00,non,non,Lun-ven 8h-20h. Sam-dim et fériés 8h-16h. Sur RV pour certains services.
QC,msss-chsld-richmond-chsld-de-richmond,CHSLD De Richmond,sante,CHSLD,Richmond,819-826-3781,,"980, rue McGauran, Richmond, QC J0B 2H0",45.66809844970703,-72.14800262451172,,,,,donnees-quebec.ca/MSSS,f,08h00–16h00 (admin) | Soins 24h/24,Soins 24h/24 (admin fermé),Soins 24h/24 (admin fermé),Soins 24h/24 (admin fermé),oui,non,Milieu de vie 24h/24. Admin: lun-ven 8h-16h. Visites: 8h-21h30
QC,msss-clsc-richmond-clsc-de-richmond,CLSC De Richmond,sante,CLSC,Richmond,819-826-3781,,"110, rue Barlow, Richmond, QC J0B 2H0",45.66019821166992,-72.14009857177734,,,,,donnees-quebec.ca/MSSS,f,08h00–20h00,08h00–16h00,08h00–16h00,08h00–16h00,non,non,Lun-ven 8h-20h. Sam-dim et fériés 8h-16h. Sur RV pour certains services.
QC,msss-chsld-rigaud-chsld-de-rigaud,CHSLD De Rigaud,sante,CHSLD,Rigaud,450-455-6171,,"5, rue d'Amour, Rigaud, QC J0P 1P0",45.4739990234375,-74.30480194091797,,,,,donnees-quebec.ca/MSSS,f,08h00–16h00 (admin) | Soins 24h/24,Soins 24h/24 (admin fermé),Soins 24h/24 (admin fermé),Soins 24h/24 (admin fermé),oui,non,Milieu de vie 24h/24. Admin: lun-ven 8h-16h. Visites: 8h-21h30
QC,msss-clsc-rigaud-clsc-de-rigaud,CLSC De Rigaud,sante,CLSC,Rigaud,450-455-6171,,"59, rue Saint-Viateur, Rigaud, QC J0P 1P0",45.47579956054688,-74.29959869384766,,,,,donnees-quebec.ca/MSSS,f,08h00–20h00,08h00–16h00,08h00–16h00,08h00–16h00,non,non,Lun-ven 8h-20h. Sam-dim et fériés 8h-16h. Sur RV pour certains services.
QC,baq-moisson-rimouski,Moisson Rimouski-Neigette,alimentation,Banque alimentaire régionale,Rimouski,418-722-6868,https://moissonrimouski.com,"118, rue Saint-Pierre, Rimouski, QC G5L 1T2",,,,X,,,curated-baq-network,f,09h00–16h00,09h00–13h00,Fermé,Fermé,non,non,"Lun-ven 9h-16h, sam 9h-13h. Horaires varient selon point de distribution."
QC,msss-clsc-rimouski-clsc-et-groupe-de-medecine-de-famille-universitaire-de-rimou,CLSC Et Groupe De Médecine De Famille Universitaire De Rimouski,sante,CLSC,Rimouski,418-724-3000,,"165, rue des Gouverneurs, Rimouski, QC G5L 7R2",48.45479965209961,-68.52169799804688,,,,,donnees-quebec.ca/MSSS,f,08h00–20h00,08h00–16h00,08h00–16h00,08h00–16h00,non,non,Lun-ven 8h-20h. Sam-dim et fériés 8h-16h. Sur RV pour certains services.
QC,msss-chsld-rimouski-centre-d-hebergement-de-rimouski,Centre D'Hébergement De Rimouski,sante,CHSLD,Rimouski,418-724-3000,,"645, boulevard Saint-Germain, Rimouski, QC G5L 3S2",48.435001373291016,-68.5718994140625,,,,,donnees-quebec.ca/MSSS,f,08h00–16h00 (admin) | Soins 24h/24,Soins 24h/24 (admin fermé),Soins 24h/24 (admin fermé),Soins 24h/24 (admin fermé),oui,non,Milieu de vie 24h/24. Admin: lun-ven 8h-16h. Visites: 8h-21h30
QC,msss-hopital-rimouski-hopital-regional-de-rimouski,Hôpital Régional De Rimouski,sante,Hôpital,Rimouski,418-724-3000,,"150, avenue Rouleau, Rimouski, QC G5L 5T1",48.446998596191406,-68.53050231933594,,,,,donnees-quebec.ca/MSSS,f,00h00–24h00 (urgences) | 08h00–16h00 (admin),00h00–24h00 (urgences),00h00–24h00 (urgences),00h00–24h00 (urgences),oui,oui,Urgences 24h/24. Services ambulatoires sur rendez-vous: lun-ven 8h-16h
QC,msss-chsld-rimouski-maison-des-aines-et-alternative-de-rimouski,Maison Des Aînés Et Alternative De Rimouski,sante,CHSLD,Rimouski,418-724-3000,,"490, avenue Léonidas Sud, Rimouski, QC G5M 0T8",48.44839859008789,-68.49440002441406,,,,,donnees-quebec.ca/MSSS,f,08h00–16h00 (admin) | Soins 24h/24,Soins 24h/24 (admin fermé),Soins 24h/24 (admin fermé),Soins 24h/24 (admin fermé),oui,non,Milieu de vie 24h/24. Admin: lun-ven 8h-16h. Visites: 8h-21h30
QC,h-omh-rimouski,Office municipal d'habitation de Rimouski-Neigette,logement,Office municipal d'habitation,Rimouski,418-723-3115,https://omhrn.ca,"320, rue Saint-Germain Est, Rimouski, QC G5L 1B4",,,,X,,,curated-housing-network,f,08h30–16h30,Fermé,Fermé,Fermé,non,non,Bureau lun-ven 8h30-16h30. Liste d'attente – inscription requise.
QC,centre911-baslaurent,Centre 911 — Bas-Saint-Laurent,soutienSocial,Centre 911,Rimouski,911,,,48.4501,-68.5202,X,,,,,f,00h00–24h00,00h00–24h00,00h00–24h00,00h00–24h00,oui,oui,"Service disponible 24h/24, 7j/7"
QC,msss-clsc-riviere-bleue-centre-d-hebergement-de-riviere-bleue,Centre D'Hébergement De Rivière-Bleue,sante,CLSC,Rivière-Bleue,418-893-5596,,"45, rue du Foyer Sud, Rivière-Bleue, QC G0L 2B0",47.43239974975586,-69.03849792480469,,,,,donnees-quebec.ca/MSSS,f,08h00–16h00 (admin) | Soins 24h/24,Soins 24h/24 (admin fermé),Soins 24h/24 (admin fermé),Soins 24h/24 (admin fermé),oui,non,Milieu de vie 24h/24. Admin: lun-ven 8h-16h. Visites: 8h-21h30
QC,msss-hopital-riviere-ouelle-centre-de-readaptation-en-deficience-intellectuelle-troubles,"Centre De Réadaptation En Déficience Intellectuelle, Troubles Du Spectre De L'Autisme Et En Déficience Physique Thérèse-Martin",sante,Hôpital,Rivière-Ouelle,418-856-3377,,"100, chemin de la Petite-Anse, Rivière-Ouelle, QC G0L 2C0",47.4551010131836,-70.00070190429688,,,,,donnees-quebec.ca/MSSS,f,00h00–24h00 (urgences) | 08h00–16h00 (admin),00h00–24h00 (urgences),00h00–24h00 (urgences),00h00–24h00 (urgences),oui,oui,Urgences 24h/24. Services ambulatoires sur rendez-vous: lun-ven 8h-16h
QC,msss-clsc-riviere-rouge-centre-multiservices-de-sante-et-de-services-sociaux-de-rivi,Centre Multiservices De Santé Et De Services Sociaux De Rivière-Rouge,sante,CLSC,Rivière-Rouge,819-623-1234,,"1525, rue de L'Annonciation Nord, Rivière-Rouge, QC J0T 1T0",46.42079925537109,-74.88469696044922,,,,,donnees-quebec.ca/MSSS,f,08h00–20h00,08h00–16h00,08h00–16h00,08h00–16h00,non,non,Lun-ven 8h-20h. Sam-dim et fériés 8h-16h. Sur RV pour certains services.
QC,msss-clsc-riviere-saint-jean-clsc-de-riviere-saint-jean,CLSC De Rivière-Saint-Jean,sante,CLSC,Rivière-Saint-Jean,418-949-2164,,"328, rue Saint-Jean, Rivière-Saint-Jean, QC G0G 2N0",50.29610061645508,-64.322998046875,,,,,donnees-quebec.ca/MSSS,f,08h00–20h00,08h00–16h00,08h00–16h00,08h00–16h00,non,non,Lun-ven 8h-20h. Sam-dim et fériés 8h-16h. Sur RV pour certains services.
QC,msss-clsc-riviere-au-tonnerre-clsc-de-riviere-au-tonnerre,CLSC De Rivière-Au-Tonnerre,sante,CLSC,Rivière-au-Tonnerre,418-465-2222,,"430, rue Jacques-Cartier, Rivière-au-Tonnerre, QC G0G 2L0",50.275299072265625,-64.77310180664062,,,,,donnees-quebec.ca/MSSS,f,08h00–20h00,08h00–16h00,08h00–16h00,08h00–16h00,non,non,Lun-ven 8h-20h. Sam-dim et fériés 8h-16h. Sur RV pour certains services.
QC,msss-clsc-riviere-du-loup-aire-ouverte-de-riviere-du-loup,Aire Ouverte De Rivière-Du-Loup,sante,CLSC,Rivière-du-Loup,418-868-1010,,"148A, rue Fraser, Rivière-du-Loup, QC G5R 1C8",47.833099365234375,-69.54920196533203,,,,,donnees-quebec.ca/MSSS,f,08h00–20h00,08h00–16h00,08h00–16h00,08h00–16h00,non,non,Lun-ven 8h-20h. Sam-dim et fériés 8h-16h. Sur RV pour certains services.
QC,msss-chsld-riviere-du-loup-chsld-de-chauffailles,CHSLD De Chauffailles,sante,CHSLD,Rivière-du-Loup,418-868-1010,,"60, rue De Chauffailles, Rivière-du-Loup, QC G5R 4E1",47.81719970703125,-69.53910064697266,,,,,donnees-quebec.ca/MSSS,f,08h00–16h00 (admin) | Soins 24h/24,Soins 24h/24 (admin fermé),Soins 24h/24 (admin fermé),Soins 24h/24 (admin fermé),oui,non,Milieu de vie 24h/24. Admin: lun-ven 8h-16h. Visites: 8h-21h30
QC,msss-clsc-riviere-du-loup-clsc-de-riviere-du-loup,CLSC De Rivière-Du-Loup,sante,CLSC,Rivière-du-Loup,418-868-1010,,"22, rue Saint-Laurent, Rivière-du-Loup, QC G5R 4W5",47.83060073852539,-69.53610229492188,,,,,donnees-quebec.ca/MSSS,f,08h00–20h00,08h00–16h00,08h00–16h00,08h00–16h00,non,non,Lun-ven 8h-20h. Sam-dim et fériés 8h-16h. Sur RV pour certains services.
QC,msss-hopital-riviere-du-loup-centre-hospitalier-regional-du-grand-portage,Centre Hospitalier Régional Du Grand-Portage,sante,Hôpital,Rivière-du-Loup,418-868-1010,,"75, rue Saint-Henri, Rivière-du-Loup, QC G5R 2A4",47.81869888305664,-69.54029846191406,,,,,donnees-quebec.ca/MSSS,f,00h00–24h00 (urgences) | 08h00–16h00 (admin),00h00–24h00 (urgences),00h00–24h00 (urgences),00h00–24h00 (urgences),oui,oui,Urgences 24h/24. Services ambulatoires sur rendez-vous: lun-ven 8h-16h
QC,msss-chsld-riviere-du-loup-maison-des-aines-et-alternative-de-riviere-du-loup,Maison Des Aînés Et Alternative De Rivière-Du-Loup,sante,CHSLD,Rivière-du-Loup,418-868-1010,,"5, rue Sainte-Anne, Rivière-du-Loup, QC G5R 1N4",47.83259963989258,-69.53309631347656,,,,,donnees-quebec.ca/MSSS,f,08h00–16h00 (admin) | Soins 24h/24,Soins 24h/24 (admin fermé),Soins 24h/24 (admin fermé),Soins 24h/24 (admin fermé),oui,non,Milieu de vie 24h/24. Admin: lun-ven 8h-16h. Visites: 8h-21h30
QC,msss-clsc-riviere-a-pierre-clsc-de-riviere-a-pierre,CLSC De Rivière-À-Pierre,sante,CLSC,Rivière-à-Pierre,418-285-2200,,"830, rue Principale, Rivière-à-Pierre, QC G0A 3A0",46.99779891967773,-72.17849731445312,,,,,donnees-quebec.ca/MSSS,f,08h00–20h00,08h00–16h00,08h00–16h00,08h00–16h00,non,non,Lun-ven 8h-20h. Sam-dim et fériés 8h-16h. Sur RV pour certains services.
QC,msss-clsc-roberval-clsc-et-centre-de-readaptation-en-dependance-saint-antoine,CLSC Et Centre De Réadaptation En Dépendance Saint-Antoine,sante,CLSC,Roberval,418-275-0110,,"400, avenue Bergeron, Roberval, QC G8H 1K8",48.5171012878418,-72.22589874267578,,,,,donnees-quebec.ca/MSSS,f,08h00–20h00,08h00–16h00,08h00–16h00,08h00–16h00,non,non,Lun-ven 8h-20h. Sam-dim et fériés 8h-16h. Sur RV pour certains services.
QC,msss-hopital-roberval-hopital-et-centre-d-hebergement-de-roberval,Hôpital Et Centre D'Hébergement De Roberval,sante,Hôpital,Roberval,418-275-0110,,"450, rue Brassard, Roberval, QC G8H 1B9",48.5077018737793,-72.21900177001953,,,,,donnees-quebec.ca/MSSS,f,08h00–16h00 (admin) | Soins 24h/24,Soins 24h/24 (admin fermé),Soins 24h/24 (admin fermé),Soins 24h/24 (admin fermé),oui,non,Milieu de vie 24h/24. Admin: lun-ven 8h-16h. Visites: 8h-21h30
QC,msss-chsld-roberval-maison-des-aines-et-alternative-de-roberval,Maison Des Aînés Et Alternative De Roberval,sante,CHSLD,Roberval,418-275-0110,,"500, avenue Bergeron, Roberval, QC G8H 0E1",48.515098571777344,-72.22969818115234,,,,,donnees-quebec.ca/MSSS,f,08h00–16h00 (admin) | Soins 24h/24,Soins 24h/24 (admin fermé),Soins 24h/24 (admin fermé),Soins 24h/24 (admin fermé),oui,non,Milieu de vie 24h/24. Admin: lun-ven 8h-16h. Visites: 8h-21h30
QC,msss-chsld-rosemere-centre-d-hebergement-hubert-maisonneuve,Centre D'Hébergement Hubert-Maisonneuve,sante,CHSLD,Rosemère,450-432-2777,,"365, chemin de la Grande-Côte, Rosemère, QC J7A 1K4",45.63759994506836,-73.79119873046875,,,,,donnees-quebec.ca/MSSS,f,08h00–16h00 (admin) | Soins 24h/24,Soins 24h/24 (admin fermé),Soins 24h/24 (admin fermé),Soins 24h/24 (admin fermé),oui,non,Milieu de vie 24h/24. Admin: lun-ven 8h-16h. Visites: 8h-21h30
QC,baq-moisson-abitibi,Moisson Abitibi-Témiscamingue,alimentation,Banque alimentaire régionale,Rouyn-Noranda,819-762-3173,https://moissonat.com,"350, av. Richard, Rouyn-Noranda, QC J9X 4L3",,,,X,,,curated-baq-network,f,09h00–16h00,09h00–13h00,Fermé,Fermé,non,non,"Lun-ven 9h-16h, sam 9h-13h. Horaires varient selon point de distribution."
QC,msss-hopital-rouyn-noranda-chsld-de-rouyn-noranda,CHSLD De Rouyn-Noranda,sante,Hôpital,Rouyn-Noranda,819-764-5131,,"512, avenue Richard, Rouyn-Noranda, QC J9X 4M1",48.22869873046875,-79.0166015625,,,,,donnees-quebec.ca/MSSS,f,08h00–16h00 (admin) | Soins 24h/24,Soins 24h/24 (admin fermé),Soins 24h/24 (admin fermé),Soins 24h/24 (admin fermé),oui,non,Milieu de vie 24h/24. Admin: lun-ven 8h-16h. Visites: 8h-21h30
QC,msss-clsc-rouyn-noranda-clsc-de-beaudry,CLSC De Beaudry,sante,CLSC,Rouyn-Noranda,819-764-5131,,"6950, boulevard Témiscamingue, Rouyn-Noranda, QC J9Y 1S5",48.109500885009766,-79.15170288085938,,,,,donnees-quebec.ca/MSSS,f,08h00–20h00,08h00–16h00,08h00–16h00,08h00–16h00,non,non,Lun-ven 8h-20h. Sam-dim et fériés 8h-16h. Sur RV pour certains services.
QC,msss-clsc-rouyn-noranda-clsc-de-cadillac,CLSC De Cadillac,sante,CLSC,Rouyn-Noranda,819-764-5131,,"2-A, rue Dumont Est, Rouyn-Noranda, QC J0Y 1C0",48.22380065917969,-78.38390350341797,,,,,donnees-quebec.ca/MSSS,f,08h00–20h00,08h00–16h00,08h00–16h00,08h00–16h00,non,non,Lun-ven 8h-20h. Sam-dim et fériés 8h-16h. Sur RV pour certains services.
QC,msss-clsc-rouyn-noranda-clsc-de-clericy,CLSC De Cléricy,sante,CLSC,Rouyn-Noranda,819-764-5131,,"8290, Route d'Aiguebelle, Rouyn-Noranda, QC J0Z 1P0",48.36399841308594,-78.86270141601562,,,,,donnees-quebec.ca/MSSS,f,08h00–20h00,08h00–16h00,08h00–16h00,08h00–16h00,non,non,Lun-ven 8h-20h. Sam-dim et fériés 8h-16h. Sur RV pour certains services.
QC,msss-clsc-rouyn-noranda-clsc-de-destor,CLSC De Destor,sante,CLSC,Rouyn-Noranda,819-764-5131,,"7288, rang du Parc, Rouyn-Noranda, QC J9Y 0C8",48.45970153808594,-78.95580291748047,,,,,donnees-quebec.ca/MSSS,f,08h00–20h00,08h00–16h00,08h00–16h00,08h00–16h00,non,non,Lun-ven 8h-20h. Sam-dim et fériés 8h-16h. Sur RV pour certains services.
QC,msss-clsc-rouyn-noranda-clsc-de-montbeillard,CLSC De Montbeillard,sante,CLSC,Rouyn-Noranda,819-764-5131,,"9632, boulevard Rideau, Rouyn-Noranda, QC J0Z 2X0",48.04570007324219,-79.25959777832031,,,,,donnees-quebec.ca/MSSS,f,08h00–20h00,08h00–16h00,08h00–16h00,08h00–16h00,non,non,Lun-ven 8h-20h. Sam-dim et fériés 8h-16h. Sur RV pour certains services.
QC,msss-clsc-rouyn-noranda-clsc-de-rouyn-noranda,CLSC De Rouyn-Noranda,sante,CLSC,Rouyn-Noranda,819-764-5131,,"1, 9e Rue, Rouyn-Noranda, QC J9X 2A9",48.24340057373047,-79.02100372314453,,,,,donnees-quebec.ca/MSSS,f,08h00–20h00,08h00–16h00,08h00–16h00,08h00–16h00,non,non,Lun-ven 8h-20h. Sam-dim et fériés 8h-16h. Sur RV pour certains services.
QC,msss-clsc-rouyn-noranda-clsc-du-terminus,CLSC Du Terminus,sante,CLSC,Rouyn-Noranda,819-764-5131,,"8, rue du Terminus Est, Rouyn-Noranda, QC J9X 2M7",48.24160003662109,-79.01959991455078,,,,,donnees-quebec.ca/MSSS,f,08h00–20h00,08h00–16h00,08h00–16h00,08h00–16h00,non,non,Lun-ven 8h-20h. Sam-dim et fériés 8h-16h. Sur RV pour certains services.
QC,msss-hopital-rouyn-noranda-centre-multiservices-de-sante-et-de-services-sociaux-de-rouy,Centre Multiservices De Santé Et De Services Sociaux De Rouyn-Noranda,sante,Hôpital,Rouyn-Noranda,819-764-5131,,"3, 9e Rue, Rouyn-Noranda, QC J9X 2A9",48.24380111694336,-79.02059936523438,,,,,donnees-quebec.ca/MSSS,f,00h00–24h00 (urgences) | 08h00–16h00 (admin),00h00–24h00 (urgences),00h00–24h00 (urgences),00h00–24h00 (urgences),oui,oui,Urgences 24h/24. Services ambulatoires sur rendez-vous: lun-ven 8h-16h
QC,msss-clsc-rouyn-noranda-hopital-de-rouyn-noranda,Hôpital De Rouyn-Noranda,sante,CLSC,Rouyn-Noranda,819-764-5131,,"4, 9e Rue, Rouyn-Noranda, QC J9X 2B2",48.24380111694336,-79.01930236816406,,,,,donnees-quebec.ca/MSSS,f,00h00–24h00 (urgences) | 08h00–16h00 (admin),00h00–24h00 (urgences),00h00–24h00 (urgences),00h00–24h00 (urgences),oui,oui,Urgences 24h/24. Services ambulatoires sur rendez-vous: lun-ven 8h-16h
QC,msss-chsld-rouyn-noranda-maison-des-aines-et-alternative-de-rouyn-noranda,Maison Des Aînés Et Alternative De Rouyn-Noranda,sante,CHSLD,Rouyn-Noranda,819-764-5131,,"1155, rue Perreault Est, Rouyn-Noranda, QC J9X 0C4",48.23860168457031,-78.98880004882812,,,,,donnees-quebec.ca/MSSS,f,08h00–16h00 (admin) | Soins 24h/24,Soins 24h/24 (admin fermé),Soins 24h/24 (admin fermé),Soins 24h/24 (admin fermé),oui,non,Milieu de vie 24h/24. Admin: lun-ven 8h-16h. Visites: 8h-21h30
QC,centre911-abitibi,Centre 911 — Abitibi-Témiscamingue,soutienSocial,Centre 911,Rouyn-Noranda,911,,,48.2374,-79.0145,X,,,,,f,00h00–24h00,00h00–24h00,00h00–24h00,00h00–24h00,oui,oui,"Service disponible 24h/24, 7j/7"
QC,msss-clsc-remigny-clsc-de-remigny,CLSC De Rémigny,sante,CLSC,Rémigny,819-722-2777,,"1290, chemin de l'Église, Rémigny, QC J0Z 3H0",47.762001037597656,-79.20829772949219,,,,,donnees-quebec.ca/MSSS,f,08h00–20h00,08h00–16h00,08h00–16h00,08h00–16h00,non,non,Lun-ven 8h-20h. Sam-dim et fériés 8h-16h. Sur RV pour certains services.
QC,msss-clsc-sacre-coeur-clsc-de-sacre-coeur,CLSC De Sacré-Coeur,sante,CLSC,Sacré-Coeur,418-236-4411,,"55, rue Lévesque, Sacré-Coeur, QC G0T 1Y0",48.2317008972168,-69.80010223388672,,,,,donnees-quebec.ca/MSSS,f,08h00–20h00,08h00–16h00,08h00–16h00,08h00–16h00,non,non,Lun-ven 8h-20h. Sam-dim et fériés 8h-16h. Sur RV pour certains services.
QC,baq-moisson-saguenay,Moisson Saguenay-Lac-Saint-Jean,alimentation,Banque alimentaire régionale,Saguenay,418-693-1591,https://moissonsaglac.com,"1611, rue Léopold-Belley, Chicoutimi, QC G7H 7Y1",,,,X,,,curated-baq-network,f,09h00–16h00,09h00–13h00,Fermé,Fermé,non,non,"Lun-ven 9h-16h, sam 9h-13h. Horaires varient selon point de distribution."
QC,msss-clsc-saguenay-clsc-aire-ouverte,CLSC - Aire Ouverte,sante,CLSC,Saguenay,418-541-1000,,"2433, rue Saint-Dominique, Saguenay, QC G7X 6L1",48.405799865722656,-71.24549865722656,,,,,donnees-quebec.ca/MSSS,f,08h00–20h00,08h00–16h00,08h00–16h00,08h00–16h00,non,non,Lun-ven 8h-20h. Sam-dim et fériés 8h-16h. Sur RV pour certains services.
QC,msss-clsc-saguenay-clsc-de-chicoutimi,CLSC De Chicoutimi,sante,CLSC,Saguenay,418-541-1000,,"80, rue Racine Est, Saguenay, QC G7H 1P6",48.42770004272461,-71.05560302734375,,,,,donnees-quebec.ca/MSSS,f,08h00–20h00,08h00–16h00,08h00–16h00,08h00–16h00,non,non,Lun-ven 8h-20h. Sam-dim et fériés 8h-16h. Sur RV pour certains services.
QC,msss-clsc-saguenay-clsc-de-chicoutimi-nord,CLSC De Chicoutimi-Nord,sante,CLSC,Saguenay,418-541-1000,,"222, rue Saint-Éphrem, Saguenay, QC G7G 2W5",48.43899917602539,-71.0625,,,,,donnees-quebec.ca/MSSS,f,08h00–20h00,08h00–16h00,08h00–16h00,08h00–16h00,non,non,Lun-ven 8h-20h. Sam-dim et fériés 8h-16h. Sur RV pour certains services.
QC,msss-clsc-saguenay-clsc-de-jonquiere,CLSC De Jonquière,sante,CLSC,Saguenay,418-541-1000,,"3667, boulevard Harvey, Saguenay, QC G7X 3A9",48.41170120239258,-71.23780059814453,,,,,donnees-quebec.ca/MSSS,f,08h00–20h00,08h00–16h00,08h00–16h00,08h00–16h00,non,non,Lun-ven 8h-20h. Sam-dim et fériés 8h-16h. Sur RV pour certains services.
QC,msss-clsc-saguenay-clsc-du-fjord-a-la-baie,CLSC Du Fjord-À-La Baie,sante,CLSC,Saguenay,418-541-1000,,"800, rue Aimé-Gravel, Saguenay, QC G7B 2M4",48.337799072265625,-70.87950134277344,,,,,donnees-quebec.ca/MSSS,f,08h00–20h00,08h00–16h00,08h00–16h00,08h00–16h00,non,non,Lun-ven 8h-20h. Sam-dim et fériés 8h-16h. Sur RV pour certains services.
QC,msss-chsld-saguenay-centre-d-hebergement-de-bagotville,Centre D'Hébergement De Bagotville,sante,CHSLD,Saguenay,418-541-1000,,"562, rue Victoria, Saguenay, QC G7B 3M6",48.34080123901367,-70.87920379638672,,,,,donnees-quebec.ca/MSSS,f,08h00–16h00 (admin) | Soins 24h/24,Soins 24h/24 (admin fermé),Soins 24h/24 (admin fermé),Soins 24h/24 (admin fermé),oui,non,Milieu de vie 24h/24. Admin: lun-ven 8h-16h. Visites: 8h-21h30
QC,msss-chsld-saguenay-centre-d-hebergement-de-la-colline,Centre D'Hébergement De La Colline,sante,CHSLD,Saguenay,418-541-1000,,"150, rue Pinel, Saguenay, QC G7G 3N8",48.45000076293945,-71.07620239257812,,,,,donnees-quebec.ca/MSSS,f,08h00–16h00 (admin) | Soins 24h/24,Soins 24h/24 (admin fermé),Soins 24h/24 (admin fermé),Soins 24h/24 (admin fermé),oui,non,Milieu de vie 24h/24. Admin: lun-ven 8h-16h. Visites: 8h-21h30
QC,msss-chsld-saguenay-centre-d-hebergement-des-pensees,Centre D'Hébergement Des Pensées,sante,CHSLD,Saguenay,418-541-1000,,"3240, rue des Pensées, Saguenay, QC G7S 5T9",48.422000885009766,-71.20939636230469,,,,,donnees-quebec.ca/MSSS,f,08h00–16h00 (admin) | Soins 24h/24,Soins 24h/24 (admin fermé),Soins 24h/24 (admin fermé),Soins 24h/24 (admin fermé),oui,non,Milieu de vie 24h/24. Admin: lun-ven 8h-16h. Visites: 8h-21h30
QC,msss-chsld-saguenay-centre-d-hebergement-deschenes,Centre D'Hébergement Deschênes,sante,CHSLD,Saguenay,418-541-1000,,"1841, rue Deschênes, Saguenay, QC G7S 4K6",48.43069839477539,-71.19519805908203,,,,,donnees-quebec.ca/MSSS,f,08h00–16h00 (admin) | Soins 24h/24,Soins 24h/24 (admin fermé),Soins 24h/24 (admin fermé),Soins 24h/24 (admin fermé),oui,non,Milieu de vie 24h/24. Admin: lun-ven 8h-16h. Visites: 8h-21h30
QC,msss-chsld-saguenay-centre-d-hebergement-georges-hebert,Centre D'Hébergement Georges-Hébert,sante,CHSLD,Saguenay,418-541-1000,,"2841, rue Faraday, Saguenay, QC G7S 5C8",48.43149948120117,-71.18260192871094,,,,,donnees-quebec.ca/MSSS,f,08h00–16h00 (admin) | Soins 24h/24,Soins 24h/24 (admin fermé),Soins 24h/24 (admin fermé),Soins 24h/24 (admin fermé),oui,non,Milieu de vie 24h/24. Admin: lun-ven 8h-16h. Visites: 8h-21h30
QC,msss-chsld-saguenay-centre-d-hebergement-jacques-cartier,Centre D'Hébergement Jacques-Cartier,sante,CHSLD,Saguenay,418-541-1000,,"904, rue Jacques-Cartier Est, Saguenay, QC G7H 2A9",48.423301696777344,-71.04090118408203,,,,,donnees-quebec.ca/MSSS,f,08h00–16h00 (admin) | Soins 24h/24,Soins 24h/24 (admin fermé),Soins 24h/24 (admin fermé),Soins 24h/24 (admin fermé),oui,non,Milieu de vie 24h/24. Admin: lun-ven 8h-16h. Visites: 8h-21h30
QC,msss-chsld-saguenay-centre-d-hebergement-mgr-victor-tremblay,Centre D'Hébergement Mgr-Victor-Tremblay,sante,CHSLD,Saguenay,418-541-1000,,"1236, rue d'Angoulème, Saguenay, QC G7H 6P9",48.40850067138672,-71.0728988647461,,,,,donnees-quebec.ca/MSSS,f,08h00–16h00 (admin) | Soins 24h/24,Soins 24h/24 (admin fermé),Soins 24h/24 (admin fermé),Soins 24h/24 (admin fermé),oui,non,Milieu de vie 24h/24. Admin: lun-ven 8h-16h. Visites: 8h-21h30
QC,msss-chsld-saguenay-centre-d-hebergement-saint-joseph,Centre D'Hébergement Saint-Joseph,sante,CHSLD,Saguenay,418-541-1000,,"1893, rue Alexis-Simard, Saguenay, QC G7B 2K9",48.30989837646485,-70.85089874267578,,,,,donnees-quebec.ca/MSSS,f,08h00–16h00 (admin) | Soins 24h/24,Soins 24h/24 (admin fermé),Soins 24h/24 (admin fermé),Soins 24h/24 (admin fermé),oui,non,Milieu de vie 24h/24. Admin: lun-ven 8h-16h. Visites: 8h-21h30
QC,msss-chsld-saguenay-centre-d-hebergement-sainte-marie,Centre D'Hébergement Sainte-Marie,sante,CHSLD,Saguenay,418-541-1000,,"2184, rue Perrier, Saguenay, QC G7X 9C9",48.41469955444336,-71.2396011352539,,,,,donnees-quebec.ca/MSSS,f,08h00–16h00 (admin) | Soins 24h/24,Soins 24h/24 (admin fermé),Soins 24h/24 (admin fermé),Soins 24h/24 (admin fermé),oui,non,Milieu de vie 24h/24. Admin: lun-ven 8h-16h. Visites: 8h-21h30
QC,msss-chsld-saguenay-centre-d-hebergement-st-francois,Centre D'Hébergement St-François,sante,CHSLD,Saguenay,418-541-1000,,"912, rue Jacques-Cartier Est, Saguenay, QC G7H 2A9",48.423099517822266,-71.03949737548828,,,,,donnees-quebec.ca/MSSS,f,08h00–16h00 (admin) | Soins 24h/24,Soins 24h/24 (admin fermé),Soins 24h/24 (admin fermé),Soins 24h/24 (admin fermé),oui,non,Milieu de vie 24h/24. Admin: lun-ven 8h-16h. Visites: 8h-21h30
QC,msss-hopital-saguenay-hopital-de-chicoutimi,Hôpital De Chicoutimi,sante,Hôpital,Saguenay,418-541-1000,,"305, rue Saint-Vallier,, Saguenay, QC G7H 5H6",48.42599868774414,-71.04859924316406,,,,,donnees-quebec.ca/MSSS,f,00h00–24h00 (urgences) | 08h00–16h00 (admin),00h00–24h00 (urgences),00h00–24h00 (urgences),00h00–24h00 (urgences),oui,oui,Urgences 24h/24. Services ambulatoires sur rendez-vous: lun-ven 8h-16h
QC,msss-hopital-saguenay-hopital-de-la-baie,Hôpital De La Baie,sante,Hôpital,Saguenay,418-541-1000,,"1000, rue du Docteur-Desgagné, Saguenay, QC G7B 2Y6",48.34389877319336,-70.8832015991211,,,,,donnees-quebec.ca/MSSS,f,00h00–24h00 (urgences) | 08h00–16h00 (admin),00h00–24h00 (urgences),00h00–24h00 (urgences),00h00–24h00 (urgences),oui,oui,Urgences 24h/24. Services ambulatoires sur rendez-vous: lun-ven 8h-16h
QC,msss-hopital-saguenay-hopital-et-centre-de-readaptation-de-jonquiere,Hôpital Et Centre De Réadaptation De Jonquière,sante,Hôpital,Saguenay,418-541-1000,,"2230, rue de l'Hôpital, Saguenay, QC G7X 7X2",48.41360092163086,-71.23509979248047,,,,,donnees-quebec.ca/MSSS,f,00h00–24h00 (urgences) | 08h00–16h00 (admin),00h00–24h00 (urgences),00h00–24h00 (urgences),00h00–24h00 (urgences),oui,oui,Urgences 24h/24. Services ambulatoires sur rendez-vous: lun-ven 8h-16h
QC,msss-clsc-saguenay-maison-de-naissance-du-fjord-au-lac,Maison De Naissance Du Fjord-Au-Lac,sante,CLSC,Saguenay,418-541-1000,,"282, rue Saint-Vallier, Saguenay, QC G7H 4J1",48.42699813842773,-71.05059814453125,,,,,donnees-quebec.ca/MSSS,f,08h00–20h00,08h00–16h00,08h00–16h00,08h00–16h00,non,non,Lun-ven 8h-20h. Sam-dim et fériés 8h-16h. Sur RV pour certains services.
QC,msss-chsld-saguenay-maison-des-aines-et-alternative-de-la-riviere-saguenay,Maison Des Aînés Et Alternative De La Rivière-Saguenay,sante,CHSLD,Saguenay,418-541-1000,,"431, rue Saint-Gérard, Saguenay, QC G7G 3N9",48.44879913330078,-71.07839965820312,,,,,donnees-quebec.ca/MSSS,f,08h00–16h00 (admin) | Soins 24h/24,Soins 24h/24 (admin fermé),Soins 24h/24 (admin fermé),Soins 24h/24 (admin fermé),oui,non,Milieu de vie 24h/24. Admin: lun-ven 8h-16h. Visites: 8h-21h30
QC,h-omh-saguenay,Office municipal d'habitation de Saguenay,logement,Office municipal d'habitation,Saguenay,418-545-8362,https://omhsaguenay.ca,"555, rue Bersimis, Chicoutimi, QC G7K 1H8",,,,X,,,curated-housing-network,f,08h30–16h30,Fermé,Fermé,Fermé,non,non,Bureau lun-ven 8h30-16h30. Liste d'attente – inscription requise.
QC,centre911-saguenay,Centre 911 de Saguenay — Lac-Saint-Jean,soutienSocial,Centre 911,Saguenay,911,,,48.4277,-71.0694,X,,,,,f,00h00–24h00,00h00–24h00,00h00–24h00,00h00–24h00,oui,oui,"Service disponible 24h/24, 7j/7"
QC,saaq-saguenay,SAAQ — Bureau de Saguenay,soutienSocial,Services gouvernementaux,Saguenay,1-800-361-7620,,,48.4277,-71.0694,X,,,,,f,08h30–16h30,Fermé,Fermé,Fermé,non,non,Lun-ven 8h30-16h30. En ligne 24h/24 pour certains services.
QC,msss-clsc-saint-alexandre-de-kamouraska-centre-d-hebergement-villa-maria,Centre D'Hébergement Villa Maria,sante,CLSC,Saint-Alexandre-de-Kamouraska,418-495-2919,,"404, avenue du Foyer, Saint-Alexandre-de-Kamouraska, QC G0L 2G0",47.68569946289063,-69.62010192871094,,,,,donnees-quebec.ca/MSSS,f,08h00–16h00 (admin) | Soins 24h/24,Soins 24h/24 (admin fermé),Soins 24h/24 (admin fermé),Soins 24h/24 (admin fermé),oui,non,Milieu de vie 24h/24. Admin: lun-ven 8h-16h. Visites: 8h-21h30
QC,msss-clsc-saint-alexis-des-monts-clsc-et-centre-de-services-externes-pour-les-aines-de-saint-,CLSC Et Centre De Services Externes Pour Les Aînés De Saint-Alexis-Des-Monts,sante,CLSC,Saint-Alexis-des-Monts,819-265-2100,,"10, rue Jonathan, Saint-Alexis-des-Monts, QC J0K 1V0",46.461700439453125,-73.1364974975586,,,,,donnees-quebec.ca/MSSS,f,08h00–20h00,08h00–16h00,08h00–16h00,08h00–16h00,non,non,Lun-ven 8h-20h. Sam-dim et fériés 8h-16h. Sur RV pour certains services.
QC,msss-clsc-saint-amable-clsc-de-saint-amable,CLSC De Saint-Amable,sante,CLSC,Saint-Amable,450-466-5000,,"555, rue Principale, Saint-Amable, QC J0L 1N0",45.64350128173828,-73.30690002441406,,,,,donnees-quebec.ca/MSSS,f,08h00–20h00,08h00–16h00,08h00–16h00,08h00–16h00,non,non,Lun-ven 8h-20h. Sam-dim et fériés 8h-16h. Sur RV pour certains services.
QC,msss-chsld-saint-amable-maison-des-aines-de-saint-amable,Maison Des Aînés De Saint-Amable,sante,CHSLD,Saint-Amable,450-466-5000,,"744, rue du Parchemin, Saint-Amable, QC J0L 1N0",45.64789962768555,-73.30329895019531,,,,,donnees-quebec.ca/MSSS,f,08h00–16h00 (admin) | Soins 24h/24,Soins 24h/24 (admin fermé),Soins 24h/24 (admin fermé),Soins 24h/24 (admin fermé),oui,non,Milieu de vie 24h/24. Admin: lun-ven 8h-16h. Visites: 8h-21h30
QC,msss-clsc-saint-ambroise-clsc-de-saint-ambroise,CLSC De Saint-Ambroise,sante,CLSC,Saint-Ambroise,418-672-2741,,"340, boulevard Gagnon, Saint-Ambroise, QC G7P 2R1",48.55400085449219,-71.32150268554688,,,,,donnees-quebec.ca/MSSS,f,08h00–20h00,08h00–16h00,08h00–16h00,08h00–16h00,non,non,Lun-ven 8h-20h. Sam-dim et fériés 8h-16h. Sur RV pour certains services.
QC,msss-clsc-saint-andre-avellin-clsc-et-centre-d-hebergement-de-la-petite-nation,CLSC Et Centre D'Hébergement De La Petite-Nation,sante,CLSC,Saint-André-Avellin,819-983-2433,,"14, rue Saint-André, Saint-André-Avellin, QC J0V 1W0",45.72249984741211,-75.05850219726562,,,,,donnees-quebec.ca/MSSS,f,08h00–16h00 (admin) | Soins 24h/24,Soins 24h/24 (admin fermé),Soins 24h/24 (admin fermé),Soins 24h/24 (admin fermé),oui,non,Milieu de vie 24h/24. Admin: lun-ven 8h-16h. Visites: 8h-21h30
QC,msss-clsc-saint-anselme-chsld-et-clsc-de-saint-anselme,CHSLD Et CLSC De Saint-Anselme,sante,CLSC,Saint-Anselme,418-885-4466,,"40, chemin Saint-Marc, Saint-Anselme, QC G0R 2N0",46.62969970703125,-70.9717025756836,,,,,donnees-quebec.ca/MSSS,f,08h00–16h00 (admin) | Soins 24h/24,Soins 24h/24 (admin fermé),Soins 24h/24 (admin fermé),Soins 24h/24 (admin fermé),oui,non,Milieu de vie 24h/24. Admin: lun-ven 8h-16h. Visites: 8h-21h30
QC,msss-clsc-saint-antoine-de-l-isle-aux-grues-clsc-de-saint-antoine-de-l-isle-aux-grues,CLSC De Saint-Antoine-De-L'Isle-Aux-Grues,sante,CLSC,Saint-Antoine-de-l'Isle-aux-Grues,418-248-0630,,"101, rue de la Volière, Saint-Antoine-de-l'Isle-aux-Grues, QC G0R 1P0",47.067501068115234,-70.54080200195312,,,,,donnees-quebec.ca/MSSS,f,08h00–20h00,08h00–16h00,08h00–16h00,08h00–16h00,non,non,Lun-ven 8h-20h. Sam-dim et fériés 8h-16h. Sur RV pour certains services.
QC,msss-hopital-saint-antonin-hopital-de-saint-antonin,Hôpital De Saint-Antonin,sante,Hôpital,Saint-Antonin,418-862-2020,,"286, rue Principale, Saint-Antonin, QC G0L 2J0",47.76240158081055,-69.47869873046875,,,,,donnees-quebec.ca/MSSS,f,00h00–24h00 (urgences) | 08h00–16h00 (admin),00h00–24h00 (urgences),00h00–24h00 (urgences),00h00–24h00 (urgences),oui,oui,Urgences 24h/24. Services ambulatoires sur rendez-vous: lun-ven 8h-16h
QC,msss-chsld-saint-apollinaire-chsld-et-centre-de-readaptation-en-deficience-intellectuelle,CHSLD Et Centre De Réadaptation En Déficience Intellectuelle Et En Troubles Du Spectre De L'Autisme De Saint-Apollinaire,sante,CHSLD,Saint-Apollinaire,418-881-3996,,"12, rue Industrielle, Saint-Apollinaire, QC G0S 2E0",46.61640167236328,-71.50990295410156,,,,,donnees-quebec.ca/MSSS,f,08h00–16h00 (admin) | Soins 24h/24,Soins 24h/24 (admin fermé),Soins 24h/24 (admin fermé),Soins 24h/24 (admin fermé),oui,non,Milieu de vie 24h/24. Admin: lun-ven 8h-16h. Visites: 8h-21h30
QC,msss-clsc-saint-augustin-clsc-de-saint-augustin,CLSC De Saint-Augustin,sante,CLSC,Saint-Augustin,418-947-2426,,"264, avenue du Plateau, Saint-Augustin, QC G0G 2R0",51.2234001159668,-58.64310073852539,,,,,donnees-quebec.ca/MSSS,f,08h00–20h00,08h00–16h00,08h00–16h00,08h00–16h00,non,non,Lun-ven 8h-20h. Sam-dim et fériés 8h-16h. Sur RV pour certains services.
QC,msss-chsld-saint-augustin-de-desmaures-centre-d-hebergement-et-de-soins-de-longue-duree-vigi-de-sai,Centre D'Hébergement Et De Soins De Longue Durée Vigi De Saint-Augustin,sante,CHSLD,Saint-Augustin-de-Desmaures,418-525-4444,,"4954, rue Clément-Lockquell, Saint-Augustin-de-Desmaures, QC G3A 1V5",46.73939895629883,-71.39099884033203,,,,,donnees-quebec.ca/MSSS,f,08h00–16h00 (admin) | Soins 24h/24,Soins 24h/24 (admin fermé),Soins 24h/24 (admin fermé),Soins 24h/24 (admin fermé),oui,non,Milieu de vie 24h/24. Admin: lun-ven 8h-16h. Visites: 8h-21h30
QC,msss-chsld-saint-augustin-de-desmaures-jardins-du-haut-saint-laurent,Jardins Du Haut Saint-Laurent,sante,CHSLD,Saint-Augustin-de-Desmaures,418-525-4444,,"4770, rue Saint-Félix, Saint-Augustin-de-Desmaures, QC G3A 0K9",46.73690032958984,-71.3781967163086,,,,,donnees-quebec.ca/MSSS,f,08h00–16h00 (admin) | Soins 24h/24,Soins 24h/24 (admin fermé),Soins 24h/24 (admin fermé),Soins 24h/24 (admin fermé),oui,non,Milieu de vie 24h/24. Admin: lun-ven 8h-16h. Visites: 8h-21h30
QC,tableedeschefs-qc,La Tablée des Chefs,alimentation,Récupération alimentaire,Saint-Bruno-de-Montarville,450-462-5443,https://tableedeschefs.org,"1390, rue Marie-Victorin, Saint-Bruno-de-Montarville, QC J3V 1J3",,,,X,,,curated-baq-network,f,09h00–16h00,09h00–12h00,Fermé,Fermé,non,non,Lun-ven 9h-16h. Vérifier horaires locaux.
QC,msss-clsc-saint-bruno-de-montarville-clsc-de-saint-bruno-de-montarville,CLSC De Saint-Bruno-De-Montarville,sante,CLSC,Saint-Bruno-de-Montarville,450-466-5000,,"50, chemin de La Rabastalière Est, bur., Saint-Bruno-de-Montarville, QC J3V 2A5",45.5281982421875,-73.34089660644531,,,,,donnees-quebec.ca/MSSS,f,08h00–20h00,08h00–16h00,08h00–16h00,08h00–16h00,non,non,Lun-ven 8h-20h. Sam-dim et fériés 8h-16h. Sur RV pour certains services.
QC,msss-chsld-saint-bruno-de-montarville-centre-d-hebergement-de-montarville,Centre D'Hébergement De Montarville,sante,CHSLD,Saint-Bruno-de-Montarville,450-466-5000,,"265, boulevard Seigneurial Ouest, Saint-Bruno-de-Montarville, QC J3V 2H4",45.52149963378906,-73.34459686279297,,,,,donnees-quebec.ca/MSSS,f,08h00–16h00 (admin) | Soins 24h/24,Soins 24h/24 (admin fermé),Soins 24h/24 (admin fermé),Soins 24h/24 (admin fermé),oui,non,Milieu de vie 24h/24. Admin: lun-ven 8h-16h. Visites: 8h-21h30
QC,msss-clsc-saint-calixte-clsc-de-saint-calixte,CLSC De Saint-Calixte,sante,CLSC,Saint-Calixte,450-759-8222,,"6295, rue Principale, Saint-Calixte, QC J0K 1Z0",45.951698303222656,-73.84819793701172,,,,,donnees-quebec.ca/MSSS,f,08h00–20h00,08h00–16h00,08h00–16h00,08h00–16h00,non,non,Lun-ven 8h-20h. Sam-dim et fériés 8h-16h. Sur RV pour certains services.
QC,msss-chsld-saint-casimir-centre-d-hebergement-de-saint-casimir,Centre D'Hébergement De Saint-Casimir,sante,CHSLD,Saint-Casimir,418-339-2030,,"605, rue Fleury, Saint-Casimir, QC G0A 3L0",46.66419982910156,-72.14949798583984,,,,,donnees-quebec.ca/MSSS,f,08h00–16h00 (admin) | Soins 24h/24,Soins 24h/24 (admin fermé),Soins 24h/24 (admin fermé),Soins 24h/24 (admin fermé),oui,non,Milieu de vie 24h/24. Admin: lun-ven 8h-16h. Visites: 8h-21h30
QC,msss-chsld-saint-charles-borromee-chsld-sylvie-lesperance,CHSLD Sylvie-Lespérance,sante,CHSLD,Saint-Charles-Borromée,450-759-8222,,"200, rue Marie-Curie, Saint-Charles-Borromée, QC J6E 0W9",46.0359001159668,-73.45890045166016,,,,,donnees-quebec.ca/MSSS,f,08h00–16h00 (admin) | Soins 24h/24,Soins 24h/24 (admin fermé),Soins 24h/24 (admin fermé),Soins 24h/24 (admin fermé),oui,non,Milieu de vie 24h/24. Admin: lun-ven 8h-16h. Visites: 8h-21h30
QC,msss-hopital-saint-charles-borromee-groupe-de-medecine-de-famille-universitaire-de-saint-charles,Groupe De Médecine De Famille Universitaire De Saint-Charles-Borromée,sante,Hôpital,Saint-Charles-Borromée,450-759-8222,,"50, chemin du Golf Ouest, Saint-Charles-Borromée, QC J6E 2B4",46.04029846191406,-73.45390319824219,,,,,donnees-quebec.ca/MSSS,f,00h00–24h00 (urgences) | 08h00–16h00 (admin),00h00–24h00 (urgences),00h00–24h00 (urgences),00h00–24h00 (urgences),oui,oui,Urgences 24h/24. Services ambulatoires sur rendez-vous: lun-ven 8h-16h
QC,msss-hopital-saint-charles-borromee-hopital-de-lanaudiere-et-centre-d-hebergement-parphilia-ferl,Hôpital De Lanaudière Et Centre D'Hébergement Parphilia-Ferland,sante,Hôpital,Saint-Charles-Borromée,450-759-8222,,"1000, boulevard Sainte-Anne, Saint-Charles-Borromée, QC J6E 6J2",46.03929901123047,-73.45700073242188,,,,,donnees-quebec.ca/MSSS,f,08h00–16h00 (admin) | Soins 24h/24,Soins 24h/24 (admin fermé),Soins 24h/24 (admin fermé),Soins 24h/24 (admin fermé),oui,non,Milieu de vie 24h/24. Admin: lun-ven 8h-16h. Visites: 8h-21h30
QC,msss-hopital-saint-charles-borromee-pavillon-de-soins-palliatifs-de-saint-charles-borromee,Pavillon De Soins Palliatifs De Saint-Charles-Borromée,sante,Hôpital,Saint-Charles-Borromée,450-759-8222,,"125 boulevard des Mésanges, Saint-Charles-Borromée, QC J6E 0B9",46.03620147705078,-73.45999908447266,,,,,donnees-quebec.ca/MSSS,f,00h00–24h00 (urgences) | 08h00–16h00 (admin),00h00–24h00 (urgences),00h00–24h00 (urgences),00h00–24h00 (urgences),oui,oui,Urgences 24h/24. Services ambulatoires sur rendez-vous: lun-ven 8h-16h
QC,msss-clsc-saint-chrysostome-clsc-de-saint-chrysostome-saint-chrysostome-clsc,CLSC De Saint-Chrysostome / Saint-Chrysostome CLSC,sante,CLSC,Saint-Chrysostome,450-264-6111,,"21, rang Sainte-Anne, Saint-Chrysostome, QC J0S 1R0",45.10580062866211,-73.76239776611328,,,,,donnees-quebec.ca/MSSS,f,08h00–20h00,08h00–16h00,08h00–16h00,08h00–16h00,non,non,Lun-ven 8h-20h. Sam-dim et fériés 8h-16h. Sur RV pour certains services.
QC,msss-clsc-saint-clement-clsc-de-saint-clement,CLSC De Saint-Clément,sante,CLSC,Saint-Clément,418-963-2234,,"25, rue Saint-Pierre, Saint-Clément, QC G0L 2N0",47.92350006103516,-69.09709930419922,,,,,donnees-quebec.ca/MSSS,f,08h00–20h00,08h00–16h00,08h00–16h00,08h00–16h00,non,non,Lun-ven 8h-20h. Sam-dim et fériés 8h-16h. Sur RV pour certains services.
QC,msss-chsld-saint-constant-centre-d-hebergement-champlain-jean-louis-lapierre,Centre D'Hébergement Champlain - Jean-Louis-Lapierre,sante,CHSLD,Saint-Constant,450-466-5000,,"199, rue Saint-Pierre, Saint-Constant, QC J5A 2N8",45.36709976196289,-73.57099914550781,,,,,donnees-quebec.ca/MSSS,f,08h00–16h00 (admin) | Soins 24h/24,Soins 24h/24 (admin fermé),Soins 24h/24 (admin fermé),Soins 24h/24 (admin fermé),oui,non,Milieu de vie 24h/24. Admin: lun-ven 8h-16h. Visites: 8h-21h30
QC,msss-hopital-saint-constant-centre-de-services-ambulatoires-en-sante-mentale-de-la-rue-s,Centre De Services Ambulatoires En Santé Mentale De La Rue Saint-Pierre,sante,Hôpital,Saint-Constant,450-466-5000,,"26, rue Saint-Pierre, Saint-Constant, QC J5A 1B8",45.383399963378906,-73.55879974365234,,,,,donnees-quebec.ca/MSSS,f,00h00–24h00 (urgences) | 08h00–16h00 (admin),00h00–24h00 (urgences),00h00–24h00 (urgences),00h00–24h00 (urgences),oui,oui,Urgences 24h/24. Services ambulatoires sur rendez-vous: lun-ven 8h-16h
QC,msss-chsld-saint-cyprien-centre-d-hebergement-de-saint-cyprien,Centre D'Hébergement De Saint-Cyprien,sante,CHSLD,Saint-Cyprien,418-963-2234,,"101-C, rue Collin, Saint-Cyprien, QC G0L 2P0",47.89569854736328,-69.02429962158203,,,,,donnees-quebec.ca/MSSS,f,08h00–16h00 (admin) | Soins 24h/24,Soins 24h/24 (admin fermé),Soins 24h/24 (admin fermé),Soins 24h/24 (admin fermé),oui,non,Milieu de vie 24h/24. Admin: lun-ven 8h-16h. Visites: 8h-21h30
QC,msss-clsc-saint-celestin-centre-d-hebergement-et-clsc-de-saint-celestin,Centre D'Hébergement Et CLSC De Saint-Célestin,sante,CLSC,Saint-Célestin,819-229-2182,,"475, rue Houde, Saint-Célestin, QC J0C 1G0",46.21369934082031,-72.43160247802734,,,,,donnees-quebec.ca/MSSS,f,08h00–16h00 (admin) | Soins 24h/24,Soins 24h/24 (admin fermé),Soins 24h/24 (admin fermé),Soins 24h/24 (admin fermé),oui,non,Milieu de vie 24h/24. Admin: lun-ven 8h-16h. Visites: 8h-21h30
QC,msss-chsld-saint-cesaire-chsld-val-joli,CHSLD Val-Joli,sante,CHSLD,Saint-Césaire,450-375-8000,,"1425, rue Notre-Dame, Saint-Césaire, QC J0L 1T0",45.40769958496094,-73.00160217285156,,,,,donnees-quebec.ca/MSSS,f,08h00–16h00 (admin) | Soins 24h/24,Soins 24h/24 (admin fermé),Soins 24h/24 (admin fermé),Soins 24h/24 (admin fermé),oui,non,Milieu de vie 24h/24. Admin: lun-ven 8h-16h. Visites: 8h-21h30
QC,msss-clsc-saint-cesaire-clsc-de-saint-cesaire,CLSC De Saint-Césaire,sante,CLSC,Saint-Césaire,450-375-8000,,"1394, rue Notre-Dame, Saint-Césaire, QC J0L 1T0",45.40890121459961,-73.00299835205078,,,,,donnees-quebec.ca/MSSS,f,08h00–20h00,08h00–16h00,08h00–16h00,08h00–16h00,non,non,Lun-ven 8h-20h. Sam-dim et fériés 8h-16h. Sur RV pour certains services.
QC,msss-clsc-saint-come-clsc-de-saint-come,CLSC De Saint-Côme,sante,CLSC,Saint-Côme,450-759-8222,,"1673, 55e rue, Saint-Côme, QC J0K 2B0",46.26900100708008,-73.77469635009766,,,,,donnees-quebec.ca/MSSS,f,08h00–20h00,08h00–16h00,08h00–16h00,08h00–16h00,non,non,Lun-ven 8h-20h. Sam-dim et fériés 8h-16h. Sur RV pour certains services.
QC,msss-clsc-saint-donat-clsc-de-saint-donat,CLSC De Saint-Donat,sante,CLSC,Saint-Donat,819-324-4000,,"377, rue du Foyer, Saint-Donat, QC J0T 2C0",46.32160186767578,-74.22229766845703,,,,,donnees-quebec.ca/MSSS,f,08h00–20h00,08h00–16h00,08h00–16h00,08h00–16h00,non,non,Lun-ven 8h-20h. Sam-dim et fériés 8h-16h. Sur RV pour certains services.
QC,msss-chsld-saint-donat-centre-d-hebergement-de-saint-donat,Centre D'Hébergement De Saint-Donat,sante,CHSLD,Saint-Donat,819-324-4000,,"430, rue Bellevue, Saint-Donat, QC J0T 2C0",46.321998596191406,-74.22200012207031,,,,,donnees-quebec.ca/MSSS,f,08h00–16h00 (admin) | Soins 24h/24,Soins 24h/24 (admin fermé),Soins 24h/24 (admin fermé),Soins 24h/24 (admin fermé),oui,non,Milieu de vie 24h/24. Admin: lun-ven 8h-16h. Visites: 8h-21h30
QC,msss-clsc-saint-esprit-clsc-de-saint-esprit,CLSC De Saint-Esprit,sante,CLSC,Saint-Esprit,450-759-8222,,"110, rue Saint-Isidore, Saint-Esprit, QC J0K 2L0",45.904598236083984,-73.66470336914062,,,,,donnees-quebec.ca/MSSS,f,08h00–20h00,08h00–16h00,08h00–16h00,08h00–16h00,non,non,Lun-ven 8h-20h. Sam-dim et fériés 8h-16h. Sur RV pour certains services.
QC,msss-chsld-saint-eustache-chsld-des-patriotes,CHSLD Des Patriotes,sante,CHSLD,Saint-Eustache,450-473-6811,,"787, boulevard Arthur-Sauvé, Saint-Eustache, QC J7R 4K3",45.58209991455078,-73.92130279541016,,,,,donnees-quebec.ca/MSSS,f,08h00–16h00 (admin) | Soins 24h/24,Soins 24h/24 (admin fermé),Soins 24h/24 (admin fermé),Soins 24h/24 (admin fermé),oui,non,Milieu de vie 24h/24. Admin: lun-ven 8h-16h. Visites: 8h-21h30
QC,msss-chsld-saint-eustache-centre-d-hebergement-de-saint-eustache,Centre D'Hébergement De Saint-Eustache,sante,CHSLD,Saint-Eustache,450-473-6811,,"55, rue Chénier, Saint-Eustache, QC J7R 4Y8",45.554500579833984,-73.88939666748047,,,,,donnees-quebec.ca/MSSS,f,08h00–16h00 (admin) | Soins 24h/24,Soins 24h/24 (admin fermé),Soins 24h/24 (admin fermé),Soins 24h/24 (admin fermé),oui,non,Milieu de vie 24h/24. Admin: lun-ven 8h-16h. Visites: 8h-21h30
QC,msss-hopital-saint-eustache-centre-de-services-ambulatoires-de-la-rue-bibeau,Centre De Services Ambulatoires De La Rue Bibeau,sante,Hôpital,Saint-Eustache,450-473-6811,,"465, rue Bibeau, Saint-Eustache, QC J7R 0C8",45.56930160522461,-73.91500091552734,,,,,donnees-quebec.ca/MSSS,f,00h00–24h00 (urgences) | 08h00–16h00 (admin),00h00–24h00 (urgences),00h00–24h00 (urgences),00h00–24h00 (urgences),oui,oui,Urgences 24h/24. Services ambulatoires sur rendez-vous: lun-ven 8h-16h
QC,msss-hopital-saint-eustache-centre-de-services-ambulatoires-de-saint-eustache,Centre De Services Ambulatoires De Saint-Eustache,sante,Hôpital,Saint-Eustache,450-473-6811,,"239, rue Robinson, Saint-Eustache, QC J7R 5V7",45.56069946289063,-73.93109893798828,,,,,donnees-quebec.ca/MSSS,f,00h00–24h00 (urgences) | 08h00–16h00 (admin),00h00–24h00 (urgences),00h00–24h00 (urgences),00h00–24h00 (urgences),oui,oui,Urgences 24h/24. Services ambulatoires sur rendez-vous: lun-ven 8h-16h
QC,msss-hopital-saint-eustache-centre-de-services-ambulatoires-du-boulevard-industriel,Centre De Services Ambulatoires Du Boulevard Industriel,sante,Hôpital,Saint-Eustache,450-473-6811,,"14, boulevard Industriel, 3ième étage, Saint-Eustache, QC J7R 5B8",45.57170104980469,-73.91619873046875,,,,,donnees-quebec.ca/MSSS,f,00h00–24h00 (urgences) | 08h00–16h00 (admin),00h00–24h00 (urgences),00h00–24h00 (urgences),00h00–24h00 (urgences),oui,oui,Urgences 24h/24. Services ambulatoires sur rendez-vous: lun-ven 8h-16h
QC,msss-hopital-saint-eustache-centre-de-services-ambulatoires-en-sante-mentale-de-saint-eu,Centre De Services Ambulatoires En Santé Mentale De Saint-Eustache,sante,Hôpital,Saint-Eustache,450-473-6811,,"111, rue Saint-Laurent, Saint-Eustache, QC J7P 3Z5",45.56880187988281,-73.88800048828125,,,,,donnees-quebec.ca/MSSS,f,00h00–24h00 (urgences) | 08h00–16h00 (admin),00h00–24h00 (urgences),00h00–24h00 (urgences),00h00–24h00 (urgences),oui,oui,Urgences 24h/24. Services ambulatoires sur rendez-vous: lun-ven 8h-16h
QC,msss-chsld-saint-eustache-centre-d-hebergement-de-sainte-eustache,Centre D’hébergement De Sainte-Eustache,sante,CHSLD,Saint-Eustache,450-473-6811,,"495, rue Bibeau, Saint-Eustache, QC J7R 0B9",45.56990051269531,-73.91529846191406,,,,,donnees-quebec.ca/MSSS,f,08h00–16h00 (admin) | Soins 24h/24,Soins 24h/24 (admin fermé),Soins 24h/24 (admin fermé),Soins 24h/24 (admin fermé),oui,non,Milieu de vie 24h/24. Admin: lun-ven 8h-16h. Visites: 8h-21h30
QC,msss-clsc-saint-eustache-centre-multiservices-de-sante-et-de-services-sociaux-jean-ol,Centre Multiservices De Santé Et De Services Sociaux Jean-Olivier-CHénier,sante,CLSC,Saint-Eustache,450-473-6811,,"29, chemin d'Oka, Saint-Eustache, QC J7R 1K6",45.55070114135742,-73.89320373535156,,,,,donnees-quebec.ca/MSSS,f,08h00–20h00,08h00–16h00,08h00–16h00,08h00–16h00,non,non,Lun-ven 8h-20h. Sam-dim et fériés 8h-16h. Sur RV pour certains services.
QC,msss-hopital-saint-eustache-groupe-de-medecine-de-famille-universitaire-de-saint-eustach,Groupe De Médecine De Famille Universitaire De Saint-Eustache,sante,Hôpital,Saint-Eustache,450-473-6811,,"57, boulevard Industriel, bureau 2200, Saint-Eustache, QC J7R 5B9",45.570499420166016,-73.9207992553711,,,,,donnees-quebec.ca/MSSS,f,00h00–24h00 (urgences) | 08h00–16h00 (admin),00h00–24h00 (urgences),00h00–24h00 (urgences),00h00–24h00 (urgences),oui,oui,Urgences 24h/24. Services ambulatoires sur rendez-vous: lun-ven 8h-16h
QC,msss-hopital-saint-eustache-hopital-de-saint-eustache,Hôpital De Saint-Eustache,sante,Hôpital,Saint-Eustache,450-473-6811,,"520, boulevard Arthur-Sauvé, Saint-Eustache, QC J7R 5B1",45.5713005065918,-73.9136962890625,,,,,donnees-quebec.ca/MSSS,f,00h00–24h00 (urgences) | 08h00–16h00 (admin),00h00–24h00 (urgences),00h00–24h00 (urgences),00h00–24h00 (urgences),oui,oui,Urgences 24h/24. Services ambulatoires sur rendez-vous: lun-ven 8h-16h
QC,msss-chsld-saint-fabien-de-panet-chsld-de-saint-fabien-de-panet,CHSLD De Saint-Fabien-De-Panet,sante,CHSLD,Saint-Fabien-de-Panet,418-249-3755,,"19, rue Principale Est, Saint-Fabien-de-Panet, QC G0R 2J0",46.655799865722656,-70.14600372314453,,,,,donnees-quebec.ca/MSSS,f,08h00–16h00 (admin) | Soins 24h/24,Soins 24h/24 (admin fermé),Soins 24h/24 (admin fermé),Soins 24h/24 (admin fermé),oui,non,Milieu de vie 24h/24. Admin: lun-ven 8h-16h. Visites: 8h-21h30
QC,msss-clsc-saint-fabien-de-panet-clsc-de-saint-fabien-de-panet,CLSC De Saint-Fabien-De-Panet,sante,CLSC,Saint-Fabien-de-Panet,418-249-3755,,"10, rue Alphonse, Saint-Fabien-de-Panet, QC G0R 2J0",46.65760040283203,-70.15239715576172,,,,,donnees-quebec.ca/MSSS,f,08h00–20h00,08h00–16h00,08h00–16h00,08h00–16h00,non,non,Lun-ven 8h-20h. Sam-dim et fériés 8h-16h. Sur RV pour certains services.
QC,msss-chsld-saint-flavien-chsld-de-saint-flavien,CHSLD De Saint-Flavien,sante,CHSLD,Saint-Flavien,418-728-2090,,"82, rue Principale, Saint-Flavien, QC G0S 2M0",46.512298583984375,-71.5968017578125,,,,,donnees-quebec.ca/MSSS,f,08h00–16h00 (admin) | Soins 24h/24,Soins 24h/24 (admin fermé),Soins 24h/24 (admin fermé),Soins 24h/24 (admin fermé),oui,non,Milieu de vie 24h/24. Admin: lun-ven 8h-16h. Visites: 8h-21h30
QC,msss-clsc-saint-felicien-clsc-de-saint-felicien,CLSC De Saint-Félicien,sante,CLSC,Saint-Félicien,418-679-1212,,"1228, boulevard Sacré-Coeur, Saint-Félicien, QC G8K 2P8",48.6531982421875,-72.44629669189453,,,,,donnees-quebec.ca/MSSS,f,08h00–20h00,08h00–16h00,08h00–16h00,08h00–16h00,non,non,Lun-ven 8h-20h. Sam-dim et fériés 8h-16h. Sur RV pour certains services.
QC,msss-chsld-saint-felicien-centre-d-hebergement-de-saint-felicien,Centre D'Hébergement De Saint-Félicien,sante,CHSLD,Saint-Félicien,418-679-1212,,"1229, boulevard Sacré-Coeur, Saint-Félicien, QC G8K 1A5",48.6525993347168,-72.4480972290039,,,,,donnees-quebec.ca/MSSS,f,08h00–16h00 (admin) | Soins 24h/24,Soins 24h/24 (admin fermé),Soins 24h/24 (admin fermé),Soins 24h/24 (admin fermé),oui,non,Milieu de vie 24h/24. Admin: lun-ven 8h-16h. Visites: 8h-21h30
QC,msss-clsc-saint-gabriel-de-brandon-clsc-et-centre-de-readaptation-en-deficience-intellectuelle-,CLSC Et Centre De Réadaptation En Déficience Intellectuelle Et En Troubles Du Spectre De L'Autisme De Saint-Gabriel-De-Brandon,sante,CLSC,Saint-Gabriel-de-Brandon,450-759-8222,,"30, rue Saint-Gabriel, Saint-Gabriel-de-Brandon, QC J0K 2N0",46.292598724365234,-73.3843002319336,,,,,donnees-quebec.ca/MSSS,f,08h00–20h00,08h00–16h00,08h00–16h00,08h00–16h00,non,non,Lun-ven 8h-20h. Sam-dim et fériés 8h-16h. Sur RV pour certains services.
QC,msss-chsld-saint-gabriel-de-brandon-centre-d-hebergement-de-saint-gabriel-de-brandon,Centre D'Hébergement De Saint-Gabriel-De-Brandon,sante,CHSLD,Saint-Gabriel-de-Brandon,450-759-8222,,"90, rue Maskinongé, Saint-Gabriel-de-Brandon, QC J0K 2N0",46.295501708984375,-73.38700103759766,,,,,donnees-quebec.ca/MSSS,f,08h00–16h00 (admin) | Soins 24h/24,Soins 24h/24 (admin fermé),Soins 24h/24 (admin fermé),Soins 24h/24 (admin fermé),oui,non,Milieu de vie 24h/24. Admin: lun-ven 8h-16h. Visites: 8h-21h30
QC,msss-clsc-saint-georges-aire-ouverte-de-saint-georges,Aire Ouverte De Saint-Georges,sante,CLSC,Saint-Georges,418-228-2031,,"2385, boulevard Dionne, Saint-Georges, QC G5Y 3X6",46.11289978027344,-70.6729965209961,,,,,donnees-quebec.ca/MSSS,f,08h00–20h00,08h00–16h00,08h00–16h00,08h00–16h00,non,non,Lun-ven 8h-20h. Sam-dim et fériés 8h-16h. Sur RV pour certains services.
QC,msss-chsld-saint-georges-chsld-du-seminaire,CHSLD Du Séminaire,sante,CHSLD,Saint-Georges,418-228-2031,,"11515, 8e avenue, Saint-Georges, QC G5Y 1J5",46.12490081787109,-70.67140197753906,,,,,donnees-quebec.ca/MSSS,f,08h00–16h00 (admin) | Soins 24h/24,Soins 24h/24 (admin fermé),Soins 24h/24 (admin fermé),Soins 24h/24 (admin fermé),oui,non,Milieu de vie 24h/24. Admin: lun-ven 8h-16h. Visites: 8h-21h30
QC,msss-chsld-saint-georges-chsld-richard-busque,CHSLD Richard-Busque,sante,CHSLD,Saint-Georges,418-228-2031,,"405, 18e rue, Saint-Georges, QC G5Y 4T2",46.11579895019531,-70.67449951171875,,,,,donnees-quebec.ca/MSSS,f,08h00–16h00 (admin) | Soins 24h/24,Soins 24h/24 (admin fermé),Soins 24h/24 (admin fermé),Soins 24h/24 (admin fermé),oui,non,Milieu de vie 24h/24. Admin: lun-ven 8h-16h. Visites: 8h-21h30
QC,msss-chsld-saint-georges-centre-d-hebergement-champlain-de-l-assomption,Centre D'Hébergement Champlain-De-L'Assomption,sante,CHSLD,Saint-Georges,418-228-2031,,"16750, boulevard Lacroix, Saint-Georges, QC G5Y 2G4",46.0974006652832,-70.64990234375,,,,,donnees-quebec.ca/MSSS,f,08h00–16h00 (admin) | Soins 24h/24,Soins 24h/24 (admin fermé),Soins 24h/24 (admin fermé),Soins 24h/24 (admin fermé),oui,non,Milieu de vie 24h/24. Admin: lun-ven 8h-16h. Visites: 8h-21h30
QC,msss-clsc-saint-georges-centre-multiservices-de-sante-et-de-services-sociaux-de-sain,Centre Multiservices De Santé Et De Services Sociaux De Saint-Georges,sante,CLSC,Saint-Georges,418-228-2031,,"12523, 25e avenue, Saint-Georges, QC G5Y 5N6",46.128700256347656,-70.65399932861328,,,,,donnees-quebec.ca/MSSS,f,08h00–20h00,08h00–16h00,08h00–16h00,08h00–16h00,non,non,Lun-ven 8h-20h. Sam-dim et fériés 8h-16h. Sur RV pour certains services.
QC,msss-hopital-saint-georges-hopital-de-saint-georges,Hôpital De Saint-Georges,sante,Hôpital,Saint-Georges,418-228-2031,,"1515, 17e rue, Saint-Georges, QC G5Y 4T8",46.10969924926758,-70.6852035522461,,,,,donnees-quebec.ca/MSSS,f,00h00–24h00 (urgences) | 08h00–16h00 (admin),00h00–24h00 (urgences),00h00–24h00 (urgences),00h00–24h00 (urgences),oui,oui,Urgences 24h/24. Services ambulatoires sur rendez-vous: lun-ven 8h-16h
QC,msss-clsc-saint-gervais-chsld-et-clsc-de-saint-gervais,CHSLD Et CLSC De Saint-Gervais,sante,CLSC,Saint-Gervais,418-887-6650,,"70, rue Saint-Étienne, Saint-Gervais, QC G0R 3C0",46.712398529052734,-70.8947982788086,,,,,donnees-quebec.ca/MSSS,f,08h00–16h00 (admin) | Soins 24h/24,Soins 24h/24 (admin fermé),Soins 24h/24 (admin fermé),Soins 24h/24 (admin fermé),oui,non,Milieu de vie 24h/24. Admin: lun-ven 8h-16h. Visites: 8h-21h30
QC,msss-clsc-saint-gedeon-de-beauce-clsc-de-saint-gedeon-de-beauce,CLSC De Saint-Gédéon-De-Beauce,sante,CLSC,Saint-Gédéon-de-Beauce,418-582-3212,,"127, 1ère Rue Sud, 4e étage, Saint-Gédéon-de-Beauce, QC G0M 1T0",45.85260009765625,-70.64089965820312,,,,,donnees-quebec.ca/MSSS,f,08h00–20h00,08h00–16h00,08h00–16h00,08h00–16h00,non,non,Lun-ven 8h-20h. Sam-dim et fériés 8h-16h. Sur RV pour certains services.
QC,msss-chsld-saint-hilarion-maison-des-aines-et-alternative-de-saint-hilarion,Maison Des Aînés Et Alternative De Saint-Hilarion,sante,CHSLD,Saint-Hilarion,418-457-2143,,"6, rue des Champs, Saint-Hilarion, QC G0A 3V0",47.57609939575195,-70.39920043945312,,,,,donnees-quebec.ca/MSSS,f,08h00–16h00 (admin) | Soins 24h/24,Soins 24h/24 (admin fermé),Soins 24h/24 (admin fermé),Soins 24h/24 (admin fermé),oui,non,Milieu de vie 24h/24. Admin: lun-ven 8h-16h. Visites: 8h-21h30
QC,baq-moisson-rive-sud,Moisson Rive-Sud,alimentation,Banque alimentaire régionale,Saint-Hubert,450-462-9982,https://moissonrivesud.org,"5500, rue Rideau, Saint-Hubert, QC J3Y 5K6",,,,X,,,curated-baq-network,f,09h00–16h00,09h00–13h00,Fermé,Fermé,non,non,"Lun-ven 9h-16h, sam 9h-13h. Horaires varient selon point de distribution."
QC,ba-maskoutaine,La Moisson Maskoutaine,alimentation,Banque alimentaire régionale,Saint-Hyacinthe,450-261-1110,https://moissonmaskoutaine.org,"2540, rue Saint-Charles, Saint-Hyacinthe, QC J2T 1V6",,,,X,,,curated-baq-network,f,09h00–16h00,09h00–13h00,Fermé,Fermé,non,non,"Lun-ven 9h-16h, sam 9h-13h. Horaires varient selon point de distribution."
QC,msss-clsc-saint-hyacinthe-clsc-des-cascades,CLSC Des Cascades,sante,CLSC,Saint-Hyacinthe,450-771-3333,,"1225, rue des Cascades, Saint-Hyacinthe, QC J2S 3H2",45.6254997253418,-72.94390106201172,,,,,donnees-quebec.ca/MSSS,f,08h00–20h00,08h00–16h00,08h00–16h00,08h00–16h00,non,non,Lun-ven 8h-20h. Sam-dim et fériés 8h-16h. Sur RV pour certains services.
QC,msss-clsc-saint-hyacinthe-clsc-des-maskoutains,CLSC Des Maskoutains,sante,CLSC,Saint-Hyacinthe,450-771-3333,,"1015, rue Gauthier, Saint-Hyacinthe, QC J2S 8T2",45.637001037597656,-72.95980072021484,,,,,donnees-quebec.ca/MSSS,f,08h00–20h00,08h00–16h00,08h00–16h00,08h00–16h00,non,non,Lun-ven 8h-20h. Sam-dim et fériés 8h-16h. Sur RV pour certains services.
QC,msss-chsld-saint-hyacinthe-centre-d-hebergement-andree-perrault,Centre D'Hébergement Andrée-Perrault,sante,CHSLD,Saint-Hyacinthe,450-771-3333,,"1955, avenue Pratte, Saint-Hyacinthe, QC J2S 7W5",45.63290023803711,-72.94519805908203,,,,,donnees-quebec.ca/MSSS,f,08h00–16h00 (admin) | Soins 24h/24,Soins 24h/24 (admin fermé),Soins 24h/24 (admin fermé),Soins 24h/24 (admin fermé),oui,non,Milieu de vie 24h/24. Admin: lun-ven 8h-16h. Visites: 8h-21h30
QC,msss-hopital-saint-hyacinthe-centre-d-hebergement-de-l-hotel-dieu-de-saint-hyacinthe,Centre D'Hébergement De L'Hôtel-Dieu-De-Saint-Hyacinthe,sante,Hôpital,Saint-Hyacinthe,450-771-3333,,"1800, rue Dessaulles, Saint-Hyacinthe, QC J2S 2T2",45.62570190429688,-72.94999694824219,,,,,donnees-quebec.ca/MSSS,f,08h00–16h00 (admin) | Soins 24h/24,Soins 24h/24 (admin fermé),Soins 24h/24 (admin fermé),Soins 24h/24 (admin fermé),oui,non,Milieu de vie 24h/24. Admin: lun-ven 8h-16h. Visites: 8h-21h30
QC,msss-hopital-saint-hyacinthe-groupe-de-medecine-de-famille-universitaire-richelieu-yamask,Groupe De Médecine De Famille Universitaire Richelieu-Yamaska,sante,Hôpital,Saint-Hyacinthe,450-771-3333,,"1021, rue Gauthier, Saint-Hyacinthe, QC J2S 8T2",45.63679885864258,-72.96009826660156,,,,,donnees-quebec.ca/MSSS,f,00h00–24h00 (urgences) | 08h00–16h00 (admin),00h00–24h00 (urgences),00h00–24h00 (urgences),00h00–24h00 (urgences),oui,oui,Urgences 24h/24. Services ambulatoires sur rendez-vous: lun-ven 8h-16h
QC,msss-hopital-saint-hyacinthe-hopital-honore-mercier,Hôpital Honoré-Mercier,sante,Hôpital,Saint-Hyacinthe,450-771-3333,,"2750, boulevard Laframboise, Saint-Hyacinthe, QC J2S 4Y8",45.63479995727539,-72.95950317382812,,,,,donnees-quebec.ca/MSSS,f,00h00–24h00 (urgences) | 08h00–16h00 (admin),00h00–24h00 (urgences),00h00–24h00 (urgences),00h00–24h00 (urgences),oui,oui,Urgences 24h/24. Services ambulatoires sur rendez-vous: lun-ven 8h-16h
QC,msss-chsld-saint-hyacinthe-residence-bourg-joli,Résidence Bourg-Joli,sante,CHSLD,Saint-Hyacinthe,450-771-3333,,"2915, boulevard Laframboise, Saint-Hyacinthe, QC J2S 4Z3",45.63349914550781,-72.96420288085938,,,,,donnees-quebec.ca/MSSS,f,08h00–16h00 (admin) | Soins 24h/24,Soins 24h/24 (admin fermé),Soins 24h/24 (admin fermé),Soins 24h/24 (admin fermé),oui,non,Milieu de vie 24h/24. Admin: lun-ven 8h-16h. Visites: 8h-21h30
QC,msss-chsld-saint-isidore-chsld-de-saint-isidore,CHSLD De Saint-Isidore,sante,CHSLD,Saint-Isidore,450-454-4671,,"102, rue Saint-Albert, Saint-Isidore, QC G0S 2S0",46.58349990844727,-71.08879852294922,,,,,donnees-quebec.ca/MSSS,f,08h00–16h00 (admin) | Soins 24h/24,Soins 24h/24 (admin fermé),Soins 24h/24 (admin fermé),Soins 24h/24 (admin fermé),oui,non,Milieu de vie 24h/24. Admin: lun-ven 8h-16h. Visites: 8h-21h30
QC,msss-chsld-saint-jacques-centre-d-hebergement-de-saint-jacques,Centre D'Hébergement De Saint-Jacques,sante,CHSLD,Saint-Jacques,450-759-8222,,"30, rue Sainte-Anne, Saint-Jacques, QC J0K 2R0",45.95050048828125,-73.5698013305664,,,,,donnees-quebec.ca/MSSS,f,08h00–16h00 (admin) | Soins 24h/24,Soins 24h/24 (admin fermé),Soins 24h/24 (admin fermé),Soins 24h/24 (admin fermé),oui,non,Milieu de vie 24h/24. Admin: lun-ven 8h-16h. Visites: 8h-21h30
QC,msss-clsc-saint-jean-port-joli-clsc-et-chsld-de-saint-jean-port-joli,CLSC Et CHSLD De Saint-Jean-Port-Joli,sante,CLSC,Saint-Jean-Port-Joli,418-598-3355,,"430, rue Jean-Leclerc, Saint-Jean-Port-Joli, QC G0R 3G0",47.20840072631836,-70.25779724121094,,,,,donnees-quebec.ca/MSSS,f,08h00–16h00 (admin) | Soins 24h/24,Soins 24h/24 (admin fermé),Soins 24h/24 (admin fermé),Soins 24h/24 (admin fermé),oui,non,Milieu de vie 24h/24. Admin: lun-ven 8h-16h. Visites: 8h-21h30
QC,msss-clsc-saint-jean-de-dieu-clsc-de-saint-jean-de-dieu,CLSC De Saint-Jean-De-Dieu,sante,CLSC,Saint-Jean-de-Dieu,418-963-2234,,"20, rue de la Villa, Saint-Jean-de-Dieu, QC G0L 3M0",48.00640106201172,-69.04119873046875,,,,,donnees-quebec.ca/MSSS,f,08h00–20h00,08h00–16h00,08h00–16h00,08h00–16h00,non,non,Lun-ven 8h-20h. Sam-dim et fériés 8h-16h. Sur RV pour certains services.
QC,msss-clsc-saint-jean-de-matha-centre-multiservices-de-sante-et-de-services-sociaux-de-sain,Centre Multiservices De Santé Et De Services Sociaux De Saint-Jean-De-Matha,sante,CLSC,Saint-Jean-de-Matha,450-759-8222,,"895, route Louis-Cyr, Saint-Jean-de-Matha, QC J0K 2S0",46.22520065307617,-73.52490234375,,,,,donnees-quebec.ca/MSSS,f,08h00–20h00,08h00–16h00,08h00–16h00,08h00–16h00,non,non,Lun-ven 8h-20h. Sam-dim et fériés 8h-16h. Sur RV pour certains services.
QC,msss-chsld-saint-jean-sur-richelieu-chsld-champagnat,CHSLD Champagnat,sante,CHSLD,Saint-Jean-sur-Richelieu,450-359-5000,,"370, 5e Avenue, Saint-Jean-sur-Richelieu, QC J2X 1V1",45.307899475097656,-73.23310089111328,,,,,donnees-quebec.ca/MSSS,f,08h00–16h00 (admin) | Soins 24h/24,Soins 24h/24 (admin fermé),Soins 24h/24 (admin fermé),Soins 24h/24 (admin fermé),oui,non,Milieu de vie 24h/24. Admin: lun-ven 8h-16h. Visites: 8h-21h30
QC,msss-chsld-saint-jean-sur-richelieu-chsld-de-saint-jean-sur-richelieu,CHSLD De Saint-Jean-Sur-Richelieu,sante,CHSLD,Saint-Jean-sur-Richelieu,450-359-5000,,"40, rue Labrèche, Saint-Jean-sur-Richelieu, QC J3B 0J3",45.31159973144531,-73.2614974975586,,,,,donnees-quebec.ca/MSSS,f,08h00–16h00 (admin) | Soins 24h/24,Soins 24h/24 (admin fermé),Soins 24h/24 (admin fermé),Soins 24h/24 (admin fermé),oui,non,Milieu de vie 24h/24. Admin: lun-ven 8h-16h. Visites: 8h-21h30
QC,msss-chsld-saint-jean-sur-richelieu-chsld-georges-phaneuf,CHSLD Georges-Phaneuf,sante,CHSLD,Saint-Jean-sur-Richelieu,450-359-5000,,"230, rue Jacques-Cartier Nord, Saint-Jean-sur-Richelieu, QC J3B 6T4",45.30699920654297,-73.25420379638672,,,,,donnees-quebec.ca/MSSS,f,08h00–16h00 (admin) | Soins 24h/24,Soins 24h/24 (admin fermé),Soins 24h/24 (admin fermé),Soins 24h/24 (admin fermé),oui,non,Milieu de vie 24h/24. Admin: lun-ven 8h-16h. Visites: 8h-21h30
QC,msss-chsld-saint-jean-sur-richelieu-chsld-gertrude-lafrance,CHSLD Gertrude-Lafrance,sante,CHSLD,Saint-Jean-sur-Richelieu,450-359-5000,,"150, boulevard Saint-Luc, Saint-Jean-sur-Richelieu, QC J3A 1G2",45.3400993347168,-73.28089904785156,,,,,donnees-quebec.ca/MSSS,f,08h00–16h00 (admin) | Soins 24h/24,Soins 24h/24 (admin fermé),Soins 24h/24 (admin fermé),Soins 24h/24 (admin fermé),oui,non,Milieu de vie 24h/24. Admin: lun-ven 8h-16h. Visites: 8h-21h30
QC,msss-clsc-saint-jean-sur-richelieu-clsc-et-aire-ouverte-de-la-rue-champlain,CLSC Et Aire Ouverte De La Rue Champlain,sante,CLSC,Saint-Jean-sur-Richelieu,450-359-5000,,"185, rue Champlain, Saint-Jean-sur-Richelieu, QC J3B 6V5",45.30569839477539,-73.25189971923828,,,,,donnees-quebec.ca/MSSS,f,08h00–20h00,08h00–16h00,08h00–16h00,08h00–16h00,non,non,Lun-ven 8h-20h. Sam-dim et fériés 8h-16h. Sur RV pour certains services.
QC,msss-clsc-saint-jean-sur-richelieu-centre-de-services-ambulatoires-et-clsc-vallee-des-forts,Centre De Services Ambulatoires Et CLSC Vallée-Des-Forts,sante,CLSC,Saint-Jean-sur-Richelieu,450-359-5000,,"978, boulevard du Séminaire Nord, Saint-Jean-sur-Richelieu, QC J3A 1E5",45.33570098876953,-73.26940155029297,,,,,donnees-quebec.ca/MSSS,f,08h00–20h00,08h00–16h00,08h00–16h00,08h00–16h00,non,non,Lun-ven 8h-20h. Sam-dim et fériés 8h-16h. Sur RV pour certains services.
QC,msss-hopital-saint-jean-sur-richelieu-centre-de-services-ambulatoires-et-groupe-de-medecine-de-fam,Centre De Services Ambulatoires Et Groupe De Médecine De Famille Universitaire De Saint-Jean-Sur-Richelieu,sante,Hôpital,Saint-Jean-sur-Richelieu,450-359-5000,,"1225, rue Douglas, Saint-Jean-sur-Richelieu, QC J3A 0A7",45.3400993347168,-73.28410339355469,,,,,donnees-quebec.ca/MSSS,f,00h00–24h00 (urgences) | 08h00–16h00 (admin),00h00–24h00 (urgences),00h00–24h00 (urgences),00h00–24h00 (urgences),oui,oui,Urgences 24h/24. Services ambulatoires sur rendez-vous: lun-ven 8h-16h
QC,msss-hopital-saint-jean-sur-richelieu-centre-de-services-ambulatoires-et-institut-nazareth-et-loui,Centre De Services Ambulatoires Et Institut Nazareth Et Louis-Braille Du Séminaire Nord,sante,Hôpital,Saint-Jean-sur-Richelieu,450-359-5000,,"383, boulevard du Séminaire Nord, bureau, Saint-Jean-sur-Richelieu, QC J3B 8C5",45.3114013671875,-73.26370239257812,,,,,donnees-quebec.ca/MSSS,f,00h00–24h00 (urgences) | 08h00–16h00 (admin),00h00–24h00 (urgences),00h00–24h00 (urgences),00h00–24h00 (urgences),oui,oui,Urgences 24h/24. Services ambulatoires sur rendez-vous: lun-ven 8h-16h
QC,msss-chsld-saint-jean-sur-richelieu-hopital-de-jour-geriatrique-de-la-rue-normand,Hôpital De Jour Gériatrique De La Rue Normand,sante,CHSLD,Saint-Jean-sur-Richelieu,450-359-5000,,"365, rue Normand, suite 200, Saint-Jean-sur-Richelieu, QC J3A 1T6",45.33879852294922,-73.2697982788086,,,,,donnees-quebec.ca/MSSS,f,08h00–16h00 (admin) | Soins 24h/24,Soins 24h/24 (admin fermé),Soins 24h/24 (admin fermé),Soins 24h/24 (admin fermé),oui,non,Milieu de vie 24h/24. Admin: lun-ven 8h-16h. Visites: 8h-21h30
QC,msss-hopital-saint-jean-sur-richelieu-hopital-du-haut-richelieu,Hôpital Du Haut-Richelieu,sante,Hôpital,Saint-Jean-sur-Richelieu,450-359-5000,,"920, boulevard du Séminaire Nord, Saint-Jean-sur-Richelieu, QC J3A 1B7",45.33250045776367,-73.27020263671875,,,,,donnees-quebec.ca/MSSS,f,00h00–24h00 (urgences) | 08h00–16h00 (admin),00h00–24h00 (urgences),00h00–24h00 (urgences),00h00–24h00 (urgences),oui,oui,Urgences 24h/24. Services ambulatoires sur rendez-vous: lun-ven 8h-16h
QC,msss-hopital-saint-jean-sur-richelieu-hopital-du-haut-richelieu-clinique-suivi-de-grossesse,Hôpital Du Haut-Richelieu - Clinique Suivi De Grossesse,sante,Hôpital,Saint-Jean-sur-Richelieu,450-359-5000,,"1055, boulevard du Séminaire nord, suite, Saint-Jean-sur-Richelieu, QC J3A 1R7",45.33829879760742,-73.2677001953125,,,,,donnees-quebec.ca/MSSS,f,00h00–24h00 (urgences) | 08h00–16h00 (admin),00h00–24h00 (urgences),00h00–24h00 (urgences),00h00–24h00 (urgences),oui,oui,Urgences 24h/24. Services ambulatoires sur rendez-vous: lun-ven 8h-16h
QC,msss-chsld-saint-jean-sur-richelieu-maison-des-aines-de-saint-jean-sur-richelieu,Maison Des Aînés De Saint-Jean-Sur-Richelieu,sante,CHSLD,Saint-Jean-sur-Richelieu,450-359-5000,,"519, rue Shannon, Saint-Jean-sur-Richelieu, QC J3A 2A1",45.33990097045898,-73.27899932861328,,,,,donnees-quebec.ca/MSSS,f,08h00–16h00 (admin) | Soins 24h/24,Soins 24h/24 (admin fermé),Soins 24h/24 (admin fermé),Soins 24h/24 (admin fermé),oui,non,Milieu de vie 24h/24. Admin: lun-ven 8h-16h. Visites: 8h-21h30
QC,h-omh-saint-jean,Office municipal d'habitation du Haut-Richelieu,logement,Office municipal d'habitation,Saint-Jean-sur-Richelieu,450-348-0289,https://omhhr.ca,"395, rue Saint-Charles, Saint-Jean-sur-Richelieu, QC J3B 2C5",,,,X,,,curated-housing-network,f,08h30–16h30,Fermé,Fermé,Fermé,non,non,Bureau lun-ven 8h30-16h30. Liste d'attente – inscription requise.
QC,centre911-monteregie,Centre 911 — Montérégie,soutienSocial,Centre 911,Saint-Jean-sur-Richelieu,911,,,45.3125,-73.2594,X,,,,,f,00h00–24h00,00h00–24h00,00h00–24h00,00h00–24h00,oui,oui,"Service disponible 24h/24, 7j/7"
QC,baq-moisson-beauce,Moisson Beauce,alimentation,Banque alimentaire régionale,Saint-Joseph-de-Beauce,418-397-1051,https://moissonbeauce.com,"1115, av. du Palais, Saint-Joseph-de-Beauce, QC G0S 2V0",,,,X,,,curated-baq-network,f,09h00–16h00,09h00–13h00,Fermé,Fermé,non,non,"Lun-ven 9h-16h, sam 9h-13h. Horaires varient selon point de distribution."
QC,msss-clsc-saint-joseph-de-beauce-clsc-de-saint-joseph-de-beauce,CLSC De Saint-Joseph-De-Beauce,sante,CLSC,Saint-Joseph-de-Beauce,418-397-4096,,"1125, avenue du Palais, Saint-Joseph-de-Beauce, QC G0S 2V0",46.29930114746094,-70.87129974365234,,,,,donnees-quebec.ca/MSSS,f,08h00–20h00,08h00–16h00,08h00–16h00,08h00–16h00,non,non,Lun-ven 8h-20h. Sam-dim et fériés 8h-16h. Sur RV pour certains services.
QC,msss-clsc-saint-jude-clsc-de-saint-jude,CLSC De Saint-Jude,sante,CLSC,Saint-Jude,450-792-2490,,"938, rue du Centre, Saint-Jude, QC J0H 1P0",45.77099990844727,-72.99250030517578,,,,,donnees-quebec.ca/MSSS,f,08h00–20h00,08h00–16h00,08h00–16h00,08h00–16h00,non,non,Lun-ven 8h-20h. Sam-dim et fériés 8h-16h. Sur RV pour certains services.
QC,msss-clsc-saint-jerome-aire-ouverte-de-saint-jerome,Aire Ouverte De Saint-Jérôme,sante,CLSC,Saint-Jérôme,450-432-2777,,"420, Place du Marché, Saint-Jérôme, QC J7Z 2B2",45.777099609375,-74.0020980834961,,,,,donnees-quebec.ca/MSSS,f,08h00–20h00,08h00–16h00,08h00–16h00,08h00–16h00,non,non,Lun-ven 8h-20h. Sam-dim et fériés 8h-16h. Sur RV pour certains services.
QC,msss-chsld-saint-jerome-chsld-au-c-ur-de-la-vie,CHSLD Au Cœur-De-La-Vie,sante,CHSLD,Saint-Jérôme,450-432-2777,,"325, rue Barrette, 1er étage, Saint-Jérôme, QC J7Y 0J8",45.77750015258789,-74.01439666748047,,,,,donnees-quebec.ca/MSSS,f,08h00–16h00 (admin) | Soins 24h/24,Soins 24h/24 (admin fermé),Soins 24h/24 (admin fermé),Soins 24h/24 (admin fermé),oui,non,Milieu de vie 24h/24. Admin: lun-ven 8h-16h. Visites: 8h-21h30
QC,msss-chsld-saint-jerome-chsld-de-saint-jerome,CHSLD De Saint-Jérôme,sante,CHSLD,Saint-Jérôme,450-432-2777,,"200, rue Rolland, Saint-Jérôme, QC J7Z 5S2",45.766700744628906,-74.00340270996094,,,,,donnees-quebec.ca/MSSS,f,08h00–16h00 (admin) | Soins 24h/24,Soins 24h/24 (admin fermé),Soins 24h/24 (admin fermé),Soins 24h/24 (admin fermé),oui,non,Milieu de vie 24h/24. Admin: lun-ven 8h-16h. Visites: 8h-21h30
QC,msss-hopital-saint-jerome-chsld-et-centre-de-services-ambulatoires-lucien-g-rolland,CHSLD Et Centre De Services Ambulatoires Lucien-G. Rolland,sante,Hôpital,Saint-Jérôme,450-432-2777,,"175, rue Durand, Saint-Jérôme, QC J7Z 2V4",45.764198303222656,-74.002197265625,,,,,donnees-quebec.ca/MSSS,f,08h00–16h00 (admin) | Soins 24h/24,Soins 24h/24 (admin fermé),Soins 24h/24 (admin fermé),Soins 24h/24 (admin fermé),oui,non,Milieu de vie 24h/24. Admin: lun-ven 8h-16h. Visites: 8h-21h30
QC,msss-chsld-saint-jerome-chsld-louise-faubert,CHSLD Louise-Faubert,sante,CHSLD,Saint-Jérôme,450-432-2777,,"300, rue du Docteur-Charles-Léonard, Saint-Jérôme, QC J7Y 0N2",45.76250076293945,-74.00160217285156,,,,,donnees-quebec.ca/MSSS,f,08h00–16h00 (admin) | Soins 24h/24,Soins 24h/24 (admin fermé),Soins 24h/24 (admin fermé),Soins 24h/24 (admin fermé),oui,non,Milieu de vie 24h/24. Admin: lun-ven 8h-16h. Visites: 8h-21h30
QC,msss-clsc-saint-jerome-clsc-de-l-etablissement-de-detention,CLSC De L'Établissement-De-Détention,sante,CLSC,Saint-Jérôme,450-432-2777,,"2, boulevard de la Salette, Saint-Jérôme, QC J7Y 5G5",45.80070114135742,-74.0177001953125,,,,,donnees-quebec.ca/MSSS,f,08h00–20h00,08h00–16h00,08h00–16h00,08h00–16h00,non,non,Lun-ven 8h-20h. Sam-dim et fériés 8h-16h. Sur RV pour certains services.
QC,msss-clsc-saint-jerome-clsc-du-centre-ville-de-saint-jerome,CLSC Du Centre-Ville-De-Saint-Jérôme,sante,CLSC,Saint-Jérôme,450-432-2777,,"430, rue Labelle, Saint-Jérôme, QC J7Z 5L3",45.77939987182617,-74.00409698486328,,,,,donnees-quebec.ca/MSSS,f,08h00–20h00,08h00–16h00,08h00–16h00,08h00–16h00,non,non,Lun-ven 8h-20h. Sam-dim et fériés 8h-16h. Sur RV pour certains services.
QC,msss-clsc-saint-jerome-clsc-et-groupe-de-medecine-de-famille-universitaire-lafontai,CLSC Et Groupe De Médecine De Famille Universitaire Lafontaine,sante,CLSC,Saint-Jérôme,450-432-2777,,"1000, rue Labelle, Saint-Jérôme, QC J7Z 5N6",45.792999267578125,-74.0093994140625,,,,,donnees-quebec.ca/MSSS,f,08h00–20h00,08h00–16h00,08h00–16h00,08h00–16h00,non,non,Lun-ven 8h-20h. Sam-dim et fériés 8h-16h. Sur RV pour certains services.
QC,msss-clsc-saint-jerome-clsc-saint-antoine,CLSC Saint-Antoine,sante,CLSC,Saint-Jérôme,450-432-2777,,"480, 5e Rue, Saint-Jérôme, QC J7Z 0H6",45.76340103149414,-73.99629974365234,,,,,donnees-quebec.ca/MSSS,f,08h00–20h00,08h00–16h00,08h00–16h00,08h00–16h00,non,non,Lun-ven 8h-20h. Sam-dim et fériés 8h-16h. Sur RV pour certains services.
QC,msss-chsld-saint-jerome-centre-d-hebergement-champlain-de-la-villa-soleil,Centre D'Hébergement Champlain-De-La-Villa-Soleil,sante,CHSLD,Saint-Jérôme,450-432-2777,,"825, rue Melançon, Saint-Jérôme, QC J7Z 4L1",45.79059982299805,-73.993896484375,,,,,donnees-quebec.ca/MSSS,f,08h00–16h00 (admin) | Soins 24h/24,Soins 24h/24 (admin fermé),Soins 24h/24 (admin fermé),Soins 24h/24 (admin fermé),oui,non,Milieu de vie 24h/24. Admin: lun-ven 8h-16h. Visites: 8h-21h30
QC,msss-hopital-saint-jerome-centre-de-services-ambulatoires-de-saint-jerome,Centre De Services Ambulatoires De Saint-Jérôme,sante,Hôpital,Saint-Jérôme,450-432-2777,,"315, rue du Docteur-Charles-Léonard, Saint-Jérôme, QC J7Y 0L1",45.762001037597656,-74.0,,,,,donnees-quebec.ca/MSSS,f,00h00–24h00 (urgences) | 08h00–16h00 (admin),00h00–24h00 (urgences),00h00–24h00 (urgences),00h00–24h00 (urgences),oui,oui,Urgences 24h/24. Services ambulatoires sur rendez-vous: lun-ven 8h-16h
QC,msss-hopital-saint-jerome-centre-multiservices-de-sante-et-de-services-sociaux-d-youvi,Centre Multiservices De Santé Et De Services Sociaux D'Youville,sante,Hôpital,Saint-Jérôme,450-432-2777,,"531, rue Laviolette, Saint-Jérôme, QC J7Y 2T8",45.78310012817383,-74.0062026977539,,,,,donnees-quebec.ca/MSSS,f,00h00–24h00 (urgences) | 08h00–16h00 (admin),00h00–24h00 (urgences),00h00–24h00 (urgences),00h00–24h00 (urgences),oui,oui,Urgences 24h/24. Services ambulatoires sur rendez-vous: lun-ven 8h-16h
QC,msss-clsc-saint-jerome-centre-multiservices-de-sante-et-de-services-sociaux-de-la-r,Centre Multiservices De Santé Et De Services Sociaux De La Rivière-Du-Nord,sante,CLSC,Saint-Jérôme,450-432-2777,,"66, rue Danis, Saint-Jérôme, QC J7Y 2R3",45.77740097045898,-74.00810241699219,,,,,donnees-quebec.ca/MSSS,f,08h00–20h00,08h00–16h00,08h00–16h00,08h00–16h00,non,non,Lun-ven 8h-20h. Sam-dim et fériés 8h-16h. Sur RV pour certains services.
QC,msss-hopital-saint-jerome-centre-multiservices-de-sante-et-de-services-sociaux-de-sain,Centre Multiservices De Santé Et De Services Sociaux De Saint-Jérôme,sante,Hôpital,Saint-Jérôme,450-432-2777,,"500, boulevard des Laurentides, Saint-Jérôme, QC J7Z 4M2",45.762001037597656,-73.99420166015625,,,,,donnees-quebec.ca/MSSS,f,00h00–24h00 (urgences) | 08h00–16h00 (admin),00h00–24h00 (urgences),00h00–24h00 (urgences),00h00–24h00 (urgences),oui,oui,Urgences 24h/24. Services ambulatoires sur rendez-vous: lun-ven 8h-16h
QC,msss-hopital-saint-jerome-hopital-de-saint-jerome,Hôpital De Saint-Jérôme,sante,Hôpital,Saint-Jérôme,450-432-2777,,"290, rue Montigny, Saint-Jérôme, QC J7Z 5T3",45.76559829711914,-74.00019836425781,,,,,donnees-quebec.ca/MSSS,f,00h00–24h00 (urgences) | 08h00–16h00 (admin),00h00–24h00 (urgences),00h00–24h00 (urgences),00h00–24h00 (urgences),oui,oui,Urgences 24h/24. Services ambulatoires sur rendez-vous: lun-ven 8h-16h
QC,h-omh-saint-jerome,Office municipal d'habitation de Saint-Jérôme,logement,Office municipal d'habitation,Saint-Jérôme,450-432-6862,https://omhsj.ca,"200, rue Saint-Georges, Saint-Jérôme, QC J7Z 4Y7",,,,X,,,curated-housing-network,f,08h30–16h30,Fermé,Fermé,Fermé,non,non,Bureau lun-ven 8h30-16h30. Liste d'attente – inscription requise.
QC,centre911-laurentides,Centre 911 — Laurentides,soutienSocial,Centre 911,Saint-Jérôme,911,,,45.779,-74.0,X,,,,,f,00h00–24h00,00h00–24h00,00h00–24h00,00h00–24h00,oui,oui,"Service disponible 24h/24, 7j/7"
QC,msss-chsld-saint-lambert-chsld-argyle-saint-lambert,CHSLD Argyle - Saint-Lambert,sante,CHSLD,Saint-Lambert,450-466-5000,,"33, avenue Argyle, Saint-Lambert, QC J4P 3P5",45.50149917602539,-73.51470184326172,,,,,donnees-quebec.ca/MSSS,f,08h00–16h00 (admin) | Soins 24h/24,Soins 24h/24 (admin fermé),Soins 24h/24 (admin fermé),Soins 24h/24 (admin fermé),oui,non,Milieu de vie 24h/24. Admin: lun-ven 8h-16h. Visites: 8h-21h30
QC,msss-chsld-saint-lambert-chsld-docteur-chevrier,CHSLD Docteur-Chevrier,sante,CHSLD,Saint-Lambert,450-466-5000,,"700, rue Docteur-Chevrier, Saint-Lambert, QC J4P 0A4",45.50960159301758,-73.50170135498047,,,,,donnees-quebec.ca/MSSS,f,08h00–16h00 (admin) | Soins 24h/24,Soins 24h/24 (admin fermé),Soins 24h/24 (admin fermé),Soins 24h/24 (admin fermé),oui,non,Milieu de vie 24h/24. Admin: lun-ven 8h-16h. Visites: 8h-21h30
QC,msss-chsld-saint-lambert-centre-d-hebergement-et-de-soins-de-longue-duree-de-saint-la,Centre D'Hébergement Et De Soins De Longue Durée De Saint-Lambert-Sur-Le-Golf,sante,CHSLD,Saint-Lambert,450-466-5000,,"555, chemin Tiffin, Saint-Lambert, QC J4P 3G2",45.510398864746094,-73.50170135498047,,,,,donnees-quebec.ca/MSSS,f,08h00–16h00 (admin) | Soins 24h/24,Soins 24h/24 (admin fermé),Soins 24h/24 (admin fermé),Soins 24h/24 (admin fermé),oui,non,Milieu de vie 24h/24. Admin: lun-ven 8h-16h. Visites: 8h-21h30
QC,msss-hopital-saint-lambert-centre-de-services-ambulatoires-et-groupe-de-medecine-de-fam,Centre De Services Ambulatoires Et Groupe De Médecine De Famille Universitaire Charles-Le Moyne,sante,Hôpital,Saint-Lambert,450-466-5000,,"299, boulevard Sir-Wilfrid-Laurier, bure, Saint-Lambert, QC J4R 2L1",45.493499755859375,-73.50240325927734,,,,,donnees-quebec.ca/MSSS,f,00h00–24h00 (urgences) | 08h00–16h00 (admin),00h00–24h00 (urgences),00h00–24h00 (urgences),00h00–24h00 (urgences),oui,oui,Urgences 24h/24. Services ambulatoires sur rendez-vous: lun-ven 8h-16h
QC,msss-hopital-saint-lambert-centre-de-services-pour-les-aines-de-saint-lambert,Centre De Services Pour Les Aînés De Saint-Lambert,sante,Hôpital,Saint-Lambert,450-466-5000,,"831, avenue Notre-Dame, Saint-Lambert, QC J4R 1S1",45.49829864501953,-73.50360107421875,,,,,donnees-quebec.ca/MSSS,f,00h00–24h00 (urgences) | 08h00–16h00 (admin),00h00–24h00 (urgences),00h00–24h00 (urgences),00h00–24h00 (urgences),oui,oui,Urgences 24h/24. Services ambulatoires sur rendez-vous: lun-ven 8h-16h
QC,msss-clsc-saint-lazare-de-bellechasse-clsc-de-saint-lazare-de-bellechasse,CLSC De Saint-Lazare-De-Bellechasse,sante,CLSC,Saint-Lazare-de-Bellechasse,418-883-3246,,"100-A, rue Monseigneur-Bilodeau, Saint-Lazare-de-Bellechasse, QC G0R 3J0",46.65769958496094,-70.81120300292969,,,,,donnees-quebec.ca/MSSS,f,08h00–20h00,08h00–16h00,08h00–16h00,08h00–16h00,non,non,Lun-ven 8h-20h. Sam-dim et fériés 8h-16h. Sur RV pour certains services.
QC,msss-chsld-saint-liguori-centre-d-hebergement-armand-marchand,Centre D'Hébergement Armand-Marchand,sante,CHSLD,Saint-Liguori,450-759-8222,,"771, rue Principale, Saint-Liguori, QC J0K 2X0",46.00680160522461,-73.56919860839844,,,,,donnees-quebec.ca/MSSS,f,08h00–16h00 (admin) | Soins 24h/24,Soins 24h/24 (admin fermé),Soins 24h/24 (admin fermé),Soins 24h/24 (admin fermé),oui,non,Milieu de vie 24h/24. Admin: lun-ven 8h-16h. Visites: 8h-21h30
QC,msss-chsld-saint-lin-laurentides-centre-d-hebergement-saint-antoine-de-padoue,Centre D'Hébergement Saint-Antoine-De-Padoue,sante,CHSLD,Saint-Lin--Laurentides,450-759-8222,,"521, rue Saint-Antoine, Saint-Lin--Laurentides, QC J5M 3A3",45.85430145263672,-73.75509643554688,,,,,donnees-quebec.ca/MSSS,f,08h00–16h00 (admin) | Soins 24h/24,Soins 24h/24 (admin fermé),Soins 24h/24 (admin fermé),Soins 24h/24 (admin fermé),oui,non,Milieu de vie 24h/24. Admin: lun-ven 8h-16h. Visites: 8h-21h30
QC,msss-chsld-saint-louis-du-ha-ha-centre-d-hebergement-de-saint-louis-du-ha-ha,Centre D'Hébergement De Saint-Louis-Du-Ha! Ha!,sante,CHSLD,Saint-Louis-du-Ha! Ha!,418-854-2151,,"25, rue Saint-Philippe, Saint-Louis-du-Ha! Ha!, QC G0L 3S0",47.674598693847656,-68.9791030883789,,,,,donnees-quebec.ca/MSSS,f,08h00–16h00 (admin) | Soins 24h/24,Soins 24h/24 (admin fermé),Soins 24h/24 (admin fermé),Soins 24h/24 (admin fermé),oui,non,Milieu de vie 24h/24. Admin: lun-ven 8h-16h. Visites: 8h-21h30
QC,msss-clsc-saint-ludger-clsc-de-saint-ludger,CLSC De Saint-Ludger,sante,CLSC,Saint-Ludger,819-548-2277,,"210, rue La Salle, Saint-Ludger, QC G0M 1W0",45.7411003112793,-70.69139862060547,,,,,donnees-quebec.ca/MSSS,f,08h00–20h00,08h00–16h00,08h00–16h00,08h00–16h00,non,non,Lun-ven 8h-20h. Sam-dim et fériés 8h-16h. Sur RV pour certains services.
QC,msss-clsc-saint-leonard-d-aston-clsc-de-saint-leonard-d-aston,CLSC De Saint-Léonard-D'Aston,sante,CLSC,Saint-Léonard-d'Aston,819-399-2131,,"346, rue Béliveau, Saint-Léonard-d'Aston, QC J0C 1M0",46.105899810791016,-72.37200164794922,,,,,donnees-quebec.ca/MSSS,f,08h00–20h00,08h00–16h00,08h00–16h00,08h00–16h00,non,non,Lun-ven 8h-20h. Sam-dim et fériés 8h-16h. Sur RV pour certains services.
QC,msss-chsld-saint-marc-des-carrieres-centre-d-activites-de-jour-en-deficience-intellectuelle-et-e,Centre D'Activités De Jour En Déficience Intellectuelle Et En Troubles Du Spectre De L'Autisme Et Centre D'Hébergement De Saint-Marc-Des-Carrières,sante,CHSLD,Saint-Marc-des-Carrières,418-285-2200,,"444, rue Beauchamp, Saint-Marc-des-Carrières, QC G0A 4B0",46.68339920043945,-72.04530334472656,,,,,donnees-quebec.ca/MSSS,f,08h00–16h00 (admin) | Soins 24h/24,Soins 24h/24 (admin fermé),Soins 24h/24 (admin fermé),Soins 24h/24 (admin fermé),oui,non,Milieu de vie 24h/24. Admin: lun-ven 8h-16h. Visites: 8h-21h30
QC,msss-clsc-saint-marc-des-carrieres-centre-multiservices-de-sante-et-de-services-sociaux-de-sain,Centre Multiservices De Santé Et De Services Sociaux De Saint-Marc-Des-Carrières,sante,CLSC,Saint-Marc-des-Carrières,418-285-2200,,"1045, boulevard Bona-Dussault, Saint-Marc-des-Carrières, QC G0A 4B0",46.68090057373047,-72.04969787597656,,,,,donnees-quebec.ca/MSSS,f,08h00–20h00,08h00–16h00,08h00–16h00,08h00–16h00,non,non,Lun-ven 8h-20h. Sam-dim et fériés 8h-16h. Sur RV pour certains services.
QC,msss-chsld-saint-martin-maison-des-aines-de-saint-martin-de-beauce,Maison Des Aînés De Saint-Martin-De-Beauce,sante,CHSLD,Saint-Martin,418-382-5585,,"169, 1re Avenue Est, Saint-Martin, QC G0M 1B0",45.95500183105469,-70.65290069580078,,,,,donnees-quebec.ca/MSSS,f,08h00–16h00 (admin) | Soins 24h/24,Soins 24h/24 (admin fermé),Soins 24h/24 (admin fermé),Soins 24h/24 (admin fermé),oui,non,Milieu de vie 24h/24. Admin: lun-ven 8h-16h. Visites: 8h-21h30
QC,msss-clsc-saint-maxime-du-mont-louis-clsc-du-mont-louis,CLSC Du Mont-Louis,sante,CLSC,Saint-Maxime-du-Mont-Louis,418-797-2914,,"19, 1e Avenue Ouest, Saint-Maxime-du-Mont-Louis, QC G0E 1T0",49.22869873046875,-65.73500061035156,,,,,donnees-quebec.ca/MSSS,f,08h00–20h00,08h00–16h00,08h00–16h00,08h00–16h00,non,non,Lun-ven 8h-20h. Sam-dim et fériés 8h-16h. Sur RV pour certains services.
QC,msss-chsld-saint-michel-de-bellechasse-centre-d-hebergement-et-de-soins-de-longue-duree-vigi-notre-,Centre D'Hébergement Et De Soins De Longue Durée Vigi Notre-Dame-De-Lourdes,sante,CHSLD,Saint-Michel-de-Bellechasse,418-884-2282,,"80, rue Principale, Saint-Michel-de-Bellechasse, QC G0R 3S0",46.874698638916016,-70.9092025756836,,,,,donnees-quebec.ca/MSSS,f,08h00–16h00 (admin) | Soins 24h/24,Soins 24h/24 (admin fermé),Soins 24h/24 (admin fermé),Soins 24h/24 (admin fermé),oui,non,Milieu de vie 24h/24. Admin: lun-ven 8h-16h. Visites: 8h-21h30
QC,msss-clsc-saint-michel-des-saints-clsc-de-saint-michel-des-saints,CLSC De Saint-Michel-Des-Saints,sante,CLSC,Saint-Michel-des-Saints,450-759-8222,,"171, rue Guy-Gauthier, Saint-Michel-des-Saints, QC J0K 3B0",46.67639923095703,-73.91889953613281,,,,,donnees-quebec.ca/MSSS,f,08h00–20h00,08h00–16h00,08h00–16h00,08h00–16h00,non,non,Lun-ven 8h-20h. Sam-dim et fériés 8h-16h. Sur RV pour certains services.
QC,msss-chsld-saint-michel-des-saints-centre-d-hebergement-brassard,Centre D'Hébergement Brassard,sante,CHSLD,Saint-Michel-des-Saints,450-759-8222,,"390, rue Brassard, Saint-Michel-des-Saints, QC J0K 3B0",46.67570114135742,-73.91609954833984,,,,,donnees-quebec.ca/MSSS,f,08h00–16h00 (admin) | Soins 24h/24,Soins 24h/24 (admin fermé),Soins 24h/24 (admin fermé),Soins 24h/24 (admin fermé),oui,non,Milieu de vie 24h/24. Admin: lun-ven 8h-16h. Visites: 8h-21h30
QC,msss-chsld-saint-michel-du-squatec-centre-d-hebergement-de-squatec,Centre D'Hébergement De Squatec,sante,CHSLD,Saint-Michel-du-Squatec,418-899-6751,,"10, rue Saint-André, Saint-Michel-du-Squatec, QC G0L 4H0",47.87739944458008,-68.72309875488281,,,,,donnees-quebec.ca/MSSS,f,08h00–16h00 (admin) | Soins 24h/24,Soins 24h/24 (admin fermé),Soins 24h/24 (admin fermé),Soins 24h/24 (admin fermé),oui,non,Milieu de vie 24h/24. Admin: lun-ven 8h-16h. Visites: 8h-21h30
QC,msss-clsc-saint-michel-du-squatec-clinique-medicale-de-squatec,Clinique Médicale De Squatec,sante,CLSC,Saint-Michel-du-Squatec,418-899-6751,,"149-B, rue Saint-Joseph, Saint-Michel-du-Squatec, QC G0L 4H0",47.8828010559082,-68.7197036743164,,,,,donnees-quebec.ca/MSSS,f,08h00–20h00,08h00–16h00,08h00–16h00,08h00–16h00,non,non,Lun-ven 8h-20h. Sam-dim et fériés 8h-16h. Sur RV pour certains services.
QC,msss-chsld-saint-narcisse-centre-d-hebergement-de-saint-narcisse,Centre D'Hébergement De Saint-Narcisse,sante,CHSLD,Saint-Narcisse,819-328-3388,,"361, rue du Collège, Saint-Narcisse, QC G0X 2Y0",46.56539916992188,-72.4708023071289,,,,,donnees-quebec.ca/MSSS,f,08h00–16h00 (admin) | Soins 24h/24,Soins 24h/24 (admin fermé),Soins 24h/24 (admin fermé),Soins 24h/24 (admin fermé),oui,non,Milieu de vie 24h/24. Admin: lun-ven 8h-16h. Visites: 8h-21h30
QC,msss-chsld-saint-pacome-centre-d-hebergement-de-saint-pacome,Centre D'Hébergement De Saint-Pacôme,sante,CHSLD,Saint-Pacôme,418-852-2765,,"127, rue Galarneau, Saint-Pacôme, QC G0L 3X0",47.40290069580078,-69.95099639892578,,,,,donnees-quebec.ca/MSSS,f,08h00–16h00 (admin) | Soins 24h/24,Soins 24h/24 (admin fermé),Soins 24h/24 (admin fermé),Soins 24h/24 (admin fermé),oui,non,Milieu de vie 24h/24. Admin: lun-ven 8h-16h. Visites: 8h-21h30
QC,msss-clsc-saint-pamphile-clsc-et-centre-de-services-externes-pour-les-aines-de-saint-,CLSC Et Centre De Services Externes Pour Les Aînés De Saint-Pamphile,sante,CLSC,Saint-Pamphile,418-356-3393,,"103, rue du Foyer Nord, Saint-Pamphile, QC G0R 3X0",46.96070098876953,-69.783203125,,,,,donnees-quebec.ca/MSSS,f,08h00–20h00,08h00–16h00,08h00–16h00,08h00–16h00,non,non,Lun-ven 8h-20h. Sam-dim et fériés 8h-16h. Sur RV pour certains services.
QC,msss-clsc-saint-pascal-clsc-de-saint-pascal,CLSC De Saint-Pascal,sante,CLSC,Saint-Pascal,418-492-2841,,"595, avenue Martin, Saint-Pascal, QC G0L 3Y0",47.52939987182617,-69.80339813232422,,,,,donnees-quebec.ca/MSSS,f,08h00–20h00,08h00–16h00,08h00–16h00,08h00–16h00,non,non,Lun-ven 8h-20h. Sam-dim et fériés 8h-16h. Sur RV pour certains services.
QC,msss-clsc-saint-paulin-clsc-de-saint-paulin,CLSC De Saint-Paulin,sante,CLSC,Saint-Paulin,819-268-2573,,"2841, rue Laflèche, Saint-Paulin, QC J0K 3G0",46.418399810791016,-73.01349639892578,,,,,donnees-quebec.ca/MSSS,f,08h00–20h00,08h00–16h00,08h00–16h00,08h00–16h00,non,non,Lun-ven 8h-20h. Sam-dim et fériés 8h-16h. Sur RV pour certains services.
QC,msss-clsc-saint-pierre-de-l-ile-d-orleans-clsc-et-centre-d-hebergement-alphonse-bonenfant,CLSC Et Centre D'Hébergement Alphonse-Bonenfant,sante,CLSC,Saint-Pierre-de-L'Île-d'Orléans,418-828-2723,,"1395, chemin Royal, Saint-Pierre-de-L'Île-d'Orléans, QC G0A 4E0",46.88819885253906,-71.07620239257812,,,,,donnees-quebec.ca/MSSS,f,08h00–16h00 (admin) | Soins 24h/24,Soins 24h/24 (admin fermé),Soins 24h/24 (admin fermé),Soins 24h/24 (admin fermé),oui,non,Milieu de vie 24h/24. Admin: lun-ven 8h-16h. Visites: 8h-21h30
QC,msss-chsld-saint-pierre-les-becquets-centre-d-hebergement-romain-becquet,Centre D'Hébergement Romain-Becquet,sante,CHSLD,Saint-Pierre-les-Becquets,819-263-2243,,"255, route Marie-Victorin, Saint-Pierre-les-Becquets, QC G0X 2Z0",46.50659942626953,-72.20429992675781,,,,,donnees-quebec.ca/MSSS,f,08h00–16h00 (admin) | Soins 24h/24,Soins 24h/24 (admin fermé),Soins 24h/24 (admin fermé),Soins 24h/24 (admin fermé),oui,non,Milieu de vie 24h/24. Admin: lun-ven 8h-16h. Visites: 8h-21h30
QC,msss-clsc-saint-polycarpe-clsc-et-groupe-de-medecine-de-famille-universitaire-de-saint,CLSC Et Groupe De Médecine De Famille Universitaire De Saint-Polycarpe,sante,CLSC,Saint-Polycarpe,450-455-6171,,"11, chemin de la Cité-des-Jeunes, Saint-Polycarpe, QC J0P 1X0",45.30039978027344,-74.29900360107422,,,,,donnees-quebec.ca/MSSS,f,08h00–20h00,08h00–16h00,08h00–16h00,08h00–16h00,non,non,Lun-ven 8h-20h. Sam-dim et fériés 8h-16h. Sur RV pour certains services.
QC,msss-clsc-saint-prosper-clsc-et-chsld-de-saint-prosper,CLSC Et CHSLD De Saint-Prosper,sante,CLSC,Saint-Prosper,418-594-6329,,"2770, 20e avenue, Saint-Prosper, QC G0M 1Y0",46.21099853515625,-70.48390197753906,,,,,donnees-quebec.ca/MSSS,f,08h00–16h00 (admin) | Soins 24h/24,Soins 24h/24 (admin fermé),Soins 24h/24 (admin fermé),Soins 24h/24 (admin fermé),oui,non,Milieu de vie 24h/24. Admin: lun-ven 8h-16h. Visites: 8h-21h30
QC,msss-chsld-saint-raphael-chsld-de-saint-raphael,CHSLD De Saint-Raphaël,sante,CHSLD,Saint-Raphaël,418-243-2571,,"84, rue du Foyer, Saint-Raphaël, QC G0R 4C0",46.792701721191406,-70.75170135498047,,,,,donnees-quebec.ca/MSSS,f,08h00–16h00 (admin) | Soins 24h/24,Soins 24h/24 (admin fermé),Soins 24h/24 (admin fermé),Soins 24h/24 (admin fermé),oui,non,Milieu de vie 24h/24. Admin: lun-ven 8h-16h. Visites: 8h-21h30
QC,msss-chsld-saint-raymond-centre-d-hebergement-de-saint-raymond,Centre D'Hébergement De Saint-Raymond,sante,CHSLD,Saint-Raymond,418-337-4611,,"324, rue Saint-Joseph, Saint-Raymond, QC G3L 1J7",46.88999938964844,-71.83270263671875,,,,,donnees-quebec.ca/MSSS,f,08h00–16h00 (admin) | Soins 24h/24,Soins 24h/24 (admin fermé),Soins 24h/24 (admin fermé),Soins 24h/24 (admin fermé),oui,non,Milieu de vie 24h/24. Admin: lun-ven 8h-16h. Visites: 8h-21h30
QC,msss-clsc-saint-raymond-centre-multiservices-de-sante-et-de-services-sociaux-de-sain,Centre Multiservices De Santé Et De Services Sociaux De Saint-Raymond,sante,CLSC,Saint-Raymond,418-337-4611,,"700, rue Saint-Cyrille, Saint-Raymond, QC G3L 1W1",46.89519882202149,-71.82240295410156,,,,,donnees-quebec.ca/MSSS,f,08h00–20h00,08h00–16h00,08h00–16h00,08h00–16h00,non,non,Lun-ven 8h-20h. Sam-dim et fériés 8h-16h. Sur RV pour certains services.
QC,msss-chsld-saint-remi-chsld-pierre-remi-narbonne,CHSLD Pierre-Rémi-Narbonne,sante,CHSLD,Saint-Rémi,450-454-4671,,"110, rue du Collège, Saint-Rémi, QC J0L 2L0",45.25859832763672,-73.6167984008789,,,,,donnees-quebec.ca/MSSS,f,08h00–16h00 (admin) | Soins 24h/24,Soins 24h/24 (admin fermé),Soins 24h/24 (admin fermé),Soins 24h/24 (admin fermé),oui,non,Milieu de vie 24h/24. Admin: lun-ven 8h-16h. Visites: 8h-21h30
QC,msss-clsc-saint-remi-clsc-de-saint-remi,CLSC De Saint-Rémi,sante,CLSC,Saint-Rémi,450-454-4671,,"2, rue Sainte-Famille, Saint-Rémi, QC J0L 2L0",45.25619888305664,-73.62030029296875,,,,,donnees-quebec.ca/MSSS,f,08h00–20h00,08h00–16h00,08h00–16h00,08h00–16h00,non,non,Lun-ven 8h-20h. Sam-dim et fériés 8h-16h. Sur RV pour certains services.
QC,msss-clsc-saint-sauveur-clsc-de-saint-sauveur,CLSC De Saint-Sauveur,sante,CLSC,Saint-Sauveur,450-432-2777,,"150, rue Principale, Saint-Sauveur, QC J0R 1R6",45.89690017700195,-74.15260314941406,,,,,donnees-quebec.ca/MSSS,f,08h00–20h00,08h00–16h00,08h00–16h00,08h00–16h00,non,non,Lun-ven 8h-20h. Sam-dim et fériés 8h-16h. Sur RV pour certains services.
QC,msss-chsld-saint-sauveur-centre-d-hebergement-et-de-soins-de-longue-duree-l-b-desjard,Centre D'Hébergement Et De Soins De Longue Durée L.-B.-Desjardins,sante,CHSLD,Saint-Sauveur,450-432-2777,,"55, avenue Hochar, Saint-Sauveur, QC J0R 1R6",45.889198303222656,-74.15699768066406,,,,,donnees-quebec.ca/MSSS,f,08h00–16h00 (admin) | Soins 24h/24,Soins 24h/24 (admin fermé),Soins 24h/24 (admin fermé),Soins 24h/24 (admin fermé),oui,non,Milieu de vie 24h/24. Admin: lun-ven 8h-16h. Visites: 8h-21h30
QC,msss-clsc-saint-simeon-clsc-et-centre-d-hebergement-de-saint-simeon,CLSC Et Centre D'Hébergement De Saint-Siméon,sante,CLSC,Saint-Siméon,418-638-2424,,"371, rue Saint-Laurent, Saint-Siméon, QC G0T 1X0",47.84270095825195,-69.87899780273438,,,,,donnees-quebec.ca/MSSS,f,08h00–16h00 (admin) | Soins 24h/24,Soins 24h/24 (admin fermé),Soins 24h/24 (admin fermé),Soins 24h/24 (admin fermé),oui,non,Milieu de vie 24h/24. Admin: lun-ven 8h-16h. Visites: 8h-21h30
QC,msss-chsld-saint-sylvestre-chsld-de-saint-sylvestre,CHSLD De Saint-Sylvestre,sante,CHSLD,Saint-Sylvestre,418-596-2497,,"828, rue Principale, Saint-Sylvestre, QC G0S 3C0",46.36309814453125,-71.22940063476562,,,,,donnees-quebec.ca/MSSS,f,08h00–16h00 (admin) | Soins 24h/24,Soins 24h/24 (admin fermé),Soins 24h/24 (admin fermé),Soins 24h/24 (admin fermé),oui,non,Milieu de vie 24h/24. Admin: lun-ven 8h-16h. Visites: 8h-21h30
QC,emp-sit-mauricie-st-tite,SIT Mauricie – Service d'intégration au travail (Saint-Tite),emploi,Insertion socioprofessionnelle,Saint-Tite,418-365-5005,https://www.sitmauricie.com,"35, rue du Parc Industriel, Saint-Tite, QC G0X 3H0",,,,X,,,curated-mauricie,f,08h30–16h30,Fermé,Fermé,Fermé,non,non,Lun-ven 8h30-16h30. Sans RV ou sur RV selon service.
QC,msss-clsc-saint-tite-clsc-et-centre-de-readaptation-en-dependance-de-saint-tite,CLSC Et Centre De Réadaptation En Dépendance De Saint-Tite,sante,CLSC,Saint-Tite,819-365-7555,,"750, rue du Couvent, Saint-Tite, QC G0X 3H0",46.72869873046875,-72.55819702148438,,,,,donnees-quebec.ca/MSSS,f,08h00–20h00,08h00–16h00,08h00–16h00,08h00–16h00,non,non,Lun-ven 8h-20h. Sam-dim et fériés 8h-16h. Sur RV pour certains services.
QC,msss-chsld-saint-tite-centre-d-hebergement-mgr-paquin,Centre D'Hébergement Mgr Paquin,sante,CHSLD,Saint-Tite,819-365-7555,,"580, rue du Couvent, Saint-Tite, QC G0X 3H0",46.72779846191406,-72.56069946289062,,,,,donnees-quebec.ca/MSSS,f,08h00–16h00 (admin) | Soins 24h/24,Soins 24h/24 (admin fermé),Soins 24h/24 (admin fermé),Soins 24h/24 (admin fermé),oui,non,Milieu de vie 24h/24. Admin: lun-ven 8h-16h. Visites: 8h-21h30
QC,msss-clsc-saint-ubalde-clsc-de-saint-ubalde,CLSC De Saint-Ubalde,sante,CLSC,Saint-Ubalde,418-277-2070,,"427-A, boulevard Chabot, Saint-Ubalde, QC G0A 4L0",46.75529861450195,-72.27050018310547,,,,,donnees-quebec.ca/MSSS,f,08h00–20h00,08h00–16h00,08h00–16h00,08h00–16h00,non,non,Lun-ven 8h-20h. Sam-dim et fériés 8h-16h. Sur RV pour certains services.
QC,msss-clsc-saint-elie-de-caxton-clsc-de-saint-elie-de-caxton,CLSC De Saint-Élie-De-Caxton,sante,CLSC,Saint-Élie-de-Caxton,819-221-4440,,"52, chemin des Loisirs, Saint-Élie-de-Caxton, QC G0X 2N0",46.48780059814453,-72.95860290527344,,,,,donnees-quebec.ca/MSSS,f,08h00–20h00,08h00–16h00,08h00–16h00,08h00–16h00,non,non,Lun-ven 8h-20h. Sam-dim et fériés 8h-16h. Sur RV pour certains services.
QC,msss-clsc-saint-epiphane-clsc-de-saint-epiphane,CLSC De Saint-Épiphane,sante,CLSC,Saint-Épiphane,418-862-2020,,"211, rue du Couvent, Saint-Épiphane, QC G0L 2X0",47.89879989624024,-69.33000183105469,,,,,donnees-quebec.ca/MSSS,f,08h00–20h00,08h00–16h00,08h00–16h00,08h00–16h00,non,non,Lun-ven 8h-20h. Sam-dim et fériés 8h-16h. Sur RV pour certains services.
QC,msss-chsld-sainte-adele-chsld-de-sainte-adele,CHSLD De Sainte-Adèle,sante,CHSLD,Sainte-Adèle,819-324-4000,,"249, boulevard Sainte-Adèle, Sainte-Adèle, QC J8B 1A9",45.934200286865234,-74.13580322265625,,,,,donnees-quebec.ca/MSSS,f,08h00–16h00 (admin) | Soins 24h/24,Soins 24h/24 (admin fermé),Soins 24h/24 (admin fermé),Soins 24h/24 (admin fermé),oui,non,Milieu de vie 24h/24. Admin: lun-ven 8h-16h. Visites: 8h-21h30
QC,msss-clsc-sainte-adele-chsld-et-clsc-des-hauteurs,CHSLD Et CLSC Des Hauteurs,sante,CLSC,Sainte-Adèle,819-324-4000,,"707, boulevard de Sainte-Adèle, Sainte-Adèle, QC J8B 2N1",45.949100494384766,-74.1281967163086,,,,,donnees-quebec.ca/MSSS,f,08h00–16h00 (admin) | Soins 24h/24,Soins 24h/24 (admin fermé),Soins 24h/24 (admin fermé),Soins 24h/24 (admin fermé),oui,non,Milieu de vie 24h/24. Admin: lun-ven 8h-16h. Visites: 8h-21h30
QC,msss-clsc-sainte-agathe-des-monts-clsc-de-sainte-agathe-des-monts,CLSC De Sainte-Agathe-Des-Monts,sante,CLSC,Sainte-Agathe-des-Monts,819-324-4000,,"2, rue Préfontaine, Sainte-Agathe-des-Monts, QC J8C 1C3",46.04949951171875,-74.28900146484375,,,,,donnees-quebec.ca/MSSS,f,08h00–20h00,08h00–16h00,08h00–16h00,08h00–16h00,non,non,Lun-ven 8h-20h. Sam-dim et fériés 8h-16h. Sur RV pour certains services.
QC,msss-clsc-sainte-agathe-des-monts-clsc-du-village-des-monts,CLSC Du Village-Des-Monts,sante,CLSC,Sainte-Agathe-des-Monts,819-324-4000,,"118, rue Principale, Sainte-Agathe-des-Monts, QC J8C 1K1",46.04679870605469,-74.28209686279297,,,,,donnees-quebec.ca/MSSS,f,08h00–20h00,08h00–16h00,08h00–16h00,08h00–16h00,non,non,Lun-ven 8h-20h. Sam-dim et fériés 8h-16h. Sur RV pour certains services.
QC,msss-clsc-sainte-agathe-des-monts-clsc-et-centre-de-readaptation-en-deficience-physique-du-cen,CLSC Et Centre De Réadaptation En Déficience Physique Du Centre-Ville-De-Sainte-Agathe,sante,CLSC,Sainte-Agathe-des-Monts,819-324-4000,,"144, rue Principale Est, Sainte-Agathe-des-Monts, QC J8C 1K3",46.04600143432617,-74.28040313720703,,,,,donnees-quebec.ca/MSSS,f,08h00–20h00,08h00–16h00,08h00–16h00,08h00–16h00,non,non,Lun-ven 8h-20h. Sam-dim et fériés 8h-16h. Sur RV pour certains services.
QC,msss-clsc-sainte-agathe-des-monts-clsc-et-centre-de-services-ambulatoires-en-pediatrie-de-la-r,CLSC Et Centre De Services Ambulatoires En Pédiatrie De La Rue Saint-Vincent,sante,CLSC,Sainte-Agathe-des-Monts,819-324-4000,,"201, rue Saint-Vincent, Sainte-Agathe-des-Monts, QC J8C 2B6",46.05379867553711,-74.28739929199219,,,,,donnees-quebec.ca/MSSS,f,08h00–20h00,08h00–16h00,08h00–16h00,08h00–16h00,non,non,Lun-ven 8h-20h. Sam-dim et fériés 8h-16h. Sur RV pour certains services.
QC,msss-chsld-sainte-agathe-des-monts-centre-de-services-externes-pour-les-aines-et-de-readaptatio,Centre De Services Externes Pour Les Aînés Et De Réadaptation En Dépendance De Sainte-Agathe-Des-Monts,sante,CHSLD,Sainte-Agathe-des-Monts,819-324-4000,,"21, rue Godon Ouest, Sainte-Agathe-des-Monts, QC J8C 1E5",46.05440139770508,-74.29190063476562,,,,,donnees-quebec.ca/MSSS,f,08h00–16h00 (admin) | Soins 24h/24,Soins 24h/24 (admin fermé),Soins 24h/24 (admin fermé),Soins 24h/24 (admin fermé),oui,non,Milieu de vie 24h/24. Admin: lun-ven 8h-16h. Visites: 8h-21h30
QC,msss-hopital-sainte-agathe-des-monts-centre-multiservices-de-sante-et-de-services-sociaux-de-sain,Centre Multiservices De Santé Et De Services Sociaux De Sainte-Agathe,sante,Hôpital,Sainte-Agathe-des-Monts,819-324-4000,,"234, rue Saint-Vincent, Sainte-Agathe-des-Monts, QC J8C 2B8",46.05540084838867,-74.28880310058594,,,,,donnees-quebec.ca/MSSS,f,00h00–24h00 (urgences) | 08h00–16h00 (admin),00h00–24h00 (urgences),00h00–24h00 (urgences),00h00–24h00 (urgences),oui,oui,Urgences 24h/24. Services ambulatoires sur rendez-vous: lun-ven 8h-16h
QC,msss-clsc-sainte-agathe-des-monts-centre-multiservices-de-sante-et-de-services-sociaux-tour-du,Centre Multiservices De Santé Et De Services Sociaux Tour-Du-Lac,sante,CLSC,Sainte-Agathe-des-Monts,819-324-4000,,"125-A, chemin Tour-du-Lac, Sainte-Agathe-des-Monts, QC J8C 3A1",46.05099868774414,-74.29740142822266,,,,,donnees-quebec.ca/MSSS,f,08h00–20h00,08h00–16h00,08h00–16h00,08h00–16h00,non,non,Lun-ven 8h-20h. Sam-dim et fériés 8h-16h. Sur RV pour certains services.
QC,msss-chsld-sainte-agathe-des-monts-maison-des-aines-de-sainte-agathe-des-monts,Maison Des Aînés De Sainte-Agathe-Des-Monts,sante,CHSLD,Sainte-Agathe-des-Monts,819-324-4000,,"6, rue Dazé, Sainte-Agathe-des-Monts, QC J8C 1Y6",46.05120086669922,-74.29620361328125,,,,,donnees-quebec.ca/MSSS,f,08h00–16h00 (admin) | Soins 24h/24,Soins 24h/24 (admin fermé),Soins 24h/24 (admin fermé),Soins 24h/24 (admin fermé),oui,non,Milieu de vie 24h/24. Admin: lun-ven 8h-16h. Visites: 8h-21h30
QC,msss-hopital-sainte-anne-de-bellevue-hopital-sainte-anne,Hôpital Sainte-Anne,sante,Hôpital,Sainte-Anne-de-Bellevue,514-630-2000,,"305, boulevard des Anciens-Combattants, Sainte-Anne-de-Bellevue, QC H9X 1Y9",45.41239929199219,-73.94869995117188,,,,,donnees-quebec.ca/MSSS,f,00h00–24h00 (urgences) | 08h00–16h00 (admin),00h00–24h00 (urgences),00h00–24h00 (urgences),00h00–24h00 (urgences),oui,oui,Urgences 24h/24. Services ambulatoires sur rendez-vous: lun-ven 8h-16h
QC,msss-chsld-sainte-anne-de-la-perade-centre-d-hebergement-de-sainte-anne-de-la-perade,Centre D'Hébergement De Sainte-Anne-De-La-Pérade,sante,CHSLD,Sainte-Anne-de-la-Pérade,418-325-2763,,"60, rue de la Fabrique, Sainte-Anne-de-la-Pérade, QC G0X 2J0",46.57350158691406,-72.20379638671875,,,,,donnees-quebec.ca/MSSS,f,08h00–16h00 (admin) | Soins 24h/24,Soins 24h/24 (admin fermé),Soins 24h/24 (admin fermé),Soins 24h/24 (admin fermé),oui,non,Milieu de vie 24h/24. Admin: lun-ven 8h-16h. Visites: 8h-21h30
QC,msss-clsc-sainte-anne-des-monts-hopital-et-clsc-de-sainte-anne-des-monts,Hôpital Et CLSC De Sainte-Anne-Des-Monts,sante,CLSC,Sainte-Anne-des-Monts,418-763-2261,,"50, rue du Belvédère, Sainte-Anne-des-Monts, QC G4V 1X4",49.11859893798828,-66.48280334472656,,,,,donnees-quebec.ca/MSSS,f,00h00–24h00 (urgences) | 08h00–16h00 (admin),00h00–24h00 (urgences),00h00–24h00 (urgences),00h00–24h00 (urgences),oui,oui,Urgences 24h/24. Services ambulatoires sur rendez-vous: lun-ven 8h-16h
QC,baq-moisson-laurentides,Moisson Laurentides,alimentation,Banque alimentaire régionale,Sainte-Anne-des-Plaines,450-478-7333,https://moissonlaurentides.org,"400, boul. Industriel, Sainte-Anne-des-Plaines, QC J5N 0G1",,,,X,,,curated-baq-network,f,09h00–16h00,09h00–13h00,Fermé,Fermé,non,non,"Lun-ven 9h-16h, sam 9h-13h. Horaires varient selon point de distribution."
QC,msss-clsc-sainte-anne-des-plaines-clsc-de-sainte-anne-des-plaines,CLSC De Sainte-Anne-Des-Plaines,sante,CLSC,Sainte-Anne-des-Plaines,450-432-2777,,"482, boulevard Sainte-Anne, Sainte-Anne-des-Plaines, QC J5N 3R3",45.76729965209961,-73.81500244140625,,,,,donnees-quebec.ca/MSSS,f,08h00–20h00,08h00–16h00,08h00–16h00,08h00–16h00,non,non,Lun-ven 8h-20h. Sam-dim et fériés 8h-16h. Sur RV pour certains services.
QC,msss-chsld-sainte-anne-des-plaines-maison-des-aines-de-sainte-anne-des-plaines,Maison Des Aînés De Sainte-Anne-Des-Plaines,sante,CHSLD,Sainte-Anne-des-Plaines,450-432-2777,,"100, rue des Cèdres, Sainte-Anne-des-Plaines, QC J5N 4M8",45.76089859008789,-73.82319641113281,,,,,donnees-quebec.ca/MSSS,f,08h00–16h00 (admin) | Soins 24h/24,Soins 24h/24 (admin fermé),Soins 24h/24 (admin fermé),Soins 24h/24 (admin fermé),oui,non,Milieu de vie 24h/24. Admin: lun-ven 8h-16h. Visites: 8h-21h30
QC,msss-clsc-sainte-brigitte-de-laval-clsc-de-sainte-brigitte-de-laval,CLSC De Sainte-Brigitte-De-Laval,sante,CLSC,Sainte-Brigitte-de-Laval,418-825-2572,,"20, rue du Domaine, Sainte-Brigitte-de-Laval, QC G0A 3K0",47.00870132446289,-71.18730163574219,,,,,donnees-quebec.ca/MSSS,f,08h00–20h00,08h00–16h00,08h00–16h00,08h00–16h00,non,non,Lun-ven 8h-20h. Sam-dim et fériés 8h-16h. Sur RV pour certains services.
QC,msss-chsld-sainte-catherine-chsld-de-sainte-catherine,CHSLD De Sainte-Catherine,sante,CHSLD,Sainte-Catherine,450-466-5000,,"3065, boulevard Marie-Victorin, Sainte-Catherine, QC J5C 1Z3",45.400299072265625,-73.54340362548828,,,,,donnees-quebec.ca/MSSS,f,08h00–16h00 (admin) | Soins 24h/24,Soins 24h/24 (admin fermé),Soins 24h/24 (admin fermé),Soins 24h/24 (admin fermé),oui,non,Milieu de vie 24h/24. Admin: lun-ven 8h-16h. Visites: 8h-21h30
QC,msss-clsc-sainte-catherine-de-la-jacques-cartier-clsc-de-sainte-catherine-de-la-jacques-cartier,CLSC De Sainte-Catherine-De-La-Jacques-Cartier,sante,CLSC,Sainte-Catherine-de-la-Jacques-Cartier,418-875-2556,,"4500, route de Fossambault, suite 200, Sainte-Catherine-de-la-Jacques-Cartier, QC G3N 2T5",46.84189987182617,-71.61070251464844,,,,,donnees-quebec.ca/MSSS,f,08h00–20h00,08h00–16h00,08h00–16h00,08h00–16h00,non,non,Lun-ven 8h-20h. Sam-dim et fériés 8h-16h. Sur RV pour certains services.
QC,msss-chsld-sainte-claire-chsld-de-sainte-claire,CHSLD De Sainte-Claire,sante,CHSLD,Sainte-Claire,418-883-3246,,"80, boulevard Bégin, Sainte-Claire, QC G0R 2V0",46.59989929199219,-70.87129974365234,,,,,donnees-quebec.ca/MSSS,f,08h00–16h00 (admin) | Soins 24h/24,Soins 24h/24 (admin fermé),Soins 24h/24 (admin fermé),Soins 24h/24 (admin fermé),oui,non,Milieu de vie 24h/24. Admin: lun-ven 8h-16h. Visites: 8h-21h30
QC,msss-chsld-sainte-croix-chsld-de-sainte-croix,CHSLD De Sainte-Croix,sante,CHSLD,Sainte-Croix,418-831-2101,,"6245, rue Principale, Sainte-Croix, QC G0S 2H0",46.622100830078125,-71.73680114746094,,,,,donnees-quebec.ca/MSSS,f,08h00–16h00 (admin) | Soins 24h/24,Soins 24h/24 (admin fermé),Soins 24h/24 (admin fermé),Soins 24h/24 (admin fermé),oui,non,Milieu de vie 24h/24. Admin: lun-ven 8h-16h. Visites: 8h-21h30
QC,emp-cremauricie-chenaux,Coopérative de remplacement de la Mauricie – MRC des Chenaux,emploi,Agence de placement,Sainte-Geneviève-de-Batiscan,819-370-3660,https://cremauricie.com,"44, chemin de la Rivière-à-Veillet, Sainte-Geneviève-de-Batiscan, QC G0X 2R0",,,,X,,,curated-mauricie,f,08h00–17h00,Variable,Fermé,Fermé,non,non,Lun-ven 8h-17h. Certaines agences ouvertes sam matin.
QC,msss-clsc-sainte-genevieve-de-batiscan-clsc-et-centre-de-readaptation-en-dependance-de-sainte-genev,CLSC Et Centre De Réadaptation En Dépendance De Sainte-Geneviève-De-Batiscan,sante,CLSC,Sainte-Geneviève-de-Batiscan,418-362-2727,,"90, rang de la Rivière-à-Veillet, Sainte-Geneviève-de-Batiscan, QC G0X 2R0",46.542598724365234,-72.34420013427734,,,,,donnees-quebec.ca/MSSS,f,08h00–20h00,08h00–16h00,08h00–16h00,08h00–16h00,non,non,Lun-ven 8h-20h. Sam-dim et fériés 8h-16h. Sur RV pour certains services.
QC,msss-chsld-sainte-henedine-chsld-de-sainte-henedine,CHSLD De Sainte-Hénédine,sante,CHSLD,Sainte-Hénédine,418-935-7111,,"104, route Langevin, Sainte-Hénédine, QC G0S 2R0",46.55670166015625,-70.98320007324219,,,,,donnees-quebec.ca/MSSS,f,08h00–16h00 (admin) | Soins 24h/24,Soins 24h/24 (admin fermé),Soins 24h/24 (admin fermé),Soins 24h/24 (admin fermé),oui,non,Milieu de vie 24h/24. Admin: lun-ven 8h-16h. Visites: 8h-21h30
QC,emp-cje-longueuil,Carrefour jeunesse-emploi Marguerite-d'Youville,emploi,Carrefour jeunesse-emploi (CJE),Sainte-Julie,450-922-1717,https://cjemy.com,"350, boul. Saint-Joseph, Sainte-Julie, QC J3E 1W6",,,,X,,,curated-employment-network,f,08h30–16h30,Fermé,Fermé,Fermé,non,non,Lun-ven 8h30-16h30. Sans RV ou sur RV selon service.
QC,msss-clsc-sainte-julie-clsc-de-sainte-julie,CLSC De Sainte-Julie,sante,CLSC,Sainte-Julie,450-466-5000,,"461, boulevard Saint-Joseph, bureau 112, Sainte-Julie, QC J3E 1W8",45.59249877929688,-73.3364028930664,,,,,donnees-quebec.ca/MSSS,f,08h00–20h00,08h00–16h00,08h00–16h00,08h00–16h00,non,non,Lun-ven 8h-20h. Sam-dim et fériés 8h-16h. Sur RV pour certains services.
QC,msss-hopital-sainte-justine-groupe-de-medecine-de-famille-universitaire-de-sainte-justin,Groupe De Médecine De Famille Universitaire De Sainte-Justine,sante,Hôpital,Sainte-Justine,418-383-5558,,"135, rue Principale, Sainte-Justine, QC G0R 1Y0",46.40589904785156,-70.35340118408203,,,,,donnees-quebec.ca/MSSS,f,00h00–24h00 (urgences) | 08h00–16h00 (admin),00h00–24h00 (urgences),00h00–24h00 (urgences),00h00–24h00 (urgences),oui,oui,Urgences 24h/24. Services ambulatoires sur rendez-vous: lun-ven 8h-16h
QC,msss-clsc-sainte-marie-clsc-et-chsld-de-sainte-marie,CLSC Et CHSLD De Sainte-Marie,sante,CLSC,Sainte-Marie,418-387-5511,,"775, rue Étienne-Raymond, Sainte-Marie, QC G6E 0B9",46.452598571777344,-71.02760314941406,,,,,donnees-quebec.ca/MSSS,f,08h00–16h00 (admin) | Soins 24h/24,Soins 24h/24 (admin fermé),Soins 24h/24 (admin fermé),Soins 24h/24 (admin fermé),oui,non,Milieu de vie 24h/24. Admin: lun-ven 8h-16h. Visites: 8h-21h30
QC,msss-chsld-sainte-perpetue-chsld-de-sainte-perpetue,CHSLD De Sainte-Perpétue,sante,CHSLD,Sainte-Perpétue,819-336-2222,,"22, rue des Loisirs, Sainte-Perpétue, QC G0R 3Z0",47.05989837646485,-69.9259033203125,,,,,donnees-quebec.ca/MSSS,f,08h00–16h00 (admin) | Soins 24h/24,Soins 24h/24 (admin fermé),Soins 24h/24 (admin fermé),Soins 24h/24 (admin fermé),oui,non,Milieu de vie 24h/24. Admin: lun-ven 8h-16h. Visites: 8h-21h30
QC,emp-cremauricie-mekinac,Coopérative de remplacement de la Mauricie – MRC de Mékinac,emploi,Agence de placement,Sainte-Thècle,819-537-0354,https://cremauricie.com,"301, rue Saint-Jacques, local 218-B, Sainte-Thècle, QC G0X 3G0",,,,X,,,curated-mauricie,f,08h00–17h00,Variable,Fermé,Fermé,non,non,Lun-ven 8h-17h. Certaines agences ouvertes sam matin.
QC,msss-clsc-sainte-thecle-centre-d-hebergement-et-clsc-de-sainte-thecle,Centre D'Hébergement Et CLSC De Sainte-Thècle,sante,CLSC,Sainte-Thècle,819-365-7555,,"651, rue Saint-Jacques, Sainte-Thècle, QC G0X 3G0",46.81990051269531,-72.50479888916016,,,,,donnees-quebec.ca/MSSS,f,08h00–16h00 (admin) | Soins 24h/24,Soins 24h/24 (admin fermé),Soins 24h/24 (admin fermé),Soins 24h/24 (admin fermé),oui,non,Milieu de vie 24h/24. Admin: lun-ven 8h-16h. Visites: 8h-21h30
QC,msss-hopital-sainte-therese-chsld-et-centre-de-services-ambulatoires-drapeau-deschambaul,CHSLD Et Centre De Services Ambulatoires Drapeau-Deschambault,sante,Hôpital,Sainte-Thérèse,450-432-2777,,"100, rue du Chanoine-Lionel-Groulx, Sainte-Thérèse, QC J7E 5E1",45.64030075073242,-73.8406982421875,,,,,donnees-quebec.ca/MSSS,f,08h00–16h00 (admin) | Soins 24h/24,Soins 24h/24 (admin fermé),Soins 24h/24 (admin fermé),Soins 24h/24 (admin fermé),oui,non,Milieu de vie 24h/24. Admin: lun-ven 8h-16h. Visites: 8h-21h30
QC,msss-clsc-sainte-therese-clsc-et-centre-de-services-ambulatoires-en-sante-mentale-de-,CLSC Et Centre De Services Ambulatoires En Santé Mentale De Sainte-Thérèse,sante,CLSC,Sainte-Thérèse,450-432-2777,,"55, rue Saint-Joseph, Sainte-Thérèse, QC J7E 4Y5",45.63800048828125,-73.84159851074219,,,,,donnees-quebec.ca/MSSS,f,08h00–20h00,08h00–16h00,08h00–16h00,08h00–16h00,non,non,Lun-ven 8h-20h. Sam-dim et fériés 8h-16h. Sur RV pour certains services.
QC,msss-chsld-sainte-therese-centre-d-hebergement-de-sainte-therese,Centre D'Hébergement De Sainte-Thérèse,sante,CHSLD,Sainte-Thérèse,450-432-2777,,"179, place Fabien-Drapeau, Sainte-Thérèse, QC J7E 5W6",45.649200439453125,-73.84089660644531,,,,,donnees-quebec.ca/MSSS,f,08h00–16h00 (admin) | Soins 24h/24,Soins 24h/24 (admin fermé),Soins 24h/24 (admin fermé),Soins 24h/24 (admin fermé),oui,non,Milieu de vie 24h/24. Admin: lun-ven 8h-16h. Visites: 8h-21h30
QC,msss-clsc-sainte-therese-centre-multiservices-de-sante-et-de-services-sociaux-de-la-r,Centre Multiservices De Santé Et De Services Sociaux De La Rue Sicard,sante,CLSC,Sainte-Thérèse,450-432-2777,,"300, rue Sicard, Sainte-Thérèse, QC J7E 3X5",45.642799377441406,-73.8604965209961,,,,,donnees-quebec.ca/MSSS,f,08h00–20h00,08h00–16h00,08h00–16h00,08h00–16h00,non,non,Lun-ven 8h-20h. Sam-dim et fériés 8h-16h. Sur RV pour certains services.
QC,msss-clsc-sainte-therese-centre-multiservices-de-sante-et-de-services-sociaux-de-ther,Centre Multiservices De Santé Et De Services Sociaux De Thérèse-De Blainville,sante,CLSC,Sainte-Thérèse,450-432-2777,,"125, rue Duquet, Sainte-Thérèse, QC J7E 0A5",45.64450073242188,-73.84030151367188,,,,,donnees-quebec.ca/MSSS,f,08h00–20h00,08h00–16h00,08h00–16h00,08h00–16h00,non,non,Lun-ven 8h-20h. Sam-dim et fériés 8h-16h. Sur RV pour certains services.
QC,msss-chsld-sainte-elisabeth-centre-d-hebergement-de-sainte-elisabeth,Centre D'Hébergement De Sainte-Élisabeth,sante,CHSLD,Sainte-Élisabeth,450-759-8222,,"2410, rue Principale, Sainte-Élisabeth, QC J0K 2J0",46.09640121459961,-73.35350036621094,,,,,donnees-quebec.ca/MSSS,f,08h00–16h00 (admin) | Soins 24h/24,Soins 24h/24 (admin fermé),Soins 24h/24 (admin fermé),Soins 24h/24 (admin fermé),oui,non,Milieu de vie 24h/24. Admin: lun-ven 8h-16h. Visites: 8h-21h30
QC,baq-moisson-sud-ouest,Moisson Sud-Ouest,alimentation,Banque alimentaire régionale,Salaberry-de-Valleyfield,450-377-1843,https://moissonsudouest.com,"100, rue Saint-Jean-Baptiste, Salaberry-de-Valleyfield, QC J6T 1Z2",,,,X,,,curated-baq-network,f,09h00–16h00,09h00–13h00,Fermé,Fermé,non,non,"Lun-ven 9h-16h, sam 9h-13h. Horaires varient selon point de distribution."
QC,msss-clsc-salaberry-de-valleyfield-aire-ouverte-de-salaberry-de-valleyfield,Aire Ouverte De Salaberry-De-Valleyfield,sante,CLSC,Salaberry-de-Valleyfield,450-371-9920,,"387, rue Victoria, Salaberry-de-Valleyfield, QC J6T 1B7",45.24549865722656,-74.12969970703125,,,,,donnees-quebec.ca/MSSS,f,08h00–20h00,08h00–16h00,08h00–16h00,08h00–16h00,non,non,Lun-ven 8h-20h. Sam-dim et fériés 8h-16h. Sur RV pour certains services.
QC,msss-chsld-salaberry-de-valleyfield-chsld-docteur-aime-leduc,CHSLD Docteur-Aimé-Leduc,sante,CHSLD,Salaberry-de-Valleyfield,450-371-9920,,"80, rue du Marché, Salaberry-de-Valleyfield, QC J6T 1P5",45.25419998168945,-74.13590240478516,,,,,donnees-quebec.ca/MSSS,f,08h00–16h00 (admin) | Soins 24h/24,Soins 24h/24 (admin fermé),Soins 24h/24 (admin fermé),Soins 24h/24 (admin fermé),oui,non,Milieu de vie 24h/24. Admin: lun-ven 8h-16h. Visites: 8h-21h30
QC,msss-clsc-salaberry-de-valleyfield-clsc-de-salaberry-de-valleyfield,CLSC De Salaberry-De-Valleyfield,sante,CLSC,Salaberry-de-Valleyfield,450-371-9920,,"71 rue Maden, Salaberry-de-Valleyfield, QC J6S 3V4",45.26470184326172,-74.13020324707031,,,,,donnees-quebec.ca/MSSS,f,08h00–20h00,08h00–16h00,08h00–16h00,08h00–16h00,non,non,Lun-ven 8h-20h. Sam-dim et fériés 8h-16h. Sur RV pour certains services.
QC,msss-hopital-salaberry-de-valleyfield-centre-de-services-ambulatoires-de-la-rue-victoria,Centre De Services Ambulatoires De La Rue Victoria,sante,Hôpital,Salaberry-de-Valleyfield,450-371-9920,,"157, rue Victoria, Salaberry-de-Valleyfield, QC J6T 1A5",45.25650024414063,-74.12760162353516,,,,,donnees-quebec.ca/MSSS,f,00h00–24h00 (urgences) | 08h00–16h00 (admin),00h00–24h00 (urgences),00h00–24h00 (urgences),00h00–24h00 (urgences),oui,oui,Urgences 24h/24. Services ambulatoires sur rendez-vous: lun-ven 8h-16h
QC,msss-hopital-salaberry-de-valleyfield-centre-de-services-ambulatoires-en-sante-mentale-de-la-rue-d,Centre De Services Ambulatoires En Santé Mentale De La Rue Du Marché,sante,Hôpital,Salaberry-de-Valleyfield,450-371-9920,,"50, rue du Marché, Salaberry-de-Valleyfield, QC J6T 1P4",45.25450134277344,-74.13400268554688,,,,,donnees-quebec.ca/MSSS,f,00h00–24h00 (urgences) | 08h00–16h00 (admin),00h00–24h00 (urgences),00h00–24h00 (urgences),00h00–24h00 (urgences),oui,oui,Urgences 24h/24. Services ambulatoires sur rendez-vous: lun-ven 8h-16h
QC,msss-hopital-salaberry-de-valleyfield-centre-de-services-ambulatoires-en-sante-mentale-et-de-reada,Centre De Services Ambulatoires En Santé Mentale Et De Réadaptation En Dépendance De La Rue De L'Église,sante,Hôpital,Salaberry-de-Valleyfield,450-371-9920,,"11, rue de l'Église, Salaberry-de-Valleyfield, QC J6T 1J5",45.25519943237305,-74.13480377197266,,,,,donnees-quebec.ca/MSSS,f,00h00–24h00 (urgences) | 08h00–16h00 (admin),00h00–24h00 (urgences),00h00–24h00 (urgences),00h00–24h00 (urgences),oui,oui,Urgences 24h/24. Services ambulatoires sur rendez-vous: lun-ven 8h-16h
QC,msss-hopital-salaberry-de-valleyfield-hopital-du-suroit,Hôpital Du Suroît,sante,Hôpital,Salaberry-de-Valleyfield,450-371-9920,,"150, rue Saint-Thomas, Salaberry-de-Valleyfield, QC J6T 6C1",45.25090026855469,-74.13069915771484,,,,,donnees-quebec.ca/MSSS,f,00h00–24h00 (urgences) | 08h00–16h00 (admin),00h00–24h00 (urgences),00h00–24h00 (urgences),00h00–24h00 (urgences),oui,oui,Urgences 24h/24. Services ambulatoires sur rendez-vous: lun-ven 8h-16h
QC,msss-chsld-salaberry-de-valleyfield-maison-des-aines-de-saint-timothee,Maison Des Aînés De Saint-Timothée,sante,CHSLD,Salaberry-de-Valleyfield,450-371-9920,,"1, rue des Aînés, Salaberry-de-Valleyfield, QC J6S 6M8",45.289398193359375,-74.03669738769531,,,,,donnees-quebec.ca/MSSS,f,08h00–16h00 (admin) | Soins 24h/24,Soins 24h/24 (admin fermé),Soins 24h/24 (admin fermé),Soins 24h/24 (admin fermé),oui,non,Milieu de vie 24h/24. Admin: lun-ven 8h-16h. Visites: 8h-21h30
QC,msss-chsld-salaberry-de-valleyfield-maison-des-aines-et-alternative-de-salaberry-de-valleyfield,Maison Des Aînés Et Alternative De Salaberry-De-Valleyfield,sante,CHSLD,Salaberry-de-Valleyfield,450-371-9920,,"8, rue Victor-Léger, Salaberry-de-Valleyfield, QC J6T 0K7",45.250301361083984,-74.14820098876953,,,,,donnees-quebec.ca/MSSS,f,08h00–16h00 (admin) | Soins 24h/24,Soins 24h/24 (admin fermé),Soins 24h/24 (admin fermé),Soins 24h/24 (admin fermé),oui,non,Milieu de vie 24h/24. Admin: lun-ven 8h-16h. Visites: 8h-21h30
QC,msss-clsc-salluit-dispensaire-de-salluit,Dispensaire De Salluit,sante,CLSC,Salluit,819-255-8328,,"Salluit, Salluit, QC J0M 1S0",62.20050048828125,-75.643798828125,,,,,donnees-quebec.ca/MSSS,f,08h00–20h00,08h00–16h00,08h00–16h00,08h00–16h00,non,non,Lun-ven 8h-20h. Sam-dim et fériés 8h-16h. Sur RV pour certains services.
QC,msss-clsc-sayabec-clsc-de-sayabec,CLSC De Sayabec,sante,CLSC,Sayabec,418-536-5462,,"7, boulevard Joubert Ouest, Sayabec, QC G0J 3K0",48.56449890136719,-67.68720245361328,,,,,donnees-quebec.ca/MSSS,f,08h00–20h00,08h00–16h00,08h00–16h00,08h00–16h00,non,non,Lun-ven 8h-20h. Sam-dim et fériés 8h-16h. Sur RV pour certains services.
QC,msss-clsc-schefferville-clsc-de-schefferville,CLSC De Schefferville,sante,CLSC,Schefferville,418-585-2576,,"320, rue A.-P.-Low, Schefferville, QC G0G 2T0",54.79899978637695,-66.81529998779297,,,,,donnees-quebec.ca/MSSS,f,08h00–20h00,08h00–16h00,08h00–16h00,08h00–16h00,non,non,Lun-ven 8h-20h. Sam-dim et fériés 8h-16h. Sur RV pour certains services.
QC,msss-clsc-senneterre-clsc-et-centre-de-protection-de-l-enfance-et-de-la-jeunesse-,CLSC Et Centre De Protection De L'Enfance Et De La Jeunesse De Senneterre,sante,CLSC,Senneterre,819-737-2243,,"400, 10e Avenue, Senneterre, QC J0Y 2M0",48.38990020751953,-77.23690032958984,,,,,donnees-quebec.ca/MSSS,f,08h00–20h00,08h00–16h00,08h00–16h00,08h00–16h00,non,non,Lun-ven 8h-20h. Sam-dim et fériés 8h-16h. Sur RV pour certains services.
QC,msss-clsc-senneterre-centre-multiservices-de-sante-et-de-services-sociaux-de-senn,Centre Multiservices De Santé Et De Services Sociaux De Senneterre,sante,CLSC,Senneterre,819-737-2243,,"961, rue de la Clinique, Senneterre, QC J0Y 2M0",48.3843994140625,-77.25299835205078,,,,,donnees-quebec.ca/MSSS,f,08h00–20h00,08h00–16h00,08h00–16h00,08h00–16h00,non,non,Lun-ven 8h-20h. Sam-dim et fériés 8h-16h. Sur RV pour certains services.
QC,msss-clsc-sept-iles-aire-ouverte-de-sept-iles,Aire Ouverte De Sept-Îles,sante,CLSC,Sept-Îles,418-962-9761,,"500, avenue Jolliet, Sept-Îles, QC G4R 2B4",50.2130012512207,-66.37750244140625,,,,,donnees-quebec.ca/MSSS,f,08h00–20h00,08h00–16h00,08h00–16h00,08h00–16h00,non,non,Lun-ven 8h-20h. Sam-dim et fériés 8h-16h. Sur RV pour certains services.
QC,msss-chsld-sept-iles-chsld-de-sept-iles,CHSLD De Sept-Îles,sante,CHSLD,Sept-Îles,418-962-9761,,"540, avenue Franquelin, Sept-Îles, QC G4R 2M1",50.210899353027344,-66.38330078125,,,,,donnees-quebec.ca/MSSS,f,08h00–16h00 (admin) | Soins 24h/24,Soins 24h/24 (admin fermé),Soins 24h/24 (admin fermé),Soins 24h/24 (admin fermé),oui,non,Milieu de vie 24h/24. Admin: lun-ven 8h-16h. Visites: 8h-21h30
QC,msss-clsc-sept-iles-clsc-de-sept-iles,CLSC De Sept-Îles,sante,CLSC,Sept-Îles,418-962-9761,,"405, avenue Brochu, Sept-Îles, QC G4R 2W9",50.20539855957031,-66.3844985961914,,,,,donnees-quebec.ca/MSSS,f,08h00–20h00,08h00–16h00,08h00–16h00,08h00–16h00,non,non,Lun-ven 8h-20h. Sam-dim et fériés 8h-16h. Sur RV pour certains services.
QC,msss-clsc-sept-iles-centre-multiservices-de-sante-et-de-services-sociaux-de-sept,Centre Multiservices De Santé Et De Services Sociaux De Sept-Îles,sante,CLSC,Sept-Îles,418-962-9761,,"531, avenue Gamache, Sept-Îles, QC G4R 2J1",50.21110153198242,-66.38279724121094,,,,,donnees-quebec.ca/MSSS,f,08h00–20h00,08h00–16h00,08h00–16h00,08h00–16h00,non,non,Lun-ven 8h-20h. Sam-dim et fériés 8h-16h. Sur RV pour certains services.
QC,msss-clsc-sept-iles-hopital-et-clsc-de-sept-iles,Hôpital Et CLSC De Sept-Îles,sante,CLSC,Sept-Îles,418-962-9761,,"45, rue du Père-Divet, Sept-Îles, QC G4R 3N7",50.20980072021485,-66.38400268554688,,,,,donnees-quebec.ca/MSSS,f,00h00–24h00 (urgences) | 08h00–16h00 (admin),00h00–24h00 (urgences),00h00–24h00 (urgences),00h00–24h00 (urgences),oui,oui,Urgences 24h/24. Services ambulatoires sur rendez-vous: lun-ven 8h-16h
QC,centre911-cote-nord,Centre 911 — Côte-Nord,soutienSocial,Centre 911,Sept-Îles,911,,,50.2022,-66.3832,X,,,,,f,00h00–24h00,00h00–24h00,00h00–24h00,00h00–24h00,oui,oui,"Service disponible 24h/24, 7j/7"
QC,shawi-garde-cpe-la-maison-du-pipandor,CPE LA MAISON DU PIPANDOR,famille,CPE subventionné,Shawinigan,1-844-270-5055,,,46.54778,-72.69979,X,,,,,f,07h00–18h00,Fermé,Fermé,Fermé,non,non,Lun-ven 7h-18h. Fermeture jours fériés et 2 semaines l'été.
QC,shawi-garde-cpe-le-pipandor,CPE LE PIPANDOR,famille,CPE subventionné,Shawinigan,1-844-270-5055,,,46.56669,-72.80586,X,,,,,f,07h00–18h00,Fermé,Fermé,Fermé,non,non,Lun-ven 7h-18h. Fermeture jours fériés et 2 semaines l'été.
QC,shawi-garde-carolle-hebert,Carolle Hébert,famille,Milieu familial subventionné,Shawinigan,1-844-270-5055,,,46.56125,-72.80255,X,,,,,f,07h00–18h00,Fermé,Fermé,Fermé,non,non,Lun-ven 7h-18h. Fermeture jours fériés et 2 semaines l'été.
QC,shawi-garde-chez-katou,Chez Katou,famille,Milieu familial subventionné,Shawinigan,1-844-270-5055,,,46.53766,-72.70191,X,,,,,f,07h00–18h00,Fermé,Fermé,Fermé,non,non,Lun-ven 7h-18h. Fermeture jours fériés et 2 semaines l'été.
QC,shawi-garde-france-gignac,France Gignac,famille,Milieu familial subventionné,Shawinigan,1-844-270-5055,,,46.6075,-72.73675,X,,,,,f,07h00–18h00,Fermé,Fermé,Fermé,non,non,Lun-ven 7h-18h. Fermeture jours fériés et 2 semaines l'été.
QC,shawi-garde-france-vaugeois,France Vaugeois,famille,Milieu familial subventionné,Shawinigan,1-844-270-5055,,,46.59754,-72.76754,X,,,,,f,07h00–18h00,Fermé,Fermé,Fermé,non,non,Lun-ven 7h-18h. Fermeture jours fériés et 2 semaines l'été.
QC,shawi-garde-garderie-tournesol,Garderie Tournesol,famille,Milieu familial subventionné,Shawinigan,1-844-270-5055,,,46.60035,-72.78168,X,,,,,f,07h00–18h00,Fermé,Fermé,Fermé,non,non,Lun-ven 7h-18h. Fermeture jours fériés et 2 semaines l'été.
QC,shawi-garde-laurie-st-arneault,Laurie St-Arneault,famille,Milieu familial subventionné,Shawinigan,1-844-270-5055,,,46.55152,-72.70078,X,,,,,f,07h00–18h00,Fermé,Fermé,Fermé,non,non,Lun-ven 7h-18h. Fermeture jours fériés et 2 semaines l'été.
QC,shawi-garde-les-amis-d-amina,Les amis d'Amina,famille,Milieu familial subventionné,Shawinigan,1-844-270-5055,,,46.53259,-72.72866,X,,,,,f,07h00–18h00,Fermé,Fermé,Fermé,non,non,Lun-ven 7h-18h. Fermeture jours fériés et 2 semaines l'été.
QC,shawi-garde-les-amis-de-kathlyn,Les amis de Kathlyn,famille,Milieu familial subventionné,Shawinigan,1-844-270-5055,,,46.54696,-72.78975,X,,,,,f,07h00–18h00,Fermé,Fermé,Fermé,non,non,Lun-ven 7h-18h. Fermeture jours fériés et 2 semaines l'été.
QC,shawi-garde-melissa-crete,MELISSA CRETE,famille,Milieu familial non subventionné,Shawinigan,1-844-270-5055,,,46.5759,-72.79476,X,,,,,f,07h00–18h00,Fermé,Fermé,Fermé,non,non,Lun-ven 7h-18h. Fermeture jours fériés et 2 semaines l'été.
QC,shawi-garde-mme-kamar-suleiman,Mme Kamar Suleiman,famille,Milieu familial subventionné,Shawinigan,1-844-270-5055,,,46.54165,-72.70727,X,,,,,f,07h00–18h00,Fermé,Fermé,Fermé,non,non,Lun-ven 7h-18h. Fermeture jours fériés et 2 semaines l'été.
QC,shawi-garde-mme-karenne-rivard,Mme Karenne Rivard,famille,Milieu familial subventionné,Shawinigan,1-844-270-5055,,,46.60776,-72.75237,X,,,,,f,07h00–18h00,Fermé,Fermé,Fermé,non,non,Lun-ven 7h-18h. Fermeture jours fériés et 2 semaines l'été.
QC,shawi-garde-mme-marika-lemire,Mme Marika Lemire,famille,Milieu familial non subventionné,Shawinigan,1-844-270-5055,,,46.5957,-72.76169,X,,,,,f,07h00–18h00,Fermé,Fermé,Fermé,non,non,Lun-ven 7h-18h. Fermeture jours fériés et 2 semaines l'été.
QC,shawi-garde-sandrine-oka,Sandrine Oka,famille,Milieu familial subventionné,Shawinigan,1-844-270-5055,,,46.59267,-72.71887,X,,,,,f,07h00–18h00,Fermé,Fermé,Fermé,non,non,Lun-ven 7h-18h. Fermeture jours fériés et 2 semaines l'été.
QC,shawi-garde-service-de-garde-zoe,Service de garde Zoé,famille,Milieu familial subventionné,Shawinigan,1-844-270-5055,,,46.55205,-72.70574,X,,,,,f,07h00–18h00,Fermé,Fermé,Fermé,non,non,Lun-ven 7h-18h. Fermeture jours fériés et 2 semaines l'été.
QC,shawi-garde-service-de-garde-chez-marie,Service de garde chez Marie,famille,Milieu familial subventionné,Shawinigan,1-844-270-5055,,,46.55155,-72.79139,X,,,,,f,07h00–18h00,Fermé,Fermé,Fermé,non,non,Lun-ven 7h-18h. Fermeture jours fériés et 2 semaines l'été.
QC,shawi-garde-milieu-familial,Services de garde en milieu familial — Shawinigan,famille,Milieu familial subventionné,Shawinigan,1-844-270-5055,,,46.57325,-72.7958,X,,,,,f,07h00–18h00,Fermé,Fermé,Fermé,non,non,Lun-ven 7h-18h. Fermeture jours fériés et 2 semaines l'été.
QC,shawi-garde-ibtissam-bensalem,ibtissam bensalem,famille,Milieu familial subventionné,Shawinigan,1-844-270-5055,,,46.60201,-72.7661,X,,,,,f,07h00–18h00,Fermé,Fermé,Fermé,non,non,Lun-ven 7h-18h. Fermeture jours fériés et 2 semaines l'été.
QC,shawi-garde-jade-flageole,jade flageole,famille,Milieu familial subventionné,Shawinigan,1-844-270-5055,,,46.59914,-72.74249,X,,,,,f,07h00–18h00,Fermé,Fermé,Fermé,non,non,Lun-ven 7h-18h. Fermeture jours fériés et 2 semaines l'été.
QC,shawi-garde-a-coeur-joie,À Coeur Joie,famille,Milieu familial non subventionné,Shawinigan,1-844-270-5055,,,46.57935,-72.78663,X,,,,,f,07h00–18h00,Fermé,Fermé,Fermé,non,non,Lun-ven 7h-18h. Fermeture jours fériés et 2 semaines l'été.
QC,shawi-garde-a-coeur-joie-sgee-en-communaute,"À Coeur Joie, sgee en communauté",famille,Milieu familial non subventionné,Shawinigan,1-844-270-5055,,,46.58551,-72.7804,X,,,,,f,07h00–18h00,Fermé,Fermé,Fermé,non,non,Lun-ven 7h-18h. Fermeture jours fériés et 2 semaines l'été.
QC,emp-cje-shawinigan,Carrefour Jeunesse-Emploi de Shawinigan,emploi,Carrefour jeunesse-emploi (CJE),Shawinigan,819-537-3358,https://cjeshawinigan.org,"432, avenue Willow, C.P. 132, Shawinigan, QC G9N 1X2",,,,X,,,curated-mauricie,f,08h30–16h30,Fermé,Fermé,Fermé,non,non,Lun-ven 8h30-16h30. Sans RV ou sur RV selon service.
QC,emp-cremauricie-shawinigan,Coopérative de remplacement de la Mauricie – Shawinigan,emploi,Agence de placement,Shawinigan,819-537-0354,https://cremauricie.com,"500, avenue Broadway, local 250, Shawinigan, QC G9N 1M3",,,,X,,,curated-mauricie,f,08h00–17h00,Variable,Fermé,Fermé,non,non,Lun-ven 8h-17h. Certaines agences ouvertes sam matin.
QC,emp-sit-mauricie-shawinigan,SIT Mauricie – Service d'intégration au travail (Shawinigan),emploi,Insertion socioprofessionnelle,Shawinigan,819-539-6070,https://www.sitmauricie.com,"4012, avenue Giroux, Shawinigan, QC G9N 3C7",,,,X,,,curated-mauricie,f,08h30–16h30,Fermé,Fermé,Fermé,non,non,Lun-ven 8h30-16h30. Sans RV ou sur RV selon service.
QC,msss-clsc-shawinigan-aire-ouverte-de-shawinigan,Aire Ouverte De Shawinigan,sante,CLSC,Shawinigan,819-536-7500,,"530, avenue Broadway, Shawinigan, QC G9N 1M3",46.54109954833984,-72.74359893798828,,,,,donnees-quebec.ca/MSSS,f,08h00–20h00,08h00–16h00,08h00–16h00,08h00–16h00,non,non,Lun-ven 8h-20h. Sam-dim et fériés 8h-16h. Sur RV pour certains services.
QC,msss-clsc-shawinigan-clsc-du-centre-de-la-mauricie,CLSC Du Centre-De-La-Mauricie,sante,CLSC,Shawinigan,819-536-7500,,"1082, rue Sainte-Hélène, Shawinigan, QC G9N 0E6",46.5526008605957,-72.74759674072266,,,,,donnees-quebec.ca/MSSS,f,08h00–20h00,08h00–16h00,08h00–16h00,08h00–16h00,non,non,Lun-ven 8h-20h. Sam-dim et fériés 8h-16h. Sur RV pour certains services.
QC,msss-clsc-shawinigan-clsc-et-centre-de-readaptation-en-deficience-physique-de-la-,CLSC Et Centre De Réadaptation En Déficience Physique De La Pointe,sante,CLSC,Shawinigan,819-536-7500,,"243, 1er rue, Shawinigan, QC G9N 1K2",46.53760147094727,-72.74520111083984,,,,,donnees-quebec.ca/MSSS,f,08h00–20h00,08h00–16h00,08h00–16h00,08h00–16h00,non,non,Lun-ven 8h-20h. Sam-dim et fériés 8h-16h. Sur RV pour certains services.
QC,msss-chsld-shawinigan-centre-d-hebergement-et-de-readaptation-en-deficience-intell,Centre D'Hébergement Et De Réadaptation En Déficience Intellectuelle Et En Troubles Du Spectre De L'Autisme Laflèche,sante,CHSLD,Shawinigan,819-536-7500,,"1650, avenue de Grand-Mère, Shawinigan, QC G9T 2K4",46.60639953613281,-72.7073974609375,,,,,donnees-quebec.ca/MSSS,f,08h00–16h00 (admin) | Soins 24h/24,Soins 24h/24 (admin fermé),Soins 24h/24 (admin fermé),Soins 24h/24 (admin fermé),oui,non,Milieu de vie 24h/24. Admin: lun-ven 8h-16h. Visites: 8h-21h30
QC,msss-chsld-shawinigan-centre-d-hebergement-et-de-soins-de-longue-duree-vigi-les-ch,Centre D'Hébergement Et De Soins De Longue Durée Vigi Les Chutes,sante,CHSLD,Shawinigan,819-536-7500,,"5000, avenue Albert-Tessier, Shawinigan, QC G9N 8P9",46.573001861572266,-72.73280334472656,,,,,donnees-quebec.ca/MSSS,f,08h00–16h00 (admin) | Soins 24h/24,Soins 24h/24 (admin fermé),Soins 24h/24 (admin fermé),Soins 24h/24 (admin fermé),oui,non,Milieu de vie 24h/24. Admin: lun-ven 8h-16h. Visites: 8h-21h30
QC,msss-chsld-shawinigan-centre-d-hebergement-saint-maurice,Centre D'Hébergement Saint-Maurice,sante,CHSLD,Shawinigan,819-536-7500,,"555, avenue de la Station, Shawinigan, QC G9N 1V9",46.54059982299805,-72.75260162353516,,,,,donnees-quebec.ca/MSSS,f,08h00–16h00 (admin) | Soins 24h/24,Soins 24h/24 (admin fermé),Soins 24h/24 (admin fermé),Soins 24h/24 (admin fermé),oui,non,Milieu de vie 24h/24. Admin: lun-ven 8h-16h. Visites: 8h-21h30
QC,msss-clsc-shawinigan-centre-de-services-ambulatoires-et-clsc-de-grand-mere,Centre De Services Ambulatoires Et CLSC De Grand-Mère,sante,CLSC,Shawinigan,819-536-7500,,"1050, 8e Rue, Shawinigan, QC G9T 4L4",46.615501403808594,-72.6978988647461,,,,,donnees-quebec.ca/MSSS,f,08h00–20h00,08h00–16h00,08h00–16h00,08h00–16h00,non,non,Lun-ven 8h-20h. Sam-dim et fériés 8h-16h. Sur RV pour certains services.
QC,msss-clsc-shawinigan-centre-multiservices-de-sante-et-de-services-sociaux-broadwa,Centre Multiservices De Santé Et De Services Sociaux Broadway,sante,CLSC,Shawinigan,819-536-7500,,"805, rue Broadway, Shawinigan, QC G9N 8B8",46.55770111083984,-72.7406005859375,,,,,donnees-quebec.ca/MSSS,f,08h00–20h00,08h00–16h00,08h00–16h00,08h00–16h00,non,non,Lun-ven 8h-20h. Sam-dim et fériés 8h-16h. Sur RV pour certains services.
QC,msss-clsc-shawinigan-centre-multiservices-de-sante-et-de-services-sociaux-de-shaw,Centre Multiservices De Santé Et De Services Sociaux De Shawinigan,sante,CLSC,Shawinigan,819-536-7500,,"750, promenade du Saint-Maurice, suite 2, Shawinigan, QC G9N 1L6",46.53760147094727,-72.75129699707031,,,,,donnees-quebec.ca/MSSS,f,08h00–20h00,08h00–16h00,08h00–16h00,08h00–16h00,non,non,Lun-ven 8h-20h. Sam-dim et fériés 8h-16h. Sur RV pour certains services.
QC,msss-clsc-shawinigan-groupe-de-medecine-de-famille-universitaire-et-clsc-de-shawi,Groupe De Médecine De Famille Universitaire Et CLSC De Shawinigan-Sud,sante,CLSC,Shawinigan,819-536-7500,,"80, 118e Rue, Shawinigan, QC G9P 3E4",46.52439880371094,-72.74430084228516,,,,,donnees-quebec.ca/MSSS,f,08h00–20h00,08h00–16h00,08h00–16h00,08h00–16h00,non,non,Lun-ven 8h-20h. Sam-dim et fériés 8h-16h. Sur RV pour certains services.
QC,msss-clsc-shawinigan-hopital-du-centre-de-la-mauricie,Hôpital Du Centre-De-La-Mauricie,sante,CLSC,Shawinigan,819-536-7500,,"50, 119e Rue, Shawinigan, QC G9P 5K1",46.52560043334961,-72.74340057373047,,,,,donnees-quebec.ca/MSSS,f,00h00–24h00 (urgences) | 08h00–16h00 (admin),00h00–24h00 (urgences),00h00–24h00 (urgences),00h00–24h00 (urgences),oui,oui,Urgences 24h/24. Services ambulatoires sur rendez-vous: lun-ven 8h-16h
QC,msss-hopital-shawinigan-hopital-et-centre-d-hebergement-en-sante-mentale-de-la-mauri,Hôpital Et Centre D'Hébergement En Santé Mentale De La Mauricie-Et-Du-Centre-Du-Québec,sante,Hôpital,Shawinigan,819-536-7500,,"1705, avenue Georges, Shawinigan, QC G9N 2N1",46.553001403808594,-72.74710083007812,,,,,donnees-quebec.ca/MSSS,f,08h00–16h00 (admin) | Soins 24h/24,Soins 24h/24 (admin fermé),Soins 24h/24 (admin fermé),Soins 24h/24 (admin fermé),oui,non,Milieu de vie 24h/24. Admin: lun-ven 8h-16h. Visites: 8h-21h30
QC,msss-chsld-shawville-chsld-du-pontiac,CHSLD Du Pontiac,sante,CHSLD,Shawville,819-647-2211,,"295, rue Allan Black, Shawville, QC J0X 2Y0",45.6057014465332,-76.48519897460938,,,,,donnees-quebec.ca/MSSS,f,08h00–16h00 (admin) | Soins 24h/24,Soins 24h/24 (admin fermé),Soins 24h/24 (admin fermé),Soins 24h/24 (admin fermé),oui,non,Milieu de vie 24h/24. Admin: lun-ven 8h-16h. Visites: 8h-21h30
QC,msss-clsc-shawville-clsc-de-shawville,CLSC De Shawville,sante,CLSC,Shawville,819-647-2211,,"290, rue Marion, Shawville, QC J0X 2Y0",45.60580062866211,-76.48650360107422,,,,,donnees-quebec.ca/MSSS,f,08h00–20h00,08h00–16h00,08h00–16h00,08h00–16h00,non,non,Lun-ven 8h-20h. Sam-dim et fériés 8h-16h. Sur RV pour certains services.
QC,msss-hopital-shawville-hopital-et-chsld-du-pontiac,Hôpital Et CHSLD Du Pontiac,sante,Hôpital,Shawville,819-647-2211,,"200, rue Argue, Shawville, QC J0X 2Y0",45.60599899291992,-76.48400115966797,,,,,donnees-quebec.ca/MSSS,f,08h00–16h00 (admin) | Soins 24h/24,Soins 24h/24 (admin fermé),Soins 24h/24 (admin fermé),Soins 24h/24 (admin fermé),oui,non,Milieu de vie 24h/24. Admin: lun-ven 8h-16h. Visites: 8h-21h30
QC,emp-cje-sherbrooke,Carrefour jeunesse-emploi de Sherbrooke,emploi,Carrefour jeunesse-emploi (CJE),Sherbrooke,819-823-7508,https://cje-sherbrooke.qc.ca,"187, rue Belvédère Sud, Sherbrooke, QC J1H 4B6",,,,X,,,curated-employment-network,f,08h30–16h30,Fermé,Fermé,Fermé,non,non,Lun-ven 8h30-16h30. Sans RV ou sur RV selon service.
QC,baq-moisson-estrie,Moisson Estrie,alimentation,Banque alimentaire régionale,Sherbrooke,819-823-7423,https://moissonestrie.com,"1255, rue Daniel, Sherbrooke, QC J1H 5X3",,,,X,,,curated-baq-network,f,09h00–16h00,09h00–13h00,Fermé,Fermé,non,non,"Lun-ven 9h-16h, sam 9h-13h. Horaires varient selon point de distribution."
QC,partage-st-francois-sherbrooke,Partage Saint-François,alimentation,Refuge + aide alimentaire,Sherbrooke,819-346-6936,https://partagestfrancois.com,"412, rue du Conseil, Sherbrooke, QC J1G 1L4",,,,X,,,curated-baq-network,f,09h00–16h00,09h00–12h00,Fermé,Fermé,non,non,Lun-ven 9h-16h. Vérifier horaires locaux.
QC,msss-clsc-sherbrooke-aire-ouverte-de-sherbrooke,Aire Ouverte De Sherbrooke,sante,CLSC,Sherbrooke,819-346-1110,,"68, boulevard Jacques-Cartier Nord, Sherbrooke, QC J1J 2Z8",45.400001525878906,-71.91819763183594,,,,,donnees-quebec.ca/MSSS,f,08h00–20h00,08h00–16h00,08h00–16h00,08h00–16h00,non,non,Lun-ven 8h-20h. Sam-dim et fériés 8h-16h. Sur RV pour certains services.
QC,msss-chsld-sherbrooke-chsld-saint-joseph,CHSLD Saint-Joseph,sante,CHSLD,Sherbrooke,819-346-1110,,"611, boulevard Queen-Victoria, Sherbrooke, QC J1H 3R6",45.40810012817383,-71.90280151367188,,,,,donnees-quebec.ca/MSSS,f,08h00–16h00 (admin) | Soins 24h/24,Soins 24h/24 (admin fermé),Soins 24h/24 (admin fermé),Soins 24h/24 (admin fermé),oui,non,Milieu de vie 24h/24. Admin: lun-ven 8h-16h. Visites: 8h-21h30
QC,msss-chsld-sherbrooke-chsld-saint-vincent-de-paul,CHSLD Saint-Vincent-De-Paul,sante,CHSLD,Sherbrooke,819-346-1110,,"300, rue King Est, Sherbrooke, QC J1G 1B1",45.40620040893555,-71.881103515625,,,,,donnees-quebec.ca/MSSS,f,08h00–16h00 (admin) | Soins 24h/24,Soins 24h/24 (admin fermé),Soins 24h/24 (admin fermé),Soins 24h/24 (admin fermé),oui,non,Milieu de vie 24h/24. Admin: lun-ven 8h-16h. Visites: 8h-21h30
QC,msss-clsc-sherbrooke-clsc-et-centre-de-services-ambulatoires-belvedere,CLSC Et Centre De Services Ambulatoires Belvédère,sante,CLSC,Sherbrooke,819-346-1110,,"1095, Belvédère Sud, Sherbrooke, QC J1H 4C6",45.38999938964844,-71.89649963378906,,,,,donnees-quebec.ca/MSSS,f,08h00–20h00,08h00–16h00,08h00–16h00,08h00–16h00,non,non,Lun-ven 8h-20h. Sam-dim et fériés 8h-16h. Sur RV pour certains services.
QC,msss-clsc-sherbrooke-clsc-et-centre-de-services-ambulatoires-en-pediatrie-camiran,CLSC Et Centre De Services Ambulatoires En Pédiatrie Camirand,sante,CLSC,Sherbrooke,819-346-1110,,"50, rue Camirand, Sherbrooke, QC J1H 4J5",45.39879989624024,-71.89430236816406,,,,,donnees-quebec.ca/MSSS,f,08h00–20h00,08h00–16h00,08h00–16h00,08h00–16h00,non,non,Lun-ven 8h-20h. Sam-dim et fériés 8h-16h. Sur RV pour certains services.
QC,msss-clsc-sherbrooke-clsc-et-groupe-de-medecine-de-famille-universitaire-king-est,CLSC Et Groupe De Médecine De Famille Universitaire King Est,sante,CLSC,Sherbrooke,819-346-1110,,"1200, rue King Est, Sherbrooke, QC J1G 1E4",45.40810012817383,-71.86209869384766,,,,,donnees-quebec.ca/MSSS,f,08h00–20h00,08h00–16h00,08h00–16h00,08h00–16h00,non,non,Lun-ven 8h-20h. Sam-dim et fériés 8h-16h. Sur RV pour certains services.
QC,msss-clsc-sherbrooke-clsc-et-groupe-de-medecine-de-famille-universitaire-speid,CLSC Et Groupe De Médecine De Famille Universitaire Speid,sante,CLSC,Sherbrooke,819-346-1110,,"8, rue Speid, Sherbrooke, QC J1M 1R6",45.36980056762695,-71.8583984375,,,,,donnees-quebec.ca/MSSS,f,08h00–20h00,08h00–16h00,08h00–16h00,08h00–16h00,non,non,Lun-ven 8h-20h. Sam-dim et fériés 8h-16h. Sur RV pour certains services.
QC,msss-clsc-sherbrooke-clsc-j-olivier-camirand,CLSC J-Olivier-Camirand,sante,CLSC,Sherbrooke,819-346-1110,,"95, rue Camirand, Sherbrooke, QC J1H 4J6",45.39820098876953,-71.89469909667969,,,,,donnees-quebec.ca/MSSS,f,08h00–20h00,08h00–16h00,08h00–16h00,08h00–16h00,non,non,Lun-ven 8h-20h. Sam-dim et fériés 8h-16h. Sur RV pour certains services.
QC,msss-clsc-sherbrooke-clsc-king-ouest,CLSC King Ouest,sante,CLSC,Sherbrooke,819-346-1110,,"356, rue King Ouest, Sherbrooke, QC J1H 1R4",45.39899826049805,-71.8949966430664,,,,,donnees-quebec.ca/MSSS,f,08h00–20h00,08h00–16h00,08h00–16h00,08h00–16h00,non,non,Lun-ven 8h-20h. Sam-dim et fériés 8h-16h. Sur RV pour certains services.
QC,msss-clsc-sherbrooke-clsc-murray,CLSC Murray,sante,CLSC,Sherbrooke,819-346-1110,,"500, rue Murray, Sherbrooke, QC J1G 2K6",45.4005012512207,-71.8761978149414,,,,,donnees-quebec.ca/MSSS,f,08h00–20h00,08h00–16h00,08h00–16h00,08h00–16h00,non,non,Lun-ven 8h-20h. Sam-dim et fériés 8h-16h. Sur RV pour certains services.
QC,msss-chsld-sherbrooke-centre-d-hebergement-champlain-de-la-rose-blanche,Centre D'Hébergement Champlain-De-La-Rose-Blanche,sante,CHSLD,Sherbrooke,819-346-1110,,"60, rue Jean-Maurice, Sherbrooke, QC J1G 1V5",45.39799880981445,-71.88069915771484,,,,,donnees-quebec.ca/MSSS,f,08h00–16h00 (admin) | Soins 24h/24,Soins 24h/24 (admin fermé),Soins 24h/24 (admin fermé),Soins 24h/24 (admin fermé),oui,non,Milieu de vie 24h/24. Admin: lun-ven 8h-16h. Visites: 8h-21h30
QC,msss-chsld-sherbrooke-centre-d-hebergement-et-de-soins-de-longue-duree-vigi-shermo,Centre D'Hébergement Et De Soins De Longue Durée Vigi Shermont,sante,CHSLD,Sherbrooke,819-346-1110,,"3220, 12e Avenue Nord, Sherbrooke, QC J1H 5H3",45.44940185546875,-71.86070251464844,,,,,donnees-quebec.ca/MSSS,f,08h00–16h00 (admin) | Soins 24h/24,Soins 24h/24 (admin fermé),Soins 24h/24 (admin fermé),Soins 24h/24 (admin fermé),oui,non,Milieu de vie 24h/24. Admin: lun-ven 8h-16h. Visites: 8h-21h30
QC,msss-hopital-sherbrooke-centre-de-services-ambulatoires-et-de-readaptation-pour-les-,Centre De Services Ambulatoires Et De Réadaptation Pour Les Mères Et Leurs Enfants Villa-Maria,sante,Hôpital,Sherbrooke,819-346-1110,,"470, rue Victoria, Sherbrooke, QC J1H 3J2",45.40549850463867,-71.9052963256836,,,,,donnees-quebec.ca/MSSS,f,00h00–24h00 (urgences) | 08h00–16h00 (admin),00h00–24h00 (urgences),00h00–24h00 (urgences),00h00–24h00 (urgences),oui,oui,Urgences 24h/24. Services ambulatoires sur rendez-vous: lun-ven 8h-16h
QC,msss-hopital-sherbrooke-chus-hopital-fleurimont,Chus - Hôpital Fleurimont,sante,Hôpital,Sherbrooke,819-346-1110,,"3001, 12e Avenue Nord, Sherbrooke, QC J1H 5N4",45.44779968261719,-71.86900329589844,,,,,donnees-quebec.ca/MSSS,f,00h00–24h00 (urgences) | 08h00–16h00 (admin),00h00–24h00 (urgences),00h00–24h00 (urgences),00h00–24h00 (urgences),oui,oui,Urgences 24h/24. Services ambulatoires sur rendez-vous: lun-ven 8h-16h
QC,msss-hopital-sherbrooke-chus-hotel-dieu-de-sherbrooke,Chus - Hôtel-Dieu De Sherbrooke,sante,Hôpital,Sherbrooke,819-346-1110,,"580, rue Bowen Sud, Sherbrooke, QC J1G 2E8",45.398399353027344,-71.87789916992188,,,,,donnees-quebec.ca/MSSS,f,00h00–24h00 (urgences) | 08h00–16h00 (admin),00h00–24h00 (urgences),00h00–24h00 (urgences),00h00–24h00 (urgences),oui,oui,Urgences 24h/24. Services ambulatoires sur rendez-vous: lun-ven 8h-16h
QC,msss-hopital-sherbrooke-hopital-et-chsld-argyll,Hôpital Et CHSLD Argyll,sante,Hôpital,Sherbrooke,819-346-1110,,"375, rue Argyll, Sherbrooke, QC J1J 3H5",45.40420150756836,-71.91510009765625,,,,,donnees-quebec.ca/MSSS,f,08h00–16h00 (admin) | Soins 24h/24,Soins 24h/24 (admin fermé),Soins 24h/24 (admin fermé),Soins 24h/24 (admin fermé),oui,non,Milieu de vie 24h/24. Admin: lun-ven 8h-16h. Visites: 8h-21h30
QC,msss-hopital-sherbrooke-hopital-et-chsld-d-youville,Hôpital Et CHSLD D'Youville,sante,Hôpital,Sherbrooke,819-346-1110,,"1036, rue Belvédère Sud, Sherbrooke, QC J1H 4C4",45.39070129394531,-71.89510345458984,,,,,donnees-quebec.ca/MSSS,f,08h00–16h00 (admin) | Soins 24h/24,Soins 24h/24 (admin fermé),Soins 24h/24 (admin fermé),Soins 24h/24 (admin fermé),oui,non,Milieu de vie 24h/24. Admin: lun-ven 8h-16h. Visites: 8h-21h30
QC,msss-clsc-sherbrooke-maison-de-naissance-de-l-estrie,Maison De Naissance De L'Estrie,sante,CLSC,Sherbrooke,819-346-1110,,"65, rue de la Croix, Sherbrooke, QC J1C 0M2",45.471099853515625,-71.94539642333984,,,,,donnees-quebec.ca/MSSS,f,08h00–20h00,08h00–16h00,08h00–16h00,08h00–16h00,non,non,Lun-ven 8h-20h. Sam-dim et fériés 8h-16h. Sur RV pour certains services.
QC,msss-chsld-sherbrooke-maison-des-aines-et-alternative-de-sherbrooke,Maison Des Aînés Et Alternative De Sherbrooke,sante,CHSLD,Sherbrooke,819-346-1110,,"2020, rue André-Breton, Sherbrooke, QC J1E 0M7",45.41189956665039,-71.8447036743164,,,,,donnees-quebec.ca/MSSS,f,08h00–16h00 (admin) | Soins 24h/24,Soins 24h/24 (admin fermé),Soins 24h/24 (admin fermé),Soins 24h/24 (admin fermé),oui,non,Milieu de vie 24h/24. Admin: lun-ven 8h-16h. Visites: 8h-21h30
QC,h-omh-sherbrooke,Office municipal d'habitation de Sherbrooke,logement,Office municipal d'habitation,Sherbrooke,819-566-7868,https://omhs.qc.ca,"65, rue Wellington Sud, Sherbrooke, QC J1H 5C5",,,,X,,,curated-housing-network,f,08h30–16h30,Fermé,Fermé,Fermé,non,non,Bureau lun-ven 8h30-16h30. Liste d'attente – inscription requise.
QC,imm-actions-interculturelles-estrie,Actions Interculturelles,immigration,Médiation interculturelle,Sherbrooke,819-823-1300,https://aide.org,"342, rue Bowen Sud, Sherbrooke, QC J1G 2E2",,,,X,,,curated-immigration-network,f,08h30–16h30,Fermé,Fermé,Fermé,non,non,Lun-ven 8h30-16h30. Sur RV pour consultations spécialisées.
QC,imm-soifi-longueuil,Service d'aide aux Néo-Canadiens (Sherbrooke),immigration,Accueil – nouveaux arrivants,Sherbrooke,819-566-5373,https://sanc-sherbrooke.ca,"1255, rue Daniel, Sherbrooke, QC J1H 5X3",,,,X,,,curated-immigration-network,f,08h30–16h30,Fermé,Fermé,Fermé,non,non,Lun-ven 8h30-16h30. Sur RV pour consultations spécialisées.
QC,centre911-sherbrooke,Centre 911 de Sherbrooke — Estrie,soutienSocial,Centre 911,Sherbrooke,911,,,45.4042,-71.8929,X,,,,,f,00h00–24h00,00h00–24h00,00h00–24h00,00h00–24h00,oui,oui,"Service disponible 24h/24, 7j/7"
QC,saaq-sherbrooke,SAAQ — Bureau de Sherbrooke,soutienSocial,Services gouvernementaux,Sherbrooke,1-800-361-7620,,,45.4042,-71.8929,X,,,,,f,08h30–16h30,Fermé,Fermé,Fermé,non,non,Lun-ven 8h30-16h30. En ligne 24h/24 pour certains services.
QC,msss-clsc-sorel-tracy-aire-ouverte-de-sorel-tracy,Aire Ouverte De Sorel-Tracy,sante,CLSC,Sorel-Tracy,450-746-6000,,"37, rue du Roi, Sorel-Tracy, QC J3P 1A3",46.04510116577149,-73.11609649658203,,,,,donnees-quebec.ca/MSSS,f,08h00–20h00,08h00–16h00,08h00–16h00,08h00–16h00,non,non,Lun-ven 8h-20h. Sam-dim et fériés 8h-16h. Sur RV pour certains services.
QC,msss-clsc-sorel-tracy-clsc-gaston-belanger,CLSC Gaston-Bélanger,sante,CLSC,Sorel-Tracy,450-746-6000,,"30, rue Ferland, Sorel-Tracy, QC J3P 3C7",46.04520034790039,-73.09380340576172,,,,,donnees-quebec.ca/MSSS,f,08h00–20h00,08h00–16h00,08h00–16h00,08h00–16h00,non,non,Lun-ven 8h-20h. Sam-dim et fériés 8h-16h. Sur RV pour certains services.
QC,msss-chsld-sorel-tracy-centre-d-hebergement-de-tracy,Centre D'Hébergement De Tracy,sante,CHSLD,Sorel-Tracy,450-746-6000,,"4205, rue Frontenac, Sorel-Tracy, QC J3R 4G8",46.0276985168457,-73.1436996459961,,,,,donnees-quebec.ca/MSSS,f,08h00–16h00 (admin) | Soins 24h/24,Soins 24h/24 (admin fermé),Soins 24h/24 (admin fermé),Soins 24h/24 (admin fermé),oui,non,Milieu de vie 24h/24. Admin: lun-ven 8h-16h. Visites: 8h-21h30
QC,msss-chsld-sorel-tracy-centre-d-hebergement-j-arsene-parenteau,Centre D'Hébergement J.-Arsène-Parenteau,sante,CHSLD,Sorel-Tracy,450-746-6000,,"40, rue de Ramezay, Sorel-Tracy, QC J3P 3Y7",46.0463981628418,-73.11009979248047,,,,,donnees-quebec.ca/MSSS,f,08h00–16h00 (admin) | Soins 24h/24,Soins 24h/24 (admin fermé),Soins 24h/24 (admin fermé),Soins 24h/24 (admin fermé),oui,non,Milieu de vie 24h/24. Admin: lun-ven 8h-16h. Visites: 8h-21h30
QC,msss-chsld-sorel-tracy-centre-d-hebergement-elisabeth-lafrance,Centre D'Hébergement Élisabeth-Lafrance,sante,CHSLD,Sorel-Tracy,450-746-6000,,"151, rue George, Sorel-Tracy, QC J3P 1C8",46.04629898071289,-73.10880279541016,,,,,donnees-quebec.ca/MSSS,f,08h00–16h00 (admin) | Soins 24h/24,Soins 24h/24 (admin fermé),Soins 24h/24 (admin fermé),Soins 24h/24 (admin fermé),oui,non,Milieu de vie 24h/24. Admin: lun-ven 8h-16h. Visites: 8h-21h30
QC,msss-hopital-sorel-tracy-hotel-dieu-de-sorel,Hôtel-Dieu De Sorel,sante,Hôpital,Sorel-Tracy,450-746-6000,,"400, avenue de l'Hôtel-Dieu, Sorel-Tracy, QC J3P 1N5",46.04579925537109,-73.09559631347656,,,,,donnees-quebec.ca/MSSS,f,00h00–24h00 (urgences) | 08h00–16h00 (admin),00h00–24h00 (urgences),00h00–24h00 (urgences),00h00–24h00 (urgences),oui,oui,Urgences 24h/24. Services ambulatoires sur rendez-vous: lun-ven 8h-16h
QC,msss-chsld-sorel-tracy-residence-sorel-tracy,Résidence Sorel-Tracy,sante,CHSLD,Sorel-Tracy,450-746-6000,,"4025, rue Frontenac, Sorel-Tracy, QC J3R 4G8",46.0281982421875,-73.1436996459961,,,,,donnees-quebec.ca/MSSS,f,08h00–16h00 (admin) | Soins 24h/24,Soins 24h/24 (admin fermé),Soins 24h/24 (admin fermé),Soins 24h/24 (admin fermé),oui,non,Milieu de vie 24h/24. Admin: lun-ven 8h-16h. Visites: 8h-21h30
QC,msss-clsc-stanstead-clsc-et-centre-de-services-externes-pour-les-aines-de-stanst,CLSC Et Centre De Services Externes Pour Les Aînés De Stanstead,sante,CLSC,Stanstead,819-876-7541,,"435, rue Dufferin, Stanstead, QC J0B 3E2",45.01179885864258,-72.0969009399414,,,,,donnees-quebec.ca/MSSS,f,08h00–20h00,08h00–16h00,08h00–16h00,08h00–16h00,non,non,Lun-ven 8h-20h. Sam-dim et fériés 8h-16h. Sur RV pour certains services.
QC,msss-chsld-sutton-chsld-de-sutton,CHSLD De Sutton,sante,CHSLD,Sutton,450-375-8000,,"50, rue Western, Sutton, QC J0E 2K0",45.109901428222656,-72.618896484375,,,,,donnees-quebec.ca/MSSS,f,08h00–16h00 (admin) | Soins 24h/24,Soins 24h/24 (admin fermé),Soins 24h/24 (admin fermé),Soins 24h/24 (admin fermé),oui,non,Milieu de vie 24h/24. Admin: lun-ven 8h-16h. Visites: 8h-21h30
QC,msss-clsc-sutton-clsc-de-sutton,CLSC De Sutton,sante,CLSC,Sutton,450-375-8000,,"45, rue Principale Nord, Sutton, QC J0E 2K0",45.10490036010742,-72.6156005859375,,,,,donnees-quebec.ca/MSSS,f,08h00–20h00,08h00–16h00,08h00–16h00,08h00–16h00,non,non,Lun-ven 8h-20h. Sam-dim et fériés 8h-16h. Sur RV pour certains services.
QC,msss-clsc-tadoussac-clsc-de-tadoussac,CLSC De Tadoussac,sante,CLSC,Tadoussac,418-235-4611,,"162, rue des Jésuites, Tadoussac, QC G0T 2A0",48.14350128173828,-69.71890258789062,,,,,donnees-quebec.ca/MSSS,f,08h00–20h00,08h00–16h00,08h00–16h00,08h00–16h00,non,non,Lun-ven 8h-20h. Sam-dim et fériés 8h-16h. Sur RV pour certains services.
QC,msss-clsc-taschereau-clsc-de-taschereau,CLSC De Taschereau,sante,CLSC,Taschereau,819-796-2144,,"417, avenue Privat, Taschereau, QC J0Z 3N0",48.664798736572266,-78.68730163574219,,,,,donnees-quebec.ca/MSSS,f,08h00–20h00,08h00–16h00,08h00–16h00,08h00–16h00,non,non,Lun-ven 8h-20h. Sam-dim et fériés 8h-16h. Sur RV pour certains services.
QC,msss-clsc-tasiujaq-dispensaire-de-tasiujaq,Dispensaire De Tasiujaq,sante,CLSC,Tasiujaq,819-633-5277,,"Tasiujaq, Tasiujaq, QC J0M 1T0",58.69670104980469,-69.92759704589844,,,,,donnees-quebec.ca/MSSS,f,08h00–20h00,08h00–16h00,08h00–16h00,08h00–16h00,non,non,Lun-ven 8h-20h. Sam-dim et fériés 8h-16h. Sur RV pour certains services.
QC,msss-chsld-terrebonne-chsld-de-la-cote-boisee,CHSLD De La Côte Boisée,sante,CHSLD,Terrebonne,450-759-8222,,"4300, rue d'Angora, Terrebonne, QC J6X 4P1",45.712799072265625,-73.6615982055664,,,,,donnees-quebec.ca/MSSS,f,08h00–16h00 (admin) | Soins 24h/24,Soins 24h/24 (admin fermé),Soins 24h/24 (admin fermé),Soins 24h/24 (admin fermé),oui,non,Milieu de vie 24h/24. Admin: lun-ven 8h-16h. Visites: 8h-21h30
QC,msss-chsld-terrebonne-chsld-des-moulins,CHSLD Des Moulins,sante,CHSLD,Terrebonne,450-759-8222,,"751, rue Marcel-De La Sablonnière, Terrebonne, QC J6Y 0M4",45.687198638916016,-73.72859954833984,,,,,donnees-quebec.ca/MSSS,f,08h00–16h00 (admin) | Soins 24h/24,Soins 24h/24 (admin fermé),Soins 24h/24 (admin fermé),Soins 24h/24 (admin fermé),oui,non,Milieu de vie 24h/24. Admin: lun-ven 8h-16h. Visites: 8h-21h30
QC,msss-clsc-terrebonne-clsc-de-la-piniere,CLSC De La Pinière,sante,CLSC,Terrebonne,450-759-8222,,"3195, boulevard de la Pinière, Terrebonne, QC J6X 4P7",45.72299957275391,-73.68689727783203,,,,,donnees-quebec.ca/MSSS,f,08h00–20h00,08h00–16h00,08h00–16h00,08h00–16h00,non,non,Lun-ven 8h-20h. Sam-dim et fériés 8h-16h. Sur RV pour certains services.
QC,msss-clsc-terrebonne-clsc-de-terrebonne,CLSC De Terrebonne,sante,CLSC,Terrebonne,450-759-8222,,"799, Montée Masson, Terrebonne, QC J6W 2C7",45.70050048828125,-73.64830017089844,,,,,donnees-quebec.ca/MSSS,f,08h00–20h00,08h00–16h00,08h00–16h00,08h00–16h00,non,non,Lun-ven 8h-20h. Sam-dim et fériés 8h-16h. Sur RV pour certains services.
QC,msss-clsc-terrebonne-clsc-desrosiers-langlois,CLSC Desrosiers-Langlois,sante,CLSC,Terrebonne,450-759-8222,,"821, rue de la Soeur-Marie-Rose, Terrebonne, QC J6V 0E8",45.72269821166992,-73.51029968261719,,,,,donnees-quebec.ca/MSSS,f,08h00–20h00,08h00–16h00,08h00–16h00,08h00–16h00,non,non,Lun-ven 8h-20h. Sam-dim et fériés 8h-16h. Sur RV pour certains services.
QC,msss-clsc-terrebonne-clsc-lamater-de-terrebonne,CLSC Lamater De Terrebonne,sante,CLSC,Terrebonne,450-759-8222,,"1317, boulevard des Seigneurs, Terrebonne, QC J6W 5B1",45.699798583984375,-73.65850067138672,,,,,donnees-quebec.ca/MSSS,f,08h00–20h00,08h00–16h00,08h00–16h00,08h00–16h00,non,non,Lun-ven 8h-20h. Sam-dim et fériés 8h-16h. Sur RV pour certains services.
QC,msss-clsc-terrebonne-clsc-lamater-des-seigneurs,CLSC Lamater Des Seigneurs,sante,CLSC,Terrebonne,450-759-8222,,"2075, boulevard des Seigneurs, Terrebonne, QC J6X 4A7",45.71849822998047,-73.68219757080078,,,,,donnees-quebec.ca/MSSS,f,08h00–20h00,08h00–16h00,08h00–16h00,08h00–16h00,non,non,Lun-ven 8h-20h. Sam-dim et fériés 8h-16h. Sur RV pour certains services.
QC,msss-clsc-terrebonne-clsc-lamater-les-moulins,CLSC Lamater Les Moulins,sante,CLSC,Terrebonne,450-759-8222,,"2099, boulevard des Seigneurs, Terrebonne, QC J6X 4A7",45.71849822998047,-73.68219757080078,,,,,donnees-quebec.ca/MSSS,f,08h00–20h00,08h00–16h00,08h00–16h00,08h00–16h00,non,non,Lun-ven 8h-20h. Sam-dim et fériés 8h-16h. Sur RV pour certains services.
QC,msss-hopital-terrebonne-centre-de-services-ambulatoires-en-sante-mentale-de-terrebon,Centre De Services Ambulatoires En Santé Mentale De Terrebonne,sante,Hôpital,Terrebonne,450-759-8222,,"1355, rue Grande Allée, bureau 101, Terrebonne, QC J6W 4K6",45.70869827270508,-73.6249008178711,,,,,donnees-quebec.ca/MSSS,f,00h00–24h00 (urgences) | 08h00–16h00 (admin),00h00–24h00 (urgences),00h00–24h00 (urgences),00h00–24h00 (urgences),oui,oui,Urgences 24h/24. Services ambulatoires sur rendez-vous: lun-ven 8h-16h
QC,msss-hopital-terrebonne-hopital-pierre-le-gardeur,Hôpital Pierre-Le Gardeur,sante,Hôpital,Terrebonne,450-759-8222,,"911, montée des Pionniers, Terrebonne, QC J6V 2H2",45.7239990234375,-73.510498046875,,,,,donnees-quebec.ca/MSSS,f,00h00–24h00 (urgences) | 08h00–16h00 (admin),00h00–24h00 (urgences),00h00–24h00 (urgences),00h00–24h00 (urgences),oui,oui,Urgences 24h/24. Services ambulatoires sur rendez-vous: lun-ven 8h-16h
QC,msss-chsld-thetford-mines-chsld-denis-marcotte,CHSLD Denis-Marcotte,sante,CHSLD,Thetford Mines,418-338-7777,,"56, 9e rue Sud, Thetford Mines, QC G6G 5H6",46.10369873046875,-71.28160095214844,,,,,donnees-quebec.ca/MSSS,f,08h00–16h00 (admin) | Soins 24h/24,Soins 24h/24 (admin fermé),Soins 24h/24 (admin fermé),Soins 24h/24 (admin fermé),oui,non,Milieu de vie 24h/24. Admin: lun-ven 8h-16h. Visites: 8h-21h30
QC,msss-chsld-thetford-mines-chsld-saint-alexandre,CHSLD Saint-Alexandre,sante,CHSLD,Thetford Mines,418-338-7777,,"1651, rue Notre-Dame Est, Thetford Mines, QC G6G 0C1",46.108001708984375,-71.27870178222656,,,,,donnees-quebec.ca/MSSS,f,08h00–16h00 (admin) | Soins 24h/24,Soins 24h/24 (admin fermé),Soins 24h/24 (admin fermé),Soins 24h/24 (admin fermé),oui,non,Milieu de vie 24h/24. Admin: lun-ven 8h-16h. Visites: 8h-21h30
QC,msss-clsc-thetford-mines-clsc-de-thetford,CLSC De Thetford,sante,CLSC,Thetford Mines,418-338-7777,,"17, rue Notre-Dame Ouest, bureau 100, Thetford Mines, QC G6G 1J1",46.09120178222656,-71.30079650878906,,,,,donnees-quebec.ca/MSSS,f,08h00–20h00,08h00–16h00,08h00–16h00,08h00–16h00,non,non,Lun-ven 8h-20h. Sam-dim et fériés 8h-16h. Sur RV pour certains services.
QC,msss-hopital-thetford-mines-hopital-de-thetford,Hôpital De Thetford,sante,Hôpital,Thetford Mines,418-338-7777,,"1717, rue Notre-Dame Est, Thetford Mines, QC G6G 2V4",46.109500885009766,-71.27850341796875,,,,,donnees-quebec.ca/MSSS,f,00h00–24h00 (urgences) | 08h00–16h00 (admin),00h00–24h00 (urgences),00h00–24h00 (urgences),00h00–24h00 (urgences),oui,oui,Urgences 24h/24. Services ambulatoires sur rendez-vous: lun-ven 8h-16h
QC,msss-chsld-thetford-mines-maison-des-aines-et-alternative-de-black-lake,Maison Des Aînés Et Alternative De Black Lake,sante,CHSLD,Thetford Mines,418-338-7777,,"510, rue Christophe-Colomb, Thetford Mines, QC G6H 2N6",46.049800872802734,-71.36000061035156,,,,,donnees-quebec.ca/MSSS,f,08h00–16h00 (admin) | Soins 24h/24,Soins 24h/24 (admin fermé),Soins 24h/24 (admin fermé),Soins 24h/24 (admin fermé),oui,non,Milieu de vie 24h/24. Admin: lun-ven 8h-16h. Visites: 8h-21h30
QC,msss-clsc-trois-pistoles-centre-multiservices-de-sante-et-de-services-sociaux-de-troi,Centre Multiservices De Santé Et De Services Sociaux De Trois-Pistoles,sante,CLSC,Trois-Pistoles,418-851-3700,,"550, rue Notre-Dame Est, Trois-Pistoles, QC G0L 4K0",48.1327018737793,-69.1593017578125,,,,,donnees-quebec.ca/MSSS,f,08h00–20h00,08h00–16h00,08h00–16h00,08h00–16h00,non,non,Lun-ven 8h-20h. Sam-dim et fériés 8h-16h. Sur RV pour certains services.
QC,tr-garde-alexandra-robert,Alexandra Robert,famille,Milieu familial subventionné,Trois-Rivières,1-844-270-5055,https://www.quebec.ca/famille-et-soutien-aux-personnes/enfance/garderies-et-services-de-garde/portail-inscription/parents/acceder-parents,,46.34104,-72.59378,X,,,,,f,07h00–18h00,Fermé,Fermé,Fermé,non,non,Lun-ven 7h-18h. Fermeture jours fériés et 2 semaines l'été.
QC,tr-garde-andreanne-cantin,Andréanne Cantin,famille,Milieu familial subventionné,Trois-Rivières,1-844-270-5055,https://www.quebec.ca/famille-et-soutien-aux-personnes/enfance/garderies-et-services-de-garde/portail-inscription/parents/acceder-parents,,46.35619,-72.50368,X,,,,,f,07h00–18h00,Fermé,Fermé,Fermé,non,non,Lun-ven 7h-18h. Fermeture jours fériés et 2 semaines l'été.
QC,tr-garde-au-jardin-fleurice,Au Jardin Fleurice,famille,Milieu familial subventionné,Trois-Rivières,1-844-270-5055,https://www.quebec.ca/famille-et-soutien-aux-personnes/enfance/garderies-et-services-de-garde/portail-inscription/parents/acceder-parents,,46.34653,-72.56986,X,,,,,f,07h00–18h00,Fermé,Fermé,Fermé,non,non,Lun-ven 7h-18h. Fermeture jours fériés et 2 semaines l'été.
QC,cpe-tr1,CPE Au Jardin d'Enfants – Trois-Rivières,famille,CPE subventionné,Trois-Rivières,819-375-9822,https://www.quebec.ca/famille-et-soutien-aux-personnes/enfance/garderies-et-services-de-garde/portail-inscription/parents/acceder-parents,"3140, rue Louis-Pasteur, Trois-Rivières, QC G8Z 4E3",46.3533,-72.5491,,,,,,f,07h00–18h00,Fermé,Fermé,Fermé,non,non,Lun-ven 7h-18h. Fermeture jours fériés et 2 semaines l'été.
QC,tr-garde-cpe-entre-deux-nuages,CPE ENTRE DEUX NUAGES,famille,CPE subventionné,Trois-Rivières,1-844-270-5055,https://www.quebec.ca/famille-et-soutien-aux-personnes/enfance/garderies-et-services-de-garde/portail-inscription/parents/acceder-parents,,46.35631,-72.56754,X,,,,,f,07h00–18h00,Fermé,Fermé,Fermé,non,non,Lun-ven 7h-18h. Fermeture jours fériés et 2 semaines l'été.
QC,tr-garde-cpe-jean-noel-lapin-inst-dessureault,CPE JEAN-NOËL LAPIN - INST. DESSUREAULT,famille,CPE subventionné,Trois-Rivières,1-844-270-5055,https://www.quebec.ca/famille-et-soutien-aux-personnes/enfance/garderies-et-services-de-garde/portail-inscription/parents/acceder-parents,,46.35735,-72.5084,X,,,,,f,07h00–18h00,Fermé,Fermé,Fermé,non,non,Lun-ven 7h-18h. Fermeture jours fériés et 2 semaines l'été.
QC,tr-garde-cpe-jean-noel-lapin-inst-ste-marthe,CPE JEAN-NOËL LAPIN - INST. STE-MARTHE,famille,CPE subventionné,Trois-Rivières,1-844-270-5055,https://www.quebec.ca/famille-et-soutien-aux-personnes/enfance/garderies-et-services-de-garde/portail-inscription/parents/acceder-parents,,46.3736,-72.54801,X,,,,,f,07h00–18h00,Fermé,Fermé,Fermé,non,non,Lun-ven 7h-18h. Fermeture jours fériés et 2 semaines l'été.
QC,tr-garde-cpe-l-arbre-enchante,CPE L'ARBRE ENCHANTÉ,famille,CPE subventionné,Trois-Rivières,1-844-270-5055,https://www.quebec.ca/famille-et-soutien-aux-personnes/enfance/garderies-et-services-de-garde/portail-inscription/parents/acceder-parents,"455, rue des Vétérans, Trois-Rivières, QC G8T 2W8",46.36321,-72.51737,,,,,,f,07h00–18h00,Fermé,Fermé,Fermé,non,non,Lun-ven 7h-18h. Fermeture jours fériés et 2 semaines l'été.
QC,tr-garde-cpe-le-cerf-volant-inst-mercier,CPE LE CERF-VOLANT - INST. MERCIER,famille,CPE subventionné,Trois-Rivières,1-844-270-5055,https://www.quebec.ca/famille-et-soutien-aux-personnes/enfance/garderies-et-services-de-garde/portail-inscription/parents/acceder-parents,"976, rue de la Terrière, Trois-Rivières, QC G8Z 3J4",46.38336,-72.54796,,,,,,f,07h00–18h00,Fermé,Fermé,Fermé,non,non,Lun-ven 7h-18h. Fermeture jours fériés et 2 semaines l'été.
QC,tr-garde-cpe-le-cerf-volant-inst-sainte-madeleine,CPE LE CERF-VOLANT - INST. SAINTE-MADELEINE,famille,CPE subventionné,Trois-Rivières,1-844-270-5055,https://www.quebec.ca/famille-et-soutien-aux-personnes/enfance/garderies-et-services-de-garde/portail-inscription/parents/acceder-parents,"976, rue de la Terrière, Trois-Rivières, QC G8Z 3J4",46.30499,-72.54433,,,,,,f,07h00–18h00,Fermé,Fermé,Fermé,non,non,Lun-ven 7h-18h. Fermeture jours fériés et 2 semaines l'été.
QC,tr-garde-cpe-le-cerf-volant-inst-toupin,CPE LE CERF-VOLANT - INST. TOUPIN,famille,CPE subventionné,Trois-Rivières,1-844-270-5055,https://www.quebec.ca/famille-et-soutien-aux-personnes/enfance/garderies-et-services-de-garde/portail-inscription/parents/acceder-parents,"976, rue de la Terrière, Trois-Rivières, QC G8Z 3J4",46.35263,-72.48485,,,,,,f,07h00–18h00,Fermé,Fermé,Fermé,non,non,Lun-ven 7h-18h. Fermeture jours fériés et 2 semaines l'été.
QC,tr-garde-cpe-le-cerf-volant-inst-tousignant-1,CPE LE CERF-VOLANT - INST. TOUSIGNANT 1,famille,CPE subventionné,Trois-Rivières,1-844-270-5055,https://www.quebec.ca/famille-et-soutien-aux-personnes/enfance/garderies-et-services-de-garde/portail-inscription/parents/acceder-parents,"976, rue de la Terrière, Trois-Rivières, QC G8Z 3J4",46.33483,-72.52804,,,,,,f,07h00–18h00,Fermé,Fermé,Fermé,non,non,Lun-ven 7h-18h. Fermeture jours fériés et 2 semaines l'été.
QC,tr-garde-cpe-le-coffre-a-jouets,CPE LE COFFRE À JOUETS,famille,CPE subventionné,Trois-Rivières,1-844-270-5055,https://www.quebec.ca/famille-et-soutien-aux-personnes/enfance/garderies-et-services-de-garde/portail-inscription/parents/acceder-parents,"260, rue Vachon, Trois-Rivières, QC G8T 8Y2",46.36915,-72.57357,,,,,,f,07h00–18h00,Fermé,Fermé,Fermé,non,non,Lun-ven 7h-18h. Fermeture jours fériés et 2 semaines l'été.
QC,tr-garde-caroline-boisvert,Caroline Boisvert,famille,Milieu familial subventionné,Trois-Rivières,1-844-270-5055,https://www.quebec.ca/famille-et-soutien-aux-personnes/enfance/garderies-et-services-de-garde/portail-inscription/parents/acceder-parents,,46.3244,-72.5469,X,,,,,f,07h00–18h00,Fermé,Fermé,Fermé,non,non,Lun-ven 7h-18h. Fermeture jours fériés et 2 semaines l'été.
QC,tr-garde-chantal-bellerive,Chantal Bellerive,famille,Milieu familial subventionné,Trois-Rivières,1-844-270-5055,https://www.quebec.ca/famille-et-soutien-aux-personnes/enfance/garderies-et-services-de-garde/portail-inscription/parents/acceder-parents,,46.33839,-72.53965,X,,,,,f,07h00–18h00,Fermé,Fermé,Fermé,non,non,Lun-ven 7h-18h. Fermeture jours fériés et 2 semaines l'été.
QC,tr-garde-chez-annie,Chez Annie,famille,Milieu familial subventionné,Trois-Rivières,1-844-270-5055,https://www.quebec.ca/famille-et-soutien-aux-personnes/enfance/garderies-et-services-de-garde/portail-inscription/parents/acceder-parents,,46.36964,-72.55424,X,,,,,f,07h00–18h00,Fermé,Fermé,Fermé,non,non,Lun-ven 7h-18h. Fermeture jours fériés et 2 semaines l'été.
QC,tr-garde-chez-stefanny,Chez Stefanny,famille,Milieu familial subventionné,Trois-Rivières,1-844-270-5055,https://www.quebec.ca/famille-et-soutien-aux-personnes/enfance/garderies-et-services-de-garde/portail-inscription/parents/acceder-parents,,46.35701,-72.54591,X,,,,,f,07h00–18h00,Fermé,Fermé,Fermé,non,non,Lun-ven 7h-18h. Fermeture jours fériés et 2 semaines l'été.
QC,tr-garde-chez-titi,Chez Titi,famille,Milieu familial subventionné,Trois-Rivières,1-844-270-5055,https://www.quebec.ca/famille-et-soutien-aux-personnes/enfance/garderies-et-services-de-garde/portail-inscription/parents/acceder-parents,,46.31483,-72.5409,X,,,,,f,07h00–18h00,Fermé,Fermé,Fermé,non,non,Lun-ven 7h-18h. Fermeture jours fériés et 2 semaines l'été.
QC,tr-garde-francoise-beliveau,Françoise Béliveau,famille,Milieu familial subventionné,Trois-Rivières,1-844-270-5055,https://www.quebec.ca/famille-et-soutien-aux-personnes/enfance/garderies-et-services-de-garde/portail-inscription/parents/acceder-parents,,46.31636,-72.56626,X,,,,,f,07h00–18h00,Fermé,Fermé,Fermé,non,non,Lun-ven 7h-18h. Fermeture jours fériés et 2 semaines l'été.
QC,tr-garde-frederique-bergeron,Frédérique bergeron,famille,Milieu familial subventionné,Trois-Rivières,1-844-270-5055,https://www.quebec.ca/famille-et-soutien-aux-personnes/enfance/garderies-et-services-de-garde/portail-inscription/parents/acceder-parents,,46.36636,-72.5161,X,,,,,f,07h00–18h00,Fermé,Fermé,Fermé,non,non,Lun-ven 7h-18h. Fermeture jours fériés et 2 semaines l'été.
QC,tr-garde-g-l-oiseau-bleu,G. L'OISEAU BLEU,famille,Garderie subventionné,Trois-Rivières,1-844-270-5055,https://www.quebec.ca/famille-et-soutien-aux-personnes/enfance/garderies-et-services-de-garde/portail-inscription/parents/acceder-parents,,46.32338,-72.51612,X,,,,,f,07h00–18h00,Fermé,Fermé,Fermé,non,non,Lun-ven 7h-18h. Fermeture jours fériés et 2 semaines l'été.
QC,tr-garde-g-l-oiseau-bleu-ii,G. L'OISEAU BLEU II,famille,Garderie subventionné,Trois-Rivières,1-844-270-5055,https://www.quebec.ca/famille-et-soutien-aux-personnes/enfance/garderies-et-services-de-garde/portail-inscription/parents/acceder-parents,,46.37054,-72.50894,X,,,,,f,07h00–18h00,Fermé,Fermé,Fermé,non,non,Lun-ven 7h-18h. Fermeture jours fériés et 2 semaines l'été.
QC,tr-garde-g-la-petite-academie,G. LA PETITE ACADÉMIE,famille,Garderie non subventionné,Trois-Rivières,1-844-270-5055,https://www.quebec.ca/famille-et-soutien-aux-personnes/enfance/garderies-et-services-de-garde/portail-inscription/parents/acceder-parents,,46.34491,-72.57763,X,,,,,f,07h00–18h00,Fermé,Fermé,Fermé,non,non,Lun-ven 7h-18h. Fermeture jours fériés et 2 semaines l'été.
QC,tr-garde-garderie-les-za-mi,Garderie Les ZA-MI,famille,Milieu familial subventionné,Trois-Rivières,1-844-270-5055,https://www.quebec.ca/famille-et-soutien-aux-personnes/enfance/garderies-et-services-de-garde/portail-inscription/parents/acceder-parents,,46.33768,-72.47869,X,,,,,f,07h00–18h00,Fermé,Fermé,Fermé,non,non,Lun-ven 7h-18h. Fermeture jours fériés et 2 semaines l'été.
QC,tr-garde-garderie-de-la-gloire,Garderie de la gloire,famille,Milieu familial subventionné,Trois-Rivières,1-844-270-5055,https://www.quebec.ca/famille-et-soutien-aux-personnes/enfance/garderies-et-services-de-garde/portail-inscription/parents/acceder-parents,,46.34096,-72.50203,X,,,,,f,07h00–18h00,Fermé,Fermé,Fermé,non,non,Lun-ven 7h-18h. Fermeture jours fériés et 2 semaines l'été.
QC,tr-garde-garderie-en-mf-arc-en-ciel,Garderie en MF Arc-en-ciel,famille,Milieu familial subventionné,Trois-Rivières,1-844-270-5055,https://www.quebec.ca/famille-et-soutien-aux-personnes/enfance/garderies-et-services-de-garde/portail-inscription/parents/acceder-parents,,46.303,-72.53776,X,,,,,f,07h00–18h00,Fermé,Fermé,Fermé,non,non,Lun-ven 7h-18h. Fermeture jours fériés et 2 semaines l'été.
QC,tr-garde-garderie-educative-lumiere-du-monde,Garderie éducative lumière du monde,famille,Milieu familial subventionné,Trois-Rivières,1-844-270-5055,https://www.quebec.ca/famille-et-soutien-aux-personnes/enfance/garderies-et-services-de-garde/portail-inscription/parents/acceder-parents,,46.32093,-72.50617,X,,,,,f,07h00–18h00,Fermé,Fermé,Fermé,non,non,Lun-ven 7h-18h. Fermeture jours fériés et 2 semaines l'été.
QC,tr-garde-isabelle-dumas,Isabelle Dumas,famille,Milieu familial subventionné,Trois-Rivières,1-844-270-5055,https://www.quebec.ca/famille-et-soutien-aux-personnes/enfance/garderies-et-services-de-garde/portail-inscription/parents/acceder-parents,,46.37561,-72.56395,X,,,,,f,07h00–18h00,Fermé,Fermé,Fermé,non,non,Lun-ven 7h-18h. Fermeture jours fériés et 2 semaines l'été.
QC,tr-garde-julie-lacroix,Julie lacroix,famille,Milieu familial subventionné,Trois-Rivières,1-844-270-5055,https://www.quebec.ca/famille-et-soutien-aux-personnes/enfance/garderies-et-services-de-garde/portail-inscription/parents/acceder-parents,,46.33983,-72.51947,X,,,,,f,07h00–18h00,Fermé,Fermé,Fermé,non,non,Lun-ven 7h-18h. Fermeture jours fériés et 2 semaines l'été.
QC,tr-garde-karine-clement,Karine Clément,famille,Milieu familial subventionné,Trois-Rivières,1-844-270-5055,https://www.quebec.ca/famille-et-soutien-aux-personnes/enfance/garderies-et-services-de-garde/portail-inscription/parents/acceder-parents,,46.31505,-72.55553,X,,,,,f,07h00–18h00,Fermé,Fermé,Fermé,non,non,Lun-ven 7h-18h. Fermeture jours fériés et 2 semaines l'été.
QC,tr-garde-l-etoile-filante-2,L'ÉTOILE FILANTE,famille,Milieu familial non subventionné,Trois-Rivières,1-844-270-5055,https://www.quebec.ca/famille-et-soutien-aux-personnes/enfance/garderies-et-services-de-garde/portail-inscription/parents/acceder-parents,,46.35574,-72.59605,X,,,,,f,07h00–18h00,Fermé,Fermé,Fermé,non,non,Lun-ven 7h-18h. Fermeture jours fériés et 2 semaines l'été.
QC,tr-garde-l-etoile-filante,L'étoile Filante,famille,Milieu familial subventionné,Trois-Rivières,1-844-270-5055,https://www.quebec.ca/famille-et-soutien-aux-personnes/enfance/garderies-et-services-de-garde/portail-inscription/parents/acceder-parents,,46.32336,-72.5663,X,,,,,f,07h00–18h00,Fermé,Fermé,Fermé,non,non,Lun-ven 7h-18h. Fermeture jours fériés et 2 semaines l'été.
QC,tr-garde-la-cabane-des-p-tis-amis,La Cabane Des P'tis amis,famille,Milieu familial subventionné,Trois-Rivières,1-844-270-5055,https://www.quebec.ca/famille-et-soutien-aux-personnes/enfance/garderies-et-services-de-garde/portail-inscription/parents/acceder-parents,,46.341,-72.59586,X,,,,,f,07h00–18h00,Fermé,Fermé,Fermé,non,non,Lun-ven 7h-18h. Fermeture jours fériés et 2 semaines l'été.
QC,tr-garde-lamothe-garderie-en-milieu-familial,Lamothe garderie en milieu familial,famille,Milieu familial subventionné,Trois-Rivières,1-844-270-5055,https://www.quebec.ca/famille-et-soutien-aux-personnes/enfance/garderies-et-services-de-garde/portail-inscription/parents/acceder-parents,,46.31154,-72.54664,X,,,,,f,07h00–18h00,Fermé,Fermé,Fermé,non,non,Lun-ven 7h-18h. Fermeture jours fériés et 2 semaines l'été.
QC,tr-garde-le-monde-des-souris,Le monde des souris,famille,Milieu familial subventionné,Trois-Rivières,1-844-270-5055,https://www.quebec.ca/famille-et-soutien-aux-personnes/enfance/garderies-et-services-de-garde/portail-inscription/parents/acceder-parents,,46.36463,-72.51052,X,,,,,f,07h00–18h00,Fermé,Fermé,Fermé,non,non,Lun-ven 7h-18h. Fermeture jours fériés et 2 semaines l'été.
QC,tr-garde-le-petit-voyage,Le petit voyage,famille,Milieu familial subventionné,Trois-Rivières,1-844-270-5055,https://www.quebec.ca/famille-et-soutien-aux-personnes/enfance/garderies-et-services-de-garde/portail-inscription/parents/acceder-parents,,46.3704,-72.55146,X,,,,,f,07h00–18h00,Fermé,Fermé,Fermé,non,non,Lun-ven 7h-18h. Fermeture jours fériés et 2 semaines l'été.
QC,tr-garde-le-temps-d-une-culbute,Le temps d'une culbute,famille,Milieu familial non subventionné,Trois-Rivières,1-844-270-5055,https://www.quebec.ca/famille-et-soutien-aux-personnes/enfance/garderies-et-services-de-garde/portail-inscription/parents/acceder-parents,,46.33714,-72.54128,X,,,,,f,07h00–18h00,Fermé,Fermé,Fermé,non,non,Lun-ven 7h-18h. Fermeture jours fériés et 2 semaines l'été.
QC,tr-garde-les-amis-de-chateaudun,Les amis de Châteaudun,famille,Milieu familial subventionné,Trois-Rivières,1-844-270-5055,https://www.quebec.ca/famille-et-soutien-aux-personnes/enfance/garderies-et-services-de-garde/portail-inscription/parents/acceder-parents,,46.35694,-72.52658,X,,,,,f,07h00–18h00,Fermé,Fermé,Fermé,non,non,Lun-ven 7h-18h. Fermeture jours fériés et 2 semaines l'été.
QC,tr-garde-linda-daneau,Linda Daneau,famille,Milieu familial subventionné,Trois-Rivières,1-844-270-5055,https://www.quebec.ca/famille-et-soutien-aux-personnes/enfance/garderies-et-services-de-garde/portail-inscription/parents/acceder-parents,,46.31803,-72.52583,X,,,,,f,07h00–18h00,Fermé,Fermé,Fermé,non,non,Lun-ven 7h-18h. Fermeture jours fériés et 2 semaines l'été.
QC,tr-garde-lison-lapointe,Lison Lapointe,famille,Milieu familial subventionné,Trois-Rivières,1-844-270-5055,https://www.quebec.ca/famille-et-soutien-aux-personnes/enfance/garderies-et-services-de-garde/portail-inscription/parents/acceder-parents,,46.30824,-72.53917,X,,,,,f,07h00–18h00,Fermé,Fermé,Fermé,non,non,Lun-ven 7h-18h. Fermeture jours fériés et 2 semaines l'été.
QC,tr-garde-maryse-gauthier,MARYSE GAUTHIER,famille,Milieu familial subventionné,Trois-Rivières,1-844-270-5055,https://www.quebec.ca/famille-et-soutien-aux-personnes/enfance/garderies-et-services-de-garde/portail-inscription/parents/acceder-parents,,46.3164,-72.51206,X,,,,,f,07h00–18h00,Fermé,Fermé,Fermé,non,non,Lun-ven 7h-18h. Fermeture jours fériés et 2 semaines l'été.
QC,tr-garde-ma-petite-ecole-du-monde,Ma petite école du monde,famille,Milieu familial subventionné,Trois-Rivières,1-844-270-5055,https://www.quebec.ca/famille-et-soutien-aux-personnes/enfance/garderies-et-services-de-garde/portail-inscription/parents/acceder-parents,,46.32711,-72.51022,X,,,,,f,07h00–18h00,Fermé,Fermé,Fermé,non,non,Lun-ven 7h-18h. Fermeture jours fériés et 2 semaines l'été.
QC,tr-garde-manon,Manon,famille,Milieu familial subventionné,Trois-Rivières,1-844-270-5055,https://www.quebec.ca/famille-et-soutien-aux-personnes/enfance/garderies-et-services-de-garde/portail-inscription/parents/acceder-parents,,46.33489,-72.56132,X,,,,,f,07h00–18h00,Fermé,Fermé,Fermé,non,non,Lun-ven 7h-18h. Fermeture jours fériés et 2 semaines l'été.
QC,tr-garde-manon-ouellette,Manon Ouellette,famille,Milieu familial subventionné,Trois-Rivières,1-844-270-5055,https://www.quebec.ca/famille-et-soutien-aux-personnes/enfance/garderies-et-services-de-garde/portail-inscription/parents/acceder-parents,,46.34653,-72.5056,X,,,,,f,07h00–18h00,Fermé,Fermé,Fermé,non,non,Lun-ven 7h-18h. Fermeture jours fériés et 2 semaines l'été.
QC,tr-garde-marie-christine-heroux,Marie-Christine Héroux,famille,Milieu familial subventionné,Trois-Rivières,1-844-270-5055,https://www.quebec.ca/famille-et-soutien-aux-personnes/enfance/garderies-et-services-de-garde/portail-inscription/parents/acceder-parents,,46.33501,-72.51498,X,,,,,f,07h00–18h00,Fermé,Fermé,Fermé,non,non,Lun-ven 7h-18h. Fermeture jours fériés et 2 semaines l'été.
QC,tr-garde-marie-claude-fournier,Marie-Claude Fournier,famille,Milieu familial subventionné,Trois-Rivières,1-844-270-5055,https://www.quebec.ca/famille-et-soutien-aux-personnes/enfance/garderies-et-services-de-garde/portail-inscription/parents/acceder-parents,,46.33922,-72.56941,X,,,,,f,07h00–18h00,Fermé,Fermé,Fermé,non,non,Lun-ven 7h-18h. Fermeture jours fériés et 2 semaines l'été.
QC,tr-garde-melina-veillette,Melina Veillette,famille,Milieu familial non subventionné,Trois-Rivières,1-844-270-5055,https://www.quebec.ca/famille-et-soutien-aux-personnes/enfance/garderies-et-services-de-garde/portail-inscription/parents/acceder-parents,,46.37451,-72.51121,X,,,,,f,07h00–18h00,Fermé,Fermé,Fermé,non,non,Lun-ven 7h-18h. Fermeture jours fériés et 2 semaines l'été.
QC,tr-garde-mesamis,Mesamis,famille,Milieu familial subventionné,Trois-Rivières,1-844-270-5055,https://www.quebec.ca/famille-et-soutien-aux-personnes/enfance/garderies-et-services-de-garde/portail-inscription/parents/acceder-parents,,46.36686,-72.59268,X,,,,,f,07h00–18h00,Fermé,Fermé,Fermé,non,non,Lun-ven 7h-18h. Fermeture jours fériés et 2 semaines l'été.
QC,tr-garde-mme-abibata-aziz-gbane,Mme Abibata Aziz Gbane,famille,Milieu familial subventionné,Trois-Rivières,1-844-270-5055,https://www.quebec.ca/famille-et-soutien-aux-personnes/enfance/garderies-et-services-de-garde/portail-inscription/parents/acceder-parents,,46.31306,-72.50894,X,,,,,f,07h00–18h00,Fermé,Fermé,Fermé,non,non,Lun-ven 7h-18h. Fermeture jours fériés et 2 semaines l'été.
QC,tr-garde-mme-diane-guillemette,Mme Diane Guillemette,famille,Milieu familial subventionné,Trois-Rivières,1-844-270-5055,https://www.quebec.ca/famille-et-soutien-aux-personnes/enfance/garderies-et-services-de-garde/portail-inscription/parents/acceder-parents,,46.32574,-72.51549,X,,,,,f,07h00–18h00,Fermé,Fermé,Fermé,non,non,Lun-ven 7h-18h. Fermeture jours fériés et 2 semaines l'été.
QC,tr-garde-mme-esther-joseph,Mme Esther Joseph,famille,Milieu familial subventionné,Trois-Rivières,1-844-270-5055,https://www.quebec.ca/famille-et-soutien-aux-personnes/enfance/garderies-et-services-de-garde/portail-inscription/parents/acceder-parents,,46.34439,-72.51577,X,,,,,f,07h00–18h00,Fermé,Fermé,Fermé,non,non,Lun-ven 7h-18h. Fermeture jours fériés et 2 semaines l'été.
QC,tr-garde-mme-fabina-joseph,Mme Fabina Joseph,famille,Milieu familial subventionné,Trois-Rivières,1-844-270-5055,https://www.quebec.ca/famille-et-soutien-aux-personnes/enfance/garderies-et-services-de-garde/portail-inscription/parents/acceder-parents,,46.33505,-72.55795,X,,,,,f,07h00–18h00,Fermé,Fermé,Fermé,non,non,Lun-ven 7h-18h. Fermeture jours fériés et 2 semaines l'été.
QC,tr-garde-mme-fatima-zahra-ammar,Mme Fatima Zahra Ammar,famille,Milieu familial subventionné,Trois-Rivières,1-844-270-5055,https://www.quebec.ca/famille-et-soutien-aux-personnes/enfance/garderies-et-services-de-garde/portail-inscription/parents/acceder-parents,,46.33019,-72.48673,X,,,,,f,07h00–18h00,Fermé,Fermé,Fermé,non,non,Lun-ven 7h-18h. Fermeture jours fériés et 2 semaines l'été.
QC,tr-garde-mme-frantza-sheila-merizier,Mme Frantza Sheila Merizier,famille,Milieu familial subventionné,Trois-Rivières,1-844-270-5055,https://www.quebec.ca/famille-et-soutien-aux-personnes/enfance/garderies-et-services-de-garde/portail-inscription/parents/acceder-parents,,46.3516,-72.55748,X,,,,,f,07h00–18h00,Fermé,Fermé,Fermé,non,non,Lun-ven 7h-18h. Fermeture jours fériés et 2 semaines l'été.
QC,tr-garde-mme-jenny-marcela-rodriguez-arevalo,Mme Jenny Marcela Rodriguez Arevalo,famille,Milieu familial subventionné,Trois-Rivières,1-844-270-5055,https://www.quebec.ca/famille-et-soutien-aux-personnes/enfance/garderies-et-services-de-garde/portail-inscription/parents/acceder-parents,,46.32931,-72.57836,X,,,,,f,07h00–18h00,Fermé,Fermé,Fermé,non,non,Lun-ven 7h-18h. Fermeture jours fériés et 2 semaines l'été.
QC,tr-garde-mme-josianne-parent,Mme Josianne Parent,famille,Milieu familial subventionné,Trois-Rivières,1-844-270-5055,https://www.quebec.ca/famille-et-soutien-aux-personnes/enfance/garderies-et-services-de-garde/portail-inscription/parents/acceder-parents,,46.30938,-72.51054,X,,,,,f,07h00–18h00,Fermé,Fermé,Fermé,non,non,Lun-ven 7h-18h. Fermeture jours fériés et 2 semaines l'été.
QC,tr-garde-mme-joyeuse-mukamihigo,Mme Joyeuse Mukamihigo,famille,Milieu familial subventionné,Trois-Rivières,1-844-270-5055,https://www.quebec.ca/famille-et-soutien-aux-personnes/enfance/garderies-et-services-de-garde/portail-inscription/parents/acceder-parents,,46.33584,-72.5259,X,,,,,f,07h00–18h00,Fermé,Fermé,Fermé,non,non,Lun-ven 7h-18h. Fermeture jours fériés et 2 semaines l'été.
QC,tr-garde-mme-laure-mukashyaka,Mme Laure Mukashyaka,famille,Milieu familial subventionné,Trois-Rivières,1-844-270-5055,https://www.quebec.ca/famille-et-soutien-aux-personnes/enfance/garderies-et-services-de-garde/portail-inscription/parents/acceder-parents,,46.336,-72.58369,X,,,,,f,07h00–18h00,Fermé,Fermé,Fermé,non,non,Lun-ven 7h-18h. Fermeture jours fériés et 2 semaines l'été.
QC,tr-garde-mme-marie-claude-thibeault,Mme Marie-Claude Thibeault,famille,Milieu familial subventionné,Trois-Rivières,1-844-270-5055,https://www.quebec.ca/famille-et-soutien-aux-personnes/enfance/garderies-et-services-de-garde/portail-inscription/parents/acceder-parents,,46.35247,-72.51324,X,,,,,f,07h00–18h00,Fermé,Fermé,Fermé,non,non,Lun-ven 7h-18h. Fermeture jours fériés et 2 semaines l'été.
QC,tr-garde-mme-marjorie-theagene,Mme Marjorie Theagene,famille,Milieu familial subventionné,Trois-Rivières,1-844-270-5055,https://www.quebec.ca/famille-et-soutien-aux-personnes/enfance/garderies-et-services-de-garde/portail-inscription/parents/acceder-parents,,46.32164,-72.59857,X,,,,,f,07h00–18h00,Fermé,Fermé,Fermé,non,non,Lun-ven 7h-18h. Fermeture jours fériés et 2 semaines l'été.
QC,tr-garde-mme-maryse-plourde,Mme Maryse Plourde,famille,Milieu familial subventionné,Trois-Rivières,1-844-270-5055,https://www.quebec.ca/famille-et-soutien-aux-personnes/enfance/garderies-et-services-de-garde/portail-inscription/parents/acceder-parents,,46.35361,-72.58664,X,,,,,f,07h00–18h00,Fermé,Fermé,Fermé,non,non,Lun-ven 7h-18h. Fermeture jours fériés et 2 semaines l'été.
QC,tr-garde-mme-paola-andrea-santamaria-rodriguez,Mme Paola Andrea Santamaria Rodriguez,famille,Milieu familial subventionné,Trois-Rivières,1-844-270-5055,https://www.quebec.ca/famille-et-soutien-aux-personnes/enfance/garderies-et-services-de-garde/portail-inscription/parents/acceder-parents,,46.33377,-72.58272,X,,,,,f,07h00–18h00,Fermé,Fermé,Fermé,non,non,Lun-ven 7h-18h. Fermeture jours fériés et 2 semaines l'été.
QC,tr-garde-mme-seri-lou-boti-desiree-yapo-epse-toa,Mme Seri Lou Boti Desirée Yapo Epse Toa,famille,Milieu familial subventionné,Trois-Rivières,1-844-270-5055,https://www.quebec.ca/famille-et-soutien-aux-personnes/enfance/garderies-et-services-de-garde/portail-inscription/parents/acceder-parents,,46.32279,-72.54328,X,,,,,f,07h00–18h00,Fermé,Fermé,Fermé,non,non,Lun-ven 7h-18h. Fermeture jours fériés et 2 semaines l'été.
QC,tr-garde-mme-sonya-tetreault,Mme Sonya Tétreault,famille,Milieu familial subventionné,Trois-Rivières,1-844-270-5055,https://www.quebec.ca/famille-et-soutien-aux-personnes/enfance/garderies-et-services-de-garde/portail-inscription/parents/acceder-parents,,46.36115,-72.59791,X,,,,,f,07h00–18h00,Fermé,Fermé,Fermé,non,non,Lun-ven 7h-18h. Fermeture jours fériés et 2 semaines l'été.
QC,tr-garde-nancy,Nancy,famille,Milieu familial subventionné,Trois-Rivières,1-844-270-5055,https://www.quebec.ca/famille-et-soutien-aux-personnes/enfance/garderies-et-services-de-garde/portail-inscription/parents/acceder-parents,,46.3664,-72.58835,X,,,,,f,07h00–18h00,Fermé,Fermé,Fermé,non,non,Lun-ven 7h-18h. Fermeture jours fériés et 2 semaines l'été.
QC,tr-garde-nancy-leduc,Nancy Leduc,famille,Milieu familial subventionné,Trois-Rivières,1-844-270-5055,https://www.quebec.ca/famille-et-soutien-aux-personnes/enfance/garderies-et-services-de-garde/portail-inscription/parents/acceder-parents,,46.37352,-72.5128,X,,,,,f,07h00–18h00,Fermé,Fermé,Fermé,non,non,Lun-ven 7h-18h. Fermeture jours fériés et 2 semaines l'été.
QC,tr-garde-saida-habibi-ihlane,SAIDA Habibi ihlane,famille,Milieu familial subventionné,Trois-Rivières,1-844-270-5055,https://www.quebec.ca/famille-et-soutien-aux-personnes/enfance/garderies-et-services-de-garde/portail-inscription/parents/acceder-parents,,46.36153,-72.6021,X,,,,,f,07h00–18h00,Fermé,Fermé,Fermé,non,non,Lun-ven 7h-18h. Fermeture jours fériés et 2 semaines l'été.
QC,tr-garde-sdg-il-etait-un-petit,SDG Il était un petit,famille,Milieu familial subventionné,Trois-Rivières,1-844-270-5055,https://www.quebec.ca/famille-et-soutien-aux-personnes/enfance/garderies-et-services-de-garde/portail-inscription/parents/acceder-parents,,46.35357,-72.52207,X,,,,,f,07h00–18h00,Fermé,Fermé,Fermé,non,non,Lun-ven 7h-18h. Fermeture jours fériés et 2 semaines l'été.
QC,tr-garde-sherly,SHERLY,famille,Milieu familial subventionné,Trois-Rivières,1-844-270-5055,https://www.quebec.ca/famille-et-soutien-aux-personnes/enfance/garderies-et-services-de-garde/portail-inscription/parents/acceder-parents,,46.31553,-72.52766,X,,,,,f,07h00–18h00,Fermé,Fermé,Fermé,non,non,Lun-ven 7h-18h. Fermeture jours fériés et 2 semaines l'été.
QC,tr-garde-service-de-garde-julie-beaulieu,Service de garde Julie beaulieu,famille,Milieu familial subventionné,Trois-Rivières,1-844-270-5055,https://www.quebec.ca/famille-et-soutien-aux-personnes/enfance/garderies-et-services-de-garde/portail-inscription/parents/acceder-parents,,46.33078,-72.50445,X,,,,,f,07h00–18h00,Fermé,Fermé,Fermé,non,non,Lun-ven 7h-18h. Fermeture jours fériés et 2 semaines l'été.
QC,tr-garde-service-de-garde-educatif-des-p-tites-ab,Service de garde éducatif Des P'tites Abeilles,famille,Milieu familial subventionné,Trois-Rivières,1-844-270-5055,https://www.quebec.ca/famille-et-soutien-aux-personnes/enfance/garderies-et-services-de-garde/portail-inscription/parents/acceder-parents,,46.33195,-72.53733,X,,,,,f,07h00–18h00,Fermé,Fermé,Fermé,non,non,Lun-ven 7h-18h. Fermeture jours fériés et 2 semaines l'été.
QC,tr-garde-milieu-familial,Services de garde en milieu familial — Trois-Rivières (1),famille,Milieu familial subventionné,Trois-Rivières,1-844-270-5055,https://www.quebec.ca/famille-et-soutien-aux-personnes/enfance/garderies-et-services-de-garde/portail-inscription/parents/acceder-parents,,46.35227,-72.52945,X,,,,,f,07h00–18h00,Fermé,Fermé,Fermé,non,non,Lun-ven 7h-18h. Fermeture jours fériés et 2 semaines l'été.
QC,tr-garde-milieu-familial-2,Services de garde en milieu familial — Trois-Rivières (2),famille,Milieu familial subventionné,Trois-Rivières,1-844-270-5055,https://www.quebec.ca/famille-et-soutien-aux-personnes/enfance/garderies-et-services-de-garde/portail-inscription/parents/acceder-parents,,46.35955,-72.5504,X,,,,,f,07h00–18h00,Fermé,Fermé,Fermé,non,non,Lun-ven 7h-18h. Fermeture jours fériés et 2 semaines l'été.
QC,tr-garde-milieu-familial-3,Services de garde en milieu familial — Trois-Rivières (3),famille,Milieu familial subventionné,Trois-Rivières,1-844-270-5055,https://www.quebec.ca/famille-et-soutien-aux-personnes/enfance/garderies-et-services-de-garde/portail-inscription/parents/acceder-parents,,46.36296,-72.55162,X,,,,,f,07h00–18h00,Fermé,Fermé,Fermé,non,non,Lun-ven 7h-18h. Fermeture jours fériés et 2 semaines l'été.
QC,tr-garde-milieu-familial-4,Services de garde en milieu familial — Trois-Rivières (4),famille,Milieu familial subventionné,Trois-Rivières,1-844-270-5055,https://www.quebec.ca/famille-et-soutien-aux-personnes/enfance/garderies-et-services-de-garde/portail-inscription/parents/acceder-parents,,46.35033,-72.58908,X,,,,,f,07h00–18h00,Fermé,Fermé,Fermé,non,non,Lun-ven 7h-18h. Fermeture jours fériés et 2 semaines l'été.
QC,tr-garde-milieu-familial-5,Services de garde en milieu familial — Trois-Rivières (5),famille,Milieu familial subventionné,Trois-Rivières,1-844-270-5055,https://www.quebec.ca/famille-et-soutien-aux-personnes/enfance/garderies-et-services-de-garde/portail-inscription/parents/acceder-parents,,46.31281,-72.58011,X,,,,,f,07h00–18h00,Fermé,Fermé,Fermé,non,non,Lun-ven 7h-18h. Fermeture jours fériés et 2 semaines l'été.
QC,tr-garde-sylvie-beaumier,Sylvie Beaumier,famille,Milieu familial subventionné,Trois-Rivières,1-844-270-5055,https://www.quebec.ca/famille-et-soutien-aux-personnes/enfance/garderies-et-services-de-garde/portail-inscription/parents/acceder-parents,,46.30884,-72.5265,X,,,,,f,07h00–18h00,Fermé,Fermé,Fermé,non,non,Lun-ven 7h-18h. Fermeture jours fériés et 2 semaines l'été.
QC,tr-garde-vickie-dube,Vickie Dube,famille,Milieu familial subventionné,Trois-Rivières,1-844-270-5055,https://www.quebec.ca/famille-et-soutien-aux-personnes/enfance/garderies-et-services-de-garde/portail-inscription/parents/acceder-parents,,46.35678,-72.50989,X,,,,,f,07h00–18h00,Fermé,Fermé,Fermé,non,non,Lun-ven 7h-18h. Fermeture jours fériés et 2 semaines l'été.
QC,tr-garde-winnie-garderie,Winnie garderie,famille,Milieu familial subventionné,Trois-Rivières,1-844-270-5055,https://www.quebec.ca/famille-et-soutien-aux-personnes/enfance/garderies-et-services-de-garde/portail-inscription/parents/acceder-parents,,46.35542,-72.58209,X,,,,,f,07h00–18h00,Fermé,Fermé,Fermé,non,non,Lun-ven 7h-18h. Fermeture jours fériés et 2 semaines l'été.
QC,tr-garde-cathy-tremblay,cathy tremblay,famille,Milieu familial subventionné,Trois-Rivières,1-844-270-5055,https://www.quebec.ca/famille-et-soutien-aux-personnes/enfance/garderies-et-services-de-garde/portail-inscription/parents/acceder-parents,,46.36874,-72.49672,X,,,,,f,07h00–18h00,Fermé,Fermé,Fermé,non,non,Lun-ven 7h-18h. Fermeture jours fériés et 2 semaines l'été.
QC,tr-garde-claude-bellemare,claude Bellemare,famille,Milieu familial subventionné,Trois-Rivières,1-844-270-5055,https://www.quebec.ca/famille-et-soutien-aux-personnes/enfance/garderies-et-services-de-garde/portail-inscription/parents/acceder-parents,,46.32489,-72.55567,X,,,,,f,07h00–18h00,Fermé,Fermé,Fermé,non,non,Lun-ven 7h-18h. Fermeture jours fériés et 2 semaines l'été.
QC,tr-garde-garderie-annick-groux,garderie annick groux,famille,Milieu familial subventionné,Trois-Rivières,1-844-270-5055,https://www.quebec.ca/famille-et-soutien-aux-personnes/enfance/garderies-et-services-de-garde/portail-inscription/parents/acceder-parents,,46.35457,-72.56885,X,,,,,f,07h00–18h00,Fermé,Fermé,Fermé,non,non,Lun-ven 7h-18h. Fermeture jours fériés et 2 semaines l'été.
QC,tr-garde-garderie-les-amis-de-nounou,garderie les amis de nounou,famille,Milieu familial subventionné,Trois-Rivières,1-844-270-5055,https://www.quebec.ca/famille-et-soutien-aux-personnes/enfance/garderies-et-services-de-garde/portail-inscription/parents/acceder-parents,,46.37701,-72.53179,X,,,,,f,07h00–18h00,Fermé,Fermé,Fermé,non,non,Lun-ven 7h-18h. Fermeture jours fériés et 2 semaines l'été.
QC,tr-garde-les-petits-loups,les petits loups,famille,Milieu familial subventionné,Trois-Rivières,1-844-270-5055,https://www.quebec.ca/famille-et-soutien-aux-personnes/enfance/garderies-et-services-de-garde/portail-inscription/parents/acceder-parents,,46.31552,-72.55554,X,,,,,f,07h00–18h00,Fermé,Fermé,Fermé,non,non,Lun-ven 7h-18h. Fermeture jours fériés et 2 semaines l'été.
QC,tr-garde-service-de-garde-les-petits-chatons,service de garde les petits chatons,famille,Milieu familial subventionné,Trois-Rivières,1-844-270-5055,https://www.quebec.ca/famille-et-soutien-aux-personnes/enfance/garderies-et-services-de-garde/portail-inscription/parents/acceder-parents,,46.36079,-72.58381,X,,,,,f,07h00–18h00,Fermé,Fermé,Fermé,non,non,Lun-ven 7h-18h. Fermeture jours fériés et 2 semaines l'été.
QC,tr-emp1,Carrefour Jeunesse-Emploi Mauricie (CJE),emploi,Aide à l'emploi,Trois-Rivières,819-375-1313,,"580, rue Barkoff, bureau 300, Trois-Rivières, QC G8T 9T7",46.3432,-72.5427,,,,,admin,f,08h30–16h30,Fermé,Fermé,Fermé,non,non,Lun-ven 8h30-16h30.
QC,emp-cje-trois-rivieres,Carrefour Jeunesse-Emploi Trois-Rivières / Des Chenaux,emploi,Carrefour jeunesse-emploi (CJE),Trois-Rivières,819 376-0179,https://cjetrdc.com/,"580, rue Barkoff, suite 300, Trois-Rivières, QC G8T 9T7",,,,X,,,cjetrdc.com,f,08h30–16h30,Fermé,Fermé,Fermé,non,non,Lun-ven 8h30-16h30. Sans RV ou sur RV selon service.
QC,emp-cfp-mauricie,Centre de formation professionnelle Mauricie,emploi,Formation professionnelle,Trois-Rivières,1-800-567-8655,https://cfmfp.ca,,,,X,X,,,curated-mauricie,f,08h30–16h30,Fermé,Fermé,Fermé,non,non,Lun-ven 8h30-16h30.
QC,emp-cle-trois-rivieres,Centre local d'emploi (CLE) Trois-Rivières,emploi,Centre local d'emploi (CLE),Trois-Rivières,819-371-6880,https://www.quebec.ca/emploi/centres-locaux-emploi,"3855, boul. des Forges, Trois-Rivières, QC G8Y 4Y8",,,,X,,,curated-quebec-gouv,f,08h30–16h30,Fermé,Fermé,Fermé,non,non,Lun-ven 8h30-16h30. Sans RV ou sur RV selon service.
QC,emp-cremauricie-tr,Coopérative de remplacement de la Mauricie – Trois-Rivières,emploi,Agence de placement,Trois-Rivières,819-370-3660,https://cremauricie.com,"3910, boulevard des Forges, bureau 203, Trois-Rivières, QC G8Y 1V7",,,,X,,,curated-mauricie,f,08h00–17h00,Variable,Fermé,Fermé,non,non,Lun-ven 8h-17h. Certaines agences ouvertes sam matin.
QC,tr-emp2,Emploi-Québec — Bureau de Trois-Rivières,emploi,Service public d'emploi,Trois-Rivières,1-888-643-4721,,"165, boulevard Sainte-Madeleine, Trois-Rivières, QC G8T 3L3",46.3432,-72.5427,,,,,,f,08h30–16h30,Fermé,Fermé,Fermé,non,non,Lun-ven 8h30-16h30. Sans RV ou sur RV selon service.
QC,organisme-insertion-socio,Organisme d'insertion socioprofessionnelle,emploi,Insertion professionnelle,Trois-Rivières,819-374-5500,,"7175, rue Marion, bureau 310, Trois-Rivières, QC G9A 5Z9",46.3502,-72.554,,,,,,f,08h30–16h30,Fermé,Fermé,Fermé,non,non,Lun-ven 8h30-16h30.
QC,emp-sier3r,SIER 3R – Service d'insertion en emploi par recyclage,emploi,Insertion socioprofessionnelle,Trois-Rivières,819-693-6777,https://sier3r.com,"1453, rue Radisson, Trois-Rivières, QC G9A 2G4",,,,X,,,curated-mauricie,f,08h30–16h30,Fermé,Fermé,Fermé,non,non,Lun-ven 8h30-16h30. Sans RV ou sur RV selon service.
QC,emp-sit-mauricie-tr,SIT Mauricie – Service d'intégration au travail (Trois-Rivières),emploi,Insertion socioprofessionnelle,Trois-Rivières,819-694-0704,https://www.sitmauricie.com,"1090, rue De La Vérendrye, Trois-Rivières, QC G9A 2S8",,,,X,,,curated-mauricie,f,08h30–16h30,Fermé,Fermé,Fermé,non,non,Lun-ven 8h30-16h30. Sans RV ou sur RV selon service.
QC,tr-cavac,CAVAC Mauricie-Centre-du-Québec,famille,Aide aux victimes,Trois-Rivières,819-373-0318,,"950, rue Royale, bureau 104, Trois-Rivières, QC G9A 4H8",46.3432,-72.5427,,,,,admin,f,08h30–16h30,Fermé,Fermé,Fermé,non,non,Lun-ven 8h30-16h30. Sur RV.
QC,tr-fam1,Centre-femmes de la Mauricie,famille,Soutien aux femmes,Trois-Rivières,819-378-9373,,"889, rue du Haut-Boc, Trois-Rivières, QC G9A 4W7",46.3432,-72.5427,,,,,admin,f,08h30–16h30,Fermé,Fermé,Fermé,non,non,Lun-ven 8h30-16h30. Sur RV.
QC,accueil-bonneau-tr,Accueil Bonneau — Distribution alimentaire,alimentation,Banque alimentaire,Trois-Rivières,819-374-5000,,"1, rue Fusey, bureau 101, Trois-Rivières, QC G8T 2T2",46.3482,-72.5552,,,,,,f,09h00–16h00,09h00–13h00,Fermé,Fermé,non,non,"Lun-ven 9h-16h, sam 9h-13h. Horaires varient selon point de distribution."
QC,centre-entraide-alimentaire,Centre d'entraide alimentaire,alimentation,Dépannage alimentaire,Trois-Rivières,819-373-4455,,"3275, rue Girard, Trois-Rivières, QC G8Z 2M5",46.3498,-72.5508,,,,,,f,08h30–16h30,09h00–12h00,Fermé,Fermé,non,non,"Dépannage lun-ven 8h30-16h30, sam 9h-12h. Appeler avant de se présenter."
QC,comptoir-st-vincent-de-paul,Comptoir alimentaire St-Vincent-de-Paul,alimentation,Dépannage alimentaire,Trois-Rivières,819-375-4321,,"2580, rue Royale, Trois-Rivières, QC G9A 4L5",46.3505,-72.549,,,,,,f,08h30–16h30,09h00–12h00,Fermé,Fermé,non,non,"Dépannage lun-ven 8h30-16h30, sam 9h-12h. Appeler avant de se présenter."
QC,cuisine-collective-tr,Cuisine collective Trois-Rivières,alimentation,Café communautaire,Trois-Rivières,819-373-1010,,"1060, rue St-François-Xavier, local 145 B, Trois-Rivières, QC G9A 1R8",46.3521,-72.5468,,,,,,f,11h30–13h30,Variable,Variable,Fermé,non,non,Service de repas midi lun-ven 11h30-13h30. Vérifier horaires spéciaux.
QC,distribution-alimentaire-urgence,Distribution alimentaire d'urgence,alimentation,Dépannage alimentaire,Trois-Rivières,819-374-9900,,"5593, rue Jean-Paul Lavergne, Trois-Rivières, QC G8Y 3Y5",46.3488,-72.5528,,,,,,f,00h00–24h00,00h00–24h00,00h00–24h00,00h00–24h00,oui,oui,"Service disponible 24h/24, 7j/7"
QC,tr-f1,Moisson Mauricie / Centre-du-Québec,alimentation,Banque alimentaire,Trois-Rivières,819-370-0484,,"1579, rue Laviolette, Trois-Rivières, QC G9A 1W5",46.3358,-72.5511,,,,,,f,09h00–16h00,09h00–13h00,Fermé,Fermé,non,non,"Lun-ven 9h-16h, sam 9h-13h. Horaires varient selon point de distribution."
QC,baq-moisson-mauricie,Moisson Mauricie/Centre-du-Québec,alimentation,Banque alimentaire régionale,Trois-Rivières,819-371-7778,https://moissonmcdq.org,"1300, rue Saint-Olivier, Trois-Rivières, QC G9A 1M9",,,,X,,,curated-baq-network,f,09h00–16h00,09h00–13h00,Fermé,Fermé,non,non,"Lun-ven 9h-16h, sam 9h-13h. Horaires varient selon point de distribution."
QC,popote-roulante-tr,Popote roulante Trois-Rivières,alimentation,Aide alimentaire,Trois-Rivières,819-374-2800,,"929, rue du Père-Daniel, Trois-Rivières, QC G9A 2W9",46.353,-72.5462,,,,,,f,08h30–12h00 (livraison),Fermé,Fermé,Fermé,non,non,Livraison à domicile lun-ven matin. Inscription requise.
QC,repas-communautaires-mauricie,Repas communautaires Mauricie,alimentation,Café communautaire,Trois-Rivières,819-374-8800,,"1, rue Fusey, bureau 101, Trois-Rivières, QC G8T 2T2",46.351,-72.5458,,,,,,f,11h30–13h30,Variable,Variable,Fermé,non,non,Service de repas midi lun-ven 11h30-13h30. Vérifier horaires spéciaux.
QC,tr-f2,Société de Saint-Vincent-de-Paul – Trois-Rivières,alimentation,Aide alimentaire,Trois-Rivières,819-375-8467,,"2580, rue Royale, Trois-Rivières, QC G9A 4L5",46.3432,-72.5427,,,,,,f,09h00–16h00,09h00–12h00,Fermé,Fermé,non,non,Lun-ven 9h-16h. Vérifier horaires locaux.
QC,tr-ciusss-territoire,CIUSSS MCQ — Territoire de Trois-Rivières,sante,Réseau de la santé,Trois-Rivières,819-370-2200,,"550, rue Bonaventure, Trois-Rivières, QC G9A 2B5",46.3432,-72.5427,,,,,,f,08h30–16h30,Fermé,Fermé,Fermé,non,non,Lun-ven 8h30-16h30. Pour urgence: 811 (Info-Santé) ou urgence hospitalière.
QC,msss-clsc-trois-rivieres-clsc-chanoine-chamberland,CLSC Chanoine-Chamberland,sante,CLSC,Trois-Rivières,819-379-2317,,"3140, rue Chanoine-Chamberland, Trois-Rivières, QC G8Z 2T2",46.33399963378906,-72.5593032836914,,,,,donnees-quebec.ca/MSSS,f,08h00–20h00,08h00–16h00,08h00–16h00,08h00–16h00,non,non,Lun-ven 8h-20h. Sam-dim et fériés 8h-16h. Sur RV pour certains services.
QC,msss-clsc-trois-rivieres-clsc-sainte-genevieve,CLSC Sainte-Geneviève,sante,CLSC,Trois-Rivières,819-370-2200,,"620, rue Sainte-Geneviève, Trois-Rivières, QC G9A 3W7",46.348899841308594,-72.53949737548828,,,,,donnees-quebec.ca/MSSS,f,08h00–20h00,08h00–16h00,08h00–16h00,08h00–16h00,non,non,Lun-ven 8h-20h. Sam-dim et fériés 8h-16h. Sur RV pour certains services.
QC,tr-health1,CLSC de Trois-Rivières — CIUSSS MCQ,sante,CLSC / Soins de santé,Trois-Rivières,819-370-2100,,"731, rue Sainte-Julie, Trois-Rivières, QC G9A 1Y1",46.3432,-72.5427,,,,,,f,08h00–20h00,08h00–16h00,08h00–16h00,08h00–16h00,non,non,Lun-ven 8h-20h. Sam-dim et fériés 8h-16h. Sur RV pour certains services.
QC,msss-chsld-trois-rivieres-centre-d-hebergement-louis-denoncourt,Centre D'Hébergement Louis-Denoncourt,sante,CHSLD,Trois-Rivières,819-370-2100,,"435, rue Saint-Roch, Trois-Rivières, QC G9A 2L9",46.3400993347168,-72.5459976196289,,,,,donnees-quebec.ca/MSSS,f,08h00–16h00 (admin) | Soins 24h/24,Soins 24h/24 (admin fermé),Soins 24h/24 (admin fermé),Soins 24h/24 (admin fermé),oui,non,Milieu de vie 24h/24. Admin: lun-ven 8h-16h. Visites: 8h-21h30
QC,msss-chsld-trois-rivieres-centre-d-hebergement-roland-leclerc,Centre D'Hébergement Roland-Leclerc,sante,CHSLD,Trois-Rivières,819-370-2100,,"3500, rue Sainte-Marguerite, Trois-Rivières, QC G8Z 1X3",46.344200134277344,-72.57959747314453,,,,,donnees-quebec.ca/MSSS,f,08h00–16h00 (admin) | Soins 24h/24,Soins 24h/24 (admin fermé),Soins 24h/24 (admin fermé),Soins 24h/24 (admin fermé),oui,non,Milieu de vie 24h/24. Admin: lun-ven 8h-16h. Visites: 8h-21h30
QC,msss-hopital-trois-rivieres-centre-de-services-ambulatoires-en-sante-mentale-de-trois-ri,Centre De Services Ambulatoires En Santé Mentale De Trois-Rivières,sante,Hôpital,Trois-Rivières,819-370-2100,,"1573, boulevard des Forges, Trois-Rivières, QC G8Z 1T7",46.34450149536133,-72.55760192871094,,,,,donnees-quebec.ca/MSSS,f,00h00–24h00 (urgences) | 08h00–16h00 (admin),00h00–24h00 (urgences),00h00–24h00 (urgences),00h00–24h00 (urgences),oui,oui,Urgences 24h/24. Services ambulatoires sur rendez-vous: lun-ven 8h-16h
QC,msss-clsc-trois-rivieres-centre-multiservices-de-sante-et-de-services-sociaux-cloutie,Centre Multiservices De Santé Et De Services Sociaux Cloutier,sante,CLSC,Trois-Rivières,819-370-2100,,"155, rue Toupin, Trois-Rivières, QC G8T 3Z8",46.36529922485352,-72.50499725341797,,,,,donnees-quebec.ca/MSSS,f,08h00–20h00,08h00–16h00,08h00–16h00,08h00–16h00,non,non,Lun-ven 8h-20h. Sam-dim et fériés 8h-16h. Sur RV pour certains services.
QC,msss-chsld-trois-rivieres-centre-multiservices-de-sante-et-de-services-sociaux-cooke,Centre Multiservices De Santé Et De Services Sociaux Cooke,sante,CHSLD,Trois-Rivières,819-370-2100,,"3450, rue Sainte-Marguerite, Trois-Rivières, QC G8Z 1X3",46.34450149536133,-72.5770034790039,,,,,donnees-quebec.ca/MSSS,f,08h00–16h00 (admin) | Soins 24h/24,Soins 24h/24 (admin fermé),Soins 24h/24 (admin fermé),Soins 24h/24 (admin fermé),oui,non,Milieu de vie 24h/24. Admin: lun-ven 8h-16h. Visites: 8h-21h30
QC,msss-clsc-trois-rivieres-centre-multiservices-de-sante-et-de-services-sociaux-saint-j,Centre Multiservices De Santé Et De Services Sociaux Saint-Joseph,sante,CLSC,Trois-Rivières,819-370-2100,,"731, rue Sainte-Julie, Trois-Rivières, QC G9A 1Y1",46.34709930419922,-72.54650115966797,,,,,donnees-quebec.ca/MSSS,f,08h00–20h00,08h00–16h00,08h00–16h00,08h00–16h00,non,non,Lun-ven 8h-20h. Sam-dim et fériés 8h-16h. Sur RV pour certains services.
QC,msss-chsld-trois-rivieres-maison-des-aines-et-alternative-de-trois-rivieres,Maison Des Aînés Et Alternative De Trois-Rivières,sante,CHSLD,Trois-Rivières,819-370-2100,,"6, rue Fusey, Trois-Rivières, QC G8T 2T1",46.36259841918945,-72.529296875,,,,,donnees-quebec.ca/MSSS,f,08h00–16h00 (admin) | Soins 24h/24,Soins 24h/24 (admin fermé),Soins 24h/24 (admin fermé),Soins 24h/24 (admin fermé),oui,non,Milieu de vie 24h/24. Admin: lun-ven 8h-16h. Visites: 8h-21h30
QC,msss-hopital-trois-rivieres-pavillon-sainte-marie,Pavillon Sainte-Marie,sante,Hôpital,Trois-Rivières,819-375-4444,,"1991, boulevard du Carmel, Trois-Rivières, QC G8Z 3R9",46.354400634765625,-72.56320190429688,,,,,donnees-quebec.ca/MSSS,f,00h00–24h00 (urgences) | 08h00–16h00 (admin),00h00–24h00 (urgences),00h00–24h00 (urgences),00h00–24h00 (urgences),oui,oui,Urgences 24h/24. Services ambulatoires sur rendez-vous: lun-ven 8h-16h
QC,centre-aide-logement-tr,Centre d'aide au logement,logement,Logement subventionné,Trois-Rivières,819-375-0444,,"385, Côte Richelieu, Trois-Rivières, QC G9A 2Y9",46.3518,-72.5498,,,,,,f,08h30–16h30,Fermé,Fermé,Fermé,non,non,Bureau lun-ven 8h30-16h30. Liste d'attente – inscription requise.
QC,tr-h2,Mission de l'Espoir – Trois-Rivières,logement,Hébergement d'urgence,Trois-Rivières,819-375-7782,,"1457, rue Notre-Dame Est, Trois-Rivières, QC G9A 4X9",46.3442,-72.548,,,,,,f,00h00–24h00,00h00–24h00,00h00–24h00,00h00–24h00,oui,oui,"Hébergement d'urgence: accueil 24h/24, 7j/7."
QC,h-omh-trois-rivieres,Office municipal d'habitation de Trois-Rivières,logement,Office municipal d'habitation,Trois-Rivières,819-378-5438,https://omhtr.ca,"30, rue Williams, Trois-Rivières, QC G8T 1S5",,,,X,,,curated-housing-network,f,08h30–16h30,Fermé,Fermé,Fermé,non,non,Bureau lun-ven 8h30-16h30. Liste d'attente – inscription requise.
QC,aide-installation-immigrants,Aide à l'installation des immigrants,immigration,Intégration immigrants,Trois-Rivières,819-373-4822,,"919, boulevard du Saint-Maurice, Trois-Rivières, QC G9A 3R1",46.3508,-72.5498,,,,,,f,08h30–16h30,Fermé,Fermé,Fermé,non,non,Lun-ven 8h30-16h30. Sur RV pour consultations spécialisées.
QC,tr-immig1,CITIM — Comité d'intégration et régionalisation de l'immigration Mauricie,immigration,Intégration immigrants,Trois-Rivières,819-372-4655,,"919, boulevard du Saint-Maurice, Trois-Rivières, QC G9A 3R1",46.3432,-72.5427,,,,,,f,08h30–16h30,Fermé,Fermé,Fermé,non,non,Lun-ven 8h30-16h30. Sur RV pour consultations spécialisées.
QC,programme-accompagnement-arrivants,Programme d'accompagnement nouveaux arrivants,immigration,Intégration immigrants,Trois-Rivières,819-373-4822,,"919, boulevard du Saint-Maurice, Trois-Rivières, QC G9A 3R1",46.3505,-72.5518,,,,,,t,08h30–16h30,Fermé,Fermé,Fermé,non,non,Lun-ven 8h30-16h30. Sur RV pour consultations spécialisées.
QC,service-accueil-nouveaux-arrivants,Service d'accueil aux nouveaux arrivants,immigration,Intégration immigrants,Trois-Rivières,819-373-4822,,"919, boulevard du Saint-Maurice, Trois-Rivières, QC G9A 3R1",46.3505,-72.5512,,,,,,f,08h30–16h30,Fermé,Fermé,Fermé,non,non,Lun-ven 8h30-16h30. Sur RV pour consultations spécialisées.
QC,service-traduction-communautaire,Service de traduction communautaire,immigration,Services d'interprétation,Trois-Rivières,819-374-7799,,"919, boulevard du Saint-Maurice, Trois-Rivières, QC G9A 3R1",46.3512,-72.5505,,,,,,f,08h30–16h30,Fermé,Fermé,Fermé,non,non,Lun-ven 8h30-16h30. Sur RV pour consultations spécialisées.
QC,tr-m1,Centre de Crise de la Mauricie,santemental,Crise psychologique,Trois-Rivières,819-379-0596,,"492, rue Niverville, Trois-Rivières, QC G9A 2A2",46.3432,-72.5427,,,,,,f,00h00–24h00,00h00–24h00,00h00–24h00,00h00–24h00,oui,oui,"Service disponible 24h/24, 7j/7"
QC,mh-crise-mauricie,Centre de prévention du suicide Accalmie,santemental,Centre de prévention du suicide,Trois-Rivières,819-379-9238,https://cpsaccalmie.ca,"1905, rue Royale, Trois-Rivières, QC G9A 4K8",,,,X,,,curated-mh-network,f,00h00–24h00,00h00–24h00,00h00–24h00,00h00–24h00,oui,oui,"Service disponible 24h/24, 7j/7"
QC,readaptation-dependance-mcq,Centre de réadaptation en dépendance Mauricie,santemental,Dépendance et addiction,Trois-Rivières,819-374-4744,,"3440, rue Sainte-Marguerite, Trois-Rivières, QC G8Z 1X3",46.3502,-72.5545,,,,,,f,08h30–16h30,Fermé,Fermé,Fermé,non,non,Lun-ven 8h30-16h30. Urgences: appeler le 811 ou aller à l'urgence.
QC,centre-jeunesse-mauricie,Centre jeunesse Mauricie–Centre-du-Québec,santemental,Services jeunesse,Trois-Rivières,819-374-4783,,"2735, rue Papineau, Trois-Rivières, QC G8Z 1N8",46.3488,-72.5535,,,,,,f,08h30–16h30,Fermé,Fermé,Fermé,non,non,Lun-ven 8h30-16h30. Sur rendez-vous pour suivi.
QC,tr-drop,Drogue Aide et Référence — Point de contact Trois-Rivières,santemental,Dépendance et addiction,Trois-Rivières,1-800-265-2626,,,46.3432,-72.5427,X,,,,,f,00h00–24h00,00h00–24h00,00h00–24h00,00h00–24h00,oui,oui,"Service disponible 24h/24, 7j/7"
QC,groupe-entraide-sante-mentale,Groupe d'entraide en santé mentale,santemental,Soutien communautaire,Trois-Rivières,819-375-5880,,"819, rue Ste-Cécile, Trois-Rivières, QC G9A 1L2",46.3518,-72.5475,,,,,,f,08h30–16h30,Fermé,Fermé,Fermé,non,non,Lun-ven 8h30-16h30. Sur rendez-vous pour suivi.
QC,le-traversier,Le Traversier — Aide psychosociale,santemental,Soutien communautaire,Trois-Rivières,819-373-5820,,"385, Côte Richelieu, Trois-Rivières, QC G9A 2Y9",46.3512,-72.5488,,,,,,f,08h30–16h30,Fermé,Fermé,Fermé,non,non,Lun-ven 8h30-16h30. Sur rendez-vous pour suivi.
QC,maison-carignan,Maison Carignan,santemental,Dépendances et santé mentale,Trois-Rivières,1-877-373-9435,https://maisoncarignan.qc.ca/,"7515, boulevard Parent, Trois-Rivières, QC G9C 0M5",46.352,-72.55,,,,,,f,08h30–16h30,Fermé,Fermé,Fermé,non,non,Lun-ven 8h30-16h30. Urgences: appeler le 811 ou aller à l'urgence.
QC,na-mauricie,Narcotiques Anonymes Mauricie,santemental,Dépendance et addiction,Trois-Rivières,1-800-879-0333,,,46.3515,-72.5462,X,,,,,f,Variable (réunions soir),Variable (réunions soir),Variable (réunions soir),Variable,non,non,Réunions le soir (horaires variables selon groupe). Voir site ou appeler.
QC,info-social-811,Service Info-Social 811,santemental,Ligne d'écoute,Trois-Rivières,811,,,46.8139,-71.208,X,,,,,t,00h00–24h00,00h00–24h00,00h00–24h00,00h00–24h00,oui,oui,"Service disponible 24h/24, 7j/7"
QC,accueil-communautaire-tr,Accueil communautaire Trois-Rivières,soutienSocial,Accueil & référence,Trois-Rivières,819-373-1473,,"1060, rue St-François-Xavier, local 310, Trois-Rivières, QC G9A 1R8",46.3465,-72.542,,,,,,f,08h30–16h30,Fermé,Fermé,Fermé,non,non,Lun-ven 8h30-16h30.
QC,tr-legal1,Bureau d'aide juridique de la Mauricie,soutienSocial,Aide juridique,Trois-Rivières,819-371-6711,,"1350, rue Royale, bureau 601, Trois-Rivières, QC G9A 4J4",46.3432,-72.5427,,,,,,f,08h30–16h30,Fermé,Fermé,Fermé,non,non,Lun-ven 8h30-16h30.
QC,tr-social1,Centraide Mauricie,soutienSocial,Soutien communautaire,Trois-Rivières,819-374-3676,,"240, rue des Forges, bureau 203, Trois-Rivières, QC G9A 2G8",46.3432,-72.5427,,,,,,f,08h30–16h30,Fermé,Fermé,Fermé,non,non,Lun-ven 8h30-16h30.
QC,centre911-trois-rivieres,Centre 911 de Trois-Rivières — Mauricie,soutienSocial,Centre 911,Trois-Rivières,911,,,46.3432,-72.5427,X,,,,,f,00h00–24h00,00h00–24h00,00h00–24h00,00h00–24h00,oui,oui,"Service disponible 24h/24, 7j/7"
QC,saaq-trois-rivieres,SAAQ — Bureau de Trois-Rivières,soutienSocial,Services gouvernementaux,Trois-Rivières,1-800-361-7620,,"765, rue Thibeau, bureau 700, Trois-Rivières, QC G8T 7A4",46.3432,-72.5432,,,,,,f,08h30–16h30,Fermé,Fermé,Fermé,non,non,Lun-ven 8h30-16h30. En ligne 24h/24 pour certains services.
QC,police-trois-rivieres,Service de police de Trois-Rivières (SPTR),soutienSocial,Service de police,Trois-Rivières,819-691-2929,,"2250, boulevard des Forges, Trois-Rivières, QC G8Z 1V2",46.3432,-72.5427,,,,,,f,00h00–24h00,00h00–24h00,00h00–24h00,00h00–24h00,oui,oui,"Service disponible 24h/24, 7j/7"
QC,incendie-trois-rivieres,Service de sécurité incendie de Trois-Rivières,soutienSocial,Service des incendies,Trois-Rivières,819-379-4600,,"1057, rue du Fleuve, Trois-Rivières, QC G9A 4L4",46.3432,-72.5427,,,,,,f,00h00–24h00,00h00–24h00,00h00–24h00,00h00–24h00,oui,oui,"Service disponible 24h/24, 7j/7"
QC,msss-clsc-temiscaming-centre-multiservices-de-sante-et-de-services-sociaux-de-temi,Centre Multiservices De Santé Et De Services Sociaux De Témiscaming-Kipawa,sante,CLSC,Témiscaming,819-627-3385,,"180, rue Anvik, Témiscaming, QC J0Z 3R0",46.72570037841797,-79.09410095214844,,,,,donnees-quebec.ca/MSSS,f,08h00–20h00,08h00–16h00,08h00–16h00,08h00–16h00,non,non,Lun-ven 8h-20h. Sam-dim et fériés 8h-16h. Sur RV pour certains services.
QC,msss-clsc-temiscouata-sur-le-lac-clsc-de-cabano,CLSC De Cabano,sante,CLSC,Témiscouata-sur-le-Lac,418-899-6751,,"33, rue Saint-Laurent, Témiscouata-sur-le-Lac, QC G0L 1E0",47.67959976196289,-68.88700103759766,,,,,donnees-quebec.ca/MSSS,f,08h00–20h00,08h00–16h00,08h00–16h00,08h00–16h00,non,non,Lun-ven 8h-20h. Sam-dim et fériés 8h-16h. Sur RV pour certains services.
QC,msss-clsc-temiscouata-sur-le-lac-hopital-de-notre-dame-du-lac,Hôpital De Notre-Dame-Du-Lac,sante,CLSC,Témiscouata-sur-le-Lac,418-899-6751,,"58, rue de l'Église, Témiscouata-sur-le-Lac, QC G0L 1X0",47.61240005493164,-68.79930114746094,,,,,donnees-quebec.ca/MSSS,f,00h00–24h00 (urgences) | 08h00–16h00 (admin),00h00–24h00 (urgences),00h00–24h00 (urgences),00h00–24h00 (urgences),oui,oui,Urgences 24h/24. Services ambulatoires sur rendez-vous: lun-ven 8h-16h
QC,msss-clsc-umiujaq-dispensaire-d-umiujaq,Dispensaire D'Umiujaq,sante,CLSC,Umiujaq,819-331-7200,,"Umiujaq, Umiujaq, QC J0M 1Y0",56.5531005859375,-76.54789733886719,,,,,donnees-quebec.ca/MSSS,f,08h00–20h00,08h00–16h00,08h00–16h00,08h00–16h00,non,non,Lun-ven 8h-20h. Sam-dim et fériés 8h-16h. Sur RV pour certains services.
QC,msss-clsc-val-d-or-aire-ouverte-de-la-vallee-de-l-or,Aire Ouverte De La Vallée-De-L'Or,sante,CLSC,Val-d'Or,819-825-5858,,"1122, 8e Rue, suite 101, Val-d'Or, QC J9P 3N6",48.10110092163086,-77.78559875488281,,,,,donnees-quebec.ca/MSSS,f,08h00–20h00,08h00–16h00,08h00–16h00,08h00–16h00,non,non,Lun-ven 8h-20h. Sam-dim et fériés 8h-16h. Sur RV pour certains services.
QC,msss-chsld-val-d-or-chsld-de-val-d-or,CHSLD De Val-D'Or,sante,CHSLD,Val-d'Or,819-825-5858,,"1212, avenue Brébeuf, Val-d'Or, QC J9P 2C9",48.10179901123047,-77.79879760742188,,,,,donnees-quebec.ca/MSSS,f,08h00–16h00 (admin) | Soins 24h/24,Soins 24h/24 (admin fermé),Soins 24h/24 (admin fermé),Soins 24h/24 (admin fermé),oui,non,Milieu de vie 24h/24. Admin: lun-ven 8h-16h. Visites: 8h-21h30
QC,msss-clsc-val-d-or-clsc-et-centre-de-readaptation-en-dependance-de-val-d-or,CLSC Et Centre De Réadaptation En Dépendance De Val-D'Or,sante,CLSC,Val-d'Or,819-825-5858,,"735, 6e Rue, Val-d'Or, QC J9P 3Y1",48.0968017578125,-77.79720306396484,,,,,donnees-quebec.ca/MSSS,f,08h00–20h00,08h00–16h00,08h00–16h00,08h00–16h00,non,non,Lun-ven 8h-20h. Sam-dim et fériés 8h-16h. Sur RV pour certains services.
QC,msss-clsc-val-d-or-centre-multiservices-de-sante-et-de-services-sociaux-l-etape,Centre Multiservices De Santé Et De Services Sociaux L'Étape,sante,CLSC,Val-d'Or,819-825-5858,,"700, boulevard Forest, Val-d'Or, QC J9P 2L3",48.09809875488281,-77.78880310058594,,,,,donnees-quebec.ca/MSSS,f,08h00–20h00,08h00–16h00,08h00–16h00,08h00–16h00,non,non,Lun-ven 8h-20h. Sam-dim et fériés 8h-16h. Sur RV pour certains services.
QC,msss-hopital-val-d-or-groupe-de-medecine-de-famille-universitaire-de-la-vallee-de-,Groupe De Médecine De Famille Universitaire De La Vallée-De-L’or,sante,Hôpital,Val-d'Or,819-825-5858,,"575, 6e Rue, Val-d'Or, QC J9P 0L6",48.09529876708984,-77.79560089111328,,,,,donnees-quebec.ca/MSSS,f,00h00–24h00 (urgences) | 08h00–16h00 (admin),00h00–24h00 (urgences),00h00–24h00 (urgences),00h00–24h00 (urgences),oui,oui,Urgences 24h/24. Services ambulatoires sur rendez-vous: lun-ven 8h-16h
QC,msss-clsc-val-d-or-hopital-de-val-d-or,Hôpital De Val-D'Or,sante,CLSC,Val-d'Or,819-825-5858,,"725, 6e Rue, Val-d'Or, QC J9P 3Y1",48.096099853515625,-77.79679870605469,,,,,donnees-quebec.ca/MSSS,f,00h00–24h00 (urgences) | 08h00–16h00 (admin),00h00–24h00 (urgences),00h00–24h00 (urgences),00h00–24h00 (urgences),oui,oui,Urgences 24h/24. Services ambulatoires sur rendez-vous: lun-ven 8h-16h
QC,msss-clsc-val-d-or-maison-de-naissance-et-de-la-petite-enfance-des-grands-pins,Maison De Naissance Et De La Petite Enfance Des Grands Pins,sante,CLSC,Val-d'Or,819-825-5858,,"1201, boulevard Forest, Val-d'Or, QC J9P 5H3",48.0974006652832,-77.79759979248047,,,,,donnees-quebec.ca/MSSS,f,08h00–20h00,08h00–16h00,08h00–16h00,08h00–16h00,non,non,Lun-ven 8h-20h. Sam-dim et fériés 8h-16h. Sur RV pour certains services.
QC,msss-chsld-val-d-or-maison-des-aines-et-alternative-de-val-d-or,Maison Des Aînés Et Alternative De Val-D'Or,sante,CHSLD,Val-d'Or,819-825-5858,,"1030, avenue des Érables, Val-d'Or, QC J9P 2R3",48.09519958496094,-77.80000305175781,,,,,donnees-quebec.ca/MSSS,f,08h00–16h00 (admin) | Soins 24h/24,Soins 24h/24 (admin fermé),Soins 24h/24 (admin fermé),Soins 24h/24 (admin fermé),oui,non,Milieu de vie 24h/24. Admin: lun-ven 8h-16h. Visites: 8h-21h30
QC,msss-clsc-val-des-bois-clsc-de-val-des-bois,CLSC De Val-Des-Bois,sante,CLSC,Val-des-Bois,819-278-3993,,"601, route 309, Val-des-Bois, QC J0X 3C0",45.91619873046875,-75.59190368652344,,,,,donnees-quebec.ca/MSSS,f,08h00–20h00,08h00–16h00,08h00–16h00,08h00–16h00,non,non,Lun-ven 8h-20h. Sam-dim et fériés 8h-16h. Sur RV pour certains services.
QC,msss-clsc-val-des-monts-clsc-de-val-des-monts,CLSC De Val-Des-Monts,sante,CLSC,Val-des-Monts,819-278-3993,,"1884, route du Carrefour, Val-des-Monts, QC J8N 7M8",45.58509826660156,-75.61920166015625,,,,,donnees-quebec.ca/MSSS,f,08h00–20h00,08h00–16h00,08h00–16h00,08h00–16h00,non,non,Lun-ven 8h-20h. Sam-dim et fériés 8h-16h. Sur RV pour certains services.
QC,msss-clsc-val-des-sources-centre-multiservices-de-sante-et-de-services-sociaux-des-sou,Centre Multiservices De Santé Et De Services Sociaux Des Sources,sante,CLSC,Val-des-Sources,819-877-3434,,"475, 3e Avenue, Val-des-Sources, QC J1T 1X6",45.77180099487305,-71.92610168457031,,,,,donnees-quebec.ca/MSSS,f,08h00–20h00,08h00–16h00,08h00–16h00,08h00–16h00,non,non,Lun-ven 8h-20h. Sam-dim et fériés 8h-16h. Sur RV pour certains services.
QC,msss-clsc-valcourt-clsc-et-chsld-de-valcourt,CLSC Et CHSLD De Valcourt,sante,CLSC,Valcourt,450-532-3748,,"1150, rue Champlain, Valcourt, QC J0E 2L0",45.4921989440918,-72.31880187988281,,,,,donnees-quebec.ca/MSSS,f,08h00–16h00 (admin) | Soins 24h/24,Soins 24h/24 (admin fermé),Soins 24h/24 (admin fermé),Soins 24h/24 (admin fermé),oui,non,Milieu de vie 24h/24. Admin: lun-ven 8h-16h. Visites: 8h-21h30
QC,msss-clsc-varennes-clsc-de-varennes,CLSC De Varennes,sante,CLSC,Varennes,450-466-5000,,"2022, Place du 350e, local 111, Varennes, QC J3X 0K9",45.67959976196289,-73.43840026855469,,,,,donnees-quebec.ca/MSSS,f,08h00–20h00,08h00–16h00,08h00–16h00,08h00–16h00,non,non,Lun-ven 8h-20h. Sam-dim et fériés 8h-16h. Sur RV pour certains services.
QC,msss-clsc-varennes-clsc-des-seigneuries,CLSC Des Seigneuries,sante,CLSC,Varennes,450-466-5000,,"2220, boulevard René-Gaultier, Varennes, QC J3X 1E3",45.682498931884766,-73.4363021850586,,,,,donnees-quebec.ca/MSSS,f,08h00–20h00,08h00–16h00,08h00–16h00,08h00–16h00,non,non,Lun-ven 8h-20h. Sam-dim et fériés 8h-16h. Sur RV pour certains services.
QC,msss-chsld-varennes-centre-d-hebergement-de-lajemmerais,Centre D'Hébergement De Lajemmerais,sante,CHSLD,Varennes,450-466-5000,,"60, rue d'Youville, Varennes, QC J3X 1R1",45.68389892578125,-73.43930053710938,,,,,donnees-quebec.ca/MSSS,f,08h00–16h00 (admin) | Soins 24h/24,Soins 24h/24 (admin fermé),Soins 24h/24 (admin fermé),Soins 24h/24 (admin fermé),oui,non,Milieu de vie 24h/24. Admin: lun-ven 8h-16h. Visites: 8h-21h30
QC,msss-chsld-vaudreuil-dorion-chsld-et-centre-de-readaptation-en-deficience-physique-de-va,CHSLD Et Centre De Réadaptation En Déficience Physique De Vaudreuil-Dorion,sante,CHSLD,Vaudreuil-Dorion,450-455-6171,,"408, avenue Saint-Charles, Vaudreuil-Dorion, QC J7V 7M9",45.39609909057617,-74.02519989013672,,,,,donnees-quebec.ca/MSSS,f,08h00–16h00 (admin) | Soins 24h/24,Soins 24h/24 (admin fermé),Soins 24h/24 (admin fermé),Soins 24h/24 (admin fermé),oui,non,Milieu de vie 24h/24. Admin: lun-ven 8h-16h. Visites: 8h-21h30
QC,msss-chsld-vaudreuil-dorion-chsld-manoir-harwood,CHSLD Manoir Harwood,sante,CHSLD,Vaudreuil-Dorion,450-455-6171,,"170, rue Boileau, Vaudreuil-Dorion, QC J7V 8A3",45.40340042114258,-74.04129791259766,,,,,donnees-quebec.ca/MSSS,f,08h00–16h00 (admin) | Soins 24h/24,Soins 24h/24 (admin fermé),Soins 24h/24 (admin fermé),Soins 24h/24 (admin fermé),oui,non,Milieu de vie 24h/24. Admin: lun-ven 8h-16h. Visites: 8h-21h30
QC,msss-hopital-vaudreuil-dorion-centre-de-services-ambulatoires-en-sante-mentale-et-de-reada,Centre De Services Ambulatoires En Santé Mentale Et De Réadaptation En Dépendance Du Boulevard De La Cité-Des-Jeunes,sante,Hôpital,Vaudreuil-Dorion,450-455-6171,,"3, boulevard de la Cité-des-Jeunes, Vaudreuil-Dorion, QC J7V 0C3",45.41569900512695,-74.0165023803711,,,,,donnees-quebec.ca/MSSS,f,00h00–24h00 (urgences) | 08h00–16h00 (admin),00h00–24h00 (urgences),00h00–24h00 (urgences),00h00–24h00 (urgences),oui,oui,Urgences 24h/24. Services ambulatoires sur rendez-vous: lun-ven 8h-16h
QC,msss-clsc-vaudreuil-dorion-centre-multiservices-de-sante-et-de-services-sociaux-de-vaud,Centre Multiservices De Santé Et De Services Sociaux De Vaudreuil-Dorion,sante,CLSC,Vaudreuil-Dorion,450-455-6171,,"3031, boulevard de la Gare, Vaudreuil-Dorion, QC J7V 9R2",45.39390182495117,-74.05390167236328,,,,,donnees-quebec.ca/MSSS,f,08h00–20h00,08h00–16h00,08h00–16h00,08h00–16h00,non,non,Lun-ven 8h-20h. Sam-dim et fériés 8h-16h. Sur RV pour certains services.
QC,msss-clsc-vercheres-clsc-de-vercheres,CLSC De Verchères,sante,CLSC,Verchères,450-466-5000,,"90, montée Calixa-Lavallée, Verchères, QC J0L 2R0",45.77270126342773,-73.3511962890625,,,,,donnees-quebec.ca/MSSS,f,08h00–20h00,08h00–16h00,08h00–16h00,08h00–16h00,non,non,Lun-ven 8h-20h. Sam-dim et fériés 8h-16h. Sur RV pour certains services.
QC,msss-clsc-victoriaville-clsc-d-arthabaska,CLSC D'Arthabaska,sante,CLSC,Victoriaville,819-758-7281,,"932, boulevard des Bois-Francs Sud, Victoriaville, QC G6P 5V8",46.03929901123047,-71.91639709472656,,,,,donnees-quebec.ca/MSSS,f,08h00–20h00,08h00–16h00,08h00–16h00,08h00–16h00,non,non,Lun-ven 8h-20h. Sam-dim et fériés 8h-16h. Sur RV pour certains services.
QC,msss-clsc-victoriaville-clsc-des-bois-francs,CLSC Des Bois-Francs,sante,CLSC,Victoriaville,819-758-7281,,"339, boulevard des Bois-Francs Nord, Victoriaville, QC G6P 7B7",46.064701080322266,-71.96099853515625,,,,,donnees-quebec.ca/MSSS,f,08h00–20h00,08h00–16h00,08h00–16h00,08h00–16h00,non,non,Lun-ven 8h-20h. Sam-dim et fériés 8h-16h. Sur RV pour certains services.
QC,msss-clsc-victoriaville-clsc-suzor-cote,CLSC Suzor-Coté,sante,CLSC,Victoriaville,819-758-7281,,"100, rue de l'Ermitage, Victoriaville, QC G6P 9N2",46.06069946289063,-71.9645004272461,,,,,donnees-quebec.ca/MSSS,f,08h00–20h00,08h00–16h00,08h00–16h00,08h00–16h00,non,non,Lun-ven 8h-20h. Sam-dim et fériés 8h-16h. Sur RV pour certains services.
QC,msss-clsc-victoriaville-centre-d-hebergement-et-clsc-du-chene,Centre D'Hébergement Et CLSC Du CHêne,sante,CLSC,Victoriaville,819-758-7281,,"61, rue de l'Ermitage, Victoriaville, QC G6P 6X4",46.06209945678711,-71.96269989013672,,,,,donnees-quebec.ca/MSSS,f,08h00–16h00 (admin) | Soins 24h/24,Soins 24h/24 (admin fermé),Soins 24h/24 (admin fermé),Soins 24h/24 (admin fermé),oui,non,Milieu de vie 24h/24. Admin: lun-ven 8h-16h. Visites: 8h-21h30
QC,msss-chsld-victoriaville-centre-d-hebergement-et-de-readaptation-en-deficience-physiq,Centre D'Hébergement Et De Réadaptation En Déficience Physique Du Roseau,sante,CHSLD,Victoriaville,819-758-7281,,"45, rue de l'Ermitage, Victoriaville, QC G6P 6X4",46.06159973144531,-71.96060180664062,,,,,donnees-quebec.ca/MSSS,f,08h00–16h00 (admin) | Soins 24h/24,Soins 24h/24 (admin fermé),Soins 24h/24 (admin fermé),Soins 24h/24 (admin fermé),oui,non,Milieu de vie 24h/24. Admin: lun-ven 8h-16h. Visites: 8h-21h30
QC,msss-clsc-victoriaville-groupe-de-medecine-de-famille-universitaire-et-clsc-de-victo,Groupe De Médecine De Famille Universitaire Et CLSC De Victoriaville,sante,CLSC,Victoriaville,819-758-7281,,"4, boulevard Labbé Sud, Victoriaville, QC G6S 1B5",46.06610107421875,-71.93879699707031,,,,,donnees-quebec.ca/MSSS,f,08h00–20h00,08h00–16h00,08h00–16h00,08h00–16h00,non,non,Lun-ven 8h-20h. Sam-dim et fériés 8h-16h. Sur RV pour certains services.
QC,msss-clsc-victoriaville-hotel-dieu-d-arthabaska,Hôtel-Dieu D'Arthabaska,sante,CLSC,Victoriaville,819-758-7281,,"5, rue des Hospitalières, Victoriaville, QC G6P 6N2",46.04059982299805,-71.91500091552734,,,,,donnees-quebec.ca/MSSS,f,08h00–20h00,08h00–16h00,08h00–16h00,08h00–16h00,non,non,Lun-ven 8h-20h. Sam-dim et fériés 8h-16h. Sur RV pour certains services.
QC,msss-chsld-victoriaville-maison-des-aines-et-alternative-de-victoriaville,Maison Des Aînés Et Alternative De Victoriaville,sante,CHSLD,Victoriaville,819-758-7281,,"5, rue Dumas, Victoriaville, QC G6P 7Y4",46.0640983581543,-71.96009826660156,,,,,donnees-quebec.ca/MSSS,f,08h00–16h00 (admin) | Soins 24h/24,Soins 24h/24 (admin fermé),Soins 24h/24 (admin fermé),Soins 24h/24 (admin fermé),oui,non,Milieu de vie 24h/24. Admin: lun-ven 8h-16h. Visites: 8h-21h30
QC,v-cps-arthabaska,CPS des Bois-Francs — Victoriaville,santemental,Prévention suicide,Victoriaville,1-866-APPELLE,,,46.051,-71.965,X,,,,,f,08h30–16h30,Fermé,Fermé,Fermé,non,non,Lun-ven 8h30-16h30. Sur rendez-vous pour suivi.
QC,msss-chsld-ville-marie-chsld-de-ville-marie,CHSLD De Ville-Marie,sante,CHSLD,Ville-Marie,819-629-2420,,"37, rue Saint-Jean-Baptiste Sud, Ville-Marie, QC J9V 2A9",47.32699966430664,-79.43789672851562,,,,,donnees-quebec.ca/MSSS,f,08h00–16h00 (admin) | Soins 24h/24,Soins 24h/24 (admin fermé),Soins 24h/24 (admin fermé),Soins 24h/24 (admin fermé),oui,non,Milieu de vie 24h/24. Admin: lun-ven 8h-16h. Visites: 8h-21h30
QC,msss-clsc-ville-marie-clsc-et-centre-de-protection-de-l-enfance-et-de-la-jeunesse-,CLSC Et Centre De Protection De L'Enfance Et De La Jeunesse De Ville-Marie,sante,CLSC,Ville-Marie,819-629-2420,,"21, rue Notre-Dame-de-Lourdes, Ville-Marie, QC J9V 1X8",47.33319854736328,-79.44029998779297,,,,,donnees-quebec.ca/MSSS,f,08h00–20h00,08h00–16h00,08h00–16h00,08h00–16h00,non,non,Lun-ven 8h-20h. Sam-dim et fériés 8h-16h. Sur RV pour certains services.
QC,msss-clsc-ville-marie-centre-multiservices-de-sante-et-de-services-sociaux-de-vill,Centre Multiservices De Santé Et De Services Sociaux De Ville-Marie,sante,CLSC,Ville-Marie,819-629-2420,,"22, rue Notre-Dame Nord, Ville-Marie, QC J9V 1W8",47.33290100097656,-79.44439697265625,,,,,donnees-quebec.ca/MSSS,f,08h00–20h00,08h00–16h00,08h00–16h00,08h00–16h00,non,non,Lun-ven 8h-20h. Sam-dim et fériés 8h-16h. Sur RV pour certains services.
QC,msss-chsld-warwick-centre-d-hebergement-de-warwick,Centre D'Hébergement De Warwick,sante,CHSLD,Warwick,819-358-2777,,"10, rue l'Heureux, Warwick, QC J0A 1M0",45.94580078125,-71.98570251464844,,,,,donnees-quebec.ca/MSSS,f,08h00–16h00 (admin) | Soins 24h/24,Soins 24h/24 (admin fermé),Soins 24h/24 (admin fermé),Soins 24h/24 (admin fermé),oui,non,Milieu de vie 24h/24. Admin: lun-ven 8h-16h. Visites: 8h-21h30
QC,msss-clsc-waskaganish-cmc-waskaganish,Cmc Waskaganish,sante,CLSC,Waskaganish,819-895-8831,,"2, rue Taakatachun, Waskaganish, QC J0M 1R0",51.485198974609375,-78.74199676513672,,,,,donnees-quebec.ca/MSSS,f,08h00–20h00,08h00–16h00,08h00–16h00,08h00–16h00,non,non,Lun-ven 8h-20h. Sam-dim et fériés 8h-16h. Sur RV pour certains services.
QC,msss-clsc-waskaganish-msdc-waskaganish,Msdc Waskaganish,sante,CLSC,Waskaganish,819-895-8831,,"8, Cowboy Trail, Waskaganish, QC J0M 1R0",51.48830032348633,-78.74620056152344,,,,,donnees-quebec.ca/MSSS,f,08h00–20h00,08h00–16h00,08h00–16h00,08h00–16h00,non,non,Lun-ven 8h-20h. Sam-dim et fériés 8h-16h. Sur RV pour certains services.
QC,msss-clsc-waswanipi-cmc-waswanipi,Cmc Waswanipi,sante,CLSC,Waswanipi,819-753-2544,,"1, rue West Aspen, Waswanipi, QC J0Y 3C0",49.69269943237305,-75.96320343017578,,,,,donnees-quebec.ca/MSSS,f,08h00–20h00,08h00–16h00,08h00–16h00,08h00–16h00,non,non,Lun-ven 8h-20h. Sam-dim et fériés 8h-16h. Sur RV pour certains services.
QC,msss-clsc-waswanipi-msdc-waswanipi,Msdc Waswanipi,sante,CLSC,Waswanipi,819-753-2544,,"3, rue West Aspen, Waswanipi, QC J0Y 3C0",49.69260025024414,-75.9623031616211,,,,,donnees-quebec.ca/MSSS,f,08h00–20h00,08h00–16h00,08h00–16h00,08h00–16h00,non,non,Lun-ven 8h-20h. Sam-dim et fériés 8h-16h. Sur RV pour certains services.
QC,msss-clsc-waterloo-clsc-de-waterloo,CLSC De Waterloo,sante,CLSC,Waterloo,450-375-8000,,"48, rue Young, Waterloo, QC J0E 2N0",45.34519958496094,-72.5186996459961,,,,,donnees-quebec.ca/MSSS,f,08h00–20h00,08h00–16h00,08h00–16h00,08h00–16h00,non,non,Lun-ven 8h-20h. Sam-dim et fériés 8h-16h. Sur RV pour certains services.
QC,msss-chsld-waterloo-sante-courville-de-waterloo,Santé Courville De Waterloo,sante,CHSLD,Waterloo,450-375-8000,,"5305, avenue Courville, Waterloo, QC J0E 2N0",45.34109878540039,-72.5062026977539,,,,,donnees-quebec.ca/MSSS,f,08h00–16h00 (admin) | Soins 24h/24,Soins 24h/24 (admin fermé),Soins 24h/24 (admin fermé),Soins 24h/24 (admin fermé),oui,non,Milieu de vie 24h/24. Admin: lun-ven 8h-16h. Visites: 8h-21h30
QC,msss-chsld-weedon-chsld-de-weedon,CHSLD De Weedon,sante,CHSLD,Weedon,819-877-3434,,"245, rue Saint-Janvier, Weedon, QC J0B 3J0",45.70090103149414,-71.4636001586914,,,,,donnees-quebec.ca/MSSS,f,08h00–16h00 (admin) | Soins 24h/24,Soins 24h/24 (admin fermé),Soins 24h/24 (admin fermé),Soins 24h/24 (admin fermé),oui,non,Milieu de vie 24h/24. Admin: lun-ven 8h-16h. Visites: 8h-21h30
QC,msss-clsc-weedon-clsc-de-weedon,CLSC De Weedon,sante,CLSC,Weedon,819-877-3434,,"460, 2e Avenue, Weedon, QC J0B 3J0",45.70550155639648,-71.46199798583984,,,,,donnees-quebec.ca/MSSS,f,08h00–20h00,08h00–16h00,08h00–16h00,08h00–16h00,non,non,Lun-ven 8h-20h. Sam-dim et fériés 8h-16h. Sur RV pour certains services.
QC,msss-clsc-wemindji-cmc-wemindji,Cmc Wemindji,sante,CLSC,Wemindji,819-978-0264,,"60, rue Maquatau, Wemindji, QC J0M 1L0",53.00569915771485,-78.8145980834961,,,,,donnees-quebec.ca/MSSS,f,08h00–20h00,08h00–16h00,08h00–16h00,08h00–16h00,non,non,Lun-ven 8h-20h. Sam-dim et fériés 8h-16h. Sur RV pour certains services.
QC,msss-clsc-wemindji-msdc-wemindji,Msdc Wemindji,sante,CLSC,Wemindji,819-978-0264,,"27, rue Gilpin, Wemindji, QC J0M 1L0",52.999000549316406,-78.81279754638672,,,,,donnees-quebec.ca/MSSS,f,08h00–20h00,08h00–16h00,08h00–16h00,08h00–16h00,non,non,Lun-ven 8h-20h. Sam-dim et fériés 8h-16h. Sur RV pour certains services.
QC,msss-chsld-wendake-chsld-de-wendake,CHSLD De Wendake,sante,CHSLD,Wendake,418-843-3381,,"40, rue Chef-Simon-Romain, Wendake, QC G0A 4V0",46.8651008605957,-71.3561019897461,,,,,donnees-quebec.ca/MSSS,f,08h00–16h00 (admin) | Soins 24h/24,Soins 24h/24 (admin fermé),Soins 24h/24 (admin fermé),Soins 24h/24 (admin fermé),oui,non,Milieu de vie 24h/24. Admin: lun-ven 8h-16h. Visites: 8h-21h30
QC,msss-chsld-wendake-residence-marcel-sioui,Résidence Marcel Sioui,sante,CHSLD,Wendake,418-843-3381,,"70, rue de l'Ours, Wendake, QC G0A 4V0",46.8650016784668,-71.35769653320312,,,,,donnees-quebec.ca/MSSS,f,08h00–16h00 (admin) | Soins 24h/24,Soins 24h/24 (admin fermé),Soins 24h/24 (admin fermé),Soins 24h/24 (admin fermé),oui,non,Milieu de vie 24h/24. Admin: lun-ven 8h-16h. Visites: 8h-21h30
QC,msss-chsld-westmount-chateau-westmount,CHâteau Westmount,sante,CHSLD,Westmount,514-934-0354,,"4860, boulevard de Maisonneuve Ouest, Westmount, QC H3Z 3G2",45.47719955444336,-73.6001968383789,,,,,donnees-quebec.ca/MSSS,f,08h00–16h00 (admin) | Soins 24h/24,Soins 24h/24 (admin fermé),Soins 24h/24 (admin fermé),Soins 24h/24 (admin fermé),oui,non,Milieu de vie 24h/24. Admin: lun-ven 8h-16h. Visites: 8h-21h30
QC,msss-chsld-westmount-centre-d-hebergement-saint-margaret,Centre D'Hébergement Saint-Margaret,sante,CHSLD,Westmount,514-934-0354,,"50, avenue Hillside, Westmount, QC H3Z 1V9",45.48199844360352,-73.589599609375,,,,,donnees-quebec.ca/MSSS,f,08h00–16h00 (admin) | Soins 24h/24,Soins 24h/24 (admin fermé),Soins 24h/24 (admin fermé),Soins 24h/24 (admin fermé),oui,non,Milieu de vie 24h/24. Admin: lun-ven 8h-16h. Visites: 8h-21h30
QC,msss-hopital-westmount-centre-de-services-ambulatoires-gilman,Centre De Services Ambulatoires Gilman,sante,Hôpital,Westmount,514-934-0354,,"1040, avenue Atwater, Westmount, QC H3Z 1X3",45.487300872802734,-73.58260345458984,,,,,donnees-quebec.ca/MSSS,f,00h00–24h00 (urgences) | 08h00–16h00 (admin),00h00–24h00 (urgences),00h00–24h00 (urgences),00h00–24h00 (urgences),oui,oui,Urgences 24h/24. Services ambulatoires sur rendez-vous: lun-ven 8h-16h
QC,msss-clsc-whapmagoostui-cmc-whapmagoostui,Cmc Whapmagoostui,sante,CLSC,Whapmagoostui,819-929-3222,,"425, rue Nisk, Whapmagoostui, QC J0M 1G0",55.27750015258789,-77.75879669189453,,,,,donnees-quebec.ca/MSSS,f,08h00–20h00,08h00–16h00,08h00–16h00,08h00–16h00,non,non,Lun-ven 8h-20h. Sam-dim et fériés 8h-16h. Sur RV pour certains services.
QC,msss-clsc-whapmagoostui-msdc-whapmagoostui,Msdc Whapmagoostui,sante,CLSC,Whapmagoostui,819-929-3222,,"423, rue Whapmakw, Whapmagoostui, QC J0M 1G0",55.27799987792969,-77.76129913330078,,,,,donnees-quebec.ca/MSSS,f,08h00–20h00,08h00–16h00,08h00–16h00,08h00–16h00,non,non,Lun-ven 8h-20h. Sam-dim et fériés 8h-16h. Sur RV pour certains services.
QC,msss-clsc-windsor-centre-multiservices-de-sante-et-de-services-sociaux-de-wind,Centre Multiservices De Santé Et De Services Sociaux De Windsor,sante,CLSC,Windsor,819-845-2744,,"23, rue Ambroise-Dearden, Windsor, QC J1S 1G8",45.57080078125,-72.00499725341797,,,,,donnees-quebec.ca/MSSS,f,08h00–20h00,08h00–16h00,08h00–16h00,08h00–16h00,non,non,Lun-ven 8h-20h. Sam-dim et fériés 8h-16h. Sur RV pour certains services.
ON,on-211,211 Ontario,soutienSocial,Référence communautaire,Province de l'Ontario,211,https://211ontario.ca,,,,X,X,,,admin,t,08h00–22h00,08h00–22h00,08h00–22h00,08h00–22h00,non,non,"211: disponible 7j/7, 8h-22h. Certaines régions: 24h/24."
ON,on-distress,Ligne de crise – Distress Centres of Ontario,santemental,Crise psychologique,Province de l'Ontario,1-800-268-9688,https://www.dcontario.org,,,,X,X,,,admin,t,00h00–24h00,00h00–24h00,00h00–24h00,00h00–24h00,oui,oui,"Service disponible 24h/24, 7j/7"
ON,on-camh,Centre for Addiction and Mental Health (CAMH),santemental,Dépendances et santé mentale,Toronto,416-535-8501,https://www.camh.ca,"1001 Queen St W, Toronto, ON M6J 1H4",,,,X,,,admin,f,08h30–16h30,Fermé,Fermé,Fermé,non,non,Lun-ven 8h30-16h30. Urgences: appeler le 811 ou aller à l'urgence.
ON,on-crisis-ontario,Lignes de crise provinciales – Ontario,santemental,Ligne de crise 24/7,Province de l'Ontario,1-866-531-2600,https://www.ontario.ca/page/mental-health-crisis-lines,,,,X,X,,,admin,t,00h00–24h00,00h00–24h00,00h00–24h00,00h00–24h00,oui,oui,"Service disponible 24h/24, 7j/7"
ON,on-kids-help,Kids Help Phone,santemental,Soutien jeunesse,Province de l'Ontario,1-800-668-6868,https://kidshelpphone.ca,,,,X,X,,,admin,t,00h00–24h00,00h00–24h00,00h00–24h00,00h00–24h00,oui,oui,"Service disponible 24h/24, 7j/7"
ON,on-health-line,Télésanté Ontario,sante,Info-Santé,Province de l'Ontario,1-866-797-0000,https://www.ontario.ca/page/get-medical-advice,,,,X,X,,,admin,t,08h30–16h30,Fermé,Fermé,Fermé,non,non,Lun-ven 8h30-16h30. Pour urgence: 811 (Info-Santé) ou urgence hospitalière.
ON,on-ohip,Assurance-maladie OHIP,sante,Assurance maladie,Province de l'Ontario,1-800-268-1154,https://www.ontario.ca/page/what-ohip-covers,,,,X,X,,,admin,t,08h30–16h30,Fermé,Fermé,Fermé,non,non,Lun-ven 8h30-16h30. Pour urgence: 811 (Info-Santé) ou urgence hospitalière.
ON,on-toronto-public-health,Toronto Public Health,sante,Santé publique,Toronto,416-338-7600,https://www.toronto.ca/community-people/health-wellness-care/,"100 Queen St W, Toronto, ON M5H 2N2",,,,X,,,admin,f,08h30–16h30,Fermé,Fermé,Fermé,non,non,Lun-ven 8h30-16h30. Pour urgence: 811 (Info-Santé) ou urgence hospitalière.
ON,on-ottawa-public-health,Ottawa Public Health,sante,Santé publique,Ottawa,613-580-6744,https://www.ottawapublichealth.ca,"100 Constellation Dr, Ottawa, ON K2G 6J8",,,,X,,,admin,f,08h30–16h30,Fermé,Fermé,Fermé,non,non,Lun-ven 8h30-16h30. Pour urgence: 811 (Info-Santé) ou urgence hospitalière.
ON,on-shelter-housing,Réseau ontarien de refuges (shelter),logement,Hébergement d'urgence,Province de l'Ontario,1-800-265-0798,https://www.ontario.ca/page/housing-services,,,,X,X,,,admin,t,00h00–24h00,00h00–24h00,00h00–24h00,00h00–24h00,oui,oui,"Hébergement d'urgence: accueil 24h/24, 7j/7."
ON,on-toronto-shelter,Refuge – Ville de Toronto,logement,Hébergement d'urgence,Toronto,416-338-4766,https://www.toronto.ca/community-people/housing-shelter/,"Metro Hall, 55 John St, Toronto, ON M5V 3C6",,,,X,,,admin,f,00h00–24h00,00h00–24h00,00h00–24h00,00h00–24h00,oui,oui,"Hébergement d'urgence: accueil 24h/24, 7j/7."
ON,on-ottawa-housing,Ottawa Community Housing,logement,Logement communautaire,Ottawa,613-731-1182,https://www.ottawahousing.ca,"39 Auriga Dr, Ottawa, ON K2E 8A6",,,,X,,,admin,f,08h30–16h30,Fermé,Fermé,Fermé,non,non,Bureau lun-ven 8h30-16h30. Liste d'attente – inscription requise.
ON,on-rentals-on,Location — Tribunal du logement,logement,Droits locataires,Province de l'Ontario,1-888-332-3234,https://tribunalsontario.ca/ltb/,,,,X,X,,,admin,t,09h00–17h00,Fermé,Fermé,Fermé,non,non,Lun-ven 9h-17h. Consultations sur RV.
ON,on-habitat-on,Habitat pour l'Humanité Ontario,logement,Accession propriété,Province de l'Ontario,416-234-9930,https://habitatgta.ca,"155 Bermondsey Rd, Toronto, ON M4A 1X9",,,,X,,,admin,f,08h30–16h30,Fermé,Fermé,Fermé,non,non,Lun-ven 8h30-16h30.
ON,on-cmhc-on,SCHL – Société canadienne d'hypothèques,achatImmobilier,Aide à l'achat,Province de l'Ontario,1-800-668-2642,https://www.cmhc-schl.gc.ca,,,,X,X,,,admin,t,09h00–17h00,09h00–12h00,Fermé,Fermé,non,non,Lun-ven 9h-17h. Sam 9h-12h pour certains bureaux. En ligne 24h.
ON,on-orea,OREA – Ontario Real Estate Association,achatImmobilier,Services immobiliers,Province de l'Ontario,416-445-9910,https://www.orea.com,"99 Duncan Mill Rd, Toronto, ON M3B 1Z2",,,,X,,,admin,f,09h00–17h00,09h00–12h00,Fermé,Fermé,non,non,Lun-ven 9h-17h. Sam 9h-12h pour certains bureaux. En ligne 24h.
ON,on-employment-on,Emploi Ontario,emploi,Services d'emploi,Province de l'Ontario,1-800-387-5514,https://www.ontario.ca/page/employment-ontario,,,,X,X,,,admin,t,08h30–16h30,Fermé,Fermé,Fermé,non,non,Lun-ven 8h30-16h30. Sans RV ou sur RV selon service.
ON,on-workopolis,Service Canada – Guichet-emplois,emploi,Offres d'emploi,Province de l'Ontario,1-800-622-6232,https://www.guichetemplois.gc.ca,,,,X,X,,,admin,t,08h30–16h30,Fermé,Fermé,Fermé,non,non,Lun-ven 8h30-16h30.
ON,on-integration-toronto,Centre for Immigrant and Community Services Toronto,emploi,Intégration immigrants,Toronto,416-644-3765,https://www.cicscanada.com,"1280 Finch Ave W, Toronto, ON M3J 3K6",,,,X,,,admin,f,08h30–16h30,Fermé,Fermé,Fermé,non,non,Lun-ven 8h30-16h30.
ON,on-ircc-toronto,"IRCC – Immigration, Réfugiés, Citoyenneté Canada",immigration,Services d'immigration,Province de l'Ontario,1-888-242-2100,https://www.canada.ca/fr/immigration-refugies-citoyennete.html,,,,X,X,,,admin,t,08h30–16h30,Fermé,Fermé,Fermé,non,non,Lun-ven 8h30-16h30. Sur RV pour consultations spécialisées.
ON,on-costi-toronto,COSTI – Immigrant Services,immigration,Services aux immigrants,Toronto,416-658-1600,https://www.costi.org,"1710 Dufferin St, Toronto, ON M6E 3P2",,,,X,,,admin,f,08h30–16h30,Fermé,Fermé,Fermé,non,non,Lun-ven 8h30-16h30. Sur RV pour consultations spécialisées.
ON,on-catholic-cross,Catholic Cross-Cultural Services,immigration,Accueil nouveaux arrivants,Toronto,416-757-7010,https://www.ccscan.ca,"1140 Warden Ave, Toronto, ON M1R 5A4",,,,X,,,admin,f,08h30–16h30,Fermé,Fermé,Fermé,non,non,Lun-ven 8h30-16h30. Sur RV pour consultations spécialisées.
ON,on-lasi-lgr,Legal Assistance of Windsor – Immigration,immigration,Aide juridique immigration,Windsor,519-256-1474,https://windsorlegalhelpcentre.ca,"400-618 Ouellette Ave, Windsor, ON N9A 1B4",,,,X,,,admin,f,08h30–16h30,Fermé,Fermé,Fermé,non,non,Lun-ven 8h30-16h30. Sur RV pour consultations spécialisées.
ON,on-daily-bread,Daily Bread Food Bank,alimentation,Banque alimentaire,Toronto,416-203-0050,https://www.dailybread.ca,"191 New Toronto St, Toronto, ON M8V 2E7",,,,X,,,admin,f,09h00–16h00,09h00–13h00,Fermé,Fermé,non,non,"Lun-ven 9h-16h, sam 9h-13h. Horaires varient selon point de distribution."
ON,on-ottawa-food,Ottawa Food Bank,alimentation,Banque alimentaire,Ottawa,613-745-7001,https://ottawafoodbank.ca,"1317 Bank St, Ottawa, ON K1S 3Y3",,,,X,,,admin,f,09h00–16h00,09h00–13h00,Fermé,Fermé,non,non,"Lun-ven 9h-16h, sam 9h-13h. Horaires varient selon point de distribution."
ON,on-harvest-table,Harvest Table Food Bank Hamilton,alimentation,Banque alimentaire,Hamilton,905-528-6445,https://harvesttable.ca,"3303 Mainway, Burlington, ON L7M 1A6",,,,X,,,admin,f,09h00–16h00,09h00–13h00,Fermé,Fermé,non,non,"Lun-ven 9h-16h, sam 9h-13h. Horaires varient selon point de distribution."
ON,on-foodbank-on,Feed Ontario – Réseau banques alimentaires,alimentation,Banque alimentaire,Province de l'Ontario,905-624-9896,https://feedontario.ca,"4370 Dixie Rd, Mississauga, ON L4W 1N7",,,,X,,,admin,f,09h00–16h00,09h00–13h00,Fermé,Fermé,non,non,"Lun-ven 9h-16h, sam 9h-13h. Horaires varient selon point de distribution."
ON,on-family-services-toronto,Family Service Toronto,famille,Soutien aux familles,Toronto,416-595-9618,https://www.familyservicetoronto.org,"355 Church St, Toronto, ON M5B 1Z8",,,,X,,,admin,f,08h30–16h30,Fermé,Fermé,Fermé,non,non,Lun-ven 8h30-16h30. Sur RV.
ON,on-children-aid-toronto,Children's Aid Society Toronto,famille,Protection de l'enfance,Toronto,416-924-4646,https://www.torontocas.ca,"30 Isabella St, Toronto, ON M4Y 1N1",,,,X,,,admin,f,08h00–20h00,08h00–16h00,08h00–16h00,08h00–16h00,non,non,Lun-ven 8h-20h. Sam-dim 8h-16h. Urgences jeunesse: disponible 24h.
ON,on-interval-house,Interval House – Violence conjugale,famille,Violence conjugale,Toronto,416-924-1491,https://www.intervalhouse.ca,"2 Carlton St, Toronto, ON M5B 1J3",,,,X,,,admin,f,00h00–24h00,00h00–24h00,00h00–24h00,00h00–24h00,oui,oui,"Service disponible 24h/24, 7j/7"
BC,bc-211,211 Colombie-Britannique,soutienSocial,Référence communautaire,Province de la Colombie-Britannique,211,https://www.211.ca,,,,X,X,,,admin,t,08h00–22h00,08h00–22h00,08h00–22h00,08h00–22h00,non,non,"211: disponible 7j/7, 8h-22h. Certaines régions: 24h/24."
BC,bc-crisis-line,BC Crisis Line,santemental,Crise psychologique 24/7,Province de la Colombie-Britannique,1-800-784-2433,https://www.crisiscentre.bc.ca,,,,X,X,,,admin,t,00h00–24h00,00h00–24h00,00h00–24h00,00h00–24h00,oui,oui,"Service disponible 24h/24, 7j/7"
BC,bc-mental-health,BC Mental Health & Substance Use,santemental,Santé mentale et dépendances,Province de la Colombie-Britannique,1-800-663-1441,https://www.bcmhsus.ca,,,,X,X,,,admin,t,08h30–16h30,Fermé,Fermé,Fermé,non,non,Lun-ven 8h30-16h30. Sur rendez-vous pour suivi.
BC,bc-health-link,HealthLink BC,sante,Info-Santé 24/7,Province de la Colombie-Britannique,811,https://www.healthlinkbc.ca,,,,X,X,,,admin,t,00h00–24h00,00h00–24h00,00h00–24h00,00h00–24h00,oui,oui,"Service disponible 24h/24, 7j/7"
BC,bc-housing,BC Housing,logement,Logement subventionné,Province de la Colombie-Britannique,1-800-257-7756,https://www.bchousing.org,,,,X,X,,,admin,t,08h30–16h30,Fermé,Fermé,Fermé,non,non,Bureau lun-ven 8h30-16h30. Liste d'attente – inscription requise.
BC,bc-tenant-resource,Tenant Resource & Advisory Centre,logement,Droits locataires,Province de la Colombie-Britannique,604-255-0546,https://www.tenants.bc.ca,"#405 – 1212 W Broadway, Vancouver, BC V6H 3V1",,,,X,,,admin,f,09h00–17h00,Fermé,Fermé,Fermé,non,non,Lun-ven 9h-17h. Consultations sur RV.
BC,bc-shelter-vancouver,Union Gospel Mission Vancouver,logement,Hébergement d'urgence,Vancouver,604-253-3323,https://www.ugm.ca,"616 East Hastings St, Vancouver, BC V6A 1R1",,,,X,,,admin,f,00h00–24h00,00h00–24h00,00h00–24h00,00h00–24h00,oui,oui,"Hébergement d'urgence: accueil 24h/24, 7j/7."
BC,bc-cmhc,SCHL – Colombie-Britannique,achatImmobilier,Aide à l'achat,Province de la Colombie-Britannique,1-800-668-2642,https://www.cmhc-schl.gc.ca,,,,X,X,,,admin,t,09h00–17h00,09h00–12h00,Fermé,Fermé,non,non,Lun-ven 9h-17h. Sam 9h-12h pour certains bureaux. En ligne 24h.
BC,bc-rebgv,Association immobilière du Grand Vancouver,achatImmobilier,Services immobiliers,Vancouver,604-730-3000,https://www.rebgv.org,"2433 Spruce St, Vancouver, BC V6H 4C8",,,,X,,,admin,f,09h00–17h00,09h00–12h00,Fermé,Fermé,non,non,Lun-ven 9h-17h. Sam 9h-12h pour certains bureaux. En ligne 24h.
BC,bc-workbc,WorkBC – Emploi,emploi,Services d'emploi,Province de la Colombie-Britannique,1-877-952-6914,https://www.workbc.ca,,,,X,X,,,admin,t,08h30–16h30,Fermé,Fermé,Fermé,non,non,Lun-ven 8h30-16h30. Sans RV ou sur RV selon service.
BC,bc-ircc,IRCC – Immigration BC,immigration,Services d'immigration,Province de la Colombie-Britannique,1-888-242-2100,https://www.canada.ca/fr/immigration-refugies-citoyennete.html,,,,X,X,,,admin,t,08h30–16h30,Fermé,Fermé,Fermé,non,non,Lun-ven 8h30-16h30. Sur RV pour consultations spécialisées.
BC,bc-mosaic,MOSAIC – Immigrant Services,immigration,Services aux immigrants,Vancouver,604-254-9626,https://www.mosaicbc.org,"31 East Hastings St, Vancouver, BC V6A 1M9",,,,X,,,admin,f,08h30–16h30,Fermé,Fermé,Fermé,non,non,Lun-ven 8h30-16h30. Sur RV pour consultations spécialisées.
BC,bc-greater-vancouver-food,Greater Vancouver Food Bank,alimentation,Banque alimentaire,Vancouver,604-876-3601,https://www.foodbank.bc.ca,"1150 Station St, Vancouver, BC V6A 4C7",,,,X,,,admin,f,09h00–16h00,09h00–13h00,Fermé,Fermé,non,non,"Lun-ven 9h-16h, sam 9h-13h. Horaires varient selon point de distribution."
BC,bc-family-services,Family Services of Greater Vancouver,famille,Soutien aux familles,Vancouver,604-736-4016,https://www.fsgv.ca,"1638 E Broadway, Vancouver, BC V5N 1W1",,,,X,,,admin,f,08h30–16h30,Fermé,Fermé,Fermé,non,non,Lun-ven 8h30-16h30. Sur RV.
BC,bc-transition-house,BC Society of Transition Houses,famille,Violence conjugale,Province de la Colombie-Britannique,1-800-563-0808,https://www.bcsth.ca,,,,X,X,,,admin,t,00h00–24h00,00h00–24h00,00h00–24h00,00h00–24h00,oui,oui,Ligne d'urgence 24h/24. Hébergement sur appel. Confidentiel.
AB,ab-211,211 Alberta,soutienSocial,Référence communautaire,Province de l'Alberta,211,https://www.ab.211.ca,,,,X,X,,,admin,t,08h00–22h00,08h00–22h00,08h00–22h00,08h00–22h00,non,non,"211: disponible 7j/7, 8h-22h. Certaines régions: 24h/24."
AB,ab-distress-calgary,Distress Centre Calgary,santemental,Crise psychologique,Calgary,403-266-4357,https://www.distresscentre.com,"105-1336 10 Ave SW, Calgary, AB T3C 0J3",,,,X,,,admin,f,00h00–24h00,00h00–24h00,00h00–24h00,00h00–24h00,oui,oui,"Service disponible 24h/24, 7j/7"
AB,ab-crisis-line-ab,Crisis Line Alberta,santemental,Crise 24/7,Province de l'Alberta,1-844-944-5465,https://www.albertahealthservices.ca/findhealth/service.aspx?Id=6810,,,,X,X,,,admin,t,00h00–24h00,00h00–24h00,00h00–24h00,00h00–24h00,oui,oui,"Service disponible 24h/24, 7j/7"
AB,ab-health-link,Health Link Alberta,sante,Info-Santé 24/7,Province de l'Alberta,811,https://www.albertahealthservices.ca/assets/healthinfo/link/index.html,,,,X,X,,,admin,t,00h00–24h00,00h00–24h00,00h00–24h00,00h00–24h00,oui,oui,"Service disponible 24h/24, 7j/7"
AB,ab-ahs,Alberta Health Services,sante,Réseau de la santé,Province de l'Alberta,1-877-644-9992,https://www.albertahealthservices.ca,,,,X,X,,,admin,t,08h30–16h30,Fermé,Fermé,Fermé,non,non,Lun-ven 8h30-16h30. Pour urgence: 811 (Info-Santé) ou urgence hospitalière.
AB,ab-housing-ab,Alberta Seniors and Community Housing,logement,Logement subventionné,Province de l'Alberta,1-866-716-2333,https://www.alberta.ca/find-housing.aspx,,,,X,X,,,admin,t,08h30–16h30,Fermé,Fermé,Fermé,non,non,Bureau lun-ven 8h30-16h30. Liste d'attente – inscription requise.
AB,ab-calgary-housing,Calgary Housing Company,logement,Logement abordable,Calgary,403-568-9600,https://calgaryhousing.com,"205-1000 7 Ave SW, Calgary, AB T2P 5L5",,,,X,,,admin,f,08h30–16h30,Fermé,Fermé,Fermé,non,non,Bureau lun-ven 8h30-16h30. Liste d'attente – inscription requise.
AB,ab-cmhc-ab,SCHL – Alberta,achatImmobilier,Aide à l'achat,Province de l'Alberta,1-800-668-2642,https://www.cmhc-schl.gc.ca,,,,X,X,,,admin,t,09h00–17h00,09h00–12h00,Fermé,Fermé,non,non,Lun-ven 9h-17h. Sam 9h-12h pour certains bureaux. En ligne 24h.
AB,ab-crea-ab,Association des courtiers immobiliers AB,achatImmobilier,Services immobiliers,Province de l'Alberta,403-228-6845,https://www.crea.ca,,,,X,X,,,admin,t,09h00–17h00,09h00–12h00,Fermé,Fermé,non,non,Lun-ven 9h-17h. Sam 9h-12h pour certains bureaux. En ligne 24h.
AB,ab-alis,ALIS – Emploi Alberta,emploi,Services d'emploi,Province de l'Alberta,1-800-661-3753,https://alis.alberta.ca,,,,X,X,,,admin,t,08h30–16h30,Fermé,Fermé,Fermé,non,non,Lun-ven 8h30-16h30. Sans RV ou sur RV selon service.
AB,ab-ecca,ECCA – Immigrant Services Calgary,immigration,Services aux immigrants,Calgary,403-297-3888,https://www.ecca.org,"640-6 Ave SW, Calgary, AB T2P 0S4",,,,X,,,admin,f,08h30–16h30,Fermé,Fermé,Fermé,non,non,Lun-ven 8h30-16h30. Sur RV pour consultations spécialisées.
AB,ab-ecala,Immigrant Services Edmonton,immigration,Services aux immigrants,Edmonton,780-474-8445,https://www.isacs.org,"3750 46 Ave NW, Edmonton, AB T6L 3Y9",,,,X,,,admin,f,08h30–16h30,Fermé,Fermé,Fermé,non,non,Lun-ven 8h30-16h30. Sur RV pour consultations spécialisées.
AB,ab-calgary-food,Calgary Food Bank,alimentation,Banque alimentaire,Calgary,403-253-2055,https://www.calgaryfoodbank.com,"5000 11 St SE, Calgary, AB T2H 2Y5",,,,X,,,admin,f,09h00–16h00,09h00–13h00,Fermé,Fermé,non,non,"Lun-ven 9h-16h, sam 9h-13h. Horaires varient selon point de distribution."
AB,ab-edmonton-food,Edmonton Food Bank,alimentation,Banque alimentaire,Edmonton,780-425-4190,https://www.edmontonfoodbank.com,"11508 123 St NW, Edmonton, AB T5L 2H3",,,,X,,,admin,f,09h00–16h00,09h00–13h00,Fermé,Fermé,non,non,"Lun-ven 9h-16h, sam 9h-13h. Horaires varient selon point de distribution."
AB,ab-child-family-ab,Family Resource Network AB,famille,Soutien aux familles,Province de l'Alberta,1-800-668-2700,https://www.alberta.ca/family-support.aspx,,,,X,X,,,admin,t,08h30–16h30,Fermé,Fermé,Fermé,non,non,Lun-ven 8h30-16h30. Sur RV.
MB,mb-211,211 Manitoba,soutienSocial,Référence communautaire,Province du Manitoba,211,https://mb.211.ca,,,,X,X,,,admin,t,08h00–22h00,08h00–22h00,08h00–22h00,08h00–22h00,non,non,"211: disponible 7j/7, 8h-22h. Certaines régions: 24h/24."
MB,mb-crisis-response,Mobile Crisis Response,santemental,Crise psychologique,Winnipeg,204-940-1781,https://wrha.mb.ca/crisis,"240-185 Smith St, Winnipeg, MB R3C 3G4",,,,X,,,admin,f,00h00–24h00,00h00–24h00,00h00–24h00,00h00–24h00,oui,oui,"Service disponible 24h/24, 7j/7"
MB,mb-klinic,Klinic Community Health,santemental,Santé mentale communautaire,Winnipeg,204-784-4090,https://klinic.mb.ca,"870 Portage Ave, Winnipeg, MB R3G 0P1",,,,X,,,admin,f,08h30–16h30,Fermé,Fermé,Fermé,non,non,Lun-ven 8h30-16h30. Sur rendez-vous pour suivi.
MB,mb-health-line,Health Links Manitoba,sante,Info-Santé 24/7,Province du Manitoba,204-788-8200,https://www.gov.mb.ca/health/healthlinks/,,,,X,X,,,admin,t,08h30–16h30,Fermé,Fermé,Fermé,non,non,Lun-ven 8h30-16h30. Pour urgence: 811 (Info-Santé) ou urgence hospitalière.
MB,mb-wrha,Winnipeg Regional Health Authority,sante,Réseau de la santé,Winnipeg,204-926-7000,https://wrha.mb.ca,"650 Main St, Winnipeg, MB R3B 1E2",,,,X,,,admin,f,08h30–16h30,Fermé,Fermé,Fermé,non,non,Lun-ven 8h30-16h30. Pour urgence: 811 (Info-Santé) ou urgence hospitalière.
MB,mb-housing-mb,Manitoba Housing,logement,Logement subventionné,Province du Manitoba,204-945-4663,https://www.gov.mb.ca/housing/,,,,X,X,,,admin,t,08h30–16h30,Fermé,Fermé,Fermé,non,non,Bureau lun-ven 8h30-16h30. Liste d'attente – inscription requise.
MB,mb-siloam,Siloam Mission – Hébergement urgence,logement,Hébergement d'urgence,Winnipeg,204-942-4673,https://www.siloam.ca,"300 Princess St, Winnipeg, MB R3B 1L8",,,,X,,,admin,f,00h00–24h00,00h00–24h00,00h00–24h00,00h00–24h00,oui,oui,"Service disponible 24h/24, 7j/7"
MB,mb-cmhc-mb,SCHL – Manitoba,achatImmobilier,Aide à l'achat,Province du Manitoba,1-800-668-2642,https://www.cmhc-schl.gc.ca,,,,X,X,,,admin,t,09h00–17h00,09h00–12h00,Fermé,Fermé,non,non,Lun-ven 9h-17h. Sam 9h-12h pour certains bureaux. En ligne 24h.
MB,mb-employment-mb,Manitoba Employment Standards,emploi,Standards d'emploi,Province du Manitoba,204-945-3352,https://www.gov.mb.ca/labour/standards/,,,,X,X,,,admin,t,08h30–16h30,Fermé,Fermé,Fermé,non,non,Lun-ven 8h30-16h30.
MB,mb-iscis,Immigrant and Refugee Community Organization MB,immigration,Services aux immigrants,Winnipeg,204-942-0495,https://ircow.ca,"95 Lisgar St, Winnipeg, MB R3L 1Z4",,,,X,,,admin,f,08h30–16h30,Fermé,Fermé,Fermé,non,non,Lun-ven 8h30-16h30. Sur RV pour consultations spécialisées.
MB,mb-winnipeg-harvest,Winnipeg Harvest Food Bank,alimentation,Banque alimentaire,Winnipeg,204-982-3670,https://winnipegharvest.org,"1085 Winnipeg Ave, Winnipeg, MB R3E 0S2",,,,X,,,admin,f,09h00–16h00,09h00–13h00,Fermé,Fermé,non,non,"Lun-ven 9h-16h, sam 9h-13h. Horaires varient selon point de distribution."
MB,mb-family-services,Family Services Manitoba,famille,Soutien aux familles,Province du Manitoba,204-945-6171,https://www.gov.mb.ca/fs/,,,,X,X,,,admin,t,08h30–16h30,Fermé,Fermé,Fermé,non,non,Lun-ven 8h30-16h30. Sur RV.
SK,sk-211,211 Saskatchewan,soutienSocial,Référence communautaire,Province de la Saskatchewan,211,https://sk.211.ca,,,,X,X,,,admin,t,08h00–22h00,08h00–22h00,08h00–22h00,08h00–22h00,non,non,"211: disponible 7j/7, 8h-22h. Certaines régions: 24h/24."
SK,sk-mobile-crisis,Mobile Crisis Services,santemental,Crise psychologique,Regina,306-757-0127,https://www.mobilecrisis.ca,"1717 Halifax St, Regina, SK S4P 1T7",,,,X,,,admin,f,00h00–24h00,00h00–24h00,00h00–24h00,00h00–24h00,oui,oui,"Service disponible 24h/24, 7j/7"
SK,sk-crisis-saskatoon,Crisis Line Saskatoon,santemental,Crise psychologique,Saskatoon,306-933-6200,https://www.crisiscommunication.ca,"230-115 2 Ave N, Saskatoon, SK S7K 2B1",,,,X,,,admin,f,00h00–24h00,00h00–24h00,00h00–24h00,00h00–24h00,oui,oui,"Service disponible 24h/24, 7j/7"
SK,sk-health-line,HealthLine Saskatchewan,sante,Info-Santé 24/7,Province de la Saskatchewan,811,https://www.saskatchewan.ca/residents/health/accessing-health-care-services/healthline-online,,,,X,X,,,admin,t,00h00–24h00,00h00–24h00,00h00–24h00,00h00–24h00,oui,oui,"Service disponible 24h/24, 7j/7"
SK,sk-sha,Saskatchewan Health Authority,sante,Réseau de la santé,Province de la Saskatchewan,1-833-766-7427,https://www.saskhealthauthority.ca,,,,X,X,,,admin,t,08h30–16h30,Fermé,Fermé,Fermé,non,non,Lun-ven 8h30-16h30. Pour urgence: 811 (Info-Santé) ou urgence hospitalière.
SK,sk-housing-sk,Saskatchewan Housing Corporation,logement,Logement subventionné,Province de la Saskatchewan,306-787-4177,https://www.saskatchewan.ca/residents/housing,,,,X,X,,,admin,t,08h30–16h30,Fermé,Fermé,Fermé,non,non,Bureau lun-ven 8h30-16h30. Liste d'attente – inscription requise.
SK,sk-cmhc-sk,SCHL – Saskatchewan,achatImmobilier,Aide à l'achat,Province de la Saskatchewan,1-800-668-2642,https://www.cmhc-schl.gc.ca,,,,X,X,,,admin,t,09h00–17h00,09h00–12h00,Fermé,Fermé,non,non,Lun-ven 9h-17h. Sam 9h-12h pour certains bureaux. En ligne 24h.
SK,sk-lmi,Labour Market Information Saskatchewan,emploi,Services d'emploi,Province de la Saskatchewan,1-800-667-7590,https://www.saskatchewan.ca/residents/employment,,,,X,X,,,admin,t,08h30–16h30,Fermé,Fermé,Fermé,non,non,Lun-ven 8h30-16h30. Sans RV ou sur RV selon service.
SK,sk-immigrant-sk,Immigrant Services Saskatchewan,immigration,Services aux immigrants,Saskatoon,306-975-4929,https://immigrantsask.com,"2220 College Ave, Regina, SK S4P 1C5",,,,X,,,admin,f,08h30–16h30,Fermé,Fermé,Fermé,non,non,Lun-ven 8h30-16h30. Sur RV pour consultations spécialisées.
SK,sk-foodbank-regina,Regina Food Bank,alimentation,Banque alimentaire,Regina,306-527-0000,https://www.reginafoodbank.ca,"1440 Scarth St, Regina, SK S4R 2E9",,,,X,,,admin,f,09h00–16h00,09h00–13h00,Fermé,Fermé,non,non,"Lun-ven 9h-16h, sam 9h-13h. Horaires varient selon point de distribution."
SK,sk-foodbank-saskatoon,Saskatoon Food Bank,alimentation,Banque alimentaire,Saskatoon,306-664-6565,https://www.saskatoonfoodbank.org,"202 Avenue C S, Saskatoon, SK S7M 1N3",,,,X,,,admin,f,09h00–16h00,09h00–13h00,Fermé,Fermé,non,non,"Lun-ven 9h-16h, sam 9h-13h. Horaires varient selon point de distribution."
SK,sk-family-services,Family Services Regina,famille,Soutien aux familles,Regina,306-757-6675,https://www.familyservicesregina.com,"1440 Scarth St, Regina, SK S4R 2E9",,,,X,,,admin,f,08h30–16h30,Fermé,Fermé,Fermé,non,non,Lun-ven 8h30-16h30. Sur RV.
NB,nb-211,211 Nouveau-Brunswick,soutienSocial,Référence communautaire,Province du Nouveau-Brunswick,211,https://www.nb.211.ca,,,,X,X,,,admin,t,08h00–22h00,08h00–22h00,08h00–22h00,08h00–22h00,non,non,"211: disponible 7j/7, 8h-22h. Certaines régions: 24h/24."
NB,nb-chimo,Chimo – Ligne de crise,santemental,Crise psychologique 24/7,Province du Nouveau-Brunswick,1-800-667-5005,https://www.chimohelpline.ca,,,,X,X,,,admin,t,00h00–24h00,00h00–24h00,00h00–24h00,00h00–24h00,oui,oui,"Service disponible 24h/24, 7j/7"
NB,nb-wellness-nb,Bien-être NB,santemental,Santé mentale,Province du Nouveau-Brunswick,1-866-771-7712,https://www.gnb.ca/sante,,,,X,X,,,admin,t,08h30–16h30,Fermé,Fermé,Fermé,non,non,Lun-ven 8h30-16h30. Sur rendez-vous pour suivi.
NB,nb-health-line,Téléconsultation médicale NB,sante,Info-Santé,Province du Nouveau-Brunswick,811,https://www2.gnb.ca/content/gnb/fr/services/services_renderer.201397.Health_Link_-_Health_Advice_811.html,,,,X,X,,,admin,t,00h00–24h00,00h00–24h00,00h00–24h00,00h00–24h00,oui,oui,"Service disponible 24h/24, 7j/7"
NB,nb-hnb,Horizon Santé-Nord NB,sante,Réseau de la santé,Province du Nouveau-Brunswick,506-857-5111,https://www.horizonnb.ca,,,,X,X,,,admin,t,08h30–16h30,Fermé,Fermé,Fermé,non,non,Lun-ven 8h30-16h30. Pour urgence: 811 (Info-Santé) ou urgence hospitalière.
NB,nb-housing-nb,Services de logement NB,logement,Logement abordable,Province du Nouveau-Brunswick,1-800-561-4033,https://www2.gnb.ca/content/gnb/fr/departments/social_development/housing.html,,,,X,X,,,admin,t,08h30–16h30,Fermé,Fermé,Fermé,non,non,Bureau lun-ven 8h30-16h30. Liste d'attente – inscription requise.
NB,nb-shelter-moncton,Harvest House – Hébergement urgence,logement,Hébergement d'urgence,Moncton,506-388-0090,https://www.harvesthouse.ca,"1046 Mountain Rd, Moncton, NB E1C 2T2",,,,X,,,admin,f,00h00–24h00,00h00–24h00,00h00–24h00,00h00–24h00,oui,oui,"Service disponible 24h/24, 7j/7"
NB,nb-cmhc-nb,SCHL – Nouveau-Brunswick,achatImmobilier,Aide à l'achat,Province du Nouveau-Brunswick,1-800-668-2642,https://www.cmhc-schl.gc.ca,,,,X,X,,,admin,t,09h00–17h00,09h00–12h00,Fermé,Fermé,non,non,Lun-ven 9h-17h. Sam 9h-12h pour certains bureaux. En ligne 24h.
NB,nb-emploi-nb,Emploi NB – Services aux travailleurs,emploi,Services d'emploi,Province du Nouveau-Brunswick,1-888-762-8600,https://www2.gnb.ca/emploi,,,,X,X,,,admin,t,08h30–16h30,Fermé,Fermé,Fermé,non,non,Lun-ven 8h30-16h30. Sans RV ou sur RV selon service.
NB,nb-cafi,CAFI – Accueil francophone immigrants,immigration,Accueil immigrants francophones,Moncton,506-382-7766,https://www.cafi-nb.org,"36 avenue Archibald, Moncton, NB E1C 5H7",,,,X,,,admin,f,08h30–16h30,Fermé,Fermé,Fermé,non,non,Lun-ven 8h30-16h30. Sur RV pour consultations spécialisées.
NB,nb-foodbank-moncton,Banque alimentaire Moncton,alimentation,Banque alimentaire,Moncton,506-857-3800,https://www.monctonareafoodbank.ca,"55 Highfield St, Moncton, NB E1C 5N1",,,,X,,,admin,f,09h00–16h00,09h00–13h00,Fermé,Fermé,non,non,"Lun-ven 9h-16h, sam 9h-13h. Horaires varient selon point de distribution."
NB,nb-family-nb,Dialogue NB – Services familiaux,famille,Soutien aux familles,Province du Nouveau-Brunswick,506-857-4040,https://www.dialoguenb.org,"740 Main St, Moncton, NB E1C 1E6",,,,X,,,admin,f,08h30–16h30,Fermé,Fermé,Fermé,non,non,Lun-ven 8h30-16h30. Sur RV.
NS,ns-211,211 Nouvelle-Écosse,soutienSocial,Référence communautaire,Province de la Nouvelle-Écosse,211,https://www.ns.211.ca,,,,X,X,,,admin,t,08h00–22h00,08h00–22h00,08h00–22h00,08h00–22h00,non,non,"211: disponible 7j/7, 8h-22h. Certaines régions: 24h/24."
NS,ns-crisis-line,Ligne de crise NS,santemental,Crise psychologique,Province de la Nouvelle-Écosse,1-888-429-8167,https://www.nshealth.ca,,,,X,X,,,admin,t,00h00–24h00,00h00–24h00,00h00–24h00,00h00–24h00,oui,oui,"Service disponible 24h/24, 7j/7"
NS,ns-811,Info-Santé 811,sante,Info-Santé 24/7,Province de la Nouvelle-Écosse,811,https://www.nshealth.ca,,,,X,X,,,admin,t,00h00–24h00,00h00–24h00,00h00–24h00,00h00–24h00,oui,oui,"Service disponible 24h/24, 7j/7"
NS,ns-nsha,Nova Scotia Health Authority,sante,Réseau de la santé,Province de la Nouvelle-Écosse,1-855-450-3700,https://www.nshealth.ca,,,,X,X,,,admin,t,08h30–16h30,Fermé,Fermé,Fermé,non,non,Lun-ven 8h30-16h30. Pour urgence: 811 (Info-Santé) ou urgence hospitalière.
NS,ns-housing-ns,Nova Scotia Housing,logement,Logement abordable,Province de la Nouvelle-Écosse,902-424-5300,https://www.novascotia.ca/coms/housing/,,,,X,X,,,admin,t,08h30–16h30,Fermé,Fermé,Fermé,non,non,Bureau lun-ven 8h30-16h30. Liste d'attente – inscription requise.
NS,ns-shelter-halif,Metro Turning Point – Hébergement,logement,Hébergement d'urgence,Halifax,902-422-7403,https://www.metroworks.org,"2099 Gottingen St, Halifax, NS B3K 3B2",,,,X,,,admin,f,00h00–24h00,00h00–24h00,00h00–24h00,00h00–24h00,oui,oui,"Hébergement d'urgence: accueil 24h/24, 7j/7."
NS,ns-cmhc-ns,SCHL – Nouvelle-Écosse,achatImmobilier,Aide à l'achat,Province de la Nouvelle-Écosse,1-800-668-2642,https://www.cmhc-schl.gc.ca,,,,X,X,,,admin,t,09h00–17h00,09h00–12h00,Fermé,Fermé,non,non,Lun-ven 9h-17h. Sam 9h-12h pour certains bureaux. En ligne 24h.
NS,ns-nsar,Nova Scotia Real Estate – NSAR,achatImmobilier,Services immobiliers,Halifax,902-468-2515,https://www.nsar.ca,"7 Scarfe Court, Dartmouth, NS B3B 1W4",,,,X,,,admin,f,09h00–17h00,09h00–12h00,Fermé,Fermé,non,non,Lun-ven 9h-17h. Sam 9h-12h pour certains bureaux. En ligne 24h.
NS,ns-jobsns,Jobs Nova Scotia,emploi,Services d'emploi,Province de la Nouvelle-Écosse,902-424-5200,https://novascotia.ca/lae/employmentservices/,,,,X,X,,,admin,t,08h30–16h30,Fermé,Fermé,Fermé,non,non,Lun-ven 8h30-16h30. Sans RV ou sur RV selon service.
NS,ns-immigration-ns,ISANS – Immigrant Services Association of NS,immigration,Services aux immigrants,Halifax,902-423-3607,https://isans.ca,"6 Primrose St, Halifax, NS B3M 0E4",,,,X,,,admin,f,08h30–16h30,Fermé,Fermé,Fermé,non,non,Lun-ven 8h30-16h30. Sur RV pour consultations spécialisées.
NS,ns-foodbank-ns,Feed Nova Scotia,alimentation,Banque alimentaire,Province de la Nouvelle-Écosse,902-457-1900,https://www.feednovascotia.ca,"109 Wright Ave, Dartmouth, NS B3B 0A2",,,,X,,,admin,f,09h00–16h00,09h00–13h00,Fermé,Fermé,non,non,"Lun-ven 9h-16h, sam 9h-13h. Horaires varient selon point de distribution."
NS,ns-family-ns,Family SOS Nova Scotia,famille,Soutien aux familles,Province de la Nouvelle-Écosse,902-422-7650,https://familysos.ca,"5513 Dennis St, Halifax, NS B3K 1X2",,,,X,,,admin,f,08h30–16h30,Fermé,Fermé,Fermé,non,non,Lun-ven 8h30-16h30. Sur RV.
PE,pe-211,211 Île-du-Prince-Édouard,soutienSocial,Référence communautaire,Province de l'Île-du-Prince-Édouard,211,https://www.pe.211.ca,,,,X,X,,,admin,t,08h00–22h00,08h00–22h00,08h00–22h00,08h00–22h00,non,non,"211: disponible 7j/7, 8h-22h. Certaines régions: 24h/24."
PE,pe-crisis-line,Ligne de crise IPE,santemental,Crise psychologique,Province de l'Île-du-Prince-Édouard,1-800-218-2885,https://www.princeedwardisland.ca/fr/information/sante-pei,,,,X,X,,,admin,t,00h00–24h00,00h00–24h00,00h00–24h00,00h00–24h00,oui,oui,"Service disponible 24h/24, 7j/7"
PE,pe-811,Health PEI – Info-Santé,sante,Info-Santé 24/7,Province de l'Île-du-Prince-Édouard,811,https://www.healthpei.ca,,,,X,X,,,admin,t,00h00–24h00,00h00–24h00,00h00–24h00,00h00–24h00,oui,oui,"Service disponible 24h/24, 7j/7"
PE,pe-health-pei,Health PEI,sante,Réseau de la santé,Province de l'Île-du-Prince-Édouard,902-368-6130,https://www.healthpei.ca,"16 Garfield St, Charlottetown, PE C1A 4K8",,,,X,,,admin,f,08h30–16h30,Fermé,Fermé,Fermé,non,non,Lun-ven 8h30-16h30. Pour urgence: 811 (Info-Santé) ou urgence hospitalière.
PE,pe-housing-pe,PEI Housing,logement,Logement abordable,Province de l'Île-du-Prince-Édouard,902-620-3875,https://www.princeedwardisland.ca/housing,"PO Box 2000, Charlottetown, PE C1A 7N8",,,,X,,,admin,f,08h30–16h30,Fermé,Fermé,Fermé,non,non,Bureau lun-ven 8h30-16h30. Liste d'attente – inscription requise.
PE,pe-cmhc-pe,SCHL – Île-du-Prince-Édouard,achatImmobilier,Aide à l'achat,Province de l'Île-du-Prince-Édouard,1-800-668-2642,https://www.cmhc-schl.gc.ca,,,,X,X,,,admin,t,09h00–17h00,09h00–12h00,Fermé,Fermé,non,non,Lun-ven 9h-17h. Sam 9h-12h pour certains bureaux. En ligne 24h.
PE,pe-employment-pe,Emploi PEI,emploi,Services d'emploi,Province de l'Île-du-Prince-Édouard,902-368-5780,https://www.princeedwardisland.ca/fr/sujet/emploi,,,,X,X,,,admin,t,08h30–16h30,Fermé,Fermé,Fermé,non,non,Lun-ven 8h30-16h30. Sans RV ou sur RV selon service.
PE,pe-immigration-pe,Immigration PEI,immigration,Services aux immigrants,Province de l'Île-du-Prince-Édouard,902-620-3628,https://www.princeedwardisland.ca/immigration,"94 Euston St, Charlottetown, PE C1A 1W4",,,,X,,,admin,f,08h30–16h30,Fermé,Fermé,Fermé,non,non,Lun-ven 8h30-16h30. Sur RV pour consultations spécialisées.
PE,pe-foodbank-pe,PEI Food Banks,alimentation,Banque alimentaire,Province de l'Île-du-Prince-Édouard,902-368-2961,https://www.feedpei.ca,,,,X,X,,,admin,t,09h00–16h00,09h00–13h00,Fermé,Fermé,non,non,"Lun-ven 9h-16h, sam 9h-13h. Horaires varient selon point de distribution."
PE,pe-family-pe,Family Violence Prevention Services PEI,famille,Violence conjugale,Province de l'Île-du-Prince-Édouard,902-368-6589,https://www.princeedwardisland.ca/fr/information/affaires-sociales-et-aines/violence-familiale,,,,X,X,,,admin,t,00h00–24h00,00h00–24h00,00h00–24h00,00h00–24h00,oui,oui,Ligne d'urgence 24h/24. Hébergement sur appel. Confidentiel.
NL,nl-211,211 Terre-Neuve-et-Labrador,soutienSocial,Référence communautaire,Province de Terre-Neuve-et-Labrador,211,https://www.nl.211.ca,,,,X,X,,,admin,t,08h00–22h00,08h00–22h00,08h00–22h00,08h00–22h00,non,non,"211: disponible 7j/7, 8h-22h. Certaines régions: 24h/24."
NL,nl-crisis-nl,Mental Health Crisis Line NL,santemental,Crise psychologique,Province de Terre-Neuve-et-Labrador,1-888-737-4668,https://www.gov.nl.ca/hcs/mentalhealth/,,,,X,X,,,admin,t,00h00–24h00,00h00–24h00,00h00–24h00,00h00–24h00,oui,oui,"Service disponible 24h/24, 7j/7"
NL,nl-811-nl,HealthLine NL,sante,Info-Santé 24/7,Province de Terre-Neuve-et-Labrador,811,https://www.gov.nl.ca/hcs/,,,,X,X,,,admin,t,00h00–24h00,00h00–24h00,00h00–24h00,00h00–24h00,oui,oui,"Service disponible 24h/24, 7j/7"
NL,nl-nlhs,Newfoundland and Labrador Health Services,sante,Réseau de la santé,Province de Terre-Neuve-et-Labrador,709-752-4100,https://nlhealthservices.ca,"300 Prince Philip Dr, St. John's, NL A1B 3V6",,,,X,,,admin,f,08h30–16h30,Fermé,Fermé,Fermé,non,non,Lun-ven 8h30-16h30. Pour urgence: 811 (Info-Santé) ou urgence hospitalière.
NL,nl-housing-nl,NL Housing Corporation,logement,Logement abordable,Province de Terre-Neuve-et-Labrador,709-724-3000,https://www.nlhc.nl.ca,"2 Canada Dr, St. John's, NL A1B 4J7",,,,X,,,admin,f,08h30–16h30,Fermé,Fermé,Fermé,non,non,Bureau lun-ven 8h30-16h30. Liste d'attente – inscription requise.
NL,nl-cmhc-nl,SCHL – Terre-Neuve-et-Labrador,achatImmobilier,Aide à l'achat,Province de Terre-Neuve-et-Labrador,1-800-668-2642,https://www.cmhc-schl.gc.ca,,,,X,X,,,admin,t,09h00–17h00,09h00–12h00,Fermé,Fermé,non,non,Lun-ven 9h-17h. Sam 9h-12h pour certains bureaux. En ligne 24h.
NL,nl-employment-nl,Emploi NL,emploi,Services d'emploi,Province de Terre-Neuve-et-Labrador,709-729-2480,https://www.gov.nl.ca/mae/,,,,X,X,,,admin,t,08h30–16h30,Fermé,Fermé,Fermé,non,non,Lun-ven 8h30-16h30. Sans RV ou sur RV selon service.
NL,nl-acsi,Association for New Canadians NL,immigration,Services aux immigrants,St. John's,709-722-9680,https://www.ancnl.ca,"35 Blackmarsh Rd, St. John's, NL A1E 1S4",,,,X,,,admin,f,08h30–16h30,Fermé,Fermé,Fermé,non,non,Lun-ven 8h30-16h30. Sur RV pour consultations spécialisées.
NL,nl-foodbank-nl,Community Food Sharing Association NL,alimentation,Banque alimentaire,Province de Terre-Neuve-et-Labrador,709-579-9949,https://www.nlcfsa.ca,"354 Freshwater Rd, St. John's, NL A1B 1C3",,,,X,,,admin,f,09h00–16h00,09h00–13h00,Fermé,Fermé,non,non,"Lun-ven 9h-16h, sam 9h-13h. Horaires varient selon point de distribution."
NL,nl-family-nl,Choices for Youth NL,famille,Soutien jeunesse et familles,St. John's,709-722-2070,https://choicesforyouth.ca,"62 Freshwater Rd, St. John's, NL A1B 1B3",,,,X,,,admin,f,08h30–16h30,Fermé,Fermé,Fermé,non,non,Lun-ven 8h30-16h30. Sur RV.
YT,yt-211,211 Yukon,soutienSocial,Référence communautaire,Territoire du Yukon,211,https://www.yt.211.ca,,,,X,X,,,admin,t,08h00–22h00,08h00–22h00,08h00–22h00,08h00–22h00,non,non,"211: disponible 7j/7, 8h-22h. Certaines régions: 24h/24."
YT,yt-crisis-yt,Kaushee's Place – Ligne d'urgence,santemental,Crise psychologique,Whitehorse,867-668-5733,https://kausheesplace.ca,"405 Alexander St, Whitehorse, YT Y1A 2L7",,,,X,,,admin,f,00h00–24h00,00h00–24h00,00h00–24h00,00h00–24h00,oui,oui,"Service disponible 24h/24, 7j/7"
YT,yt-811,811 – Info-Santé,sante,Info-Santé 24/7,Territoire du Yukon,811,https://yukon.ca/fr/sante-et-securite,,,,X,X,,,admin,t,00h00–24h00,00h00–24h00,00h00–24h00,00h00–24h00,oui,oui,"Service disponible 24h/24, 7j/7"
YT,yt-yhss,Yukon Health and Social Services,sante,Réseau de la santé,Whitehorse,867-456-6136,https://yukon.ca/fr/sante-et-securite/trouver-service-sante,"4 Hospital Rd, Whitehorse, YT Y1A 3H7",,,,X,,,admin,f,08h30–16h30,Fermé,Fermé,Fermé,non,non,Lun-ven 8h30-16h30. Pour urgence: 811 (Info-Santé) ou urgence hospitalière.
YT,yt-housing-yt,Yukon Housing Corporation,logement,Logement abordable,Whitehorse,867-667-5759,https://www.yukonhousing.ca,"410 Jarvis St, Whitehorse, YT Y1A 2H5",,,,X,,,admin,f,08h30–16h30,Fermé,Fermé,Fermé,non,non,Bureau lun-ven 8h30-16h30. Liste d'attente – inscription requise.
YT,yt-cmhc-yt,SCHL – Yukon,achatImmobilier,Aide à l'achat,Territoire du Yukon,1-800-668-2642,https://www.cmhc-schl.gc.ca,,,,X,X,,,admin,t,09h00–17h00,09h00–12h00,Fermé,Fermé,non,non,Lun-ven 9h-17h. Sam 9h-12h pour certains bureaux. En ligne 24h.
YT,yt-employment-yt,Services aux travailleurs – Yukon,emploi,Services d'emploi,Whitehorse,867-667-5811,https://yukon.ca/fr/faire-affaire-avec-le-gouvernement/embaucher-au-yukon,,,,X,X,,,admin,t,08h30–16h30,Fermé,Fermé,Fermé,non,non,Lun-ven 8h30-16h30. Sans RV ou sur RV selon service.
YT,yt-immigration-yt,Immigration Yukon – Programme des candidats,immigration,Services aux immigrants,Whitehorse,867-667-8000,https://yukon.ca/fr/venir-yukon/immigrer,"307 Black St, Whitehorse, YT Y1A 2N1",,,,X,,,admin,f,08h30–16h30,Fermé,Fermé,Fermé,non,non,Lun-ven 8h30-16h30. Sur RV pour consultations spécialisées.
YT,yt-foodbank-yt,Whitehorse Food Bank,alimentation,Banque alimentaire,Whitehorse,867-456-4567,https://www.whitehorsefoodbank.ca,"4165 4 Ave, Whitehorse, YT Y1A 6A2",,,,X,,,admin,f,09h00–16h00,09h00–13h00,Fermé,Fermé,non,non,"Lun-ven 9h-16h, sam 9h-13h. Horaires varient selon point de distribution."
NT,nt-211,211 Territoires du Nord-Ouest,soutienSocial,Référence communautaire,Territoires du Nord-Ouest,211,https://www.nt.211.ca,,,,X,X,,,admin,t,08h00–22h00,08h00–22h00,08h00–22h00,08h00–22h00,non,non,"211: disponible 7j/7, 8h-22h. Certaines régions: 24h/24."
NT,nt-crisis-nt,Ligne de crise TNO,santemental,Crise psychologique 24/7,Territoires du Nord-Ouest,1-800-661-0844,https://www.hss.gov.nt.ca,,,,X,X,,,admin,t,00h00–24h00,00h00–24h00,00h00–24h00,00h00–24h00,oui,oui,"Service disponible 24h/24, 7j/7"
NT,nt-health-nt,TNO – Santé et Services sociaux,sante,Réseau de la santé,Yellowknife,867-767-9120,https://www.hss.gov.nt.ca,"5015 49 St, Yellowknife, NT X1A 3S4",,,,X,,,admin,f,08h30–16h30,Fermé,Fermé,Fermé,non,non,Lun-ven 8h30-16h30. Pour urgence: 811 (Info-Santé) ou urgence hospitalière.
NT,nt-housing-nt,NWT Housing Corporation,logement,Logement communautaire,Yellowknife,867-767-9150,https://www.nwthc.gov.nt.ca,"5102 50 Ave, Yellowknife, NT X1A 3S8",,,,X,,,admin,f,08h30–16h30,Fermé,Fermé,Fermé,non,non,Bureau lun-ven 8h30-16h30. Liste d'attente – inscription requise.
NT,nt-cmhc-nt,SCHL – Territoires du Nord-Ouest,achatImmobilier,Aide à l'achat,Territoires du Nord-Ouest,1-800-668-2642,https://www.cmhc-schl.gc.ca,,,,X,X,,,admin,t,09h00–17h00,09h00–12h00,Fermé,Fermé,non,non,Lun-ven 9h-17h. Sam 9h-12h pour certains bureaux. En ligne 24h.
NT,nt-employment-nt,Services aux travailleurs TNO,emploi,Services d'emploi,Yellowknife,867-920-3252,https://www.ece.gov.nt.ca/fr/services/emploi,,,,X,X,,,admin,t,08h30–16h30,Fermé,Fermé,Fermé,non,non,Lun-ven 8h30-16h30. Sans RV ou sur RV selon service.
NT,nt-mcss,Multi-Cultural Centre NWT,immigration,Services aux immigrants,Yellowknife,867-873-8292,https://www.mcss.ca,"4915 48 St, Yellowknife, NT X1A 1N6",,,,X,,,admin,f,08h30–16h30,Fermé,Fermé,Fermé,non,non,Lun-ven 8h30-16h30. Sur RV pour consultations spécialisées.
NT,nt-foodbank-nt,Yellowknife Food Bank,alimentation,Banque alimentaire,Yellowknife,867-873-4504,https://www.ykfoodbank.ca,"4908 Franklin Ave, Yellowknife, NT X1A 2N3",,,,X,,,admin,f,09h00–16h00,09h00–13h00,Fermé,Fermé,non,non,"Lun-ven 9h-16h, sam 9h-13h. Horaires varient selon point de distribution."
NU,nu-crisis-nu,Kamatsiaqtut Helpline – Nunavut,santemental,Crise psychologique 24/7,Territoire du Nunavut,867-979-3333,https://nunavutcrisisline.com,,,,X,X,,,admin,t,00h00–24h00,00h00–24h00,00h00–24h00,00h00–24h00,oui,oui,"Service disponible 24h/24, 7j/7"
NU,nu-811-nu,811 – Info-Santé Nunavut,sante,Info-Santé 24/7,Territoire du Nunavut,811,https://www.gov.nu.ca/health,,,,X,X,,,admin,t,00h00–24h00,00h00–24h00,00h00–24h00,00h00–24h00,oui,oui,"Service disponible 24h/24, 7j/7"
NU,nu-health-nu,Gouvernement du Nunavut – Santé,sante,Réseau de la santé,Iqaluit,867-975-5700,https://www.gov.nu.ca/health,"PO Box 1000, Iqaluit, NU X0A 0H0",,,,X,,,admin,f,08h30–16h30,Fermé,Fermé,Fermé,non,non,Lun-ven 8h30-16h30. Pour urgence: 811 (Info-Santé) ou urgence hospitalière.
NU,nu-housing-nu,Nunavut Housing Corporation,logement,Logement communautaire,Iqaluit,867-975-7200,https://www.nunavuthousing.ca,"PO Box 600, Arviat, NU X0C 0E0",,,,X,,,admin,f,08h30–16h30,Fermé,Fermé,Fermé,non,non,Bureau lun-ven 8h30-16h30. Liste d'attente – inscription requise.
NU,nu-cmhc-nu,SCHL – Nunavut,achatImmobilier,Aide à l'achat,Territoire du Nunavut,1-800-668-2642,https://www.cmhc-schl.gc.ca,,,,X,X,,,admin,t,09h00–17h00,09h00–12h00,Fermé,Fermé,non,non,Lun-ven 9h-17h. Sam 9h-12h pour certains bureaux. En ligne 24h.
NU,nu-employment-nu,Services à l'emploi – Nunavut,emploi,Services d'emploi,Iqaluit,867-975-5400,https://www.gov.nu.ca/eia/information/finding-job-nunavut,,,,X,X,,,admin,t,08h30–16h30,Fermé,Fermé,Fermé,non,non,Lun-ven 8h30-16h30. Sans RV ou sur RV selon service.
NU,nu-foodbank-nu,Agvvik Society – Aide alimentaire,alimentation,Aide alimentaire,Iqaluit,867-979-1277,https://www.agvvik.ca,"Iqaluit, NU X0A 0H0",,,,X,,,admin,,09h00–16h00,09h00–12h00,Fermé,Fermé,non,non,Lun-ven 9h-16h. Vérifier horaires locaux.
QC,qc-refuge-montreal-bonsecours,Old Brewery Mission – Refuge hommes,logement,Refuge d'urgence,Montréal,514-878-1212,https://www.missionvieuxmontreal.ca,"1820, boul. René-Lévesque Ouest, Montréal, QC H3H 1R6",,,,X,,,admin,f,00h00–24h00,00h00–24h00,00h00–24h00,00h00–24h00,oui,oui,Hébergement d'urgence 24h/24. Présentation directe ou appel.
QC,qc-refuge-montreal-armeedusalut,Armée du Salut – Refuge Montréal,logement,Refuge d'urgence,Montréal,514-288-2848,https://www.salvationarmy.ca,"1655, rue Notre-Dame Ouest, Montréal, QC H3J 1M4",,,,X,,,admin,f,00h00–24h00,00h00–24h00,00h00–24h00,00h00–24h00,oui,oui,Hébergement d'urgence 24h/24. Présentation directe ou appel.
QC,qc-refuge-montreal-welcome,Welcome Hall Mission – Refuge,logement,Refuge d'urgence,Montréal,514-935-4897,https://www.welcomehall.ca,"4835, rue Notre-Dame Ouest, Montréal, QC H4C 1S8",,,,X,,,admin,f,00h00–24h00,00h00–24h00,00h00–24h00,00h00–24h00,oui,oui,Hébergement d'urgence 24h/24. Présentation directe ou appel.
QC,qc-refuge-montreal-sil,SIL – Soutien itinérance logement MTL,logement,Refuge d'urgence,Montréal,514-380-5389,https://www.silhomelessmtl.org,"4000, boul. de Maisonneuve Ouest, Montréal, QC H3Z 1J9",,,,X,,,admin,f,00h00–24h00,00h00–24h00,00h00–24h00,00h00–24h00,oui,oui,Hébergement d'urgence 24h/24. Présentation directe ou appel.
QC,qc-refuge-qc-lauberiviere,La Bouchée Généreuse – L'Auberivière Québec,logement,Refuge d'urgence,Québec,418-694-9316,https://www.lauberiviere.org,"269, rue de la Couronne, Québec, QC G1K 6G4",,,,X,,,admin,f,00h00–24h00,00h00–24h00,00h00–24h00,00h00–24h00,oui,oui,Hébergement d'urgence 24h/24. Présentation directe ou appel.
QC,qc-refuge-qc-portail,Portail de Québec – Hébergement urgence,logement,Refuge d'urgence,Québec,418-522-0446,https://portaildequebec.org,"1625, rue Charest Ouest, Québec, QC G1N 2G1",,,,X,,,admin,f,00h00–24h00,00h00–24h00,00h00–24h00,00h00–24h00,oui,oui,Hébergement d'urgence 24h/24. Présentation directe ou appel.
QC,qc-refuge-sher-accueil,Accueil Poirier – Refuge Sherbrooke,logement,Refuge d'urgence,Sherbrooke,819-562-0100,https://www.accueilpoirier.com,"245, rue Marquette, Sherbrooke, QC J1H 1M4",,,,X,,,admin,f,00h00–24h00,00h00–24h00,00h00–24h00,00h00–24h00,oui,oui,Hébergement d'urgence 24h/24. Présentation directe ou appel.
QC,qc-refuge-laval-croix-chemin,La Piaule – Refuge jeunes Laval,logement,Refuge d'urgence,Laval,450-669-4155,https://www.lapiaule.ca,"490, boul. Cartier Ouest, Laval, QC H7N 5E1",,,,X,,,admin,f,00h00–24h00,00h00–24h00,00h00–24h00,00h00–24h00,oui,oui,Hébergement d'urgence 24h/24. Présentation directe ou appel.
QC,qc-refuge-gatineau-maison-verte,Maison d'hébergement d'urgence Gatineau,logement,Refuge d'urgence,Gatineau,819-770-6060,,"219, rue Hôtel-de-Ville, Gatineau, QC J8X 2H6",,,,X,,,admin,f,00h00–24h00,00h00–24h00,00h00–24h00,00h00–24h00,oui,oui,Hébergement d'urgence 24h/24. Présentation directe ou appel.
QC,qc-refuge-longueuil-carrefour,Carrefour d'entraide Longueuil,logement,Refuge d'urgence,Longueuil,450-651-7732,https://www.carrefourentraide.com,"1400, rue Préfontaine, Longueuil, QC J4K 3T8",,,,X,,,admin,f,00h00–24h00,00h00–24h00,00h00–24h00,00h00–24h00,oui,oui,Hébergement d'urgence 24h/24. Présentation directe ou appel.
QC,qc-refuge-saguenay-havre,Centre Le Havre Saguenay,logement,Refuge d'urgence,Saguenay,418-543-5555,,"486, rue Brébeuf, Saguenay, QC G7H 5A3",,,,X,,,admin,f,00h00–24h00,00h00–24h00,00h00–24h00,00h00–24h00,oui,oui,Hébergement d'urgence 24h/24. Présentation directe ou appel.
QC,qc-vc-montreal-cri,La Maison de Lauberivière – Femmes Montreal,logement,Maison hébergement femmes,Montréal,514-526-6990,https://www.maisonlauberiviere.com,"3075, rue Sherbrooke Est, Montréal, QC H1W 1B2",,,,X,,,admin,f,00h00–24h00,00h00–24h00,00h00–24h00,00h00–24h00,oui,oui,Hébergement confidentiel 24h/24. Appeler d'abord.
QC,qc-vc-quebec-viol,CALACS – Centre aide agression sexuelle Québec,logement,Maison hébergement femmes,Québec,418-522-2120,https://www.calacs-qc.ca,"486, rue Saint-Jean, Québec, QC G1R 1P6",,,,X,,,admin,f,00h00–24h00,00h00–24h00,00h00–24h00,00h00–24h00,oui,oui,Hébergement confidentiel 24h/24. Appeler d'abord.
QC,qc-vc-sherbrooke-safe,SAFE Sherbrooke – Maison hébergement,logement,Maison hébergement femmes,Sherbrooke,819-569-3611,https://www.safesherbrooke.org,"1680, rue King Ouest, Sherbrooke, QC J1J 2E1",,,,X,,,admin,f,00h00–24h00,00h00–24h00,00h00–24h00,00h00–24h00,oui,oui,Hébergement confidentiel 24h/24. Appeler d'abord.
QC,qc-vc-laval-rose-des-vents,La Rose des Vents – Laval,logement,Maison hébergement femmes,Laval,450-669-9053,https://www.larosedesvents.org,"246, boul. Sainte-Rose, Laval, QC H7L 1L5",,,,X,,,admin,f,00h00–24h00,00h00–24h00,00h00–24h00,00h00–24h00,oui,oui,Hébergement confidentiel 24h/24. Appeler d'abord.
QC,qc-vc-gatineau-maison-amis,La Maison des Amis du coeur – Gatineau,logement,Maison hébergement femmes,Gatineau,819-771-1221,https://www.maisondamisducoeur.ca,"95, rue Madeleine, Gatineau, QC J8Y 1S4",,,,X,,,admin,f,00h00–24h00,00h00–24h00,00h00–24h00,00h00–24h00,oui,oui,Hébergement confidentiel 24h/24. Appeler d'abord.
QC,qc-vc-longueuil-interval,Interval Maison – Longueuil,logement,Maison hébergement femmes,Longueuil,450-677-7124,https://www.intervalmaisonlongueuil.org,"221, rue Grant, Longueuil, QC J4H 3B8",,,,X,,,admin,f,00h00–24h00,00h00–24h00,00h00–24h00,00h00–24h00,oui,oui,Hébergement confidentiel 24h/24. Appeler d'abord.
QC,qc-log-montreal-rclalq,RCLALQ – Réseau droits locataires QC,logement,Droits locataires,Province de Québec,514-521-7114,https://www.rclalq.qc.ca,,,,X,X,,,admin,f,09h00–17h00,Fermé,Fermé,Fermé,non,non,Lun-ven 9h-17h. Consultation et défense des droits des locataires.
QC,qc-log-montreal-hdv,Comité logement Ville-Émard Côte-Saint-Paul,logement,Droits locataires,Montréal,514-597-2581,https://www.clvecsp.org,"5728, avenue de Verdun, Montréal, QC H4H 1N4",,,,X,,,admin,f,09h00–17h00,Fermé,Fermé,Fermé,non,non,Lun-ven 9h-17h. Consultation et défense des droits des locataires.
QC,qc-log-montreal-popmtl,Projet Genèse – Aide logement Côte-des-Neiges,logement,Droits locataires,Montréal,514-731-0601,https://www.projetgenese.org,"4735, Côte-des-Neiges, Montréal, QC H3V 1G1",,,,X,,,admin,f,09h00–17h00,Fermé,Fermé,Fermé,non,non,Lun-ven 9h-17h. Consultation et défense des droits des locataires.
QC,qc-log-quebec-clq,Comité Logement Rive-Nord Québec,logement,Droits locataires,Québec,418-523-0155,https://www.clrnquebec.org,"455, rue de la Couronne, Québec, QC G1K 6E6",,,,X,,,admin,f,09h00–17h00,Fermé,Fermé,Fermé,non,non,Lun-ven 9h-17h. Consultation et défense des droits des locataires.
QC,qc-log-sherbrooke-cls,Comité logement de Sherbrooke,logement,Droits locataires,Sherbrooke,819-542-1941,https://www.clsherbrooke.org,"187, rue Wellington Nord, Sherbrooke, QC J1H 5B8",,,,X,,,admin,f,09h00–17h00,Fermé,Fermé,Fermé,non,non,Lun-ven 9h-17h. Consultation et défense des droits des locataires.
QC,qc-log-laval-cll,Comité logement de Laval,logement,Droits locataires,Laval,450-661-7906,https://www.comitelogementlaval.ca,"1326, boul. Saint-Martin Est, Laval, QC H7E 3M1",,,,X,,,admin,f,09h00–17h00,Fermé,Fermé,Fermé,non,non,Lun-ven 9h-17h. Consultation et défense des droits des locataires.
QC,qc-log-gatineau-clg,Comité logement Gatineau,logement,Droits locataires,Gatineau,819-595-1595,https://www.comitelogementgatineau.org,"235, boul. Saint-Joseph, Gatineau, QC J8Y 3X3",,,,X,,,admin,f,09h00–17h00,Fermé,Fermé,Fermé,non,non,Lun-ven 9h-17h. Consultation et défense des droits des locataires.
QC,qc-cavac-montreal,CAVAC Montréal,famille,Aide aux victimes d'actes criminels,Montréal,514-276-9944,https://cavac.qc.ca,"1255, rue University, bureau 800, Montréal, QC H3B 3X1",,,,X,,,admin,f,08h30–16h30,Fermé,Fermé,Fermé,non,non,Lun-ven 8h30-16h30. Services gratuits et confidentiels pour victimes.
QC,qc-cavac-quebec,CAVAC Québec,famille,Aide aux victimes d'actes criminels,Québec,418-648-9945,https://cavac.qc.ca,"300, boul. Jean-Lesage, bureau 3.15, Québec, QC G1K 8K6",,,,X,,,admin,f,08h30–16h30,Fermé,Fermé,Fermé,non,non,Lun-ven 8h30-16h30. Services gratuits et confidentiels pour victimes.
QC,qc-cavac-laval,CAVAC Laval,famille,Aide aux victimes d'actes criminels,Laval,450-975-0500,https://cavac.qc.ca,"2501, boul. Daniel-Johnson, bureau 115, Laval, QC H7T 2P6",,,,X,,,admin,f,08h30–16h30,Fermé,Fermé,Fermé,non,non,Lun-ven 8h30-16h30. Services gratuits et confidentiels pour victimes.
QC,qc-cavac-longueuil,CAVAC Montérégie,famille,Aide aux victimes d'actes criminels,Longueuil,450-443-6625,https://cavac.qc.ca,"1100, boul. de la Bastille, Longueuil, QC J4K 5G1",,,,X,,,admin,f,08h30–16h30,Fermé,Fermé,Fermé,non,non,Lun-ven 8h30-16h30. Services gratuits et confidentiels pour victimes.
QC,qc-cavac-gatineau,CAVAC Outaouais,famille,Aide aux victimes d'actes criminels,Gatineau,819-770-1777,https://cavac.qc.ca,"25, rue Laurier, bureau 1.405, Gatineau, QC J8X 4C8",,,,X,,,admin,f,08h30–16h30,Fermé,Fermé,Fermé,non,non,Lun-ven 8h30-16h30. Services gratuits et confidentiels pour victimes.
QC,qc-cavac-sherbrooke,CAVAC Estrie,famille,Aide aux victimes d'actes criminels,Sherbrooke,819-564-3434,https://cavac.qc.ca,"375, rue King Ouest, bureau 001, Sherbrooke, QC J1H 6B9",,,,X,,,admin,f,08h30–16h30,Fermé,Fermé,Fermé,non,non,Lun-ven 8h30-16h30. Services gratuits et confidentiels pour victimes.
QC,qc-cavac-saguenay,CAVAC Saguenay–Lac-Saint-Jean,famille,Aide aux victimes d'actes criminels,Saguenay,418-547-6161,https://cavac.qc.ca,"227, rue Racine Est, bureau 200, Saguenay, QC G7H 1R9",,,,X,,,admin,f,08h30–16h30,Fermé,Fermé,Fermé,non,non,Lun-ven 8h30-16h30. Services gratuits et confidentiels pour victimes.
QC,qc-mf-montreal-mdf,Maison de la famille de Montréal,famille,Soutien aux familles,Montréal,514-279-8004,https://maisonfamillemontreal.com,"670, rue Villeray, Montréal, QC H2R 1H6",,,,X,,,admin,f,08h30–16h30,09h00–12h00,Fermé,Fermé,non,non,"Lun-ven 8h30-16h30. Ateliers, soutien parental, activités familiales."
QC,qc-mf-quebec-prisme,Prisme-famille Québec,famille,Soutien aux familles,Québec,418-681-0404,https://www.prisme-famille.org,"2600, boul. Laurier, bureau 230, Québec, QC G1V 4T3",,,,X,,,admin,f,08h30–16h30,09h00–12h00,Fermé,Fermé,non,non,"Lun-ven 8h30-16h30. Ateliers, soutien parental, activités familiales."
QC,qc-mf-sherbrooke-mfs,Maison de la famille de Sherbrooke,famille,Soutien aux familles,Sherbrooke,819-821-4040,https://maisonfamillesherbrooke.com,"455, rue du Conseil, Sherbrooke, QC J1G 1J1",,,,X,,,admin,f,08h30–16h30,09h00–12h00,Fermé,Fermé,non,non,"Lun-ven 8h30-16h30. Ateliers, soutien parental, activités familiales."
QC,qc-mf-laval-mfl,Maison de la famille de Laval,famille,Soutien aux familles,Laval,450-669-0066,https://maisonfamillelaval.org,"7100, boul. des Laurentides, Laval, QC H7H 2T1",,,,X,,,admin,f,08h30–16h30,09h00–12h00,Fermé,Fermé,non,non,"Lun-ven 8h30-16h30. Ateliers, soutien parental, activités familiales."
QC,qc-mf-gatineau-mfg,Maison de la famille de Gatineau,famille,Soutien aux familles,Gatineau,819-643-7888,https://maisonfamillegatineau.org,"139, boul. Saint-Raymond, Gatineau, QC J8Y 1S7",,,,X,,,admin,f,08h30–16h30,09h00–12h00,Fermé,Fermé,non,non,"Lun-ven 8h30-16h30. Ateliers, soutien parental, activités familiales."
QC,qc-mf-longueuil-mfon,Maison de la famille de Longueuil,famille,Soutien aux familles,Longueuil,450-651-5010,,"40, rue Grant, Longueuil, QC J4H 3H5",,,,X,,,admin,f,08h30–16h30,09h00–12h00,Fermé,Fermé,non,non,"Lun-ven 8h30-16h30. Ateliers, soutien parental, activités familiales."
QC,qc-mf-saguenay-mfsag,Maison de la famille de Saguenay,famille,Soutien aux familles,Saguenay,418-543-4774,,"290, rue Lafontaine, Saguenay, QC G7H 4K1",,,,X,,,admin,f,08h30–16h30,09h00–12h00,Fermé,Fermé,non,non,"Lun-ven 8h30-16h30. Ateliers, soutien parental, activités familiales."
QC,qc-dpj-montreal,DPJ – Protection jeunesse Montréal,famille,Protection de la jeunesse (DPJ),Montréal,514-896-3100,https://www.centrejeunessedemontreal.qc.ca,"1001, boul. de Maisonneuve Est, Montréal, QC H2L 4R5",,,,X,,,admin,f,08h00–20h00,08h00–16h00,08h00–16h00,08h00–16h00,non,non,Lun-ven 8h-20h. Sam-dim 8h-16h. Urgences 24h: appeler le même numéro.
QC,qc-dpj-quebec,DPJ – Protection jeunesse Québec,famille,Protection de la jeunesse (DPJ),Québec,418-661-6951,https://www.cisss-ca.gouv.qc.ca,"2915, avenue du Beau-Rivage, Québec, QC G1V 1B3",,,,X,,,admin,f,08h00–20h00,08h00–16h00,08h00–16h00,08h00–16h00,non,non,Lun-ven 8h-20h. Sam-dim 8h-16h. Urgences 24h: appeler le même numéro.
QC,qc-dpj-sherbrooke,DPJ – Protection jeunesse Estrie,famille,Protection de la jeunesse (DPJ),Sherbrooke,819-346-1110,https://www.ciussse-chus.qc.ca,"300, rue King Est, Sherbrooke, QC J1G 1B1",,,,X,,,admin,f,08h00–20h00,08h00–16h00,08h00–16h00,08h00–16h00,non,non,Lun-ven 8h-20h. Sam-dim 8h-16h. Urgences 24h: appeler le même numéro.
QC,qc-dpj-laval,DPJ – Protection jeunesse Laval,famille,Protection de la jeunesse (DPJ),Laval,450-975-4040,https://www.cisss-laval.gouv.qc.ca,"308, boul. Cartier Ouest, Laval, QC H7N 2J2",,,,X,,,admin,f,08h00–20h00,08h00–16h00,08h00–16h00,08h00–16h00,non,non,Lun-ven 8h-20h. Sam-dim 8h-16h. Urgences 24h: appeler le même numéro.
QC,qc-dpj-gatineau,DPJ – Protection jeunesse Outaouais,famille,Protection de la jeunesse (DPJ),Gatineau,819-771-6631,https://www.cisss-outaouais.gouv.qc.ca,"104, rue Lois, Gatineau, QC J8Y 3R7",,,,X,,,admin,f,08h00–20h00,08h00–16h00,08h00–16h00,08h00–16h00,non,non,Lun-ven 8h-20h. Sam-dim 8h-16h. Urgences 24h: appeler le même numéro.
QC,qc-dpj-saguenay,DPJ – Protection jeunesse Saguenay,famille,Protection de la jeunesse (DPJ),Saguenay,418-541-1234,https://www.ciusss-saglacsaintjean.gouv.qc.ca,"3885, boul. Harvey, Saguenay, QC G7X 3B4",,,,X,,,admin,f,08h00–20h00,08h00–16h00,08h00–16h00,08h00–16h00,non,non,Lun-ven 8h-20h. Sam-dim 8h-16h. Urgences 24h: appeler le même numéro.
QC,qc-dpj-longueuil,DPJ – Protection jeunesse Montérégie,famille,Protection de la jeunesse (DPJ),Longueuil,450-679-6444,https://www.santemonteregie.qc.ca,"1255, rue Beauregard, Longueuil, QC J4K 2M3",,,,X,,,admin,f,08h00–20h00,08h00–16h00,08h00–16h00,08h00–16h00,non,non,Lun-ven 8h-20h. Sam-dim 8h-16h. Urgences 24h: appeler le même numéro.
QC,qc-aj-montreal,Bureau aide juridique Montréal – Centre-ville,soutienSocial,Aide juridique gratuite,Montréal,514-873-3562,https://www.barreau.qc.ca/fr/public/aide-juridique/,"1, rue Notre-Dame Est, bureau RC-01, Montréal, QC H2Y 1B6",,,,X,,,admin,f,08h30–16h30,Fermé,Fermé,Fermé,non,non,Lun-ven 8h30-16h30. Garde téléphonique 24h pour arrestation: 1-800-842-2213.
QC,qc-aj-quebec,Bureau aide juridique Québec,soutienSocial,Aide juridique gratuite,Québec,418-643-3596,https://www.aide-juridique.qc.ca,"300, boul. Jean-Lesage, bureau 1.40, Québec, QC G1K 8K6",,,,X,,,admin,f,08h30–16h30,Fermé,Fermé,Fermé,non,non,Lun-ven 8h30-16h30. Garde téléphonique 24h pour arrestation: 1-800-842-2213.
QC,qc-aj-sherbrooke,Bureau aide juridique Sherbrooke,soutienSocial,Aide juridique gratuite,Sherbrooke,819-820-3160,https://www.aide-juridique.qc.ca,"375, rue King Ouest, bureau 102, Sherbrooke, QC J1H 6B9",,,,X,,,admin,f,08h30–16h30,Fermé,Fermé,Fermé,non,non,Lun-ven 8h30-16h30. Garde téléphonique 24h pour arrestation: 1-800-842-2213.
QC,qc-aj-laval,Bureau aide juridique Laval,soutienSocial,Aide juridique gratuite,Laval,450-663-2233,https://www.aide-juridique.qc.ca,"2501, boul. Daniel-Johnson, bureau 114, Laval, QC H7T 2P6",,,,X,,,admin,f,08h30–16h30,Fermé,Fermé,Fermé,non,non,Lun-ven 8h30-16h30. Garde téléphonique 24h pour arrestation: 1-800-842-2213.
QC,qc-aj-gatineau,Bureau aide juridique Gatineau,soutienSocial,Aide juridique gratuite,Gatineau,819-770-3881,https://www.aide-juridique.qc.ca,"170, rue Hôtel-de-Ville, Gatineau, QC J8X 4C2",,,,X,,,admin,f,08h30–16h30,Fermé,Fermé,Fermé,non,non,Lun-ven 8h30-16h30. Garde téléphonique 24h pour arrestation: 1-800-842-2213.
QC,qc-aj-longueuil,Bureau aide juridique Longueuil,soutienSocial,Aide juridique gratuite,Longueuil,450-651-3030,https://www.aide-juridique.qc.ca,"400, boul. Saint-Laurent, Longueuil, QC J4K 2Z7",,,,X,,,admin,f,08h30–16h30,Fermé,Fermé,Fermé,non,non,Lun-ven 8h30-16h30. Garde téléphonique 24h pour arrestation: 1-800-842-2213.
QC,qc-aj-saguenay,Bureau aide juridique Saguenay,soutienSocial,Aide juridique gratuite,Saguenay,418-699-2333,https://www.aide-juridique.qc.ca,"227, rue Racine Est, bureau 101, Saguenay, QC G7H 1R9",,,,X,,,admin,f,08h30–16h30,Fermé,Fermé,Fermé,non,non,Lun-ven 8h30-16h30. Garde téléphonique 24h pour arrestation: 1-800-842-2213.
QC,qc-aj-rouyn,Bureau aide juridique Rouyn-Noranda,soutienSocial,Aide juridique gratuite,Rouyn-Noranda,819-764-5191,https://www.aide-juridique.qc.ca,"2, avenue du Palais, Rouyn-Noranda, QC J9X 2N9",,,,X,,,admin,f,08h30–16h30,Fermé,Fermé,Fermé,non,non,Lun-ven 8h30-16h30. Garde téléphonique 24h pour arrestation: 1-800-842-2213.
QC,qc-aj-rimouski,Bureau aide juridique Rimouski,soutienSocial,Aide juridique gratuite,Rimouski,418-727-3591,https://www.aide-juridique.qc.ca,"337, rue Moreault, Rimouski, QC G5L 1P4",,,,X,,,admin,f,08h30–16h30,Fermé,Fermé,Fermé,non,non,Lun-ven 8h30-16h30. Garde téléphonique 24h pour arrestation: 1-800-842-2213.
QC,qc-aj-stjean,Bureau aide juridique Saint-Jean-sur-Richelieu,soutienSocial,Aide juridique gratuite,Saint-Jean-sur-Richelieu,450-358-3980,https://www.aide-juridique.qc.ca,"180, rue Jacques-Cartier Nord, Saint-Jean-sur-Richelieu, QC J3B 6X5",,,,X,,,admin,f,08h30–16h30,Fermé,Fermé,Fermé,non,non,Lun-ven 8h30-16h30. Garde téléphonique 24h pour arrestation: 1-800-842-2213.
QC,qc-cjp-montreal,Centre justice proximité Montréal,soutienSocial,Information juridique gratuite,Montréal,514-878-1289,https://info-justice.ca,"4, rue Notre-Dame Est, Montréal, QC H2Y 1B5",,,,X,,,admin,f,09h00–16h30,Fermé,Fermé,Fermé,non,non,Lun-ven 9h-16h30. Information et orientation juridique sans RV.
QC,qc-cjp-quebec,Centre justice proximité Québec,soutienSocial,Information juridique gratuite,Québec,418-641-0072,https://info-justice.ca,"300, boul. Jean-Lesage, Québec, QC G1K 8K6",,,,X,,,admin,f,09h00–16h30,Fermé,Fermé,Fermé,non,non,Lun-ven 9h-16h30. Information et orientation juridique sans RV.
QC,qc-cjp-sherbrooke,Centre justice proximité Estrie,soutienSocial,Information juridique gratuite,Sherbrooke,819-820-3160,https://info-justice.ca,"375, rue King Ouest, Sherbrooke, QC J1H 6B9",,,,X,,,admin,f,09h00–16h30,Fermé,Fermé,Fermé,non,non,Lun-ven 9h-16h30. Information et orientation juridique sans RV.
QC,qc-cjp-gatineau,Centre justice proximité Outaouais,soutienSocial,Information juridique gratuite,Gatineau,819-770-3881,https://info-justice.ca,"170, rue Hôtel-de-Ville, Gatineau, QC J8X 4C2",,,,X,,,admin,f,09h00–16h30,Fermé,Fermé,Fermé,non,non,Lun-ven 9h-16h30. Information et orientation juridique sans RV.
QC,qc-cjp-laval,Centre justice proximité Laval,soutienSocial,Information juridique gratuite,Laval,450-663-2233,https://info-justice.ca,"2501, boul. Daniel-Johnson, Laval, QC H7T 2P6",,,,X,,,admin,f,09h00–16h30,Fermé,Fermé,Fermé,non,non,Lun-ven 9h-16h30. Information et orientation juridique sans RV.
QC,qc-soc-ophq,OPHQ – Office personnes handicapées QC,soutienSocial,Soutien communautaire spécialisé,Province de Québec,1-800-567-1465,https://www.ophq.gouv.qc.ca,,,,X,X,,,admin,f,08h30–16h30,Fermé,Fermé,Fermé,non,non,Lun-ven 8h30-16h30. Défense des droits et services spécialisés.
QC,qc-soc-fadoq,FADOQ – Réseau aînés Québec,soutienSocial,Soutien communautaire spécialisé,Province de Québec,1-800-544-9058,https://www.fadoq.ca,,,,X,X,,,admin,f,08h30–16h30,Fermé,Fermé,Fermé,non,non,Lun-ven 8h30-16h30. Défense des droits et services spécialisés.
QC,qc-soc-aqriph,AQRIPH – Droits personnes handicapées,soutienSocial,Soutien communautaire spécialisé,Province de Québec,514-284-0155,https://www.aqriph.com,"2015, rue Drummond, Montréal, QC H3G 1W7",,,,X,,,admin,f,08h30–16h30,Fermé,Fermé,Fermé,non,non,Lun-ven 8h30-16h30. Défense des droits et services spécialisés.
QC,qc-soc-aines-montreal,Ligne Aide abus aînés,soutienSocial,Soutien communautaire spécialisé,Province de Québec,1-888-489-2287,https://www.aideabusaines.ca,,,,X,X,,,admin,f,08h30–16h30,Fermé,Fermé,Fermé,non,non,Lun-ven 8h30-16h30. Défense des droits et services spécialisés.
QC,qc-soc-itinerance-qc,Réseau SOLIDARITÉ itinérance Québec,soutienSocial,Soutien communautaire spécialisé,Province de Québec,514-523-7177,https://www.rsiq.org,"2000, boul. Saint-Joseph Est, Montréal, QC H2H 1E4",,,,X,,,admin,f,08h30–16h30,Fermé,Fermé,Fermé,non,non,Lun-ven 8h30-16h30. Défense des droits et services spécialisés.
QC,qc-soc-maisons-jeunes,Regroupement maisons des jeunes Québec,soutienSocial,Soutien communautaire spécialisé,Province de Québec,514-990-5900,https://www.rmjq.org,"600, rue Fullum, bureau 6.130, Montréal, QC H2K 4L1",,,,X,,,admin,f,08h30–16h30,Fermé,Fermé,Fermé,non,non,Lun-ven 8h30-16h30. Défense des droits et services spécialisés.
QC,qc-soc-autochtones-montreal,Foyer Père Dowd – Autochtones Montréal,soutienSocial,Soutien communautaire spécialisé,Montréal,514-283-3580,https://www.nativemontreal.com,"231, rue de la Commune Ouest, Montréal, QC H2Y 2E2",,,,X,,,admin,f,08h30–16h30,Fermé,Fermé,Fermé,non,non,Lun-ven 8h30-16h30. Défense des droits et services spécialisés.
QC,qc-soc-exæquo,Exæquo – Personnes handicapées physiques,soutienSocial,Soutien communautaire spécialisé,Province de Québec,514-284-5390,https://www.exaequo.net,"3672, rue Saint-Urbain, Montréal, QC H2X 2N8",,,,X,,,admin,f,08h30–16h30,Fermé,Fermé,Fermé,non,non,Lun-ven 8h30-16h30. Défense des droits et services spécialisés.
QC,qc-sm-montreal-psy,Institut Philippe-Pinel – Psychiatrie légale Montréal,santemental,Soutien santé mentale,Montréal,514-648-8461,https://www.pinel.qc.ca,"10905, boul. Henri-Bourassa Est, Montréal, QC H1C 1H1",,,,X,,,admin,f,08h30–16h30,Fermé,Fermé,Fermé,non,non,Lun-ven 8h30-16h30. Sur RV ou référence médicale.
QC,qc-sm-montreal-douglas,Institut Douglas – Santé mentale Montréal,santemental,Soutien santé mentale,Montréal,514-761-6131,https://www.douglas.qc.ca,"6875, boul. LaSalle, Montréal, QC H4H 1R3",,,,X,,,admin,f,08h30–16h30,Fermé,Fermé,Fermé,non,non,Lun-ven 8h30-16h30. Sur RV ou référence médicale.
QC,qc-sm-montreal-journee,Centre de jour en santé mentale Montréal,santemental,Soutien santé mentale,Montréal,514-866-0074,https://www.cjsmtl.org,"2055, rue Peel, Montréal, QC H3A 1V4",,,,X,,,admin,f,08h30–16h30,Fermé,Fermé,Fermé,non,non,Lun-ven 8h30-16h30. Sur RV ou référence médicale.
QC,qc-sm-quebec-robert-giffard,Centre Robert-Giffard – Psychiatrie Québec,santemental,Soutien santé mentale,Québec,418-663-5321,https://www.ciusss-capitalenationale.gouv.qc.ca,"2601, de la Canardière, Québec, QC G1J 2G3",,,,X,,,admin,f,08h30–16h30,Fermé,Fermé,Fermé,non,non,Lun-ven 8h30-16h30. Sur RV ou référence médicale.
QC,qc-sm-sherbrooke-chus,Hôpital Fleurimont – Psychiatrie Sherbrooke,santemental,Soutien santé mentale,Sherbrooke,819-346-1110,https://www.ciussse-chus.qc.ca,"3001, 12e Avenue Nord, Sherbrooke, QC J1H 5N4",,,,X,,,admin,f,08h30–16h30,Fermé,Fermé,Fermé,non,non,Lun-ven 8h30-16h30. Sur RV ou référence médicale.
QC,qc-sm-laval-cite-sante,Cité-de-la-Santé – Unité psychiatrie Laval,santemental,Soutien santé mentale,Laval,450-668-1010,https://www.cisss-laval.gouv.qc.ca,"1755, boul. René-Laennec, Laval, QC H7M 3L9",,,,X,,,admin,f,08h30–16h30,Fermé,Fermé,Fermé,non,non,Lun-ven 8h30-16h30. Sur RV ou référence médicale.
QC,qc-sm-treml-traversier,Le Traversier – Santé mentale Trois-Rivières,santemental,Soutien santé mentale,Trois-Rivières,819-373-5820,,"385, Côte Richelieu, Trois-Rivières, QC G9A 2Y9",,,,X,,,admin,f,08h30–16h30,Fermé,Fermé,Fermé,non,non,Lun-ven 8h30-16h30. Sur RV ou référence médicale.
QC,qc-sm-montreal-tandem,Tandem Mauricie – Dépendances Trois-Rivières,santemental,Soutien santé mentale,Trois-Rivières,819-373-6668,https://tandem-mauricie.org,"1579, rue Laviolette, Trois-Rivières, QC G9A 1W5",,,,X,,,admin,f,08h30–16h30,Fermé,Fermé,Fermé,non,non,Lun-ven 8h30-16h30. Sur RV ou référence médicale.
QC,qc-sm-provincial-revivre,Revivre – Anxiété et dépression QC,santemental,Soutien santé mentale,Province de Québec,514-738-4873,https://www.revivre.org,"5140, rue Saint-Hubert, Montréal, QC H2J 2Y3",,,,X,,,admin,f,08h30–16h30,Fermé,Fermé,Fermé,non,non,Lun-ven 8h30-16h30. Sur RV ou référence médicale.
QC,qc-sm-provincial-ami,AMI-Québec – Proches de personnes malades,santemental,Soutien santé mentale,Province de Québec,514-486-1448,https://www.amiquebec.org,"5225, rue Bédard, Montréal, QC H3S 2N3",,,,X,,,admin,f,08h30–16h30,Fermé,Fermé,Fermé,non,non,Lun-ven 8h30-16h30. Sur RV ou référence médicale.
QC,qc-food-montreal-food,Food banks – Réseau entraide alimentaire Mtl,alimentation,Banque alimentaire,Montréal,514-725-3265,https://www.foodbanksquebec.com,"6775, av. de Darlington, Montréal, QC H3S 1V5",,,,X,,,admin,f,09h00–16h00,09h00–13h00,Fermé,Fermé,non,non,"Lun-ven 9h-16h, sam 9h-13h. Apporter pièce identité et preuve de résidence."
QC,qc-food-quebec-pep,Patro Roc-Amadour – Aide alimentaire Québec,alimentation,Banque alimentaire,Québec,418-648-8512,https://www.patronrocamadour.org,"500, rue Saint-Joseph Est, Québec, QC G1K 3B7",,,,X,,,admin,f,09h00–16h00,09h00–13h00,Fermé,Fermé,non,non,"Lun-ven 9h-16h, sam 9h-13h. Apporter pièce identité et preuve de résidence."
QC,qc-food-sherbrooke-sv,Société Saint-Vincent-de-Paul Sherbrooke,alimentation,Banque alimentaire,Sherbrooke,819-569-2494,https://www.ssvp-sherbrooke.org,"240, rue Marquette, Sherbrooke, QC J1H 1M5",,,,X,,,admin,f,09h00–16h00,09h00–13h00,Fermé,Fermé,non,non,"Lun-ven 9h-16h, sam 9h-13h. Apporter pièce identité et preuve de résidence."
QC,qc-food-laval-partageons,Partageons l'Espoir – Banque alimentaire Laval,alimentation,Banque alimentaire,Laval,450-668-8008,https://www.partageonslespoir.com,"135, boul. Samson, Laval, QC H7X 3K4",,,,X,,,admin,f,09h00–16h00,09h00–13h00,Fermé,Fermé,non,non,"Lun-ven 9h-16h, sam 9h-13h. Apporter pièce identité et preuve de résidence."
QC,qc-food-gatineau-harvest,Moisson Outaouais – Banque alimentaire Gatineau,alimentation,Banque alimentaire,Gatineau,819-771-9549,https://www.moissonoutaouais.ca,"167, boul. Gréber, Gatineau, QC J8T 4J4",,,,X,,,admin,f,09h00–16h00,09h00–13h00,Fermé,Fermé,non,non,"Lun-ven 9h-16h, sam 9h-13h. Apporter pièce identité et preuve de résidence."
QC,qc-food-longueuil-moisson,Moisson Rive-Sud – Banque alimentaire,alimentation,Banque alimentaire,Longueuil,450-646-4665,https://www.moissonrivesud.com,"2000, rue Beauregard, Longueuil, QC J4K 2M3",,,,X,,,admin,f,09h00–16h00,09h00–13h00,Fermé,Fermé,non,non,"Lun-ven 9h-16h, sam 9h-13h. Apporter pièce identité et preuve de résidence."
QC,qc-food-saguenay-moisson,Moisson Saguenay,alimentation,Banque alimentaire,Saguenay,418-693-6399,https://www.moissonsaguenay.com,"4059, boul. Harvey, Saguenay, QC G7X 2Z8",,,,X,,,admin,f,09h00–16h00,09h00–13h00,Fermé,Fermé,non,non,"Lun-ven 9h-16h, sam 9h-13h. Apporter pièce identité et preuve de résidence."
QC,qc-food-laval-multicaf,Multicaf – Cuisine communautaire Côte-des-Neiges,alimentation,Banque alimentaire,Montréal,514-737-2112,https://www.multicaf.org,"6540, boul. Décarie, Montréal, QC H3X 2S1",,,,X,,,admin,f,09h00–16h00,09h00–13h00,Fermé,Fermé,non,non,"Lun-ven 9h-16h, sam 9h-13h. Apporter pièce identité et preuve de résidence."
QC,qc-emp-montreal-carrefour,Carrefour jeunesse-emploi Montréal-Centre,emploi,Aide à l'emploi,Montréal,514-270-9513,https://www.cjemontreal.org,"5765, rue Sherbrooke Est, Montréal, QC H1N 1A8",,,,X,,,admin,f,08h30–16h30,Fermé,Fermé,Fermé,non,non,"Lun-ven 8h30-16h30. Services gratuits aide CV, RV, orientation professionnelle."
QC,qc-emp-montreal-promis,PROMIS – Intégration emploi immigrants Montréal,emploi,Aide à l'emploi,Montréal,514-270-9318,https://www.promis.qc.ca,"6838, rue Sherbrooke Est, Montréal, QC H1N 1E3",,,,X,,,admin,f,08h30–16h30,Fermé,Fermé,Fermé,non,non,"Lun-ven 8h30-16h30. Services gratuits aide CV, RV, orientation professionnelle."
QC,qc-emp-montreal-saje,SAJE – Accompagnement entrepreneurs Montréal,emploi,Aide à l'emploi,Montréal,514-876-9099,https://www.saje.ca,"3300, boul. Cavendish, bureau 200, Montréal, QC H4B 2M8",,,,X,,,admin,f,08h30–16h30,Fermé,Fermé,Fermé,non,non,"Lun-ven 8h30-16h30. Services gratuits aide CV, RV, orientation professionnelle."
QC,qc-emp-quebec-mcle,Carrefour Emploi Québec,emploi,Aide à l'emploi,Québec,418-641-2255,https://www.carrefouremploi.org,"399, boul. Jean-Lesage, Québec, QC G1K 8W3",,,,X,,,admin,f,08h30–16h30,Fermé,Fermé,Fermé,non,non,"Lun-ven 8h30-16h30. Services gratuits aide CV, RV, orientation professionnelle."
QC,qc-emp-sherbrooke-cre,Carrefour jeunesse-emploi Sherbrooke,emploi,Aide à l'emploi,Sherbrooke,819-562-2424,https://www.cjesherbrooke.org,"2, rue Wellington Nord, Sherbrooke, QC J1H 5B5",,,,X,,,admin,f,08h30–16h30,Fermé,Fermé,Fermé,non,non,"Lun-ven 8h30-16h30. Services gratuits aide CV, RV, orientation professionnelle."
QC,qc-emp-laval-cjel,Carrefour jeunesse-emploi Laval,emploi,Aide à l'emploi,Laval,450-669-3031,https://www.cjelaval.com,"1700, boul. Le Corbusier, Laval, QC H7S 2K1",,,,X,,,admin,f,08h30–16h30,Fermé,Fermé,Fermé,non,non,"Lun-ven 8h30-16h30. Services gratuits aide CV, RV, orientation professionnelle."
QC,qc-emp-gatineau-cjeg,Carrefour jeunesse-emploi Gatineau,emploi,Aide à l'emploi,Gatineau,819-770-0161,https://www.cjegatineau.ca,"1, boul. Sacré-Coeur, Gatineau, QC J8X 1C5",,,,X,,,admin,f,08h30–16h30,Fermé,Fermé,Fermé,non,non,"Lun-ven 8h30-16h30. Services gratuits aide CV, RV, orientation professionnelle."
QC,qc-emp-longueuil-cjel,Carrefour jeunesse-emploi Longueuil,emploi,Aide à l'emploi,Longueuil,450-677-7620,https://www.cjelongueuil.org,"70, boul. Taschereau, Longueuil, QC J4J 1T9",,,,X,,,admin,f,08h30–16h30,Fermé,Fermé,Fermé,non,non,"Lun-ven 8h30-16h30. Services gratuits aide CV, RV, orientation professionnelle."
QC,qc-emp-saguenay-cjes,Carrefour jeunesse-emploi Saguenay,emploi,Aide à l'emploi,Saguenay,418-547-3339,https://www.cjesaguenay.ca,"2682, boul. du Royaume, Saguenay, QC G7S 5Y3",,,,X,,,admin,f,08h30–16h30,Fermé,Fermé,Fermé,non,non,"Lun-ven 8h30-16h30. Services gratuits aide CV, RV, orientation professionnelle."
QC,qc-imm-montreal-jias,Service d'aide aux immigrants JIAS Montréal,immigration,Services aux immigrants,Montréal,514-342-9970,https://www.jias.org,"5151, chemin de la Côte-Sainte-Catherine, Montréal, QC H3W 1M6",,,,X,,,admin,f,08h30–16h30,Fermé,Fermé,Fermé,non,non,"Lun-ven 8h30-16h30. Services d'accueil, intégration, références."
QC,qc-imm-montreal-agir,AGIR – Accueil et intégration immigrants,immigration,Services aux immigrants,Montréal,514-270-5700,https://www.agirimmigration.org,"6660, boul. Saint-Laurent, Montréal, QC H2S 3C7",,,,X,,,admin,f,08h30–16h30,Fermé,Fermé,Fermé,non,non,"Lun-ven 8h30-16h30. Services d'accueil, intégration, références."
QC,qc-imm-montreal-cari,CARI Saint-Laurent – Intégration immigrants,immigration,Services aux immigrants,Montréal,514-748-2007,https://www.cari-stlaurent.qc.ca,"1575, boul. Henri-Bourassa Ouest, Montréal, QC H3M 2Y4",,,,X,,,admin,f,08h30–16h30,Fermé,Fermé,Fermé,non,non,"Lun-ven 8h30-16h30. Services d'accueil, intégration, références."
QC,qc-imm-montreal-midi-info,MIDI – Centre d'information immigrants Montréal,immigration,Services aux immigrants,Montréal,514-864-9191,https://www.quebec.ca/immigration,"415, rue Saint-Antoine Ouest, Montréal, QC H2Z 1H7",,,,X,,,admin,f,08h30–16h30,Fermé,Fermé,Fermé,non,non,"Lun-ven 8h30-16h30. Services d'accueil, intégration, références."
QC,qc-imm-quebec-mifi,MIFI – Bureau régional Québec,immigration,Services aux immigrants,Québec,418-649-8500,https://www.quebec.ca/immigration,"900, boul. René-Lévesque Est, Québec, QC G1R 2B5",,,,X,,,admin,f,08h30–16h30,Fermé,Fermé,Fermé,non,non,"Lun-ven 8h30-16h30. Services d'accueil, intégration, références."
QC,qc-imm-sherbrooke-soc,SOC – Sherbrooke accueil communautaire,immigration,Services aux immigrants,Sherbrooke,819-566-2288,https://www.soc-sherbrooke.ca,"30, rue Belvédère Nord, Sherbrooke, QC J1H 4A7",,,,X,,,admin,f,08h30–16h30,Fermé,Fermé,Fermé,non,non,"Lun-ven 8h30-16h30. Services d'accueil, intégration, références."
QC,qc-imm-laval-oeil,OEIL – Immigrants Laval,immigration,Services aux immigrants,Laval,450-689-7660,https://www.oeildimmigrant.ca,"4350, boul. Saint-Martin Ouest, Laval, QC H7T 1C1",,,,X,,,admin,f,08h30–16h30,Fermé,Fermé,Fermé,non,non,"Lun-ven 8h30-16h30. Services d'accueil, intégration, références."
QC,qc-imm-gatineau-aco,ACFO Outaouais – Immigrants francophones,immigration,Services aux immigrants,Gatineau,819-771-7903,https://www.acfogatineau.ca,"145, promenade du Portage, Gatineau, QC J8X 2K5",,,,X,,,admin,f,08h30–16h30,Fermé,Fermé,Fermé,non,non,"Lun-ven 8h30-16h30. Services d'accueil, intégration, références."
QC,qc-imm-longueuil-sia,Service intégration agglomération Longueuil,immigration,Services aux immigrants,Longueuil,450-677-5060,,"100, boul. Curé-Poirier Ouest, Longueuil, QC J4J 2G8",,,,X,,,admin,f,08h30–16h30,Fermé,Fermé,Fermé,non,non,"Lun-ven 8h30-16h30. Services d'accueil, intégration, références."
QC,qc-immo-montreal-achat,Programme Accès Logis Montréal,achatImmobilier,Programme accession propriété,Montréal,514-872-4630,https://montreal.ca/logement,"1550, rue Metcalfe, Montréal, QC H3A 1X6",,,,X,,,admin,f,09h00–17h00,Fermé,Fermé,Fermé,non,non,"Lun-ven 9h-17h. Programmes d'aide à l'achat, financement, services notariaux."
QC,qc-immo-oaciq,OACIQ – Organisme courtage immobilier QC,achatImmobilier,Programme accession propriété,Province de Québec,1-800-440-7170,https://www.oaciq.com,"4905, boul. Lapinière, bureau 2200, Brossard, QC J4Z 0G2",,,,X,,,admin,f,09h00–17h00,Fermé,Fermé,Fermé,non,non,"Lun-ven 9h-17h. Programmes d'aide à l'achat, financement, services notariaux."
QC,qc-immo-cnq,Chambre des notaires du Québec,achatImmobilier,Programme accession propriété,Province de Québec,514-879-1793,https://www.cnq.org,"1801, avenue McGill College, bureau 600, Montréal, QC H3A 0A7",,,,X,,,admin,f,09h00–17h00,Fermé,Fermé,Fermé,non,non,"Lun-ven 9h-17h. Programmes d'aide à l'achat, financement, services notariaux."
QC,qc-immo-acceslogis,AccèsLogis Québec – SHQ,achatImmobilier,Programme accession propriété,Province de Québec,1-800-463-4315,https://www.shq.gouv.qc.ca,,,,X,X,,,admin,f,09h00–17h00,Fermé,Fermé,Fermé,non,non,"Lun-ven 9h-17h. Programmes d'aide à l'achat, financement, services notariaux."
QC,qc-immo-schl-qc,SCHL – Bureau Montréal,achatImmobilier,Programme accession propriété,Montréal,514-283-2222,https://www.cmhc-schl.gc.ca,"1100, boul. René-Lévesque Ouest, bureau 200, Montréal, QC H3B 5J7",,,,X,,,admin,f,09h00–17h00,Fermé,Fermé,Fermé,non,non,"Lun-ven 9h-17h. Programmes d'aide à l'achat, financement, services notariaux."
QC,qc-immo-rap-reer,RAP – Régime accession propriété (REER),achatImmobilier,Programme accession propriété,Province de Québec,1-800-959-7383,https://www.canada.ca/fr/agence-revenu/services/impot/particuliers/sujets/reer-fonds-enregistres-revenu-retraite/regime-accession-propriete.html,,,,X,X,,,admin,f,09h00–17h00,Fermé,Fermé,Fermé,non,non,"Lun-ven 9h-17h. Programmes d'aide à l'achat, financement, services notariaux."
QC,qc-immo-celiapp,CELIAPP – Compte épargne 1re propriété,achatImmobilier,Programme accession propriété,Province de Québec,1-800-959-7383,https://www.canada.ca/fr/agence-revenu/services/impot/particuliers/sujets/reer-fonds-enregistres-revenu-retraite/compte-depargne-libre-impot-lachat-dune-premiere-propriete-celiapp.html,,,,X,X,,,admin,f,09h00–17h00,Fermé,Fermé,Fermé,non,non,"Lun-ven 9h-17h. Programmes d'aide à l'achat, financement, services notariaux."
QC,qc-immo-fciq,FCIQ – Fédération chambres immobilières QC,achatImmobilier,Programme accession propriété,Province de Québec,514-762-2440,https://www.fciq.ca,"600, chemin du Golf, Île-des-Soeurs, QC H3E 1A8",,,,X,,,admin,f,09h00–17h00,Fermé,Fermé,Fermé,non,non,"Lun-ven 9h-17h. Programmes d'aide à l'achat, financement, services notariaux."
ON,on-shelter-ottawa,Ottawa Mission – Refuge hommes Ottawa,logement,Refuge d'urgence,Ottawa,613-234-1144,https://www.ottawamission.com,"35, rue Waller, Ottawa, ON K1N 7G3",,,,X,,,admin,f,00h00–24h00,00h00–24h00,00h00–24h00,00h00–24h00,oui,oui,Service essentiel Ontario.
ON,on-women-shelter-on,Interval House – Toronto,logement,Maison hébergement femmes,Toronto,416-924-1491,https://www.intervalhouse.ca,"2, Carlton St, Toronto, ON M5B 1J3",,,,X,,,admin,f,00h00–24h00,00h00–24h00,00h00–24h00,00h00–24h00,oui,oui,Service essentiel Ontario.
ON,on-habitat-toronto,Habitat for Humanity Greater Toronto,logement,Accession propriété,Toronto,416-234-9930,https://habitatgta.ca,"155, Bermondsey Rd, Toronto, ON M4A 1X9",,,,X,,,admin,f,08h30–16h30,Fermé,Fermé,Fermé,non,non,Service essentiel Ontario.
ON,on-cavac-on,Victim Services Toronto,famille,Aide aux victimes,Toronto,416-808-7066,https://www.victimservicestoronto.com,"40, College St, Toronto, ON M5G 2J3",,,,X,,,admin,f,08h30–16h30,Fermé,Fermé,Fermé,non,non,Service essentiel Ontario.
ON,on-children-aid-on,Children's Aid Society Ottawa,famille,Protection de l'enfance,Ottawa,613-747-7800,https://www.casott.on.ca,"1602, Telesat Crt, Ottawa, ON K1B 1B1",,,,X,,,admin,f,08h30–16h30,Fermé,Fermé,Fermé,non,non,Service essentiel Ontario.
ON,on-legal-aid-toronto,Aide juridique Ontario – Toronto,soutienSocial,Aide juridique gratuite,Toronto,416-979-1446,https://www.legalaid.on.ca,"20, Dundas St W, bureau 900, Toronto, ON M5G 2H1",,,,X,,,admin,f,08h30–16h30,Fermé,Fermé,Fermé,non,non,Service essentiel Ontario.
ON,on-legal-aid-ottawa,Aide juridique Ontario – Ottawa,soutienSocial,Aide juridique gratuite,Ottawa,613-238-7931,https://www.legalaid.on.ca,"110, Laurier Ave W, Ottawa, ON K1P 1J1",,,,X,,,admin,f,08h30–16h30,Fermé,Fermé,Fermé,non,non,Service essentiel Ontario.
ON,on-ymca-toronto,YMCA Newcomer Services Toronto,immigration,Accueil nouveaux arrivants,Toronto,416-928-9622,https://www.ymcagta.org,"20, Grosvenor St, Toronto, ON M4Y 2V5",,,,X,,,admin,f,08h30–16h30,Fermé,Fermé,Fermé,non,non,Service essentiel Ontario.
ON,on-cjetr-toronto,CivicAction – Emploi jeunes Ontario,emploi,Aide à l'emploi jeunes,Toronto,416-309-1850,https://civicaction.ca,"20, King St W, bureau 2110, Toronto, ON M5H 1C4",,,,X,,,admin,f,08h30–16h30,Fermé,Fermé,Fermé,non,non,Service essentiel Ontario.
ON,on-cmha-toronto,Association canadienne santé mentale Toronto,santemental,Soutien santé mentale,Toronto,416-789-7957,https://www.camh.ca/en/health-info,"700, Lawrence Ave W, bureau 480, Toronto, ON M6A 3B4",,,,X,,,admin,f,08h30–16h30,Fermé,Fermé,Fermé,non,non,Service essentiel Ontario.
BC,bc-womens-shelter-bc,BC Women's Shelter – Vancouver,logement,Maison hébergement femmes,Vancouver,604-872-8212,https://bcsth.ca,"3490, Triumph St, Vancouver, BC V5K 1T9",,,,X,,,admin,f,00h00–24h00,00h00–24h00,00h00–24h00,00h00–24h00,oui,oui,Service essentiel Colombie-Britannique.
BC,bc-legal-aid-bc,Aide juridique BC – Legal Aid,soutienSocial,Aide juridique gratuite,Province de la Colombie-Britannique,604-408-2172,https://lss.bc.ca,"400, 510 Burrard St, Vancouver, BC V6C 3A8",,,,X,,,admin,f,08h30–16h30,Fermé,Fermé,Fermé,non,non,Service essentiel Colombie-Britannique.
BC,bc-cavac-bc,Victim Services BC,famille,Aide aux victimes,Province de la Colombie-Britannique,1-800-563-0808,https://www.victimsinfo.ca,,,,X,X,,,admin,f,08h30–16h30,Fermé,Fermé,Fermé,non,non,Service essentiel Colombie-Britannique.
BC,bc-cfs-bc,Children and Family Services BC,famille,Protection de l'enfance,Province de la Colombie-Britannique,1-800-663-9122,https://www.mcf.gov.bc.ca,,,,X,X,,,admin,f,08h30–16h30,Fermé,Fermé,Fermé,non,non,Service essentiel Colombie-Britannique.
BC,bc-cmha-bc,Association canadienne santé mentale BC,santemental,Soutien santé mentale,Province de la Colombie-Britannique,604-688-3234,https://www.cmha.bc.ca,"905, West Broadway, Vancouver, BC V5Z 1K7",,,,X,,,admin,f,08h30–16h30,Fermé,Fermé,Fermé,non,non,Service essentiel Colombie-Britannique.
BC,bc-employ-bc,CJE jeunesse emploi BC,emploi,Aide à l'emploi jeunes,Vancouver,604-688-1014,https://www.youthworkbc.ca,"815, W. Hastings St, Vancouver, BC V6C 1B4",,,,X,,,admin,f,08h30–16h30,Fermé,Fermé,Fermé,non,non,Service essentiel Colombie-Britannique.
BC,bc-foodbank-surrey,Surrey Food Bank,alimentation,Banque alimentaire,Surrey,604-584-8813,https://www.surreyfoodbank.org,"10665, 135A St, Surrey, BC V3T 4E6",,,,X,,,admin,f,08h30–16h30,Fermé,Fermé,Fermé,non,non,Service essentiel Colombie-Britannique.
BC,bc-habitat-bc,Habitat for Humanity BC,achatImmobilier,Accession propriété,Vancouver,604-629-3328,https://www.habitatvancouver.org,"2300, Henry St, Port Moody, BC V3H 1K7",,,,X,,,admin,f,08h30–16h30,Fermé,Fermé,Fermé,non,non,Service essentiel Colombie-Britannique.
AB,ab-shelter-edmonton,Bissell Centre – Refuge Edmonton,logement,Refuge d'urgence,Edmonton,780-423-2285,https://www.bissellcentre.org,"10527, 96 St NW, Edmonton, AB T5H 2H6",,,,X,,,admin,f,00h00–24h00,00h00–24h00,00h00–24h00,00h00–24h00,oui,oui,Service essentiel Alberta.
AB,ab-women-shelter-ab,Lurana Shelter – Femmes Edmonton,logement,Maison hébergement femmes,Edmonton,780-479-1772,https://www.lurana.ca,"11435, 89 St NW, Edmonton, AB T5G 1L3",,,,X,,,admin,f,00h00–24h00,00h00–24h00,00h00–24h00,00h00–24h00,oui,oui,Service essentiel Alberta.
AB,ab-legal-aid-ab,Aide juridique Alberta – Calgary,soutienSocial,Aide juridique gratuite,Calgary,403-297-2260,https://www.legalaid.ab.ca,"800, 10405 Jasper Ave NW, Edmonton, AB T5J 4R7",,,,X,,,admin,f,08h30–16h30,Fermé,Fermé,Fermé,non,non,Service essentiel Alberta.
AB,ab-cavac-ab,Victim Services Alberta,famille,Aide aux victimes,Province de l'Alberta,1-866-845-5082,https://www.victimservices.alberta.ca,,,,X,X,,,admin,f,08h30–16h30,Fermé,Fermé,Fermé,non,non,Service essentiel Alberta.
AB,ab-cfs-ab,Children's Services Alberta,famille,Protection de l'enfance,Province de l'Alberta,1-800-387-5437,https://www.alberta.ca/cs.aspx,,,,X,X,,,admin,f,08h30–16h30,Fermé,Fermé,Fermé,non,non,Service essentiel Alberta.
AB,ab-cmha-ab,Association canadienne santé mentale Alberta,santemental,Soutien santé mentale,Province de l'Alberta,780-482-5505,https://cmha.ab.ca,"9942, 108 St NW, Edmonton, AB T5K 2J5",,,,X,,,admin,f,08h30–16h30,Fermé,Fermé,Fermé,non,non,Service essentiel Alberta.
AB,ab-foodbank-edmonton,Edmonton Food Bank,alimentation,Banque alimentaire,Edmonton,780-425-4190,https://www.edmontonfoodbank.com,"11508, 123 St NW, Edmonton, AB T5L 2H3",,,,X,,,admin,f,08h30–16h30,Fermé,Fermé,Fermé,non,non,Service essentiel Alberta.
AB,ab-habitat-ab,Habitat for Humanity Alberta,achatImmobilier,Accession propriété,Calgary,403-263-4184,https://www.habitatyyc.ca,"119, 58 Ave SE, Calgary, AB T2H 2C6",,,,X,,,admin,f,08h30–16h30,Fermé,Fermé,Fermé,non,non,Service essentiel Alberta.
MB,mb-legal-aid,Aide juridique Manitoba,soutienSocial,Aide juridique gratuite,Winnipeg,204-985-8500,https://www.legalaid.mb.ca,"402, 294 Portage Ave, Winnipeg, MB R3C 0B9",,,,X,,,admin,f,08h30–16h30,Fermé,Fermé,Fermé,non,non,Service essentiel provincial.
MB,mb-shelter-women,Osborne House – Femmes Winnipeg,logement,Maison hébergement femmes,Winnipeg,204-942-3052,https://www.osbornehouse.ca,"153, Nairn Ave, Winnipeg, MB R2L 0W7",,,,X,,,admin,f,00h00–24h00,00h00–24h00,00h00–24h00,00h00–24h00,oui,oui,Service essentiel provincial.
MB,mb-cmha,CMHA Manitoba,santemental,Soutien santé mentale,Province du Manitoba,204-982-6100,https://www.cmhambca.ca,"4, Fort St, bureau 604, Winnipeg, MB R3C 1C4",,,,X,,,admin,f,08h30–16h30,Fermé,Fermé,Fermé,non,non,Service essentiel provincial.
MB,mb-cfs,Child and Family Services MB,famille,Protection de l'enfance,Province du Manitoba,1-800-665-6332,https://www.gov.mb.ca/fs/childfam/,,,,X,X,,,admin,f,08h30–16h30,Fermé,Fermé,Fermé,non,non,Service essentiel provincial.
MB,mb-habitat,Habitat for Humanity Winnipeg,achatImmobilier,Accession propriété,Winnipeg,204-989-4700,https://www.habitatwinnipeg.ca,"220, Elgin Ave, Winnipeg, MB R3A 1N6",,,,X,,,admin,f,08h30–16h30,Fermé,Fermé,Fermé,non,non,Service essentiel provincial.
SK,sk-legal-aid,Aide juridique Saskatchewan,soutienSocial,Aide juridique gratuite,Regina,306-787-3177,https://www.legalaid.sk.ca,"2201, 11th Ave, Regina, SK S4P 0J8",,,,X,,,admin,f,08h30–16h30,Fermé,Fermé,Fermé,non,non,Service essentiel provincial.
SK,sk-shelter-women,YWCA Regina – Femmes,logement,Maison hébergement femmes,Regina,306-525-2141,https://www.ywcaregina.com,"1940, McIntyre St, Regina, SK S4P 2R3",,,,X,,,admin,f,00h00–24h00,00h00–24h00,00h00–24h00,00h00–24h00,oui,oui,Service essentiel provincial.
SK,sk-cmha,CMHA Saskatchewan,santemental,Soutien santé mentale,Province de la Saskatchewan,306-525-0575,https://www.cmhask.com,"2702, 12th Ave, Regina, SK S4T 1J2",,,,X,,,admin,f,08h30–16h30,Fermé,Fermé,Fermé,non,non,Service essentiel provincial.
SK,sk-cfs,Ministry Social Services SK,famille,Protection de l'enfance,Province de la Saskatchewan,1-866-759-6677,https://www.saskatchewan.ca/residents/family-and-social-support,,,,X,X,,,admin,f,08h30–16h30,Fermé,Fermé,Fermé,non,non,Service essentiel provincial.
NB,nb-legal-aid,Aide juridique Nouveau-Brunswick,soutienSocial,Aide juridique gratuite,Fredericton,506-444-2776,https://www.legalaidnb.ca,"129, rue Germain, Moncton, NB E1C 5V8",,,,X,,,admin,f,08h30–16h30,Fermé,Fermé,Fermé,non,non,Service essentiel provincial.
NB,nb-shelter-women,Maison Mathieu-Froment-Savoie – Femmes NB,logement,Maison hébergement femmes,Moncton,506-855-2615,https://maisonfroment.org,"25, rue Weldon, Moncton, NB E1C 5V8",,,,X,,,admin,f,00h00–24h00,00h00–24h00,00h00–24h00,00h00–24h00,oui,oui,Service essentiel provincial.
NB,nb-cmha,CMHA Nouveau-Brunswick,santemental,Soutien santé mentale,Province du Nouveau-Brunswick,506-455-5231,https://cmhanb.ca,"65, rue Brunswick, bureau 203, Fredericton, NB E3B 1G5",,,,X,,,admin,f,08h30–16h30,Fermé,Fermé,Fermé,non,non,Service essentiel provincial.
NB,nb-cfs,Services famille NB,famille,Protection de l'enfance,Province du Nouveau-Brunswick,1-888-832-2226,https://www2.gnb.ca/enfance,,,,X,X,,,admin,f,08h30–16h30,Fermé,Fermé,Fermé,non,non,Service essentiel provincial.
NS,ns-legal-aid,Aide juridique Nouvelle-Écosse,soutienSocial,Aide juridique gratuite,Halifax,902-420-6566,https://www.nslegalaid.ca,"5475, Spring Garden Rd, Halifax, NS B3J 3T2",,,,X,,,admin,f,08h30–16h30,Fermé,Fermé,Fermé,non,non,Service essentiel provincial.
NS,ns-shelter-women,Bryony House – Femmes Halifax,logement,Maison hébergement femmes,Halifax,902-423-7183,https://www.bryonyhouse.ca,"Halifax, NS (adresse confidentielle)",,,,X,,,admin,f,00h00–24h00,00h00–24h00,00h00–24h00,00h00–24h00,oui,oui,Service essentiel provincial.
NS,ns-cmha,CMHA Nouvelle-Écosse,santemental,Soutien santé mentale,Province de la Nouvelle-Écosse,902-466-6600,https://cmhans.org,"63, King St, Dartmouth, NS B2Y 2R7",,,,X,,,admin,f,08h30–16h30,Fermé,Fermé,Fermé,non,non,Service essentiel provincial.
NS,ns-cfs,Children and Family Services NS,famille,Protection de l'enfance,Province de la Nouvelle-Écosse,1-855-225-2148,https://www.novascotia.ca/dcs/cfs/,,,,X,X,,,admin,f,08h30–16h30,Fermé,Fermé,Fermé,non,non,Service essentiel provincial.
PE,pe-legal-aid,Aide juridique IPE,soutienSocial,Aide juridique gratuite,Charlottetown,902-368-6043,https://www.legalaidpei.ca,"45, Enman Cres, Charlottetown, PE C1E 1E6",,,,X,,,admin,f,08h30–16h30,Fermé,Fermé,Fermé,non,non,Service essentiel provincial.
PE,pe-cmha,CMHA Prince Edward Island,santemental,Soutien santé mentale,Province de l'Île-du-Prince-Édouard,902-566-3034,https://www.cmhapei.ca,"178, Fitzroy St, Charlottetown, PE C1A 1S1",,,,X,,,admin,f,08h30–16h30,Fermé,Fermé,Fermé,non,non,Service essentiel provincial.
PE,pe-shelter-women,Anderson House – Femmes IPE,logement,Maison hébergement femmes,Charlottetown,902-892-0960,https://www.andersonhouse.pe.ca,"PO Box 2074, Charlottetown, PE C1A 7N7",,,,X,,,admin,f,00h00–24h00,00h00–24h00,00h00–24h00,00h00–24h00,oui,oui,Service essentiel provincial.
NL,nl-legal-aid,Aide juridique Terre-Neuve,soutienSocial,Aide juridique gratuite,St. John's,709-753-7860,https://www.legalaid.nl.ca,"251A, Freshwater Rd, St. John's, NL A1B 1B7",,,,X,,,admin,f,08h30–16h30,Fermé,Fermé,Fermé,non,non,Service essentiel provincial.
NL,nl-shelter-women,Iris Kirby House – Femmes NL,logement,Maison hébergement femmes,St. John's,709-753-1492,https://www.thesafis.ca,"51, Fogo Place, St. John's, NL A1A 4A3",,,,X,,,admin,f,00h00–24h00,00h00–24h00,00h00–24h00,00h00–24h00,oui,oui,Service essentiel provincial.
NL,nl-cmha,CMHA Terre-Neuve,santemental,Soutien santé mentale,Province de Terre-Neuve-et-Labrador,709-753-8550,https://www.cmhanl.ca,"71, Goldstone St, St. John's, NL A1B 5C4",,,,X,,,admin,f,08h30–16h30,Fermé,Fermé,Fermé,non,non,Service essentiel provincial.
YT,yt-legal-aid,Aide juridique Yukon,soutienSocial,Aide juridique gratuite,Whitehorse,867-667-5210,https://www.legalaidjukon.ca,"302, Steele St, bureau 202, Whitehorse, YT Y1A 2C5",,,,X,,,admin,f,08h30–16h30,Fermé,Fermé,Fermé,non,non,Service essentiel provincial.
YT,yt-cmha,CMHA Yukon,santemental,Soutien santé mentale,Whitehorse,867-668-2636,https://www.cmhayukon.ca,"105, Elliott St, Whitehorse, YT Y1A 6E3",,,,X,,,admin,f,08h30–16h30,Fermé,Fermé,Fermé,non,non,Service essentiel provincial.
NT,nt-legal-aid,Aide juridique TNO,soutienSocial,Aide juridique gratuite,Yellowknife,867-873-3000,https://www.nwt.legalaid.ca,"203, 4912 49 St, Yellowknife, NT X1A 3S8",,,,X,,,admin,f,08h30–16h30,Fermé,Fermé,Fermé,non,non,Service essentiel provincial.
NT,nt-cmha,CMHA Territoires du Nord-Ouest,santemental,Soutien santé mentale,Yellowknife,867-920-2330,https://cmhant.ca,"4817 49 St, Yellowknife, NT X1A 3T5",,,,X,,,admin,f,08h30–16h30,Fermé,Fermé,Fermé,non,non,Service essentiel provincial.
NU,nu-legal-aid,Aide juridique Nunavut,soutienSocial,Aide juridique gratuite,Iqaluit,867-979-5910,https://www.legalaidnunavut.ca,"1196, Iqaluit, NU X0A 0H0",,,,X,,,admin,f,08h30–16h30,Fermé,Fermé,Fermé,non,non,Service essentiel provincial.
