id,nom,categorie_code,categorie_label,sous_categorie,ville,province_code,province_label,telephone,site_web,adresse,horaires,description,urgent,couvre_province,badge_verifie,featured,lat,lng,langues,organisation_id
pw2,Info-Santé / Info-Social,health,Santé,Consultation santé,Province de Québec,,,811,,N/A — service téléphonique/en ligne,"Service disponible 24h/24, 7j/7",Ligne provinciale d'information santé. Infirmières disponibles 24h/24 pour conseils médicaux et orientation.,oui,oui,,,46.8139,-71.2082,,
pw3,SOS Violence Conjugale,family,Famille,Violence conjugale,Province de Québec,,,1-800-363-9010,,,"Service disponible 24h/24, 7j/7",Ligne d'aide 24h/24 pour victimes de violence conjugale. Hébergement d'urgence et accompagnement.,oui,oui,,,46.8139,-71.2082,,
pw4,DPJ – Protection de la jeunesse,family,Famille,Protection enfance,Province de Québec,,,1-800-463-9019,,,Lun-ven 8h-20h. Sam-dim 8h-16h. Urgences jeunesse: disponible 24h.,Service de protection pour enfants en danger. Signalements et intervention pour enfants maltraités ou négligés.,oui,oui,,,46.8139,-71.2082,,
pw5,Suicide Action Montréal / Tel-Jeunes,mentalHealth,Santé mentale,Prévention suicide,Province de Québec,,,1-866-APPELLE,,N/A — service téléphonique/en ligne,"Service disponible 24h/24, 7j/7",Ligne de prévention du suicide 24h/24. Intervention pour personnes suicidaires et leurs proches.,oui,oui,,,46.8139,-71.2082,,
pw7,Emploi-Québec,employment,Emploi,Services d'emploi,Province de Québec,,,1-888-643-4721,,N/A — service téléphonique/en ligne,Lun-ven 8h30-16h30. Sans RV ou sur RV selon service.,"Services publics d'emploi. Aide à la recherche d'emploi, formations professionnelles et prestations.",,oui,,,46.8139,-71.2082,,
pw-shq-logement,SHQ – Société d'habitation du Québec,housing,Logement,Logement social et abordable,Province de Québec,QC,Québec,1-800-463-4315,https://www.habitation.gouv.qc.ca/,N/A — service téléphonique/en ligne,Lun-ven 8h30-16h30.,"Organisme gouvernemental responsable du logement social, abordable et accessible au Québec. Programmes : HLM, supplément au loyer, AccèsLogis, allocation-logement.",,oui,oui,,46.8139,-71.2082,fr|en,
pw-msmq-santement,Mouvement Santé Mentale Québec,mentalHealth,Santé mentale,Promotion santé mentale,Province de Québec,QC,Québec,1-877-849-4621,https://mouvementsmq.ca/,N/A — service téléphonique/en ligne,Lun-ven 8h30-16h30. Sur rendez-vous pour suivi.,"Réseau provincial regroupant 13 organismes communautaires en promotion et prévention de la santé mentale. Outils, ateliers et campagnes annuelles.",,oui,oui,,46.8139,-71.2082,fr|en,
pw-mifi-immigration,MIFI – Ministère de l'Immigration,immigration,Immigration,Démarches immigration,Province de Québec,QC,Québec,1-877-864-9191,https://www.quebec.ca/immigration,N/A — service téléphonique/en ligne,Lun-ven 8h30-16h30. Sur RV pour consultations spécialisées.,"Ministère de l'Immigration, de la Francisation et de l'Intégration. Sélection, francisation, intégration et reconnaissance des compétences pour personnes immigrantes au Québec.",,oui,oui,,46.8139,-71.2082,fr|en|es|ar,
pw-servicesqc-emploi,Services Québec – Emploi,employment,Emploi,Recherche d'emploi et formation,Province de Québec,QC,Québec,1-877-644-4545,https://www.quebec.ca/emploi,N/A — service téléphonique/en ligne,Lun-ven 8h30-16h30.,"Centres locaux d'emploi (CLE) partout au Québec : aide à la recherche d'emploi, formations subventionnées, programmes d'intégration en emploi et soutien financier.",,oui,oui,,46.8139,-71.2082,fr|en,
pw-ligneparents-famille,LigneParents,family,Famille,Soutien aux parents,Province de Québec,QC,Québec,1-800-361-5085,https://www.ligneparents.com/,N/A — service téléphonique/en ligne,Lun-ven 8h30-16h30. Sur RV.,"Service confidentiel et gratuit d'écoute, soutien et référence pour les parents d'enfants 0-20 ans. Intervenants professionnels disponibles 24h/24.",oui,oui,oui,,45.5017,-73.5673,fr|en,
pw-csj-juridique,Commission des services juridiques (Aide juridique),legal,Aide juridique,Aide juridique gratuite,Province de Québec,QC,Québec,1-800-842-2213,https://www.csj.qc.ca/,N/A — service téléphonique/en ligne,Lun-ven 8h30-16h30. Sur RV. Garde téléphonique 24h pour arrestation: 1-800-842-2213.,"Aide juridique gratuite ou à contribution selon les revenus. Bureaux dans toutes les régions du Québec. Couvre droit familial, criminel, immigration, jeunesse et plus.",,oui,oui,,45.5017,-73.5673,fr|en,
pw-fc-francophone,Fédération culturelle canadienne-française,social,Soutien social,Services francophones hors Québec,Province de Québec,QC,Québec,1-866-823-3322,https://fccf.ca/,N/A — service téléphonique/en ligne,Lun-ven 8h30-16h30.,"Réseau pancanadien des organismes francophones et acadiens. Référence vers services en français hors Québec : éducation, culture, services sociaux, santé.",,oui,oui,,45.4215,-75.6972,fr|en,
tr-f1,Moisson Mauricie / Centre-du-Québec,food,Alimentation,Banque alimentaire,Trois-Rivières,,,819-370-0484,,"1579, rue Laviolette, Trois-Rivières, QC G9A 1W5","Lun-ven 9h-16h, sam 9h-13h. Horaires varient selon point de distribution.",Banque alimentaire régionale. Distribution de denrées aux familles et personnes dans le besoin.,oui,,,,46.3358,-72.5511,,
tr-m1,Centre de Crise de la Mauricie,mentalHealth,Santé mentale,Crise psychologique,Trois-Rivières,,,819-379-0596,,"492, rue Niverville, Trois-Rivières, QC G9A 2A2","Service disponible 24h/24, 7j/7",Intervention de crise 24h/24 pour la Mauricie. Soutien immédiat en cas de détresse.,oui,,,,46.3432,-72.5427,,
tr-h2,Mission de l'Espoir – Trois-Rivières,housing,Logement,Hébergement d'urgence,Trois-Rivières,,,819-375-7782,,"1457, rue Notre-Dame Est, Trois-Rivières, QC G9A 4X9","Hébergement d'urgence: accueil 24h/24, 7j/7.","Refuge communautaire pour hommes sans domicile à Trois-Rivières. Hébergement d'urgence, repas chauds, douches, vêtements et accompagnement vers des ressources permanentes. Accueil tous les soirs.",oui,,,,46.3442,-72.548,,
tr-f2,Société de Saint-Vincent-de-Paul – Trois-Rivières,food,Alimentation,Aide alimentaire,Trois-Rivières,,,819-375-8467,,"2580, rue Royale, Trois-Rivières, QC G9A 4L5",Lun-ven 9h-16h. Vérifier horaires locaux.,"Dépannage alimentaire, vêtements, mobilier et aide matérielle aux personnes dans le besoin à Trois-Rivières. Friperie à bas prix, épicerie communautaire, accompagnement. Aucun jugement, accueil chaleureux.",,,,,46.3432,-72.5427,,
tr-ciusss-territoire,CIUSSS MCQ — Territoire de Trois-Rivières,health,Santé,Réseau de la santé,Trois-Rivières,,,819-370-2200,,"550, rue Bonaventure, Trois-Rivières, QC G9A 2B5",Lun-ven 8h30-16h30. Pour urgence: 811 (Info-Santé) ou urgence hospitalière.,"Portail officiel du CIUSSS de la Mauricie-et-du-Centre-du-Québec pour le territoire de Trois-Rivières. Liste complète de toutes les installations : hôpital CHAUR, CLSC, CHSLD, centres de réadaptation, points de service, groupes de médecine de famille (GMF). Coordonnées, horaires et services offerts pour chaque installation.",,,,,46.3432,-72.5427,,
tr-health1,CLSC de Trois-Rivières — CIUSSS MCQ,health,Santé,CLSC / Soins de santé,Trois-Rivières,,,819-370-2100,,"731, rue Sainte-Julie, Trois-Rivières, QC G9A 1Y1",Lun-ven 8h-20h. Sam-dim et fériés 8h-16h. Sur RV pour certains services.,"Centres locaux de services communautaires (CLSC) de Trois-Rivières et des environs. Soins infirmiers, médecine familiale, travail social, nutrition, physiothérapie, périnatalité, santé mentale. Consultations sans rendez-vous selon disponibilité. Couverture gratuite avec carte d'assurance maladie. Répertoire complet des CLSC de la région sur IndexSanté.",,,,,46.3432,-72.5427,,
tr-emp1,Carrefour Jeunesse-Emploi Mauricie (CJE),employment,Emploi,Aide à l'emploi,Trois-Rivières,,,819-375-1313,,"580, rue Barkoff, bureau 300, Trois-Rivières, QC G8T 9T7",Lun-ven 8h30-16h30.,"Service d'aide à l'emploi et à l'entrepreneuriat pour les 16-35 ans de la Mauricie. Rédaction de CV, préparation aux entrevues, exploration de carrière, formation. Gratuit et confidentiel.",,,,,46.3432,-72.5427,,
tr-emp2,Emploi-Québec — Bureau de Trois-Rivières,employment,Emploi,Service public d'emploi,Trois-Rivières,,,1-888-643-4721,,"165, boulevard Sainte-Madeleine, Trois-Rivières, QC G8T 3L3",Lun-ven 8h30-16h30. Sans RV ou sur RV selon service.,"Bureau local d'Emploi-Québec à Trois-Rivières. Aide au placement, assurance-emploi, formations subventionnées, aide aux chercheurs d'emploi et aux travailleurs sans emploi. Soutien financier d'urgence possible.",,,,,46.3432,-72.5427,,
tr-fam1,Centre-femmes de la Mauricie,family,Famille,Soutien aux femmes,Trois-Rivières,,,819-378-9373,,"889, rue du Haut-Boc, Trois-Rivières, QC G9A 4W7",Lun-ven 8h30-16h30. Sur RV.,"Centre de ressources pour femmes à Trois-Rivières. Soutien psychosocial, ateliers de développement personnel, aide aux démarches administratives, accompagnement. Accueil gratuit, espace sécuritaire et sans jugement.",,,,,46.3432,-72.5427,,
tr-legal1,Bureau d'aide juridique de la Mauricie,social,Soutien social,Aide juridique,Trois-Rivières,,,819-371-6711,,"1350, rue Royale, bureau 601, Trois-Rivières, QC G9A 4J4",Lun-ven 8h30-16h30.,"Aide juridique gratuite ou à faible coût pour les personnes à faible revenu à Trois-Rivières. Droit familial, logement, criminel, immigration. Vérification d'admissibilité selon revenus.",,,,,46.3432,-72.5427,,
tr-social1,Centraide Mauricie,social,Soutien social,Soutien communautaire,Trois-Rivières,,,819-374-3676,,"240, rue des Forges, bureau 203, Trois-Rivières, QC G9A 2G8",Lun-ven 8h30-16h30.,"Organisme communautaire finançant 60+ organismes en Mauricie. Référencement vers les ressources locales pour logement, alimentation, santé mentale, famille, emploi. Appel gratuit pour être orienté vers les bons services.",,,,,46.3432,-72.5427,,
tr-immig1,CITIM — Comité d'intégration et régionalisation de l'immigration Mauricie,immigration,Immigration,Intégration immigrants,Trois-Rivières,,,819-372-4655,,"919, boulevard du Saint-Maurice, Trois-Rivières, QC G9A 3R1",Lun-ven 8h30-16h30. Sur RV pour consultations spécialisées.,"Organisme d'accueil et d'intégration des immigrants à Trois-Rivières et en Mauricie. Aide aux démarches d'immigration, cours de français, recherche d'emploi, orientation culturelle, soutien à la famille. Accueil dans plusieurs langues.",,,,,46.3432,-72.5427,,
tr-cavac,CAVAC Mauricie-Centre-du-Québec,family,Famille,Aide aux victimes,Trois-Rivières,,,819-373-0318,,"950, rue Royale, bureau 104, Trois-Rivières, QC G9A 4H8",Lun-ven 8h30-16h30. Sur RV.,"Centre d'aide aux victimes d'actes criminels pour la Mauricie et le Centre-du-Québec. Soutien psychosocial, accompagnement judiciaire, aide aux démarches. Service gratuit et confidentiel pour toutes les victimes.",oui,,,,46.3432,-72.5427,,
tr-drop,Drogue Aide et Référence — Point de contact Trois-Rivières,mentalHealth,Santé mentale,Dépendance et addiction,Trois-Rivières,,,1-800-265-2626,,Point de contact TR – coordonnées sur demande (ligne téléphonique principale),"Service disponible 24h/24, 7j/7","Référencement local vers les ressources en dépendance à Trois-Rivières et en Mauricie. Centres de réadaptation, groupes d'entraide, suivi personnalisé. Le CIUSSS MCQ offre aussi des services spécialisés en dépendance.",oui,,,,46.3432,-72.5427,,
cpe-pw1,Mon Enfant – Liste d'attente CPE,childcare,Services de garde,CPE subventionné,Province de Québec,,,1-877-644-4545,,N/A — service téléphonique/en ligne,Inscription via portail 24h/24. Bureau: lun-ven 7h30-17h,Portail provincial pour s'inscrire sur la liste d'attente des CPE et garderies subventionnées (≈ 10 $/jour). Géré par le Ministère de la Famille du Québec.,,oui,,,46.8139,-71.2082,,
cpe-pw2,Ministère de la Famille – Aide financière garde,childcare,Services de garde,Aide financière,Province de Québec,,,1-877-644-4545,,N/A — service téléphonique/en ligne,Lun-ven 7h-18h. Fermeture jours fériés et 2 semaines l'été.,"Information sur les subventions pour garde non subventionnée, aide d'urgence et remboursement d'impôt pour frais de garde (crédit d'impôt pour frais de garde d'enfants).",,oui,,,46.8139,-71.2082,,
cpe-pw3,Garde en milieu familial (RSG) – Réseau provincial,childcare,Services de garde,Milieu familial subventionné,Province de Québec,,,1-877-644-4545,,N/A — service téléphonique/en ligne,Lun-ven 7h-18h. Fermeture jours fériés et 2 semaines l'été.,Réseau de responsables en service de garde (RSG) à domicile. Tarif subventionné ≈ 10 $/jour. Disponible dans toutes les régions du Québec via Mon Enfant.,,oui,,,46.8139,-71.2082,,
cpe-tr1,CPE Au Jardin d'Enfants – Trois-Rivières,childcare,Services de garde,CPE subventionné,Trois-Rivières,,,819-375-9822,https://www.quebec.ca/famille-et-soutien-aux-personnes/enfance/garderies-et-services-de-garde/portail-inscription/parents/acceder-parents,"3140, rue Louis-Pasteur, Trois-Rivières, QC G8Z 4E3",Lun-ven 7h-18h. Fermeture jours fériés et 2 semaines l'été.,CPE subventionné en Mauricie. Accueil des enfants de 0 à 5 ans au tarif réduit ≈ 10 $/jour. Inscription via Mon Enfant.,,,,,46.3533,-72.5491,,
re-pw1,SCHL – Société canadienne d'hypothèques,realestate,Achat immobilier,Programme gouvernemental,Province de Québec,,,1-800-668-2642,,,Lun-ven 9h-17h. Sam 9h-12h pour certains bureaux. En ligne 24h.,"Programme fédéral d'assurance hypothécaire (mise de fonds 5 %-19,99 %). Calculateurs de budget, guides du premier acheteur, aide aux familles vulnérables. Obligatoire si mise de fonds < 20 %.",,oui,,,46.8139,-71.2082,,
re-pw2,RAP – Régime d'accession à la propriété (REER),realestate,Achat immobilier,Programme gouvernemental,Province de Québec,,,1-800-959-8281,,,Lun-ven 9h-17h. Sam 9h-12h pour certains bureaux. En ligne 24h.,Retirez jusqu'à 35 000 $ de votre REER sans impôt pour l'achat d'une première propriété. Remboursement sur 15 ans. Accessible via l'Agence du revenu du Canada (ARC).,,oui,,,46.8139,-71.2082,,
re-pw3,CELIAPP – Compte épargne libre d'impôt 1ère propriété,realestate,Achat immobilier,Programme gouvernemental,Province de Québec,,,1-800-959-8281,,,Lun-ven 9h-17h. Sam 9h-12h pour certains bureaux. En ligne 24h.,Épargnez jusqu'à 40 000 $ (8 000 $/an) à l'abri de l'impôt pour acheter votre première maison. Cotisations déductibles du revenu. Disponible dans toutes les banques et caisses.,,oui,,,46.8139,-71.2082,,
re-pw5,DuProprio – Vente sans courtier,realestate,Achat immobilier,Recherche de propriété,Province de Québec,,,1-866-387-7677,,,Lun-ven 9h-17h. Sam 9h-12h pour certains bureaux. En ligne 24h.,"Propriétés vendues directement par les propriétaires, sans commission de courtier. Souvent moins cher. Bonne option pour acheteurs à budget limité.",,oui,,,46.8139,-71.2082,,
re-assist1,OACIQ – Organisme d'autoréglementation courtage immobilier,realestate,Achat immobilier,Encadrement professionnel,Province de Québec,,,1-800-440-7170,,,Lun-ven 9h-17h. Sam 9h-12h pour certains bureaux. En ligne 24h.,"Vérifiez qu'un courtier est certifié au Québec. Accès à la procédure officielle d'achat immobilier, vos droits comme acheteur, et résolution de litiges. Gratuit.",,oui,,,45.5548,-73.4568,,
re-assist2,Chambre des notaires du Québec,realestate,Achat immobilier,Service juridique,Province de Québec,,,1-800-263-1793,,,Lun-ven 9h-17h. Sam 9h-12h pour certains bureaux. En ligne 24h.,"Le notaire est obligatoire pour finaliser un achat immobilier au Québec. Il rédige l'acte de vente, vérifie les titres de propriété et enregistre la transaction. Honoraires typiques : 1 000 $–1 800 $.",,oui,,,45.5015,-73.5711,,
hlth-pw1,RAMQ – Régie de l'assurance maladie,health,Santé,Assurance maladie,Province de Québec,,,1-800-561-9749,,N/A — service téléphonique/en ligne,Lun-ven 8h30-16h30. Pour urgence: 811 (Info-Santé) ou urgence hospitalière.,"Inscrivez-vous à la carte d'assurance maladie (RAMQ) pour accéder aux soins de santé couverts. Aide pour personnes sans carte, nouveaux arrivants et situations précaires.",,oui,,,46.8139,-71.2082,,
hlth-pw3,OPHQ – Office des personnes handicapées,health,Santé,Personnes handicapées,Province de Québec,,,1-800-567-1465,,N/A — service téléphonique/en ligne,Lun-ven 8h30-16h30. Pour urgence: 811 (Info-Santé) ou urgence hospitalière.,"Défense des droits des personnes handicapées au Québec. Aide à l'accès aux services adaptés, transport, logement et emploi. Guide des programmes et ressources disponibles.",,oui,,,46.8139,-71.2082,,
hlth-pw4,Programme SAPA – Soins à domicile (CISSS/CIUSSS),health,Santé,Soins à domicile,Province de Québec,,,811,,N/A — service téléphonique/en ligne,"Service disponible 24h/24, 7j/7","Services de soins à domicile pour personnes âgées ou en perte d'autonomie : infirmières, ergothérapeutes, aide-ménagère, repas. Contactez votre CLSC local ou le 811.",,oui,,,46.8139,-71.2082,,
hlth-aine1,Réseau FADOQ – Services aux aînés,health,Santé,Services aux aînés,Province de Québec,,,1-800-544-9058,,N/A — service téléphonique/en ligne,Lun-ven 8h30-16h30. Pour urgence: 811 (Info-Santé) ou urgence hospitalière.,"Plus grand réseau d'aînés du Québec. Aide aux aînés pour accéder aux services de santé, logement, transport adapté, activités sociales et défense de leurs droits.",,oui,,,46.8139,-71.2082,,
imm-pw2,Service Canada – Statuts et documents fédéraux,immigration,Immigration,Services fédéraux,Province de Québec,,,1-800-622-6232,,N/A — service téléphonique/en ligne,Portail en ligne 24h/24. Centre d'appels: lun-ven 8h-20h.,"Immigration, Réfugiés et Citoyenneté Canada (IRCC). Permis de travail, résidence permanente, citoyenneté, réfugiés. Service d'assistance téléphonique gratuit.",,oui,,,46.8139,-71.2082,,
imm-jurid1,Aide juridique – clinique immigration,immigration,Immigration,Aide juridique,Province de Québec,,,1-800-842-2213,,N/A — service téléphonique/en ligne,Lun-ven 8h30-16h30. Sur RV pour consultations spécialisées.,"Aide juridique gratuite pour immigrants à faible revenu : statut de réfugié, appels CISR, permis de travail, parrainage. Disponible dans toutes les régions du Québec.",,oui,,,45.5088,-73.561,,
emp-pw1,Emploi-Québec – Services d'emploi,employment,Emploi,Centre d'emploi,Province de Québec,,,1-877-644-4545,,N/A — service téléphonique/en ligne,Lun-ven 8h30-16h30.,"Service public d'emploi du Québec. Aide à la recherche d'emploi, formation professionnelle, programmes de subvention aux employeurs, aide financière pour les chercheurs d'emploi.",,oui,,,46.8139,-71.2082,,
emp-pw2,Service Canada – Assurance-emploi (AE),employment,Emploi,Aide financière,Province de Québec,,,1-800-206-7218,,N/A — service téléphonique/en ligne,Lun-ven 8h30-16h30.,"Demande de prestations d'assurance-emploi suite à une perte d'emploi. Calculateur de prestations, déclarations bimensuelles, aide aux prestataires en situation précaire.",,oui,,,46.8139,-71.2082,,
emp-form1,CFP – Centres de formation professionnelle,employment,Emploi,Formation professionnelle,Province de Québec,,,1-877-644-4545,,N/A — service téléphonique/en ligne,Lun-ven 8h30-16h30.,"Réseau de formations professionnelles reconnues (DEP, AEP). Cuisine, électricité, coiffure, mécanique, soins infirmiers... Programmes financés par le gouvernement. Droits de scolarité réduits.",,oui,,,46.8139,-71.2082,,
soc-drt1,Commission des droits de la personne (CDPDJ),social,Soutien social,Défense des droits,Province de Québec,,,1-800-361-6477,,N/A — service téléphonique/en ligne,Lun-ven 8h30-16h30.,"Organisme québécois de défense contre la discrimination et le harcèlement. Plaintes pour discrimination au logement, emploi, services. Aide gratuite aux victimes de violations des droits.",,oui,,,45.5088,-73.5565,,
soc-drt2,Protecteur du citoyen,social,Soutien social,Défense des droits,Province de Québec,,,1-800-463-5070,,N/A — service téléphonique/en ligne,Lun-ven 8h30-16h30.,"Ombudsman québécois. Défend les citoyens face aux erreurs ou injustices des ministères et organismes publics du Québec. Gratuit, confidentiel. Aussi pour aide sociale, logement, RAMQ.",,oui,,,46.8139,-71.2082,,
soc-jurid1,Aide juridique du Québec,social,Soutien social,Aide juridique,Province de Québec,,,1-800-842-2213,,N/A — service téléphonique/en ligne,Lun-ven 8h30-16h30.,"Aide juridique gratuite pour personnes à faible revenu : logement, famille, immigration, criminel, aide sociale. Seuils d'admissibilité selon revenu. Bureaux dans toutes les régions.",,oui,,,45.5088,-73.557,,
soc-rev1,Revenu Québec – Aide aux personnes à faible revenu,social,Soutien social,Services gouvernementaux,Province de Québec,,,1-800-267-6299,,N/A — service téléphonique/en ligne,Lun-ven 8h30-16h30. En ligne 24h/24 pour certains services.,"Aide pour produire votre déclaration de revenus, accéder aux crédits d'impôt (solidarité, TVQ), régulariser des dettes fiscales. Programme Assistance-Revenu et aide aux aînes.",,oui,,,46.8139,-71.2082,,
soc-mss1,Aide sociale – Ministère Emploi et Solidarité,social,Soutien social,Aide sociale,Province de Québec,,,1-877-767-8773,,N/A — service téléphonique/en ligne,Lun-ven 8h30-16h30.,Programme d'aide sociale et de solidarité sociale du Québec. Prestations mensuelles pour personnes à faible revenu sans emploi. Aide spéciale pour situations d'urgence.,,oui,,,46.8139,-71.2082,,
saaq-mtl,SAAQ — Bureau de Montréal (centre-ville),social,Soutien social,Services gouvernementaux,Montréal,,,1-800-361-7620,,"1313, rue Saint-Jacques, Montréal QC H3C 4K2",Lun-ven 8h30-16h30. En ligne 24h/24 pour certains services.,"Bureau de la SAAQ pour permis de conduire, immatriculation, plaques, indemnisation des victimes d'accidents et services aux conducteurs. Rendez-vous en ligne recommandé.",,,,,45.5088,-73.5878,,
saaq-qc,SAAQ — Bureau de Québec,social,Soutien social,Services gouvernementaux,Québec,,,1-800-361-7620,,"2600, boul. Laurier, bureau 49, Québec QC G1V 5C1 (Place de la Cité)",Lun-ven 8h30-16h30. En ligne 24h/24 pour certains services.,"Bureau de la SAAQ pour permis de conduire, immatriculation, plaques, indemnisation des victimes d'accidents et services aux conducteurs. Rendez-vous en ligne recommandé.",,,,,46.8139,-71.2082,,
saaq-laval,SAAQ — Bureau de Laval,social,Soutien social,Services gouvernementaux,Laval,,,1-800-361-7620,,"660, boul. Le Corbusier, Laval QC H7N 0A9",Lun-ven 8h30-16h30. En ligne 24h/24 pour certains services.,"Bureau de la SAAQ pour permis de conduire, immatriculation, plaques, indemnisation des victimes d'accidents et services aux conducteurs. Rendez-vous en ligne recommandé.",,,,,45.6066,-73.7124,,
saaq-longueuil,SAAQ — Bureau de Longueuil,social,Soutien social,Services gouvernementaux,Longueuil,,,1-800-361-7620,,"2877, chemin Chambly, Longueuil QC",Lun-ven 8h30-16h30. En ligne 24h/24 pour certains services.,"Bureau de la SAAQ pour permis de conduire, immatriculation, plaques, indemnisation des victimes d'accidents et services aux conducteurs. Rendez-vous en ligne recommandé.",,,,,45.5315,-73.5189,,
saaq-sherbrooke,SAAQ — Bureau de Sherbrooke,social,Soutien social,Services gouvernementaux,Sherbrooke,,,1-800-361-7620,,"2885, boul. de Portland, Sherbrooke QC J1L 2S1",Lun-ven 8h30-16h30. En ligne 24h/24 pour certains services.,"Bureau de la SAAQ pour permis de conduire, immatriculation, plaques, indemnisation des victimes d'accidents et services aux conducteurs. Rendez-vous en ligne recommandé.",,,,,45.4042,-71.8929,,
saaq-gatineau,SAAQ — Bureau de Gatineau,social,Soutien social,Services gouvernementaux,Gatineau,,,1-800-361-7620,,"975, boul. Saint-Joseph, Gatineau QC",Lun-ven 8h30-16h30. En ligne 24h/24 pour certains services.,"Bureau de la SAAQ pour permis de conduire, immatriculation, plaques, indemnisation des victimes d'accidents et services aux conducteurs. Rendez-vous en ligne recommandé.",,,,,45.4765,-75.7013,,
saaq-trois-rivieres,SAAQ — Bureau de Trois-Rivières,social,Soutien social,Services gouvernementaux,Trois-Rivières,,,1-800-361-7620,,"765, rue Thibeau, bureau 700, Trois-Rivières, QC G8T 7A4",Lun-ven 8h30-16h30. En ligne 24h/24 pour certains services.,"Bureau de la SAAQ pour permis de conduire, immatriculation, plaques, indemnisation des victimes d'accidents et services aux conducteurs. Rendez-vous en ligne recommandé.",,,,,46.3432,-72.5432,,
saaq-saguenay,SAAQ — Bureau de Saguenay,social,Soutien social,Services gouvernementaux,Saguenay,,,1-800-361-7620,,"2655, boul. du Royaume, Saguenay (Jonquière) QC G7S 4S9",Lun-ven 8h30-16h30. En ligne 24h/24 pour certains services.,"Bureau de la SAAQ pour permis de conduire, immatriculation, plaques, indemnisation des victimes d'accidents et services aux conducteurs. Rendez-vous en ligne recommandé.",,,,,48.4277,-71.0694,,
assurance-beneva,Beneva Assurance,social,Soutien social,Assurance automobile,Province de Québec,,,1-877-236-3827,,N/A — service téléphonique/en ligne,Lun-ven 8h30-16h30. En ligne 24h/24 pour certains services.,"Beneva (fusion de La Capitale et SSQ) est le plus grand assureur québécois. Assurance auto, habitation et vie. Service en ligne 24h/24, gestion des réclamations rapide et application mobile.",oui,oui,,,46.8139,-71.2082,,
assurance-promutuel,Promutuel Assurance,social,Soutien social,Assurance automobile,Province de Québec,,,1-888-466-6883,,N/A — service téléphonique/en ligne,Lun-ven 8h30-16h30. En ligne 24h/24 pour certains services.,"Assureur mutuel québécois offrant la couverture auto, habitation et entreprise. Réseau de 17 caisses régionales partout au Québec. Déclaration de sinistre disponible 24h/24.",oui,oui,,,46.8139,-71.2082,,
assurance-intact,Intact Assurance,social,Soutien social,Assurance automobile,Province de Québec,,,1-866-464-2003,,N/A — service téléphonique/en ligne,Lun-ven 8h30-16h30. En ligne 24h/24 pour certains services.,"Plus grand assureur de dommages au Canada. Assurance auto et habitation au Québec avec service de réclamation 24h/24, réseau de réparateurs certifiés et application Intact MaVoiture.",oui,oui,,,45.5048,-73.5772,,
assurance-desjardins,Desjardins Assurances,social,Soutien social,Assurance automobile,Province de Québec,,,1-800-463-7843,,N/A — service téléphonique/en ligne,Lun-ven 8h30-16h30. En ligne 24h/24 pour certains services.,"Assurance auto et habitation du Mouvement Desjardins. Accès par les caisses populaires, en ligne ou par téléphone. Programme Ajusto récompense la conduite prudente avec des rabais.",oui,oui,,,45.423,-73.561,,
assurance-belairdirect,belairdirect,social,Soutien social,Assurance automobile,Province de Québec,,,1-888-270-3595,,N/A — service téléphonique/en ligne,Lun-ven 8h30-16h30. En ligne 24h/24 pour certains services.,"Assureur en ligne leader au Québec. Soumission et gestion de police 100% numérique. Assurance auto avec assistance routière incluse, déclaration de sinistre 24h/24 et tarifs compétitifs.",oui,oui,,,45.5048,-73.5772,,
assurance-td,TD Assurance,social,Soutien social,Assurance automobile,Province de Québec,,,1-888-788-0839,,N/A — service téléphonique/en ligne,Lun-ven 8h30-16h30. En ligne 24h/24 pour certains services.,"Assurance auto et habitation offerte aux membres de groupes affiliés et clients TD. Service de réclamation 24h/24, voiture de remplacement et protection contre les accidents sans faute.",oui,oui,,,45.5048,-73.5772,,
assurance-cooperators,Co-operators,social,Soutien social,Assurance automobile,Province de Québec,,,1-888-265-6444,,N/A — service téléphonique/en ligne,Lun-ven 8h30-16h30. En ligne 24h/24 pour certains services.,"Coopérative d'assurance canadienne. Couvertures auto, habitation et vie au Québec. Conseillers locaux dans plusieurs villes, programme de fidélité et accompagnement personnalisé en cas de sinistre.",oui,oui,,,45.5048,-73.5772,,
assurance-aviva,Aviva Canada,social,Soutien social,Assurance automobile,Province de Québec,,,1-866-692-8482,,N/A — service téléphonique/en ligne,Lun-ven 8h30-16h30. En ligne 24h/24 pour certains services.,"Assureur de dommages présent au Québec via un réseau de courtiers. Produits auto, habitation et assurance spécialisée. Déclaration de sinistre en ligne ou par téléphone 24h/24.",oui,oui,,,45.5048,-73.5772,,
assurance-wawanesa,Wawanesa Assurance,social,Soutien social,Assurance automobile,Province de Québec,,,1-844-929-2637,,N/A — service téléphonique/en ligne,Lun-ven 8h30-16h30. En ligne 24h/24 pour certains services.,"Assureur mutuel reconnu pour ses prix compétitifs en assurance auto et habitation. Vendu via courtiers agréés au Québec. Service en français, assistance routière et gestion des réclamations réactive.",oui,oui,,,45.5048,-73.5772,,
assurance-industrielle-alliance,iA Assurance,social,Soutien social,Assurance automobile,Province de Québec,,,1-800-463-6236,,N/A — service téléphonique/en ligne,Lun-ven 8h30-16h30. En ligne 24h/24 pour certains services.,"Industrielle Alliance (iA Groupe financier) offre assurance auto, habitation et vie au Québec. Siège social à Québec, réseau de conseillers partout dans la province et plateforme numérique complète.",oui,oui,,,46.8139,-71.2082,,
urgent-811-infosante,811 — Infosanté (Infirmière 24h/24),health,Santé,Consultation santé,Province de Québec,,,811,,,"Service disponible 24h/24, 7j/7","Composez le 811 pour parler à une infirmière en tout temps, 24h/24, 7j/7, partout au Québec. Conseils médicaux, orientation vers les bons soins, prise en charge des urgences non vitales. Service entièrement gratuit, disponible en français et en anglais.",oui,oui,,,46.8139,-71.2082,,
urgent-811-infosocial,811 — Info-Social (Travailleur social 24h/24),mentalHealth,Santé mentale,Ligne d'écoute,Province de Québec,,,811,,,"Service disponible 24h/24, 7j/7","Le 811 vous met aussi en contact avec un travailleur social pour des conseils psychosociaux immédiats. Détresse émotionnelle, conflits familiaux, anxiété, dépression légère. Service disponible 24h/24, 7j/7, gratuit et confidentiel.",oui,oui,,,46.8139,-71.2082,,
urgent-drogue-aide,Drogue : aide et référence,mentalHealth,Santé mentale,Dépendance et addiction,Province de Québec,,,1-800-265-2626,,N/A — service téléphonique/en ligne,Lun-ven 8h30-16h30. Urgences: appeler le 811 ou aller à l'urgence.,"Ligne provinciale gratuite d'aide et de référence pour les problèmes de dépendance à la drogue, à l'alcool et aux médicaments. Disponible 24h/24, 7j/7. Intervenants spécialisés, orientent vers les centres de réadaptation, groupes de soutien et ressources locales.",oui,oui,,,45.5048,-73.5772,,
urgent-jeu-aide,Jeu : aide et référence,mentalHealth,Santé mentale,Dépendance et addiction,Province de Québec,,,1-800-461-0140,,N/A — service téléphonique/en ligne,Lun-ven 8h30-16h30. Urgences: appeler le 811 ou aller à l'urgence.,"Ligne provinciale gratuite pour les personnes aux prises avec un problème de jeu compulsif. Disponible 24h/24, 7j/7. Écoute, soutien, référence vers les centres de traitement et groupes d'entraide. Les proches peuvent aussi appeler.",oui,oui,,,45.5048,-73.5772,,
urgent-aide-abus-aines,Ligne Aide Abus Aînés,family,Famille,Protection des aînés,Province de Québec,,,1-888-489-2287,,,Lun-ven 8h-20h. Sam-dim 8h-16h. Urgences jeunesse: disponible 24h.,"Ligne d'aide provinciale gratuite pour les victimes d'abus, de maltraitance ou de négligence envers les personnes aînées. Violence physique, psychologique, financière ou sexuelle. Intervenants spécialisés disponibles du lundi au vendredi, référence vers ressources locales. Confidentiel.",oui,oui,,,46.8139,-71.2082,,
urgent-rqcalacs,RQCALACS — Agressions à caractère sexuel,family,Famille,Agression sexuelle,Province de Québec,,,1-888-933-9007,,,Ligne 24h/24. Intervention et soutien disponibles en tout temps.,"Réseau québécois des centres d'aide et de lutte contre les agressions à caractère sexuel. Soutien aux victimes d'agression sexuelle, d'inceste et de harcèlement. Écoute, accompagnement, défense des droits, thérapie. Centres présents dans toutes les régions du Québec.",oui,oui,,,45.5048,-73.5772,,
urgent-sos-grossesse,SOS Grossesse,family,Famille,Grossesse en crise,Province de Québec,,,1-800-463-5655,,,Ligne 24h/24. Intervention et soutien disponibles en tout temps.,"Ligne d'écoute et de référence pour les femmes vivant une grossesse non désirée ou difficile. Soutien émotionnel, information sur toutes les options, référence vers ressources locales. Disponible 24h/24 par téléphone et clavardage. Totalement gratuit et confidentiel.",oui,oui,,,45.5048,-73.5772,,
urgent-croix-rouge,Croix-Rouge canadienne — Québec,social,Soutien social,Aide aux sinistrés,Province de Québec,,,1-800-418-1111,,N/A — service téléphonique/en ligne,Lun-ven 8h30-16h30.,"Aide d'urgence pour les victimes de sinistres : incendie, inondation, tempête. Hébergement temporaire, vêtements, nourriture, médicaments. Disponible 24h/24 en cas de catastrophe. Également présente pour l'aide humanitaire internationale et les formations aux premiers secours.",oui,oui,,,45.5048,-73.5772,,
urgent-securite-civile,Sécurité civile Québec,social,Soutien social,Aide aux sinistrés,Province de Québec,,,1-800-363-1363,,N/A — service téléphonique/en ligne,Lun-ven 8h30-16h30.,"Service gouvernemental d'aide aux sinistrés en cas de catastrophe naturelle (inondation, verglas, tempête). Programme d'indemnisation, hébergement d'urgence, rétablissement. Coordination avec les municipalités et organismes communautaires.",oui,oui,,,46.8139,-71.2082,,
urgent-tel-jeunes,Tel-Jeunes (12–25 ans),mentalHealth,Santé mentale,Crise psychologique,Province de Québec,,,1-800-263-2266,,N/A — service téléphonique/en ligne,Lun-ven 8h30-16h30. Sur rendez-vous pour suivi.,"Service d'écoute et d'intervention pour jeunes de 12 à 25 ans. Disponible 24h/24 par téléphone, texto et clavardage. Soutien pour idées suicidaires, dépression, violence, relations amoureuses, identité sexuelle, pression des pairs. Gratuit, confidentiel, sans jugement.",oui,oui,,,45.5048,-73.5772,,
urgent-kids-help,"Jeunesse, j'écoute / Kids Help Phone",mentalHealth,Santé mentale,Crise psychologique,Province de Québec,,,1-800-668-6868,,N/A — service téléphonique/en ligne,"Service disponible 24h/24, 7j/7","Service d'écoute et de counseling professionnel pour les jeunes Canadiens, disponible 24h/24, 365 jours par an. Thérapie par texto (texto 686868), clavardage et téléphone. Sujets : santé mentale, abus, LGBTQ+, identité, intimidation, relations. Entièrement gratuit.",oui,oui,,,45.5048,-73.5772,,
urgent-info-crime,Info-Crime Québec,social,Soutien social,Sécurité publique,Province de Québec,,,1-800-711-1800,,N/A — service téléphonique/en ligne,Lun-ven 8h30-16h30.,"Service anonyme et confidentiel pour signaler des crimes ou des activités criminelles sans devoir s'identifier. Trafic de drogue, violence, exploitation, vol. L'information est transmise aux corps policiers compétents. Disponible 24h/24.",oui,oui,,,45.5048,-73.5772,,
police-sq,Sûreté du Québec (SQ),social,Soutien social,Service de police,Province de Québec,,,1-800-461-2131,,N/A — service téléphonique/en ligne,"Service d'urgence 24h/24, 7j/7.","Police provinciale du Québec. Couvre la totalité du territoire québécois, notamment toutes les municipalités sans service de police municipal. Interventions d'urgence, enquêtes criminelles, sécurité routière. En cas d'urgence, composez le 911.",oui,oui,,,46.8139,-71.2082,,
police-trois-rivieres,Service de police de Trois-Rivières (SPTR),social,Soutien social,Service de police,Trois-Rivières,,,819-691-2929,,"2250, boulevard des Forges, Trois-Rivières, QC G8Z 1V2","Service disponible 24h/24, 7j/7","Corps policier municipal de Trois-Rivières et environs. Patrouille, prévention, enquêtes et sécurité publique. Non-urgence : 819-691-2929. Urgence : 911.",oui,,,,46.3432,-72.5427,,
centre911-montreal,Centre 911 de Montréal,social,Soutien social,Centre 911,Montréal,,,911,,,"Service disponible 24h/24, 7j/7","Centre de réception et de dispatch des appels d'urgence pour l'île de Montréal. Coordonne en temps réel le déploiement de la police (SPVM), des pompiers (SIM) et des ambulances (Urgences-santé). Disponible 24h/24, 7j/7. Composez le 911.",oui,,,,45.5048,-73.5772,,
centre911-quebec,Centre 911 de Québec,social,Soutien social,Centre 911,Québec,,,911,,N/A — Composez le 911,"Service disponible 24h/24, 7j/7","Centre d'appels d'urgence 911 pour la Ville de Québec et sa région. Dispatch de la police (SPQ), des pompiers et des ambulances pour tous les arrondissements. Réception 24h/24. Composez le 911.",oui,,,,46.8139,-71.2082,,
centre911-laval,Centre 911 de Laval,social,Soutien social,Centre 911,Laval,,,911,,,"Service disponible 24h/24, 7j/7","Centre de dispatch 911 pour la Ville de Laval. Coordonne police (SPL), pompiers (SSIL) et ambulances (Urgences-santé). Disponible 24h/24. Composez le 911.",oui,,,,45.6066,-73.7124,,
centre911-longueuil,Centre 911 — Agglomération de Longueuil,social,Soutien social,Centre 911,Longueuil,,,911,,,"Service disponible 24h/24, 7j/7","Centre 911 couvrant Longueuil, Brossard, Saint-Lambert et Saint-Bruno. Dispatch police (SPAL), incendie et ambulances pour toute l'agglomération. Composez le 911.",oui,,,,45.5313,-73.5185,,
centre911-gatineau,Centre 911 de Gatineau — Outaouais,social,Soutien social,Centre 911,Gatineau,,,911,,,"Service disponible 24h/24, 7j/7","Centre de dispatch d'urgence pour Gatineau et la région de l'Outaouais. Coordonne police (SPG), pompiers (SIG) et services ambulanciers. Composez le 911.",oui,,,,45.4766,-75.7013,,
centre911-sherbrooke,Centre 911 de Sherbrooke — Estrie,social,Soutien social,Centre 911,Sherbrooke,,,911,,N/A — Composez le 911,"Service disponible 24h/24, 7j/7","Centre 911 pour Sherbrooke et la région de l'Estrie. Dispatch police, pompiers et ambulances en temps réel. Composez le 911.",oui,,,,45.4042,-71.8929,,
centre911-saguenay,Centre 911 de Saguenay — Lac-Saint-Jean,social,Soutien social,Centre 911,Saguenay,,,911,,N/A — Composez le 911,"Service disponible 24h/24, 7j/7","Centre de dispatch 911 pour Saguenay et le Saguenay-Lac-Saint-Jean. Couvre Chicoutimi, Jonquière, La Baie, Alma et les municipalités environnantes. Composez le 911.",oui,,,,48.4277,-71.0694,,
centre911-trois-rivieres,Centre 911 de Trois-Rivières — Mauricie,social,Soutien social,Centre 911,Trois-Rivières,,,911,,N/A — Composez le 911,"Service disponible 24h/24, 7j/7","Centre d'urgence 911 pour Trois-Rivières, Shawinigan et la région de la Mauricie. Dispatch de la police, des pompiers et des ambulances. Composez le 911.",oui,,,,46.3432,-72.5427,,
centre911-levis,Centre 911 de Lévis — Chaudière-Appalaches,social,Soutien social,Centre 911,Lévis,,,911,,,"Service disponible 24h/24, 7j/7","Centre 911 couvrant Lévis et la région de Chaudière-Appalaches. Dispatch police, incendie et ambulances pour la Rive-Sud et les environs. Composez le 911.",oui,,,,46.8036,-71.1759,,
centre911-lanaudiere,Centre 911 — Lanaudière,social,Soutien social,Centre 911,Joliette,,,911,,,"Service disponible 24h/24, 7j/7","Centre 911 pour la région de Lanaudière. Dispatch d'urgence pour Joliette, Terrebonne, Repentigny, Mascouche, L'Assomption. ⚠️ Note : Environ 773 des 1 112 municipalités du Québec n'ont pas de premiers répondants — des délais d'intervention plus longs peuvent survenir en zone rurale. Composez le 911.",oui,,,,46.0233,-73.4323,,
centre911-laurentides,Centre 911 — Laurentides,social,Soutien social,Centre 911,Saint-Jérôme,,,911,,N/A — Composez le 911,"Service disponible 24h/24, 7j/7","Centre 911 pour la région des Laurentides. Dispatch pour Saint-Jérôme, Mirabel, Mont-Tremblant, Sainte-Agathe et les municipalités environnantes. Composez le 911.",oui,,,,45.779,-74,,
centre911-monteregie,Centre 911 — Montérégie,social,Soutien social,Centre 911,Saint-Jean-sur-Richelieu,,,911,,N/A — Composez le 911,"Service disponible 24h/24, 7j/7","Centre 911 pour la Montérégie. Dispatch pour Saint-Jean-sur-Richelieu, Vaudreuil, Châteauguay, Saint-Hyacinthe, Granby et toute la région. Composez le 911.",oui,,,,45.3125,-73.2594,,
centre911-centreduqc,Centre 911 — Centre-du-Québec,social,Soutien social,Centre 911,Drummondville,,,911,,,"Service disponible 24h/24, 7j/7","Centre 911 pour le Centre-du-Québec. Dispatch police, incendie et ambulances pour Drummondville, Victoriaville, Bécancour. ⚠️ Plusieurs petites municipalités rurales ont des délais d'intervention plus longs en raison du manque de premiers répondants. Composez le 911.",oui,,,,45.8833,-72.4833,,
centre911-abitibi,Centre 911 — Abitibi-Témiscamingue,social,Soutien social,Centre 911,Rouyn-Noranda,,,911,,N/A — Composez le 911,"Service disponible 24h/24, 7j/7","Centre 911 pour l'Abitibi-Témiscamingue. Dispatch pour Rouyn-Noranda, Val-d'Or, Amos, Ville-Marie. ⚠️ Région étendue avec couverture inégale — délais ambulanciers parfois élevés en territoire éloigné. Composez le 911.",oui,,,,48.2374,-79.0145,,
centre911-baslaurent,Centre 911 — Bas-Saint-Laurent,social,Soutien social,Centre 911,Rimouski,,,911,,N/A — Composez le 911,"Service disponible 24h/24, 7j/7","Centre 911 pour le Bas-Saint-Laurent. Dispatch pour Rimouski, Rivière-du-Loup, Matane, Amqui. ⚠️ Plusieurs municipalités rurales ont des délais plus longs. Composez le 911.",oui,,,,48.4501,-68.5202,,
centre911-gaspesie,Centre 911 — Gaspésie / Îles-de-la-Madeleine,social,Soutien social,Centre 911,Gaspé,,,911,,,"Service disponible 24h/24, 7j/7","Centre 911 pour la Gaspésie et les Îles-de-la-Madeleine. Dispatch pour Gaspé, Matane, Carleton, Cap-aux-Meules. ⚠️ Territoire vaste — délais d'intervention variables. Composez le 911.",oui,,,,48.8349,-64.4818,,
centre911-cote-nord,Centre 911 — Côte-Nord,social,Soutien social,Centre 911,Sept-Îles,,,911,,N/A — Composez le 911,"Service disponible 24h/24, 7j/7","Centre 911 pour la Côte-Nord. Dispatch pour Sept-Îles, Baie-Comeau, Havre-Saint-Pierre. ⚠️ Territoire parmi les plus étendus du Québec — couverture ambulancière limitée dans les zones isolées. Composez le 911.",oui,,,,50.2022,-66.3832,,
centre911-nunavik,Centre 911 — Nunavik,social,Soutien social,Centre 911,Kuujjuaq,,,911,,,"Service disponible 24h/24, 7j/7",Centre de coordination des urgences pour le Nunavik (14 villages inuits). ⚠️ Région sans service ambulancier au sol — toutes les évacuations médicales se font par avion. Couverture d'urgence très limitée. Composez le 911.,oui,,,,58.1072,-68.389,,
incendie-trois-rivieres,Service de sécurité incendie de Trois-Rivières,social,Soutien social,Service des incendies,Trois-Rivières,,,819-379-4600,,"1057, rue du Fleuve, Trois-Rivières, QC G9A 4L4","Service disponible 24h/24, 7j/7","Service incendie municipal de Trois-Rivières (Mauricie). Lutte contre les incendies, sauvetage technique et prévention. Urgence : 911.",oui,,,,46.3432,-72.5427,,
maison-carignan,Maison Carignan,mentalHealth,Santé mentale,Dépendances et santé mentale,Trois-Rivières,,,1-877-373-9435,https://maisoncarignan.qc.ca/,"7515, boulevard Parent, Trois-Rivières, QC G9C 0M5",Lun-ven 8h30-16h30. Urgences: appeler le 811 ou aller à l'urgence.,"Centre de thérapie certifié pour personnes aux prises avec une dépendance (alcool, drogues, jeu) ou des problèmes de santé mentale. Hébergement, thérapie résidentielle, suivi et post-cure. Ligne sans frais 24h/24 : 1-877-373-9435.",oui,,,,46.352,-72.55,,
le-traversier,Le Traversier — Aide psychosociale,mentalHealth,Santé mentale,Soutien communautaire,Trois-Rivières,,,819-373-5820,,"385, Côte Richelieu, Trois-Rivières, QC G9A 2Y9",Lun-ven 8h30-16h30. Sur rendez-vous pour suivi.,"Organisme communautaire offrant soutien psychosocial, groupes d'entraide, accompagnement et activités de réintégration sociale aux personnes vivant avec des problèmes de santé mentale.",,,,,46.3512,-72.5488,,
info-social-811,Service Info-Social 811,mentalHealth,Santé mentale,Ligne d'écoute,Trois-Rivières,,,811,,N/A — service téléphonique/en ligne,"Service disponible 24h/24, 7j/7","Service téléphonique provincial d'écoute et de consultation en santé mentale. Disponible 24h/24, 7j/7. Répond à toutes les questions d'ordre psychosocial et oriente vers les ressources.",oui,oui,,,46.8139,-71.208,,
groupe-entraide-sante-mentale,Groupe d'entraide en santé mentale,mentalHealth,Santé mentale,Soutien communautaire,Trois-Rivières,,,819-375-5880,,"819, rue Ste-Cécile, Trois-Rivières, QC G9A 1L2",Lun-ven 8h30-16h30. Sur rendez-vous pour suivi.,"Groupe d'entraide communautaire pour personnes vivant avec des troubles de santé mentale. Réunions hebdomadaires, activités de groupe et soutien par les pairs.",,,,,46.3518,-72.5475,,
readaptation-dependance-mcq,Centre de réadaptation en dépendance Mauricie,mentalHealth,Santé mentale,Dépendance et addiction,Trois-Rivières,,,819-374-4744,,"3440, rue Sainte-Marguerite, Trois-Rivières, QC G8Z 1X3",Lun-ven 8h30-16h30. Urgences: appeler le 811 ou aller à l'urgence.,"Services spécialisés en réadaptation pour l'alcoolisme, la toxicomanie et autres dépendances. Suivi individuel, thérapie de groupe et réinsertion sociale.",,,,,46.3502,-72.5545,,
na-mauricie,Narcotiques Anonymes Mauricie,mentalHealth,Santé mentale,Dépendance et addiction,Trois-Rivières,,,1-800-879-0333,,Réunions dans divers lieux de Trois-Rivières – voir horaire sur na.org,Réunions le soir (horaires variables selon groupe). Voir site ou appeler.,"Programme de rétablissement communautaire pour les personnes dépendantes aux drogues. Réunions hebdomadaires en Mauricie, anonymat complet garanti.",,,,,46.3515,-72.5462,,
centre-jeunesse-mauricie,Centre jeunesse Mauricie–Centre-du-Québec,mentalHealth,Santé mentale,Services jeunesse,Trois-Rivières,,,819-374-4783,,"2735, rue Papineau, Trois-Rivières, QC G8Z 1N8",Lun-ven 8h30-16h30. Sur rendez-vous pour suivi.,"Services de protection de la jeunesse, réadaptation et hébergement pour les enfants et adolescents en difficulté ou en situation de crise en Mauricie.",,,,,46.3488,-72.5535,,
accueil-bonneau-tr,Accueil Bonneau — Distribution alimentaire,food,Alimentation,Banque alimentaire,Trois-Rivières,,,819-374-5000,,"1, rue Fusey, bureau 101, Trois-Rivières, QC G8T 2T2","Lun-ven 9h-16h, sam 9h-13h. Horaires varient selon point de distribution.",Distribution alimentaire gratuite et repas communautaires pour les personnes sans-abri et en situation précaire à Trois-Rivières. Accueil inconditionnel.,,,,,46.3482,-72.5552,,
comptoir-st-vincent-de-paul,Comptoir alimentaire St-Vincent-de-Paul,food,Alimentation,Dépannage alimentaire,Trois-Rivières,,,819-375-4321,,"2580, rue Royale, Trois-Rivières, QC G9A 4L5","Dépannage lun-ven 8h30-16h30, sam 9h-12h. Appeler avant de se présenter.",Dépannage alimentaire d'urgence et épicerie à prix modique. La Société Saint-Vincent-de-Paul offre aide immédiate aux familles en difficulté.,,,,,46.3505,-72.549,,
cuisine-collective-tr,Cuisine collective Trois-Rivières,food,Alimentation,Café communautaire,Trois-Rivières,,,819-373-1010,,"1060, rue St-François-Xavier, local 145 B, Trois-Rivières, QC G9A 1R8",Service de repas midi lun-ven 11h30-13h30. Vérifier horaires spéciaux.,"Ateliers de cuisine en groupe pour apprendre à cuisiner sainement à faible coût. Partage des repas préparés, liens sociaux et apprentissage culinaire.",,,,,46.3521,-72.5468,,
centre-entraide-alimentaire,Centre d'entraide alimentaire,food,Alimentation,Dépannage alimentaire,Trois-Rivières,,,819-373-4455,,"3275, rue Girard, Trois-Rivières, QC G8Z 2M5","Dépannage lun-ven 8h30-16h30, sam 9h-12h. Appeler avant de se présenter.","Aide alimentaire d'urgence et banque de denrées pour familles, aînés et individus en situation précaire. Accueil chaleureux et discret à Trois-Rivières.",,,,,46.3498,-72.5508,,
repas-communautaires-mauricie,Repas communautaires Mauricie,food,Alimentation,Café communautaire,Trois-Rivières,,,819-374-8800,,"1, rue Fusey, bureau 101, Trois-Rivières, QC G8T 2T2",Service de repas midi lun-ven 11h30-13h30. Vérifier horaires spéciaux.,Repas communautaires gratuits et à prix modique servis plusieurs fois par semaine en Mauricie. Moments de partage et d'inclusion pour personnes isolées.,,,,,46.351,-72.5458,,
popote-roulante-tr,Popote roulante Trois-Rivières,food,Alimentation,Aide alimentaire,Trois-Rivières,,,819-374-2800,,"929, rue du Père-Daniel, Trois-Rivières, QC G9A 2W9",Livraison à domicile lun-ven matin. Inscription requise.,"Livraison de repas chauds à domicile pour personnes âgées, malades ou à mobilité réduite à Trois-Rivières. Repas nutritifs et visite de bienveillance quotidienne.",,,,,46.353,-72.5462,,
distribution-alimentaire-urgence,Distribution alimentaire d'urgence,food,Alimentation,Dépannage alimentaire,Trois-Rivières,,,819-374-9900,,"5593, rue Jean-Paul Lavergne, Trois-Rivières, QC G8Y 3Y5","Service disponible 24h/24, 7j/7",Service de dépannage alimentaire d'urgence disponible rapidement pour familles et individus sans ressources. Paniers fournis dans les 24h sur demande.,,,,,46.3488,-72.5528,,
centre-aide-logement-tr,Centre d'aide au logement,housing,Logement,Logement subventionné,Trois-Rivières,,,819-375-0444,,"385, Côte Richelieu, Trois-Rivières, QC G9A 2Y9",Bureau lun-ven 8h30-16h30. Liste d'attente – inscription requise.,"Information et défense des droits des locataires. Aide aux recherches de logement, médiation avec propriétaires et référence vers logements sociaux disponibles.",,,,,46.3518,-72.5498,,
organisme-insertion-socio,Organisme d'insertion socioprofessionnelle,employment,Emploi,Insertion professionnelle,Trois-Rivières,,,819-374-5500,,"7175, rue Marion, bureau 310, Trois-Rivières, QC G9A 5Z9",Lun-ven 8h30-16h30.,"Accompagnement des personnes vivant des obstacles à l'emploi : santé mentale, dépendances, absence de formation. Parcours individualisés vers l'emploi adapté.",,,,,46.3502,-72.554,,
service-accueil-nouveaux-arrivants,Service d'accueil aux nouveaux arrivants,immigration,Immigration,Intégration immigrants,Trois-Rivières,,,819-373-4822,,"919, boulevard du Saint-Maurice, Trois-Rivières, QC G9A 3R1",Lun-ven 8h30-16h30. Sur RV pour consultations spécialisées.,"Accueil, orientation et accompagnement des nouveaux arrivants à Trois-Rivières. Aide aux démarches administratives, information sur les services locaux et intégration.",,,,,46.3505,-72.5512,,
aide-installation-immigrants,Aide à l'installation des immigrants,immigration,Immigration,Intégration immigrants,Trois-Rivières,,,819-373-4822,,"919, boulevard du Saint-Maurice, Trois-Rivières, QC G9A 3R1",Lun-ven 8h30-16h30. Sur RV pour consultations spécialisées.,"Accompagnement pratique pour l'installation des nouveaux arrivants : logement, école pour les enfants, services médicaux, documents officiels et orientation.",,,,,46.3508,-72.5498,,
service-traduction-communautaire,Service de traduction communautaire,immigration,Immigration,Services d'interprétation,Trois-Rivières,,,819-374-7799,,"919, boulevard du Saint-Maurice, Trois-Rivières, QC G9A 3R1",Lun-ven 8h30-16h30. Sur RV pour consultations spécialisées.,"Interprétariat et traduction communautaire pour immigrants lors de rendez-vous médicaux, légaux ou administratifs. Disponible en plusieurs langues.",,,,,46.3512,-72.5505,,
programme-accompagnement-arrivants,Programme d'accompagnement nouveaux arrivants,immigration,Immigration,Intégration immigrants,Trois-Rivières,,,819-373-4822,,"919, boulevard du Saint-Maurice, Trois-Rivières, QC G9A 3R1",Lun-ven 8h30-16h30. Sur RV pour consultations spécialisées.,"Programme gouvernemental d'accompagnement pour les nouveaux arrivants au Québec. Parrainage, jumelage interculturel et mentorat d'intégration communautaire.",,oui,,,46.3505,-72.5518,,
v-suicide-action-mtl,Suicide Action Montréal,mentalHealth,Santé mentale,Prévention suicide,Montréal,,,1-866-277-3553,,"4650, rue Sainte-Catherine Est, Montréal QC H1V 1Z4","Service disponible 24h/24, 7j/7","Centre de prévention du suicide pour Montréal et le Québec. Intervention de crise 24h/24, suivi de personnes endeuillées par suicide, formation des intervenants.",oui,,,,45.54,-73.55,,
v-cavac,CAVAC — Centre d'aide aux victimes d'actes criminels,social,Soutien social,Aide aux victimes,Province de Québec,,,1-866-532-2822,,N/A — service téléphonique/en ligne,Lun-ven 8h30-16h30.,"Aide gratuite et confidentielle pour victimes d'actes criminels et leurs proches : intervention post-traumatique, information sur droits et démarches judiciaires, accompagnement.",oui,oui,,,46.8227,-71.20096,,
v-cps-arthabaska,CPS des Bois-Francs — Victoriaville,mentalHealth,Santé mentale,Prévention suicide,Victoriaville,,,1-866-APPELLE,,"20, avenue Pie-X, Victoriaville QC G6P 6M9",Lun-ven 8h30-16h30. Sur rendez-vous pour suivi.,"Intervention de crise pour Victoriaville et environs : Princeville, Warwick, Saint-Valère, Chesterville. 24h/24, gratuit, anonyme.",oui,,,,46.051,-71.965,,
v-interligne,Interligne,mentalHealth,Santé mentale,LGBTQ+,Province de Québec,,,1-888-505-1010,,N/A — service téléphonique/en ligne,"Service disponible 24h/24, 7j/7","Centre d'aide et d'écoute pour personnes LGBTQ+ et leurs proches. Téléphone, texto, clavardage. Bilingue. Anonyme et confidentiel. 24h/24.",oui,oui,,,46.8103,-71.21088,,
v-grand-chemin,Le Grand Chemin,mentalHealth,Santé mentale,Toxicomanie jeunes,Montréal,,,1-800-668-9210,,N/A — service téléphonique/en ligne,Lun-ven 8h30-16h30. Sur rendez-vous pour suivi.,"Réadaptation en dépendance pour jeunes 12-17 ans. Programme résidentiel intensif. Centres à Montréal, Québec et Saint-Célestin.",oui,oui,,,45.4983,-73.57002,,
v-portage,Portage,mentalHealth,Santé mentale,Toxicomanie,Province de Québec,,,1-866-893-3819,,N/A — service téléphonique/en ligne,Lun-ven 8h30-16h30. Urgences: appeler le 811 ou aller à l'urgence.,"Centre de réhabilitation en toxicomanie pour adolescents, adultes, mères avec enfants. Programmes résidentiels au Québec et au Canada.",,oui,,,46.8107,-71.21056,,
v-aqris,AQIS — Association du Québec pour l'intégration sociale,social,Soutien social,Déficience intellectuelle,Province de Québec,,,1-888-381-2300,,N/A — service téléphonique/en ligne,Lun-ven 8h30-16h30.,"Soutien aux personnes vivant avec une déficience intellectuelle et leurs familles. Défense des droits, formation, ressources.",,oui,,,46.8173,-71.20528,,
v-aqrips,AQRIPH — Personnes handicapées,social,Soutien social,Handicap,Province de Québec,,,1-888-336-0967,,N/A — service téléphonique/en ligne,Lun-ven 8h30-16h30.,"Alliance québécoise des regroupements pour l'intégration des personnes handicapées. Défense des droits, ressources locales partout au Québec.",,oui,,,46.8175,-71.20512,,
v-inca-canada,INCA — Institut national canadien pour les aveugles,social,Soutien social,Personnes aveugles,Province de Québec,,,1-800-465-4622,,N/A — service téléphonique/en ligne,Lun-ven 8h30-16h30.,"Services pour personnes aveugles ou ayant une perte de vision. Réadaptation, ligne de référence, soutien aux familles.",,oui,,,46.8101,-71.21104,,
v-revivre,Revivre — Anxiété et dépression,mentalHealth,Santé mentale,Anxiété/dépression,Province de Québec,,,1-866-738-4873,,N/A — service téléphonique/en ligne,Lun-ven 8h30-16h30. Sur rendez-vous pour suivi.,"Soutien aux personnes vivant avec anxiété, dépression ou trouble bipolaire. Ligne d'écoute, ateliers d'autogestion, groupes d'entraide.",,oui,,,46.8111,-71.21024,,
v-anebquebec,ANEB — Troubles alimentaires,mentalHealth,Santé mentale,Troubles alimentaires,Province de Québec,,,1-800-630-0907,,N/A — service téléphonique/en ligne,"Service disponible 24h/24, 7j/7","Anorexie et Boulimie Québec. Ligne d'écoute, clavardage, groupes d'entraide pour personnes vivant avec un trouble alimentaire et leurs proches.",oui,oui,,,46.8047,-71.21536,,
tr-garde-chantal-bellerive,Chantal Bellerive,childcare,Services de garde,Milieu familial subventionné,Trois-Rivières,,,819-694-6662,https://www.quebec.ca/famille-et-soutien-aux-personnes/enfance/garderies-et-services-de-garde/portail-inscription/parents/acceder-parents,"500, rue des Forges, Trois-Rivières QC G9A 2H5",Lun-ven 7h-18h. Fermeture jours fériés et 2 semaines l'été.,Milieu familial (subventionné) à Trois-Rivières. Tarif : 9.65 $/jour. Inscriptions via La Place 0-5 (laplace0-5.com).,,,,,46.33839,-72.53965,,
tr-garde-le-temps-d-une-culbute,Le temps d'une culbute,childcare,Services de garde,Milieu familial non subventionné,Trois-Rivières,,,819-694-6662,https://www.quebec.ca/famille-et-soutien-aux-personnes/enfance/garderies-et-services-de-garde/portail-inscription/parents/acceder-parents,"500, rue des Forges, Trois-Rivières QC G9A 2H5",Lun-ven 7h-18h. Fermeture jours fériés et 2 semaines l'été.,Milieu familial (non subventionné) à Trois-Rivières. Tarif : À partir de 55.00 $/jour. Inscriptions via La Place 0-5 (laplace0-5.com).,,,,,46.33714,-72.54128,,
tr-garde-service-de-garde-educatif-des-p-tites-ab,Service de garde éducatif Des P'tites Abeilles,childcare,Services de garde,Milieu familial subventionné,Trois-Rivières,,,819-694-6662,https://www.quebec.ca/famille-et-soutien-aux-personnes/enfance/garderies-et-services-de-garde/portail-inscription/parents/acceder-parents,"500, rue des Forges, Trois-Rivières QC G9A 2H5",Lun-ven 7h-18h. Fermeture jours fériés et 2 semaines l'été.,Milieu familial (subventionné) à Trois-Rivières. Tarif : 9.65 $/jour. Inscriptions via La Place 0-5 (laplace0-5.com).,,,,,46.33195,-72.53733,,
tr-garde-mme-frantza-sheila-merizier,Mme Frantza Sheila Merizier,childcare,Services de garde,Milieu familial subventionné,Trois-Rivières,,,819-694-6662,https://www.quebec.ca/famille-et-soutien-aux-personnes/enfance/garderies-et-services-de-garde/portail-inscription/parents/acceder-parents,"500, rue des Forges, Trois-Rivières QC G9A 2H5",Lun-ven 7h-18h. Fermeture jours fériés et 2 semaines l'été.,Milieu familial (subventionné) à Trois-Rivières. Tarif : 9.65 $/jour. Inscriptions via La Place 0-5 (laplace0-5.com).,,,,,46.3516,-72.55748,,
tr-garde-mme-fabina-joseph,Mme Fabina Joseph,childcare,Services de garde,Milieu familial subventionné,Trois-Rivières,,,819-694-6662,https://www.quebec.ca/famille-et-soutien-aux-personnes/enfance/garderies-et-services-de-garde/portail-inscription/parents/acceder-parents,"500, rue des Forges, Trois-Rivières QC G9A 2H5",Lun-ven 7h-18h. Fermeture jours fériés et 2 semaines l'été.,Milieu familial (subventionné) à Trois-Rivières. Tarif : 9.65 $/jour. Inscriptions via La Place 0-5 (laplace0-5.com).,,,,,46.33505,-72.55795,,
tr-garde-milieu-familial,Services de garde en milieu familial — Trois-Rivières (1),childcare,Services de garde,Milieu familial subventionné,Trois-Rivières,,,819-694-6662,https://www.quebec.ca/famille-et-soutien-aux-personnes/enfance/garderies-et-services-de-garde/portail-inscription/parents/acceder-parents,"500, rue des Forges, Trois-Rivières QC G9A 2H5",Lun-ven 7h-18h. Fermeture jours fériés et 2 semaines l'été.,Milieu familial (subventionné) à Trois-Rivières. Tarif : 9.65 $/jour. Inscriptions via La Place 0-5 (laplace0-5.com).,,,,,46.35227,-72.52945,,
tr-garde-cpe-le-cerf-volant-inst-tousignant-1,CPE LE CERF-VOLANT - INST. TOUSIGNANT 1,childcare,Services de garde,CPE subventionné,Trois-Rivières,,,1-844-270-5055,https://www.quebec.ca/famille-et-soutien-aux-personnes/enfance/garderies-et-services-de-garde/portail-inscription/parents/acceder-parents,"976, rue de la Terrière, Trois-Rivières, QC G8Z 3J4",Lun-ven 7h-18h. Fermeture jours fériés et 2 semaines l'été.,CPE (subventionné) à Trois-Rivières. Tarif : 9.65 $/jour. Inscriptions via La Place 0-5 (laplace0-5.com).,,,,,46.33483,-72.52804,,
tr-garde-chez-stefanny,Chez Stefanny,childcare,Services de garde,Milieu familial subventionné,Trois-Rivières,,,819-694-6662,https://www.quebec.ca/famille-et-soutien-aux-personnes/enfance/garderies-et-services-de-garde/portail-inscription/parents/acceder-parents,"500, rue des Forges, Trois-Rivières QC G9A 2H5",Lun-ven 7h-18h. Fermeture jours fériés et 2 semaines l'été.,Milieu familial (subventionné) à Trois-Rivières. Tarif : 9.65 $/jour. Inscriptions via La Place 0-5 (laplace0-5.com).,,,,,46.35701,-72.54591,,
tr-garde-mme-joyeuse-mukamihigo,Mme Joyeuse Mukamihigo,childcare,Services de garde,Milieu familial subventionné,Trois-Rivières,,,819-694-6662,https://www.quebec.ca/famille-et-soutien-aux-personnes/enfance/garderies-et-services-de-garde/portail-inscription/parents/acceder-parents,"500, rue des Forges, Trois-Rivières QC G9A 2H5",Lun-ven 7h-18h. Fermeture jours fériés et 2 semaines l'été.,Milieu familial (subventionné) à Trois-Rivières. Tarif : 9.65 $/jour. Inscriptions via La Place 0-5 (laplace0-5.com).,,,,,46.33584,-72.5259,,
tr-garde-manon,Manon,childcare,Services de garde,Milieu familial subventionné,Trois-Rivières,,,819-694-6662,https://www.quebec.ca/famille-et-soutien-aux-personnes/enfance/garderies-et-services-de-garde/portail-inscription/parents/acceder-parents,"500, rue des Forges, Trois-Rivières QC G9A 2H5",Lun-ven 7h-18h. Fermeture jours fériés et 2 semaines l'été.,Milieu familial (subventionné) à Trois-Rivières. Tarif : 9.65 $/jour. Inscriptions via La Place 0-5 (laplace0-5.com).,,,,,46.33489,-72.56132,,
tr-garde-julie-lacroix,Julie lacroix,childcare,Services de garde,Milieu familial subventionné,Trois-Rivières,,,819-694-6662,https://www.quebec.ca/famille-et-soutien-aux-personnes/enfance/garderies-et-services-de-garde/portail-inscription/parents/acceder-parents,"500, rue des Forges, Trois-Rivières QC G9A 2H5",Lun-ven 7h-18h. Fermeture jours fériés et 2 semaines l'été.,Milieu familial (subventionné) à Trois-Rivières. Tarif : 9.65 $/jour. Inscriptions via La Place 0-5 (laplace0-5.com).,,,,,46.33983,-72.51947,,
tr-garde-milieu-familial-2,Services de garde en milieu familial — Trois-Rivières (2),childcare,Services de garde,Milieu familial subventionné,Trois-Rivières,,,819-694-6662,https://www.quebec.ca/famille-et-soutien-aux-personnes/enfance/garderies-et-services-de-garde/portail-inscription/parents/acceder-parents,"500, rue des Forges, Trois-Rivières QC G9A 2H5",Lun-ven 7h-18h. Fermeture jours fériés et 2 semaines l'été.,Milieu familial (subventionné) à Trois-Rivières. Tarif : 9.65 $/jour. Inscriptions via La Place 0-5 (laplace0-5.com).,,,,,46.35955,-72.5504,,
tr-garde-les-amis-de-chateaudun,Les amis de Châteaudun,childcare,Services de garde,Milieu familial subventionné,Trois-Rivières,,,819-694-6662,https://www.quebec.ca/famille-et-soutien-aux-personnes/enfance/garderies-et-services-de-garde/portail-inscription/parents/acceder-parents,"500, rue des Forges, Trois-Rivières QC G9A 2H5",Lun-ven 7h-18h. Fermeture jours fériés et 2 semaines l'été.,Milieu familial (subventionné) à Trois-Rivières. Tarif : 9.65 $/jour. Inscriptions via La Place 0-5 (laplace0-5.com).,,,,,46.35694,-72.52658,,
tr-garde-sdg-il-etait-un-petit,SDG Il était un petit,childcare,Services de garde,Milieu familial subventionné,Trois-Rivières,,,819-694-6662,https://www.quebec.ca/famille-et-soutien-aux-personnes/enfance/garderies-et-services-de-garde/portail-inscription/parents/acceder-parents,"500, rue des Forges, Trois-Rivières QC G9A 2H5",Lun-ven 7h-18h. Fermeture jours fériés et 2 semaines l'été.,Milieu familial (subventionné) à Trois-Rivières. Tarif : 9.65 $/jour. Inscriptions via La Place 0-5 (laplace0-5.com).,,,,,46.35357,-72.52207,,
tr-garde-marie-claude-fournier,Marie-Claude Fournier,childcare,Services de garde,Milieu familial subventionné,Trois-Rivières,,,819-694-6662,https://www.quebec.ca/famille-et-soutien-aux-personnes/enfance/garderies-et-services-de-garde/portail-inscription/parents/acceder-parents,"500, rue des Forges, Trois-Rivières QC G9A 2H5",Lun-ven 7h-18h. Fermeture jours fériés et 2 semaines l'été.,Milieu familial (subventionné) à Trois-Rivières. Tarif : 9.65 $/jour. Inscriptions via La Place 0-5 (laplace0-5.com).,,,,,46.33922,-72.56941,,
tr-garde-au-jardin-fleurice,Au Jardin Fleurice,childcare,Services de garde,Milieu familial subventionné,Trois-Rivières,,,819-694-6662,https://www.quebec.ca/famille-et-soutien-aux-personnes/enfance/garderies-et-services-de-garde/portail-inscription/parents/acceder-parents,"500, rue des Forges, Trois-Rivières QC G9A 2H5",Lun-ven 7h-18h. Fermeture jours fériés et 2 semaines l'été.,Milieu familial (subventionné) à Trois-Rivières. Tarif : 9.65 $/jour. Inscriptions via La Place 0-5 (laplace0-5.com).,,,,,46.34653,-72.56986,,
tr-garde-mme-esther-joseph,Mme Esther Joseph,childcare,Services de garde,Milieu familial subventionné,Trois-Rivières,,,819-694-6662,https://www.quebec.ca/famille-et-soutien-aux-personnes/enfance/garderies-et-services-de-garde/portail-inscription/parents/acceder-parents,"500, rue des Forges, Trois-Rivières QC G9A 2H5",Lun-ven 7h-18h. Fermeture jours fériés et 2 semaines l'été.,Milieu familial (subventionné) à Trois-Rivières. Tarif : 9.65 $/jour. Inscriptions via La Place 0-5 (laplace0-5.com).,,,,,46.34439,-72.51577,,
tr-garde-caroline-boisvert,Caroline Boisvert,childcare,Services de garde,Milieu familial subventionné,Trois-Rivières,,,819-694-6662,https://www.quebec.ca/famille-et-soutien-aux-personnes/enfance/garderies-et-services-de-garde/portail-inscription/parents/acceder-parents,"500, rue des Forges, Trois-Rivières QC G9A 2H5",Lun-ven 7h-18h. Fermeture jours fériés et 2 semaines l'été.,Milieu familial (subventionné) à Trois-Rivières. Tarif : 9.65 $/jour. Inscriptions via La Place 0-5 (laplace0-5.com).,,,,,46.3244,-72.5469,,
tr-garde-claude-bellemare,claude Bellemare,childcare,Services de garde,Milieu familial subventionné,Trois-Rivières,,,819-694-6662,https://www.quebec.ca/famille-et-soutien-aux-personnes/enfance/garderies-et-services-de-garde/portail-inscription/parents/acceder-parents,"500, rue des Forges, Trois-Rivières QC G9A 2H5",Lun-ven 7h-18h. Fermeture jours fériés et 2 semaines l'été.,Milieu familial (subventionné) à Trois-Rivières. Tarif : 9.65 $/jour. Inscriptions via La Place 0-5 (laplace0-5.com).,,,,,46.32489,-72.55567,,
tr-garde-mme-seri-lou-boti-desiree-yapo-epse-toa,Mme Seri Lou Boti Desirée Yapo Epse Toa,childcare,Services de garde,Milieu familial subventionné,Trois-Rivières,,,819-694-6662,https://www.quebec.ca/famille-et-soutien-aux-personnes/enfance/garderies-et-services-de-garde/portail-inscription/parents/acceder-parents,"500, rue des Forges, Trois-Rivières QC G9A 2H5",Lun-ven 7h-18h. Fermeture jours fériés et 2 semaines l'été.,Milieu familial (subventionné) à Trois-Rivières. Tarif : 9.65 $/jour. Inscriptions via La Place 0-5 (laplace0-5.com).,,,,,46.32279,-72.54328,,
tr-garde-milieu-familial-3,Services de garde en milieu familial — Trois-Rivières (3),childcare,Services de garde,Milieu familial subventionné,Trois-Rivières,,,819-694-6662,https://www.quebec.ca/famille-et-soutien-aux-personnes/enfance/garderies-et-services-de-garde/portail-inscription/parents/acceder-parents,"500, rue des Forges, Trois-Rivières QC G9A 2H5",Lun-ven 7h-18h. Fermeture jours fériés et 2 semaines l'été.,Milieu familial (subventionné) à Trois-Rivières. Tarif : 9.65 $/jour. Inscriptions via La Place 0-5 (laplace0-5.com).,,,,,46.36296,-72.55162,,
tr-garde-garderie-annick-groux,garderie annick groux,childcare,Services de garde,Milieu familial subventionné,Trois-Rivières,,,819-694-6662,https://www.quebec.ca/famille-et-soutien-aux-personnes/enfance/garderies-et-services-de-garde/portail-inscription/parents/acceder-parents,"500, rue des Forges, Trois-Rivières QC G9A 2H5",Lun-ven 7h-18h. Fermeture jours fériés et 2 semaines l'été.,Milieu familial (subventionné) à Trois-Rivières. Tarif : 9.65 $/jour. Inscriptions via La Place 0-5 (laplace0-5.com).,,,,,46.35457,-72.56885,,
tr-garde-marie-christine-heroux,Marie-Christine Héroux,childcare,Services de garde,Milieu familial subventionné,Trois-Rivières,,,819-694-6662,https://www.quebec.ca/famille-et-soutien-aux-personnes/enfance/garderies-et-services-de-garde/portail-inscription/parents/acceder-parents,"500, rue des Forges, Trois-Rivières QC G9A 2H5",Lun-ven 7h-18h. Fermeture jours fériés et 2 semaines l'été.,Milieu familial (subventionné) à Trois-Rivières. Tarif : 9.65 $/jour. Inscriptions via La Place 0-5 (laplace0-5.com).,,,,,46.33501,-72.51498,,
tr-garde-cpe-entre-deux-nuages,CPE ENTRE DEUX NUAGES,childcare,Services de garde,CPE subventionné,Trois-Rivières,,,819-374-0401,https://www.quebec.ca/famille-et-soutien-aux-personnes/enfance/garderies-et-services-de-garde/portail-inscription/parents/acceder-parents,"928, rue Guilbert, Trois-Rivières QC G8T 5V7",Lun-ven 7h-18h. Fermeture jours fériés et 2 semaines l'été.,CPE (subventionné) à Trois-Rivières. Tarif : 9.65 $/jour. Inscriptions via La Place 0-5 (laplace0-5.com).,,,,,46.35631,-72.56754,,
tr-garde-mme-marie-claude-thibeault,Mme Marie-Claude Thibeault,childcare,Services de garde,Milieu familial subventionné,Trois-Rivières,,,819-694-6662,https://www.quebec.ca/famille-et-soutien-aux-personnes/enfance/garderies-et-services-de-garde/portail-inscription/parents/acceder-parents,"500, rue des Forges, Trois-Rivières QC G9A 2H5",Lun-ven 7h-18h. Fermeture jours fériés et 2 semaines l'été.,Milieu familial (subventionné) à Trois-Rivières. Tarif : 9.65 $/jour. Inscriptions via La Place 0-5 (laplace0-5.com).,,,,,46.35247,-72.51324,,
tr-garde-g-la-petite-academie,G. LA PETITE ACADÉMIE,childcare,Services de garde,Garderie non subventionné,Trois-Rivières,,,819-373-5121,https://www.quebec.ca/famille-et-soutien-aux-personnes/enfance/garderies-et-services-de-garde/portail-inscription/parents/acceder-parents,"260, rue Dessureault, Trois-Rivières QC (Complexe Promutuel Assurance)",Lun-ven 7h-18h. Fermeture jours fériés et 2 semaines l'été.,Garderie (non subventionné) à Trois-Rivières. Tarif : À partir de 70.00 $/jour. Inscriptions via La Place 0-5 (laplace0-5.com).,,,,,46.34491,-72.57763,,
tr-garde-l-etoile-filante,L'étoile Filante,childcare,Services de garde,Milieu familial subventionné,Trois-Rivières,,,819-694-6662,https://www.quebec.ca/famille-et-soutien-aux-personnes/enfance/garderies-et-services-de-garde/portail-inscription/parents/acceder-parents,"500, rue des Forges, Trois-Rivières QC G9A 2H5",Lun-ven 7h-18h. Fermeture jours fériés et 2 semaines l'été.,Milieu familial (subventionné) à Trois-Rivières. Tarif : 9.65 $/jour. Inscriptions via La Place 0-5 (laplace0-5.com).,,,,,46.32336,-72.5663,,
tr-garde-mme-diane-guillemette,Mme Diane Guillemette,childcare,Services de garde,Milieu familial subventionné,Trois-Rivières,,,819-694-6662,https://www.quebec.ca/famille-et-soutien-aux-personnes/enfance/garderies-et-services-de-garde/portail-inscription/parents/acceder-parents,"500, rue des Forges, Trois-Rivières QC G9A 2H5",Lun-ven 7h-18h. Fermeture jours fériés et 2 semaines l'été.,Milieu familial (subventionné) à Trois-Rivières. Tarif : 9.65 $/jour. Inscriptions via La Place 0-5 (laplace0-5.com).,,,,,46.32574,-72.51549,,
tr-garde-manon-ouellette,Manon Ouellette,childcare,Services de garde,Milieu familial subventionné,Trois-Rivières,,,819-694-6662,https://www.quebec.ca/famille-et-soutien-aux-personnes/enfance/garderies-et-services-de-garde/portail-inscription/parents/acceder-parents,"500, rue des Forges, Trois-Rivières QC G9A 2H5",Lun-ven 7h-18h. Fermeture jours fériés et 2 semaines l'été.,Milieu familial (subventionné) à Trois-Rivières. Tarif : 9.65 $/jour. Inscriptions via La Place 0-5 (laplace0-5.com).,,,,,46.34653,-72.5056,,
tr-garde-vickie-dube,Vickie Dube,childcare,Services de garde,Milieu familial subventionné,Trois-Rivières,,,819-694-6662,https://www.quebec.ca/famille-et-soutien-aux-personnes/enfance/garderies-et-services-de-garde/portail-inscription/parents/acceder-parents,"500, rue des Forges, Trois-Rivières QC G9A 2H5",Lun-ven 7h-18h. Fermeture jours fériés et 2 semaines l'été.,Milieu familial (subventionné) à Trois-Rivières. Tarif : 9.65 $/jour. Inscriptions via La Place 0-5 (laplace0-5.com).,,,,,46.35678,-72.50989,,
tr-garde-cpe-l-arbre-enchante,CPE L'ARBRE ENCHANTÉ,childcare,Services de garde,CPE subventionné,Trois-Rivières,,,1-844-270-5055,https://www.quebec.ca/famille-et-soutien-aux-personnes/enfance/garderies-et-services-de-garde/portail-inscription/parents/acceder-parents,"455, rue des Vétérans, Trois-Rivières, QC G8T 2W8",Lun-ven 7h-18h. Fermeture jours fériés et 2 semaines l'été.,CPE (subventionné) à Trois-Rivières. Tarif : 9.65 $/jour. Inscriptions via La Place 0-5 (laplace0-5.com).,,,,,46.36321,-72.51737,,
tr-garde-g-l-oiseau-bleu,G. L'OISEAU BLEU,childcare,Services de garde,Garderie subventionné,Trois-Rivières,,,819-909-1145,https://www.quebec.ca/famille-et-soutien-aux-personnes/enfance/garderies-et-services-de-garde/portail-inscription/parents/acceder-parents,"1020, boul. Thibeau, Trois-Rivières QC G8T 7B2",Lun-ven 7h-18h. Fermeture jours fériés et 2 semaines l'été.,Garderie (subventionné) à Trois-Rivières. Tarif : 9.65 $/jour. Inscriptions via La Place 0-5 (laplace0-5.com).,,,,,46.32338,-72.51612,,
tr-garde-chez-annie,Chez Annie,childcare,Services de garde,Milieu familial subventionné,Trois-Rivières,,,819-694-6662,https://www.quebec.ca/famille-et-soutien-aux-personnes/enfance/garderies-et-services-de-garde/portail-inscription/parents/acceder-parents,"500, rue des Forges, Trois-Rivières QC G9A 2H5",Lun-ven 7h-18h. Fermeture jours fériés et 2 semaines l'été.,Milieu familial (subventionné) à Trois-Rivières. Tarif : 9.65 $/jour. Inscriptions via La Place 0-5 (laplace0-5.com).,,,,,46.36964,-72.55424,,
tr-garde-le-petit-voyage,Le petit voyage,childcare,Services de garde,Milieu familial subventionné,Trois-Rivières,,,819-694-6662,https://www.quebec.ca/famille-et-soutien-aux-personnes/enfance/garderies-et-services-de-garde/portail-inscription/parents/acceder-parents,"500, rue des Forges, Trois-Rivières QC G9A 2H5",Lun-ven 7h-18h. Fermeture jours fériés et 2 semaines l'été.,Milieu familial (subventionné) à Trois-Rivières. Tarif : 9.65 $/jour. Inscriptions via La Place 0-5 (laplace0-5.com).,,,,,46.3704,-72.55146,,
tr-garde-cpe-jean-noel-lapin-inst-dessureault,CPE JEAN-NOËL LAPIN - INST. DESSUREAULT,childcare,Services de garde,CPE subventionné,Trois-Rivières,,,819-372-9640,https://www.quebec.ca/famille-et-soutien-aux-personnes/enfance/garderies-et-services-de-garde/portail-inscription/parents/acceder-parents,"70, rue Dessureault, Trois-Rivières QC G8T 2L1",Lun-ven 7h-18h. Fermeture jours fériés et 2 semaines l'été.,CPE (subventionné) à Trois-Rivières. Tarif : 9.65 $/jour. Inscriptions via La Place 0-5 (laplace0-5.com).,,,,,46.35735,-72.5084,,
tr-garde-linda-daneau,Linda Daneau,childcare,Services de garde,Milieu familial subventionné,Trois-Rivières,,,819-694-6662,https://www.quebec.ca/famille-et-soutien-aux-personnes/enfance/garderies-et-services-de-garde/portail-inscription/parents/acceder-parents,"500, rue des Forges, Trois-Rivières QC G9A 2H5",Lun-ven 7h-18h. Fermeture jours fériés et 2 semaines l'été.,Milieu familial (subventionné) à Trois-Rivières. Tarif : 9.65 $/jour. Inscriptions via La Place 0-5 (laplace0-5.com).,,,,,46.31803,-72.52583,,
tr-garde-ma-petite-ecole-du-monde,Ma petite école du monde,childcare,Services de garde,Milieu familial subventionné,Trois-Rivières,,,819-694-6662,https://www.quebec.ca/famille-et-soutien-aux-personnes/enfance/garderies-et-services-de-garde/portail-inscription/parents/acceder-parents,"500, rue des Forges, Trois-Rivières QC G9A 2H5",Lun-ven 7h-18h. Fermeture jours fériés et 2 semaines l'été.,Milieu familial (subventionné) à Trois-Rivières. Tarif : 9.65 $/jour. Inscriptions via La Place 0-5 (laplace0-5.com).,,,,,46.32711,-72.51022,,
tr-garde-mme-jenny-marcela-rodriguez-arevalo,Mme Jenny Marcela Rodriguez Arevalo,childcare,Services de garde,Milieu familial subventionné,Trois-Rivières,,,819-694-6662,https://www.quebec.ca/famille-et-soutien-aux-personnes/enfance/garderies-et-services-de-garde/portail-inscription/parents/acceder-parents,"500, rue des Forges, Trois-Rivières QC G9A 2H5",Lun-ven 7h-18h. Fermeture jours fériés et 2 semaines l'été.,Milieu familial (subventionné) à Trois-Rivières. Tarif : 9.65 $/jour. Inscriptions via La Place 0-5 (laplace0-5.com).,,,,,46.32931,-72.57836,,
tr-garde-chez-titi,Chez Titi,childcare,Services de garde,Milieu familial subventionné,Trois-Rivières,,,819-694-6662,https://www.quebec.ca/famille-et-soutien-aux-personnes/enfance/garderies-et-services-de-garde/portail-inscription/parents/acceder-parents,"500, rue des Forges, Trois-Rivières QC G9A 2H5",Lun-ven 7h-18h. Fermeture jours fériés et 2 semaines l'été.,Milieu familial (subventionné) à Trois-Rivières. Tarif : 9.65 $/jour. Inscriptions via La Place 0-5 (laplace0-5.com).,,,,,46.31483,-72.5409,,
tr-garde-garderie-de-la-gloire,Garderie de la gloire,childcare,Services de garde,Milieu familial subventionné,Trois-Rivières,,,819-694-6662,https://www.quebec.ca/famille-et-soutien-aux-personnes/enfance/garderies-et-services-de-garde/portail-inscription/parents/acceder-parents,"500, rue des Forges, Trois-Rivières QC G9A 2H5",Lun-ven 7h-18h. Fermeture jours fériés et 2 semaines l'été.,Milieu familial (subventionné) à Trois-Rivières. Tarif : 9.65 $/jour. Inscriptions via La Place 0-5 (laplace0-5.com).,,,,,46.34096,-72.50203,,
tr-garde-mme-laure-mukashyaka,Mme Laure Mukashyaka,childcare,Services de garde,Milieu familial subventionné,Trois-Rivières,,,819-694-6662,https://www.quebec.ca/famille-et-soutien-aux-personnes/enfance/garderies-et-services-de-garde/portail-inscription/parents/acceder-parents,"500, rue des Forges, Trois-Rivières QC G9A 2H5",Lun-ven 7h-18h. Fermeture jours fériés et 2 semaines l'été.,Milieu familial (subventionné) à Trois-Rivières. Tarif : 9.65 $/jour. Inscriptions via La Place 0-5 (laplace0-5.com).,,,,,46.336,-72.58369,,
tr-garde-mme-paola-andrea-santamaria-rodriguez,Mme Paola Andrea Santamaria Rodriguez,childcare,Services de garde,Milieu familial subventionné,Trois-Rivières,,,819-694-6662,https://www.quebec.ca/famille-et-soutien-aux-personnes/enfance/garderies-et-services-de-garde/portail-inscription/parents/acceder-parents,"500, rue des Forges, Trois-Rivières QC G9A 2H5",Lun-ven 7h-18h. Fermeture jours fériés et 2 semaines l'été.,Milieu familial (subventionné) à Trois-Rivières. Tarif : 9.65 $/jour. Inscriptions via La Place 0-5 (laplace0-5.com).,,,,,46.33377,-72.58272,,
tr-garde-les-petits-loups,les petits loups,childcare,Services de garde,Milieu familial subventionné,Trois-Rivières,,,819-694-6662,https://www.quebec.ca/famille-et-soutien-aux-personnes/enfance/garderies-et-services-de-garde/portail-inscription/parents/acceder-parents,"500, rue des Forges, Trois-Rivières QC G9A 2H5",Lun-ven 7h-18h. Fermeture jours fériés et 2 semaines l'été.,Milieu familial (subventionné) à Trois-Rivières. Tarif : 9.65 $/jour. Inscriptions via La Place 0-5 (laplace0-5.com).,,,,,46.31552,-72.55554,,
tr-garde-karine-clement,Karine Clément,childcare,Services de garde,Milieu familial subventionné,Trois-Rivières,,,819-694-6662,https://www.quebec.ca/famille-et-soutien-aux-personnes/enfance/garderies-et-services-de-garde/portail-inscription/parents/acceder-parents,"500, rue des Forges, Trois-Rivières QC G9A 2H5",Lun-ven 7h-18h. Fermeture jours fériés et 2 semaines l'été.,Milieu familial (subventionné) à Trois-Rivières. Tarif : 9.65 $/jour. Inscriptions via La Place 0-5 (laplace0-5.com).,,,,,46.31505,-72.55553,,
tr-garde-winnie-garderie,Winnie garderie,childcare,Services de garde,Milieu familial subventionné,Trois-Rivières,,,819-694-6662,https://www.quebec.ca/famille-et-soutien-aux-personnes/enfance/garderies-et-services-de-garde/portail-inscription/parents/acceder-parents,"500, rue des Forges, Trois-Rivières QC G9A 2H5",Lun-ven 7h-18h. Fermeture jours fériés et 2 semaines l'été.,Milieu familial (subventionné) à Trois-Rivières. Tarif : 9.65 $/jour. Inscriptions via La Place 0-5 (laplace0-5.com).,,,,,46.35542,-72.58209,,
tr-garde-service-de-garde-julie-beaulieu,Service de garde Julie beaulieu,childcare,Services de garde,Milieu familial subventionné,Trois-Rivières,,,819-694-6662,https://www.quebec.ca/famille-et-soutien-aux-personnes/enfance/garderies-et-services-de-garde/portail-inscription/parents/acceder-parents,"500, rue des Forges, Trois-Rivières QC G9A 2H5",Lun-ven 7h-18h. Fermeture jours fériés et 2 semaines l'été.,Milieu familial (subventionné) à Trois-Rivières. Tarif : 9.65 $/jour. Inscriptions via La Place 0-5 (laplace0-5.com).,,,,,46.33078,-72.50445,,
tr-garde-sherly,SHERLY,childcare,Services de garde,Milieu familial subventionné,Trois-Rivières,,,819-694-6662,https://www.quebec.ca/famille-et-soutien-aux-personnes/enfance/garderies-et-services-de-garde/portail-inscription/parents/acceder-parents,"500, rue des Forges, Trois-Rivières QC G9A 2H5",Lun-ven 7h-18h. Fermeture jours fériés et 2 semaines l'été.,Milieu familial (subventionné) à Trois-Rivières. Tarif : 9.65 $/jour. Inscriptions via La Place 0-5 (laplace0-5.com).,,,,,46.31553,-72.52766,,
tr-garde-frederique-bergeron,Frédérique bergeron,childcare,Services de garde,Milieu familial subventionné,Trois-Rivières,,,819-694-6662,https://www.quebec.ca/famille-et-soutien-aux-personnes/enfance/garderies-et-services-de-garde/portail-inscription/parents/acceder-parents,"500, rue des Forges, Trois-Rivières QC G9A 2H5",Lun-ven 7h-18h. Fermeture jours fériés et 2 semaines l'été.,Milieu familial (subventionné) à Trois-Rivières. Tarif : 9.65 $/jour. Inscriptions via La Place 0-5 (laplace0-5.com).,,,,,46.36636,-72.5161,,
tr-garde-andreanne-cantin,Andréanne Cantin,childcare,Services de garde,Milieu familial subventionné,Trois-Rivières,,,819-694-6662,https://www.quebec.ca/famille-et-soutien-aux-personnes/enfance/garderies-et-services-de-garde/portail-inscription/parents/acceder-parents,"500, rue des Forges, Trois-Rivières QC G9A 2H5",Lun-ven 7h-18h. Fermeture jours fériés et 2 semaines l'été.,Milieu familial (subventionné) à Trois-Rivières. Tarif : 9.65 $/jour. Inscriptions via La Place 0-5 (laplace0-5.com).,,,,,46.35619,-72.50368,,
tr-garde-cpe-jean-noel-lapin-inst-ste-marthe,CPE JEAN-NOËL LAPIN - INST. STE-MARTHE,childcare,Services de garde,CPE subventionné,Trois-Rivières,,,819-372-9640,https://www.quebec.ca/famille-et-soutien-aux-personnes/enfance/garderies-et-services-de-garde/portail-inscription/parents/acceder-parents,"700, rue du Marthelinois, Trois-Rivières QC G8V 2W9",Lun-ven 7h-18h. Fermeture jours fériés et 2 semaines l'été.,CPE (subventionné) à Trois-Rivières. Tarif : 9.65 $/jour. Inscriptions via La Place 0-5 (laplace0-5.com).,,,,,46.3736,-72.54801,,
tr-garde-le-monde-des-souris,Le monde des souris,childcare,Services de garde,Milieu familial subventionné,Trois-Rivières,,,819-694-6662,https://www.quebec.ca/famille-et-soutien-aux-personnes/enfance/garderies-et-services-de-garde/portail-inscription/parents/acceder-parents,"500, rue des Forges, Trois-Rivières QC G9A 2H5",Lun-ven 7h-18h. Fermeture jours fériés et 2 semaines l'été.,Milieu familial (subventionné) à Trois-Rivières. Tarif : 9.65 $/jour. Inscriptions via La Place 0-5 (laplace0-5.com).,,,,,46.36463,-72.51052,,
tr-garde-francoise-beliveau,Françoise Béliveau,childcare,Services de garde,Milieu familial subventionné,Trois-Rivières,,,819-694-6662,https://www.quebec.ca/famille-et-soutien-aux-personnes/enfance/garderies-et-services-de-garde/portail-inscription/parents/acceder-parents,"500, rue des Forges, Trois-Rivières QC G9A 2H5",Lun-ven 7h-18h. Fermeture jours fériés et 2 semaines l'été.,Milieu familial (subventionné) à Trois-Rivières. Tarif : 9.65 $/jour. Inscriptions via La Place 0-5 (laplace0-5.com).,,,,,46.31636,-72.56626,,
tr-garde-mme-maryse-plourde,Mme Maryse Plourde,childcare,Services de garde,Milieu familial subventionné,Trois-Rivières,,,819-694-6662,https://www.quebec.ca/famille-et-soutien-aux-personnes/enfance/garderies-et-services-de-garde/portail-inscription/parents/acceder-parents,"500, rue des Forges, Trois-Rivières QC G9A 2H5",Lun-ven 7h-18h. Fermeture jours fériés et 2 semaines l'été.,Milieu familial (subventionné) à Trois-Rivières. Tarif : 9.65 $/jour. Inscriptions via La Place 0-5 (laplace0-5.com).,,,,,46.35361,-72.58664,,
tr-garde-lamothe-garderie-en-milieu-familial,Lamothe garderie en milieu familial,childcare,Services de garde,Milieu familial subventionné,Trois-Rivières,,,819-694-6662,https://www.quebec.ca/famille-et-soutien-aux-personnes/enfance/garderies-et-services-de-garde/portail-inscription/parents/acceder-parents,"500, rue des Forges, Trois-Rivières QC G9A 2H5",Lun-ven 7h-18h. Fermeture jours fériés et 2 semaines l'été.,Milieu familial (subventionné) à Trois-Rivières. Tarif : 9.65 $/jour. Inscriptions via La Place 0-5 (laplace0-5.com).,,,,,46.31154,-72.54664,,
tr-garde-milieu-familial-4,Services de garde en milieu familial — Trois-Rivières (4),childcare,Services de garde,Milieu familial subventionné,Trois-Rivières,,,819-694-6662,https://www.quebec.ca/famille-et-soutien-aux-personnes/enfance/garderies-et-services-de-garde/portail-inscription/parents/acceder-parents,"500, rue des Forges, Trois-Rivières QC G9A 2H5",Lun-ven 7h-18h. Fermeture jours fériés et 2 semaines l'été.,Milieu familial (subventionné) à Trois-Rivières. Tarif : 9.65 $/jour. Inscriptions via La Place 0-5 (laplace0-5.com).,,,,,46.35033,-72.58908,,
tr-garde-service-de-garde-les-petits-chatons,service de garde les petits chatons,childcare,Services de garde,Milieu familial subventionné,Trois-Rivières,,,819-694-6662,https://www.quebec.ca/famille-et-soutien-aux-personnes/enfance/garderies-et-services-de-garde/portail-inscription/parents/acceder-parents,"500, rue des Forges, Trois-Rivières QC G9A 2H5",Lun-ven 7h-18h. Fermeture jours fériés et 2 semaines l'été.,Milieu familial (subventionné) à Trois-Rivières. Tarif : 9.65 $/jour. Inscriptions via La Place 0-5 (laplace0-5.com).,,,,,46.36079,-72.58381,,
tr-garde-cpe-le-coffre-a-jouets,CPE LE COFFRE À JOUETS,childcare,Services de garde,CPE subventionné,Trois-Rivières,,,1-844-270-5055,https://www.quebec.ca/famille-et-soutien-aux-personnes/enfance/garderies-et-services-de-garde/portail-inscription/parents/acceder-parents,"260, rue Vachon, Trois-Rivières, QC G8T 8Y2",Lun-ven 7h-18h. Fermeture jours fériés et 2 semaines l'été.,CPE (subventionné) à Trois-Rivières. Tarif : 9.65 $/jour. Inscriptions via La Place 0-5 (laplace0-5.com).,,,,,46.36915,-72.57357,,
tr-garde-garderie-educative-lumiere-du-monde,Garderie éducative lumière du monde,childcare,Services de garde,Milieu familial subventionné,Trois-Rivières,,,819-694-6662,https://www.quebec.ca/famille-et-soutien-aux-personnes/enfance/garderies-et-services-de-garde/portail-inscription/parents/acceder-parents,"500, rue des Forges, Trois-Rivières QC G9A 2H5",Lun-ven 7h-18h. Fermeture jours fériés et 2 semaines l'été.,Milieu familial (subventionné) à Trois-Rivières. Tarif : 9.65 $/jour. Inscriptions via La Place 0-5 (laplace0-5.com).,,,,,46.32093,-72.50617,,
tr-garde-maryse-gauthier,MARYSE GAUTHIER,childcare,Services de garde,Milieu familial subventionné,Trois-Rivières,,,819-694-6662,https://www.quebec.ca/famille-et-soutien-aux-personnes/enfance/garderies-et-services-de-garde/portail-inscription/parents/acceder-parents,"500, rue des Forges, Trois-Rivières QC G9A 2H5",Lun-ven 7h-18h. Fermeture jours fériés et 2 semaines l'été.,Milieu familial (subventionné) à Trois-Rivières. Tarif : 9.65 $/jour. Inscriptions via La Place 0-5 (laplace0-5.com).,,,,,46.3164,-72.51206,,
tr-garde-garderie-les-amis-de-nounou,garderie les amis de nounou,childcare,Services de garde,Milieu familial subventionné,Trois-Rivières,,,819-694-6662,https://www.quebec.ca/famille-et-soutien-aux-personnes/enfance/garderies-et-services-de-garde/portail-inscription/parents/acceder-parents,"500, rue des Forges, Trois-Rivières QC G9A 2H5",Lun-ven 7h-18h. Fermeture jours fériés et 2 semaines l'été.,Milieu familial (subventionné) à Trois-Rivières. Tarif : 9.65 $/jour. Inscriptions via La Place 0-5 (laplace0-5.com).,,,,,46.37701,-72.53179,,
tr-garde-alexandra-robert,Alexandra Robert,childcare,Services de garde,Milieu familial subventionné,Trois-Rivières,,,819-694-6662,https://www.quebec.ca/famille-et-soutien-aux-personnes/enfance/garderies-et-services-de-garde/portail-inscription/parents/acceder-parents,"500, rue des Forges, Trois-Rivières QC G9A 2H5",Lun-ven 7h-18h. Fermeture jours fériés et 2 semaines l'été.,Milieu familial (subventionné) à Trois-Rivières. Tarif : 9.65 $/jour. Inscriptions via La Place 0-5 (laplace0-5.com).,,,,,46.34104,-72.59378,,
tr-garde-lison-lapointe,Lison Lapointe,childcare,Services de garde,Milieu familial subventionné,Trois-Rivières,,,819-694-6662,https://www.quebec.ca/famille-et-soutien-aux-personnes/enfance/garderies-et-services-de-garde/portail-inscription/parents/acceder-parents,"500, rue des Forges, Trois-Rivières QC G9A 2H5",Lun-ven 7h-18h. Fermeture jours fériés et 2 semaines l'été.,Milieu familial (subventionné) à Trois-Rivières. Tarif : 9.65 $/jour. Inscriptions via La Place 0-5 (laplace0-5.com).,,,,,46.30824,-72.53917,,
tr-garde-isabelle-dumas,Isabelle Dumas,childcare,Services de garde,Milieu familial subventionné,Trois-Rivières,,,819-694-6662,https://www.quebec.ca/famille-et-soutien-aux-personnes/enfance/garderies-et-services-de-garde/portail-inscription/parents/acceder-parents,"500, rue des Forges, Trois-Rivières QC G9A 2H5",Lun-ven 7h-18h. Fermeture jours fériés et 2 semaines l'été.,Milieu familial (subventionné) à Trois-Rivières. Tarif : 9.65 $/jour. Inscriptions via La Place 0-5 (laplace0-5.com).,,,,,46.37561,-72.56395,,
tr-garde-g-l-oiseau-bleu-ii,G. L'OISEAU BLEU II,childcare,Services de garde,Garderie subventionné,Trois-Rivières,,,819-909-1145,https://www.quebec.ca/famille-et-soutien-aux-personnes/enfance/garderies-et-services-de-garde/portail-inscription/parents/acceder-parents,"430, rue Saint-Laurent, Trois-Rivières QC G8T 6H3",Lun-ven 7h-18h. Fermeture jours fériés et 2 semaines l'été.,Garderie (subventionné) à Trois-Rivières. Tarif : 9.65 $/jour. Inscriptions via La Place 0-5 (laplace0-5.com).,,,,,46.37054,-72.50894,,
tr-garde-sylvie-beaumier,Sylvie Beaumier,childcare,Services de garde,Milieu familial subventionné,Trois-Rivières,,,819-694-6662,https://www.quebec.ca/famille-et-soutien-aux-personnes/enfance/garderies-et-services-de-garde/portail-inscription/parents/acceder-parents,"500, rue des Forges, Trois-Rivières QC G9A 2H5",Lun-ven 7h-18h. Fermeture jours fériés et 2 semaines l'été.,Milieu familial (subventionné) à Trois-Rivières. Tarif : 9.65 $/jour. Inscriptions via La Place 0-5 (laplace0-5.com).,,,,,46.30884,-72.5265,,
tr-garde-la-cabane-des-p-tis-amis,La Cabane Des P'tis amis,childcare,Services de garde,Milieu familial subventionné,Trois-Rivières,,,819-694-6662,https://www.quebec.ca/famille-et-soutien-aux-personnes/enfance/garderies-et-services-de-garde/portail-inscription/parents/acceder-parents,"500, rue des Forges, Trois-Rivières QC G9A 2H5",Lun-ven 7h-18h. Fermeture jours fériés et 2 semaines l'été.,Milieu familial (subventionné) à Trois-Rivières. Tarif : 9.65 $/jour. Inscriptions via La Place 0-5 (laplace0-5.com).,,,,,46.341,-72.59586,,
tr-garde-nancy-leduc,Nancy Leduc,childcare,Services de garde,Milieu familial subventionné,Trois-Rivières,,,819-694-6662,https://www.quebec.ca/famille-et-soutien-aux-personnes/enfance/garderies-et-services-de-garde/portail-inscription/parents/acceder-parents,"500, rue des Forges, Trois-Rivières QC G9A 2H5",Lun-ven 7h-18h. Fermeture jours fériés et 2 semaines l'été.,Milieu familial (subventionné) à Trois-Rivières. Tarif : 9.65 $/jour. Inscriptions via La Place 0-5 (laplace0-5.com).,,,,,46.37352,-72.5128,,
tr-garde-cpe-le-cerf-volant-inst-sainte-madeleine,CPE LE CERF-VOLANT - INST. SAINTE-MADELEINE,childcare,Services de garde,CPE subventionné,Trois-Rivières,,,1-844-270-5055,https://www.quebec.ca/famille-et-soutien-aux-personnes/enfance/garderies-et-services-de-garde/portail-inscription/parents/acceder-parents,"976, rue de la Terrière, Trois-Rivières, QC G8Z 3J4",Lun-ven 7h-18h. Fermeture jours fériés et 2 semaines l'été.,CPE (subventionné) à Trois-Rivières. Tarif : 9.65 $/jour. Inscriptions via La Place 0-5 (laplace0-5.com).,,,,,46.30499,-72.54433,,
tr-garde-mme-abibata-aziz-gbane,Mme Abibata Aziz Gbane,childcare,Services de garde,Milieu familial subventionné,Trois-Rivières,,,819-694-6662,https://www.quebec.ca/famille-et-soutien-aux-personnes/enfance/garderies-et-services-de-garde/portail-inscription/parents/acceder-parents,"500, rue des Forges, Trois-Rivières QC G9A 2H5",Lun-ven 7h-18h. Fermeture jours fériés et 2 semaines l'été.,Milieu familial (subventionné) à Trois-Rivières. Tarif : 9.65 $/jour. Inscriptions via La Place 0-5 (laplace0-5.com).,,,,,46.31306,-72.50894,,
tr-garde-melina-veillette,Melina Veillette,childcare,Services de garde,Milieu familial non subventionné,Trois-Rivières,,,819-694-6662,https://www.quebec.ca/famille-et-soutien-aux-personnes/enfance/garderies-et-services-de-garde/portail-inscription/parents/acceder-parents,"500, rue des Forges, Trois-Rivières QC G9A 2H5",Lun-ven 7h-18h. Fermeture jours fériés et 2 semaines l'été.,Milieu familial (non subventionné) à Trois-Rivières. Tarif : À partir de 45.00 $/jour. Inscriptions via La Place 0-5 (laplace0-5.com).,,,,,46.37451,-72.51121,,
tr-garde-nancy,Nancy,childcare,Services de garde,Milieu familial subventionné,Trois-Rivières,,,819-694-6662,https://www.quebec.ca/famille-et-soutien-aux-personnes/enfance/garderies-et-services-de-garde/portail-inscription/parents/acceder-parents,"500, rue des Forges, Trois-Rivières QC G9A 2H5",Lun-ven 7h-18h. Fermeture jours fériés et 2 semaines l'été.,Milieu familial (subventionné) à Trois-Rivières. Tarif : 9.65 $/jour. Inscriptions via La Place 0-5 (laplace0-5.com).,,,,,46.3664,-72.58835,,
tr-garde-milieu-familial-5,Services de garde en milieu familial — Trois-Rivières (5),childcare,Services de garde,Milieu familial subventionné,Trois-Rivières,,,819-694-6662,https://www.quebec.ca/famille-et-soutien-aux-personnes/enfance/garderies-et-services-de-garde/portail-inscription/parents/acceder-parents,"500, rue des Forges, Trois-Rivières QC G9A 2H5",Lun-ven 7h-18h. Fermeture jours fériés et 2 semaines l'été.,Milieu familial (subventionné) à Trois-Rivières. Tarif : 9.65 $/jour. Inscriptions via La Place 0-5 (laplace0-5.com).,,,,,46.31281,-72.58011,,
tr-garde-cpe-le-cerf-volant-inst-mercier,CPE LE CERF-VOLANT - INST. MERCIER,childcare,Services de garde,CPE subventionné,Trois-Rivières,,,1-844-270-5055,https://www.quebec.ca/famille-et-soutien-aux-personnes/enfance/garderies-et-services-de-garde/portail-inscription/parents/acceder-parents,"976, rue de la Terrière, Trois-Rivières, QC G8Z 3J4",Lun-ven 7h-18h. Fermeture jours fériés et 2 semaines l'été.,CPE (subventionné) à Trois-Rivières. Tarif : 9.65 $/jour. Inscriptions via La Place 0-5 (laplace0-5.com).,,,,,46.38336,-72.54796,,
tr-garde-garderie-en-mf-arc-en-ciel,Garderie en MF Arc-en-ciel,childcare,Services de garde,Milieu familial subventionné,Trois-Rivières,,,819-694-6662,https://www.quebec.ca/famille-et-soutien-aux-personnes/enfance/garderies-et-services-de-garde/portail-inscription/parents/acceder-parents,"500, rue des Forges, Trois-Rivières QC G9A 2H5",Lun-ven 7h-18h. Fermeture jours fériés et 2 semaines l'été.,Milieu familial (subventionné) à Trois-Rivières. Tarif : 9.65 $/jour. Inscriptions via La Place 0-5 (laplace0-5.com).,,,,,46.303,-72.53776,,
tr-garde-mme-josianne-parent,Mme Josianne Parent,childcare,Services de garde,Milieu familial subventionné,Trois-Rivières,,,819-694-6662,https://www.quebec.ca/famille-et-soutien-aux-personnes/enfance/garderies-et-services-de-garde/portail-inscription/parents/acceder-parents,"500, rue des Forges, Trois-Rivières QC G9A 2H5",Lun-ven 7h-18h. Fermeture jours fériés et 2 semaines l'été.,Milieu familial (subventionné) à Trois-Rivières. Tarif : 9.65 $/jour. Inscriptions via La Place 0-5 (laplace0-5.com).,,,,,46.30938,-72.51054,,
tr-garde-cathy-tremblay,cathy tremblay,childcare,Services de garde,Milieu familial subventionné,Trois-Rivières,,,819-694-6662,https://www.quebec.ca/famille-et-soutien-aux-personnes/enfance/garderies-et-services-de-garde/portail-inscription/parents/acceder-parents,"500, rue des Forges, Trois-Rivières QC G9A 2H5",Lun-ven 7h-18h. Fermeture jours fériés et 2 semaines l'été.,Milieu familial (subventionné) à Trois-Rivières. Tarif : 9.65 $/jour. Inscriptions via La Place 0-5 (laplace0-5.com).,,,,,46.36874,-72.49672,,
tr-garde-mme-fatima-zahra-ammar,Mme Fatima Zahra Ammar,childcare,Services de garde,Milieu familial subventionné,Trois-Rivières,,,819-694-6662,https://www.quebec.ca/famille-et-soutien-aux-personnes/enfance/garderies-et-services-de-garde/portail-inscription/parents/acceder-parents,"500, rue des Forges, Trois-Rivières QC G9A 2H5",Lun-ven 7h-18h. Fermeture jours fériés et 2 semaines l'été.,Milieu familial (subventionné) à Trois-Rivières. Tarif : 9.65 $/jour. Inscriptions via La Place 0-5 (laplace0-5.com).,,,,,46.33019,-72.48673,,
tr-garde-cpe-le-cerf-volant-inst-toupin,CPE LE CERF-VOLANT - INST. TOUPIN,childcare,Services de garde,CPE subventionné,Trois-Rivières,,,1-844-270-5055,https://www.quebec.ca/famille-et-soutien-aux-personnes/enfance/garderies-et-services-de-garde/portail-inscription/parents/acceder-parents,"976, rue de la Terrière, Trois-Rivières, QC G8Z 3J4",Lun-ven 7h-18h. Fermeture jours fériés et 2 semaines l'été.,CPE (subventionné) à Trois-Rivières. Tarif : 9.65 $/jour. Inscriptions via La Place 0-5 (laplace0-5.com).,,,,,46.35263,-72.48485,,
tr-garde-mesamis,Mesamis,childcare,Services de garde,Milieu familial subventionné,Trois-Rivières,,,819-694-6662,https://www.quebec.ca/famille-et-soutien-aux-personnes/enfance/garderies-et-services-de-garde/portail-inscription/parents/acceder-parents,"500, rue des Forges, Trois-Rivières QC G9A 2H5",Lun-ven 7h-18h. Fermeture jours fériés et 2 semaines l'été.,Milieu familial (subventionné) à Trois-Rivières. Tarif : 9.65 $/jour. Inscriptions via La Place 0-5 (laplace0-5.com).,,,,,46.36686,-72.59268,,
tr-garde-mme-sonya-tetreault,Mme Sonya Tétreault,childcare,Services de garde,Milieu familial subventionné,Trois-Rivières,,,819-694-6662,https://www.quebec.ca/famille-et-soutien-aux-personnes/enfance/garderies-et-services-de-garde/portail-inscription/parents/acceder-parents,"500, rue des Forges, Trois-Rivières QC G9A 2H5",Lun-ven 7h-18h. Fermeture jours fériés et 2 semaines l'été.,Milieu familial (subventionné) à Trois-Rivières. Tarif : 9.65 $/jour. Inscriptions via La Place 0-5 (laplace0-5.com).,,,,,46.36115,-72.59791,,
tr-garde-mme-marjorie-theagene,Mme Marjorie Theagene,childcare,Services de garde,Milieu familial subventionné,Trois-Rivières,,,819-694-6662,https://www.quebec.ca/famille-et-soutien-aux-personnes/enfance/garderies-et-services-de-garde/portail-inscription/parents/acceder-parents,"500, rue des Forges, Trois-Rivières QC G9A 2H5",Lun-ven 7h-18h. Fermeture jours fériés et 2 semaines l'été.,Milieu familial (subventionné) à Trois-Rivières. Tarif : 9.65 $/jour. Inscriptions via La Place 0-5 (laplace0-5.com).,,,,,46.32164,-72.59857,,
tr-garde-saida-habibi-ihlane,SAIDA Habibi ihlane,childcare,Services de garde,Milieu familial subventionné,Trois-Rivières,,,819-694-6662,https://www.quebec.ca/famille-et-soutien-aux-personnes/enfance/garderies-et-services-de-garde/portail-inscription/parents/acceder-parents,"500, rue des Forges, Trois-Rivières QC G9A 2H5",Lun-ven 7h-18h. Fermeture jours fériés et 2 semaines l'été.,Milieu familial (subventionné) à Trois-Rivières. Tarif : 9.65 $/jour. Inscriptions via La Place 0-5 (laplace0-5.com).,,,,,46.36153,-72.6021,,
tr-garde-garderie-les-za-mi,Garderie Les ZA-MI,childcare,Services de garde,Milieu familial subventionné,Trois-Rivières,,,819-694-6662,https://www.quebec.ca/famille-et-soutien-aux-personnes/enfance/garderies-et-services-de-garde/portail-inscription/parents/acceder-parents,"500, rue des Forges, Trois-Rivières QC G9A 2H5",Lun-ven 7h-18h. Fermeture jours fériés et 2 semaines l'été.,Milieu familial (subventionné) à Trois-Rivières. Tarif : 9.65 $/jour. Inscriptions via La Place 0-5 (laplace0-5.com).,,,,,46.33768,-72.47869,,
shawi-garde-a-coeur-joie,À Coeur Joie,childcare,Services de garde,Milieu familial non subventionné,Shawinigan,,,819-533-3326,,"821, 5e Avenue, Shawinigan QC G9T 2M9",Lun-ven 7h-18h. Fermeture jours fériés et 2 semaines l'été.,Milieu familial (non subventionné) à Shawinigan. Tarif : Tarif à confirmer. Inscriptions via La Place 0-5 (laplace0-5.com).,,,,,46.57935,-72.78663,,
shawi-garde-a-coeur-joie-sgee-en-communaute,"À Coeur Joie, sgee en communauté",childcare,Services de garde,Milieu familial non subventionné,Shawinigan,,,819-533-3326,,"821, 5e Avenue, Shawinigan QC G9T 2M9",Lun-ven 7h-18h. Fermeture jours fériés et 2 semaines l'été.,Milieu familial (non subventionné) à Shawinigan. Tarif : À partir de 65.00 $/jour. Inscriptions via La Place 0-5 (laplace0-5.com).,,,,,46.58551,-72.7804,,
shawi-garde-mme-marika-lemire,Mme Marika Lemire,childcare,Services de garde,Milieu familial non subventionné,Shawinigan,,,819-533-3326,,"821, 5e Avenue, Shawinigan QC G9T 2M9",Lun-ven 7h-18h. Fermeture jours fériés et 2 semaines l'été.,Milieu familial (non subventionné) à Shawinigan. Tarif : Tarif à confirmer. Inscriptions via La Place 0-5 (laplace0-5.com).,,,,,46.5957,-72.76169,,
shawi-garde-service-de-garde-chez-marie,Service de garde chez Marie,childcare,Services de garde,Milieu familial subventionné,Shawinigan,,,819-533-3326,,"821, 5e Avenue, Shawinigan QC G9T 2M9",Lun-ven 7h-18h. Fermeture jours fériés et 2 semaines l'été.,Milieu familial (subventionné) à Shawinigan. Tarif : 9.65 $/jour. Inscriptions via La Place 0-5 (laplace0-5.com).,,,,,46.55155,-72.79139,,
shawi-garde-service-de-garde-zoe,Service de garde Zoé,childcare,Services de garde,Milieu familial subventionné,Shawinigan,,,819-533-3326,,"821, 5e Avenue, Shawinigan QC G9T 2M9",Lun-ven 7h-18h. Fermeture jours fériés et 2 semaines l'été.,Milieu familial (subventionné) à Shawinigan. Tarif : 9.65 $/jour. Inscriptions via La Place 0-5 (laplace0-5.com).,,,,,46.55205,-72.70574,,
shawi-garde-melissa-crete,MELISSA CRETE,childcare,Services de garde,Milieu familial non subventionné,Shawinigan,,,819-533-3326,,"821, 5e Avenue, Shawinigan QC G9T 2M9",Lun-ven 7h-18h. Fermeture jours fériés et 2 semaines l'été.,Milieu familial (non subventionné) à Shawinigan. Tarif : À partir de 55.00 $/jour. Inscriptions via La Place 0-5 (laplace0-5.com).,,,,,46.5759,-72.79476,,
shawi-garde-milieu-familial,Services de garde en milieu familial — Shawinigan,childcare,Services de garde,Milieu familial subventionné,Shawinigan,,,819-533-3326,,"821, 5e Avenue, Shawinigan QC G9T 2M9",Lun-ven 7h-18h. Fermeture jours fériés et 2 semaines l'été.,Milieu familial (subventionné) à Shawinigan. Tarif : 9.65 $/jour. Inscriptions via La Place 0-5 (laplace0-5.com).,,,,,46.57325,-72.7958,,
shawi-garde-jade-flageole,jade flageole,childcare,Services de garde,Milieu familial subventionné,Shawinigan,,,819-533-3326,,"821, 5e Avenue, Shawinigan QC G9T 2M9",Lun-ven 7h-18h. Fermeture jours fériés et 2 semaines l'été.,Milieu familial (subventionné) à Shawinigan. Tarif : 9.65 $/jour. Inscriptions via La Place 0-5 (laplace0-5.com).,,,,,46.59914,-72.74249,,
shawi-garde-sandrine-oka,Sandrine Oka,childcare,Services de garde,Milieu familial subventionné,Shawinigan,,,819-533-3326,,"821, 5e Avenue, Shawinigan QC G9T 2M9",Lun-ven 7h-18h. Fermeture jours fériés et 2 semaines l'été.,Milieu familial (subventionné) à Shawinigan. Tarif : 9.65 $/jour. Inscriptions via La Place 0-5 (laplace0-5.com).,,,,,46.59267,-72.71887,,
shawi-garde-les-amis-de-kathlyn,Les amis de Kathlyn,childcare,Services de garde,Milieu familial subventionné,Shawinigan,,,819-533-3326,,"821, 5e Avenue, Shawinigan QC G9T 2M9",Lun-ven 7h-18h. Fermeture jours fériés et 2 semaines l'été.,Milieu familial (subventionné) à Shawinigan. Tarif : 9.65 $/jour. Inscriptions via La Place 0-5 (laplace0-5.com).,,,,,46.54696,-72.78975,,
shawi-garde-france-vaugeois,France Vaugeois,childcare,Services de garde,Milieu familial subventionné,Shawinigan,,,819-533-3326,,"821, 5e Avenue, Shawinigan QC G9T 2M9",Lun-ven 7h-18h. Fermeture jours fériés et 2 semaines l'été.,Milieu familial (subventionné) à Shawinigan. Tarif : 9.65 $/jour. Inscriptions via La Place 0-5 (laplace0-5.com).,,,,,46.59754,-72.76754,,
shawi-garde-laurie-st-arneault,Laurie St-Arneault,childcare,Services de garde,Milieu familial subventionné,Shawinigan,,,819-533-3326,,"821, 5e Avenue, Shawinigan QC G9T 2M9",Lun-ven 7h-18h. Fermeture jours fériés et 2 semaines l'été.,Milieu familial (subventionné) à Shawinigan. Tarif : 9.65 $/jour. Inscriptions via La Place 0-5 (laplace0-5.com).,,,,,46.55152,-72.70078,,
shawi-garde-les-amis-d-amina,Les amis d'Amina,childcare,Services de garde,Milieu familial subventionné,Shawinigan,,,819-533-3326,,"821, 5e Avenue, Shawinigan QC G9T 2M9",Lun-ven 7h-18h. Fermeture jours fériés et 2 semaines l'été.,Milieu familial (subventionné) à Shawinigan. Tarif : 9.65 $/jour. Inscriptions via La Place 0-5 (laplace0-5.com).,,,,,46.53259,-72.72866,,
shawi-garde-carolle-hebert,Carolle Hébert,childcare,Services de garde,Milieu familial subventionné,Shawinigan,,,819-533-3326,,"821, 5e Avenue, Shawinigan QC G9T 2M9",Lun-ven 7h-18h. Fermeture jours fériés et 2 semaines l'été.,Milieu familial (subventionné) à Shawinigan. Tarif : 9.65 $/jour. Inscriptions via La Place 0-5 (laplace0-5.com).,,,,,46.56125,-72.80255,,
shawi-garde-mme-kamar-suleiman,Mme Kamar Suleiman,childcare,Services de garde,Milieu familial subventionné,Shawinigan,,,819-533-3326,,"821, 5e Avenue, Shawinigan QC G9T 2M9",Lun-ven 7h-18h. Fermeture jours fériés et 2 semaines l'été.,Milieu familial (subventionné) à Shawinigan. Tarif : 9.65 $/jour. Inscriptions via La Place 0-5 (laplace0-5.com).,,,,,46.54165,-72.70727,,
shawi-garde-ibtissam-bensalem,ibtissam bensalem,childcare,Services de garde,Milieu familial subventionné,Shawinigan,,,819-533-3326,,"821, 5e Avenue, Shawinigan QC G9T 2M9",Lun-ven 7h-18h. Fermeture jours fériés et 2 semaines l'été.,Milieu familial (subventionné) à Shawinigan. Tarif : 9.65 $/jour. Inscriptions via La Place 0-5 (laplace0-5.com).,,,,,46.60201,-72.7661,,
shawi-garde-cpe-la-maison-du-pipandor,CPE LA MAISON DU PIPANDOR,childcare,Services de garde,CPE subventionné,Shawinigan,,,819-852-0177,,"3980, 105e Avenue, Shawinigan QC G9P 4G1 (emplacement temporaire)",Lun-ven 7h-18h. Fermeture jours fériés et 2 semaines l'été.,CPE (subventionné) à Shawinigan. Tarif : 9.65 $/jour. Inscriptions via La Place 0-5 (laplace0-5.com).,,,,,46.54778,-72.69979,,
shawi-garde-cpe-le-pipandor,CPE LE PIPANDOR,childcare,Services de garde,CPE subventionné,Shawinigan,,,819-537-0404,,"90, 119e Rue, Shawinigan-Sud QC G9P 4E6",Lun-ven 7h-18h. Fermeture jours fériés et 2 semaines l'été.,CPE (subventionné) à Shawinigan. Tarif : 9.65 $/jour. Inscriptions via La Place 0-5 (laplace0-5.com).,,,,,46.56669,-72.80586,,
shawi-garde-garderie-tournesol,Garderie Tournesol,childcare,Services de garde,Milieu familial subventionné,Shawinigan,,,819-533-3326,,"821, 5e Avenue, Shawinigan QC G9T 2M9",Lun-ven 7h-18h. Fermeture jours fériés et 2 semaines l'été.,Milieu familial (subventionné) à Shawinigan. Tarif : 9.65 $/jour. Inscriptions via La Place 0-5 (laplace0-5.com).,,,,,46.60035,-72.78168,,
shawi-garde-mme-karenne-rivard,Mme Karenne Rivard,childcare,Services de garde,Milieu familial subventionné,Shawinigan,,,819-533-3326,,"821, 5e Avenue, Shawinigan QC G9T 2M9",Lun-ven 7h-18h. Fermeture jours fériés et 2 semaines l'été.,Milieu familial (subventionné) à Shawinigan. Tarif : 9.65 $/jour. Inscriptions via La Place 0-5 (laplace0-5.com).,,,,,46.60776,-72.75237,,
shawi-garde-france-gignac,France Gignac,childcare,Services de garde,Milieu familial subventionné,Shawinigan,,,819-533-3326,,"821, 5e Avenue, Shawinigan QC G9T 2M9",Lun-ven 7h-18h. Fermeture jours fériés et 2 semaines l'été.,Milieu familial (subventionné) à Shawinigan. Tarif : 9.65 $/jour. Inscriptions via La Place 0-5 (laplace0-5.com).,,,,,46.6075,-72.73675,,
shawi-garde-chez-katou,Chez Katou,childcare,Services de garde,Milieu familial subventionné,Shawinigan,,,819-533-3326,,"821, 5e Avenue, Shawinigan QC G9T 2M9",Lun-ven 7h-18h. Fermeture jours fériés et 2 semaines l'été.,Milieu familial (subventionné) à Shawinigan. Tarif : 9.65 $/jour. Inscriptions via La Place 0-5 (laplace0-5.com).,,,,,46.53766,-72.70191,,
drum-garde-cpe-les-petits-lutins-de-drum-inst-de-dr,CPE LES PETITS LUTINS DE DRUM. - INST. DE DRUMMONDVILLE,childcare,Services de garde,CPE subventionné,Drummondville,,,819-472-4474,,"234, rue Moisan, Drummondville QC J2C 1W8",Lun-ven 7h-18h. Fermeture jours fériés et 2 semaines l'été.,CPE (subventionné) à Drummondville. Tarif : 9.65 $/jour. Inscriptions via La Place 0-5 (laplace0-5.com).,,,,,45.88218,-72.47874,,
drum-garde-cpe-les-petits-lutins-de-drum-inst-du-fr,CPE LES PETITS LUTINS DE DRUM. - INST. DU FRAISIER,childcare,Services de garde,CPE subventionné,Drummondville,,,819-472-4474,,"230A, rue Moisan, Drummondville QC J2C 1W8 (inst. Fraisier)",Lun-ven 7h-18h. Fermeture jours fériés et 2 semaines l'été.,CPE (subventionné) à Drummondville. Tarif : 9.65 $/jour. Inscriptions via La Place 0-5 (laplace0-5.com).,,,,,45.88326,-72.49076,,
drum-garde-g-la-petite-ecole-vision-drummondville,G. LA PETITE ÉCOLE VISION DRUMMONDVILLE,childcare,Services de garde,Garderie non subventionné,Drummondville,,,819-850-1850,,"2645, boul. Lemire, Drummondville QC",Lun-ven 7h-18h. Fermeture jours fériés et 2 semaines l'été.,Garderie (non subventionné) à Drummondville. Tarif : À partir de 70.00 $/jour. Inscriptions via La Place 0-5 (laplace0-5.com).,,,,,45.88609,-72.48001,,
drum-garde-cpe-cooperatif-les-p-tites-abeilles-inst,CPE COOPÉRATIF LES P'TITES ABEILLES - INST. LINDSAY,childcare,Services de garde,CPE subventionné,Drummondville,,,819-472-7182,,"581, rue Lindsay, Drummondville QC J2B 1H6",Lun-ven 7h-18h. Fermeture jours fériés et 2 semaines l'été.,CPE (subventionné) à Drummondville. Tarif : 9.65 $/jour. Inscriptions via La Place 0-5 (laplace0-5.com).,,,,,45.88589,-72.478,,
drum-garde-cpe-cooperatif-les-p-tites-abeilles-inst-2,CPE COOPÉRATIF LES P'TITES ABEILLES - INST. DUNKIN,childcare,Services de garde,CPE subventionné,Drummondville,,,819-472-7182,,"155, rue Dunkin, Drummondville QC J2B 5V2",Lun-ven 7h-18h. Fermeture jours fériés et 2 semaines l'été.,CPE (subventionné) à Drummondville. Tarif : 9.65 $/jour. Inscriptions via La Place 0-5 (laplace0-5.com).,,,,,45.88736,-72.4795,,
drum-garde-milieu-familial,Services de garde en milieu familial — Drummondville (1),childcare,Services de garde,Milieu familial subventionné,Drummondville,,,819-472-4454,,"234, rue Moisan, Drummondville QC J2C 1W8",Lun-ven 7h-18h. Fermeture jours fériés et 2 semaines l'été.,Milieu familial (subventionné) à Drummondville. Tarif : 9.65 $/jour. Inscriptions via La Place 0-5 (laplace0-5.com).,,,,,45.88107,-72.47664,,
drum-garde-cpe-grand-mere-douceur-inst-drummond,CPE GRAND-MÈRE DOUCEUR - INST. DRUMMOND,childcare,Services de garde,CPE subventionné,Drummondville,,,819-474-5849,,"20, rue Dunkin, Drummondville QC J2B 8E2",Lun-ven 7h-18h. Fermeture jours fériés et 2 semaines l'été.,CPE (subventionné) à Drummondville. Tarif : 9.65 $/jour. Inscriptions via La Place 0-5 (laplace0-5.com).,,,,,45.88392,-72.47497,,
drum-garde-les-p-tites-grenouilles,Les P’tites Grenouilles,childcare,Services de garde,Milieu familial subventionné,Drummondville,,,819-472-4454,,"234, rue Moisan, Drummondville QC J2C 1W8",Lun-ven 7h-18h. Fermeture jours fériés et 2 semaines l'été.,Milieu familial (subventionné) à Drummondville. Tarif : 9.65 $/jour. Inscriptions via La Place 0-5 (laplace0-5.com).,,,,,45.88871,-72.49078,,
drum-garde-cpe-fardoche-inst-du-moulin,CPE FARDOCHE - INST. DU MOULIN,childcare,Services de garde,CPE subventionné,Drummondville,,,819-478-8898,,"575, rue Saint-Alfred, Drummondville QC (inst. Moulin)",Lun-ven 7h-18h. Fermeture jours fériés et 2 semaines l'été.,CPE (subventionné) à Drummondville. Tarif : 9.65 $/jour. Inscriptions via La Place 0-5 (laplace0-5.com).,,,,,45.87639,-72.48031,,
drum-garde-mme-maria-alejandra-silva-gonzalez,Mme Maria Alejandra Silva Gonzalez,childcare,Services de garde,Milieu familial subventionné,Drummondville,,,819-472-4454,,"234, rue Moisan, Drummondville QC J2C 1W8",Lun-ven 7h-18h. Fermeture jours fériés et 2 semaines l'été.,Milieu familial (subventionné) à Drummondville. Tarif : 9.65 $/jour. Inscriptions via La Place 0-5 (laplace0-5.com).,,,,,45.87547,-72.48897,,
drum-garde-mme-najlae-medni,Mme Najlae Medni,childcare,Services de garde,Milieu familial subventionné,Drummondville,,,819-472-4454,,"234, rue Moisan, Drummondville QC J2C 1W8",Lun-ven 7h-18h. Fermeture jours fériés et 2 semaines l'été.,Milieu familial (subventionné) à Drummondville. Tarif : 9.65 $/jour. Inscriptions via La Place 0-5 (laplace0-5.com).,,,,,45.88895,-72.47625,,
drum-garde-les-petits-renards-futes,Les Petits Renards futés,childcare,Services de garde,Milieu familial subventionné,Drummondville,,,819-472-4454,,"234, rue Moisan, Drummondville QC J2C 1W8",Lun-ven 7h-18h. Fermeture jours fériés et 2 semaines l'été.,Milieu familial (subventionné) à Drummondville. Tarif : 9.65 $/jour. Inscriptions via La Place 0-5 (laplace0-5.com).,,,,,45.87443,-72.48326,,
drum-garde-mme-marie-joane-theodore,Mme Marie Joane Théodore,childcare,Services de garde,Milieu familial subventionné,Drummondville,,,819-472-4454,,"234, rue Moisan, Drummondville QC J2C 1W8",Lun-ven 7h-18h. Fermeture jours fériés et 2 semaines l'été.,Milieu familial (subventionné) à Drummondville. Tarif : 9.65 $/jour. Inscriptions via La Place 0-5 (laplace0-5.com).,,,,,45.88597,-72.47292,,
drum-garde-claudie-trottier,Claudie Trottier,childcare,Services de garde,Milieu familial subventionné,Drummondville,,,819-472-4454,,"234, rue Moisan, Drummondville QC J2C 1W8",Lun-ven 7h-18h. Fermeture jours fériés et 2 semaines l'été.,Milieu familial (subventionné) à Drummondville. Tarif : 9.65 $/jour. Inscriptions via La Place 0-5 (laplace0-5.com).,,,,,45.87556,-72.4915,,
drum-garde-milieu-familial-2,Services de garde en milieu familial — Drummondville (2),childcare,Services de garde,Milieu familial subventionné,Drummondville,,,819-472-4454,,"234, rue Moisan, Drummondville QC J2C 1W8",Lun-ven 7h-18h. Fermeture jours fériés et 2 semaines l'été.,Milieu familial (subventionné) à Drummondville. Tarif : 9.65 $/jour. Inscriptions via La Place 0-5 (laplace0-5.com).,,,,,45.88942,-72.47547,,
drum-garde-france-munger,France Munger,childcare,Services de garde,Milieu familial subventionné,Drummondville,,,819-472-4454,,"234, rue Moisan, Drummondville QC J2C 1W8",Lun-ven 7h-18h. Fermeture jours fériés et 2 semaines l'été.,Milieu familial (subventionné) à Drummondville. Tarif : 9.65 $/jour. Inscriptions via La Place 0-5 (laplace0-5.com).,,,,,45.87717,-72.47322,,
drum-garde-milieux-familial-chez-cindy,Milieux familial chez cindy,childcare,Services de garde,Milieu familial subventionné,Drummondville,,,819-472-4454,,"234, rue Moisan, Drummondville QC J2C 1W8",Lun-ven 7h-18h. Fermeture jours fériés et 2 semaines l'été.,Milieu familial (subventionné) à Drummondville. Tarif : 9.65 $/jour. Inscriptions via La Place 0-5 (laplace0-5.com).,,,,,45.89161,-72.49222,,
drum-garde-cpe-grand-mere-douceur-inst-le-quartier,CPE GRAND-MÈRE DOUCEUR - INST. LE QUARTIER,childcare,Services de garde,CPE subventionné,Drummondville,,,819-850-0773,,"1600, avenue du Marais-Ombragé, Drummondville QC",Lun-ven 7h-18h. Fermeture jours fériés et 2 semaines l'été.,CPE (subventionné) à Drummondville. Tarif : 9.65 $/jour. Inscriptions via La Place 0-5 (laplace0-5.com).,,,,,45.87744,-72.49844,,
drum-garde-cpe-sur-une-patte-inst-celanese,CPE SUR UNE PATTE - INST. CELANESE,childcare,Services de garde,CPE subventionné,Drummondville,,,819-477-5154,,"600, rue Celanese, Drummondville QC J2B 8M4",Lun-ven 7h-18h. Fermeture jours fériés et 2 semaines l'été.,CPE (subventionné) à Drummondville. Tarif : 9.65 $/jour. Inscriptions via La Place 0-5 (laplace0-5.com).,,,,,45.88049,-72.50031,,
drum-garde-cpe-plumeau-soleil-inst-uqtr,CPE PLUMEAU-SOLEIL - INST. UQTR,childcare,Services de garde,CPE subventionné,Drummondville,,,(819) 478-7886,,"1000, rue Saint-Georges, Drummondville, J2C 4H9 (819) 478-7886",Lun-ven 7h-18h. Fermeture jours fériés et 2 semaines l'été.,"CPE (subventionné) à Drummondville. Tarif : 9.65 $/jour. Inscriptions via La Place 0-5 (laplace0-5.com).

1000, rue Saint-Georges, Drummondville, J2C 4H9 (819) 478-7886

1405, avenue des Pères Montfortains, Drummondville, J2C 0M1 (819) 478-7886

958, rue St-Georges, Drummondville, J2C 6A2",,,,,45.89084,-72.47006,,
drum-garde-les-amis-de-vanessa,Les amis de Vanessa,childcare,Services de garde,Milieu familial subventionné,Drummondville,,,819-472-4454,,"234, rue Moisan, Drummondville QC J2C 1W8",Lun-ven 7h-18h. Fermeture jours fériés et 2 semaines l'été.,Milieu familial (subventionné) à Drummondville. Tarif : 9.65 $/jour. Inscriptions via La Place 0-5 (laplace0-5.com).,,,,,45.86994,-72.48838,,
drum-garde-cpe-fardoche-inst-saint-alfred,CPE FARDOCHE - INST. SAINT-ALFRED,childcare,Services de garde,CPE subventionné,Drummondville,,,819-478-8898,,"575, rue Saint-Alfred, Drummondville QC",Lun-ven 7h-18h. Fermeture jours fériés et 2 semaines l'été.,CPE (subventionné) à Drummondville. Tarif : 9.65 $/jour. Inscriptions via La Place 0-5 (laplace0-5.com).,,,,,45.87784,-72.46665,,
drum-garde-ikram,Ikram,childcare,Services de garde,Milieu familial subventionné,Drummondville,,,819-472-4454,,"234, rue Moisan, Drummondville QC J2C 1W8",Lun-ven 7h-18h. Fermeture jours fériés et 2 semaines l'été.,Milieu familial (subventionné) à Drummondville. Tarif : 9.65 $/jour. Inscriptions via La Place 0-5 (laplace0-5.com).,,,,,45.87592,-72.4679,,
drum-garde-marinela-sirca,Marinela Sirca,childcare,Services de garde,Milieu familial subventionné,Drummondville,,,819-472-4454,,"234, rue Moisan, Drummondville QC J2C 1W8",Lun-ven 7h-18h. Fermeture jours fériés et 2 semaines l'été.,Milieu familial (subventionné) à Drummondville. Tarif : 9.65 $/jour. Inscriptions via La Place 0-5 (laplace0-5.com).,,,,,45.87562,-72.46817,,
drum-garde-milieu-familial-3,Services de garde en milieu familial — Drummondville (3),childcare,Services de garde,Milieu familial subventionné,Drummondville,,,819-472-4454,,"234, rue Moisan, Drummondville QC J2C 1W8",Lun-ven 7h-18h. Fermeture jours fériés et 2 semaines l'été.,Milieu familial (subventionné) à Drummondville. Tarif : 9.65 $/jour. Inscriptions via La Place 0-5 (laplace0-5.com).,,,,,45.8924,-72.47044,,
drum-garde-mon-beau-petit-cocon,Mon Beau Petit Cocon,childcare,Services de garde,Milieu familial subventionné,Drummondville,,,819-472-4454,,"234, rue Moisan, Drummondville QC J2C 1W8",Lun-ven 7h-18h. Fermeture jours fériés et 2 semaines l'été.,Milieu familial (subventionné) à Drummondville. Tarif : 9.65 $/jour. Inscriptions via La Place 0-5 (laplace0-5.com).,,,,,45.89358,-72.47146,,
drum-garde-josee-gauthier,Josée Gauthier,childcare,Services de garde,Milieu familial subventionné,Drummondville,,,819-472-4454,,"234, rue Moisan, Drummondville QC J2C 1W8",Lun-ven 7h-18h. Fermeture jours fériés et 2 semaines l'été.,Milieu familial (subventionné) à Drummondville. Tarif : 9.65 $/jour. Inscriptions via La Place 0-5 (laplace0-5.com).,,,,,45.88053,-72.50506,,
drum-garde-bousquet-lyn,Bousquet Lyn,childcare,Services de garde,Milieu familial subventionné,Drummondville,,,819-472-4454,,"234, rue Moisan, Drummondville QC J2C 1W8",Lun-ven 7h-18h. Fermeture jours fériés et 2 semaines l'été.,Milieu familial (subventionné) à Drummondville. Tarif : 9.65 $/jour. Inscriptions via La Place 0-5 (laplace0-5.com).,,,,,45.89525,-72.47361,,
drum-garde-rhode-flavienne-mbatchou-piengue,Rhode Flavienne Mbatchou Piengue,childcare,Services de garde,Milieu familial subventionné,Drummondville,,,819-472-4454,,"234, rue Moisan, Drummondville QC J2C 1W8",Lun-ven 7h-18h. Fermeture jours fériés et 2 semaines l'été.,Milieu familial (subventionné) à Drummondville. Tarif : 9.65 $/jour. Inscriptions via La Place 0-5 (laplace0-5.com).,,,,,45.89744,-72.48835,,
drum-garde-cpe-a-tire-d-aile-inst-boul-des-pins,CPE À TIRE D'AILE - INST. BOUL. DES PINS,childcare,Services de garde,CPE subventionné,Drummondville,,,819-477-9474,,"103, boul. des Pins, Drummondville QC J2C 1R1 (siège social)",Lun-ven 7h-18h. Fermeture jours fériés et 2 semaines l'été.,CPE (subventionné) à Drummondville. Tarif : 9.65 $/jour. Inscriptions via La Place 0-5 (laplace0-5.com).,,,,,45.8896,-72.50394,,
drum-garde-cpe-a-tire-d-aile-inst-av-des-lilas,CPE À TIRE D'AILE - INST. AV. DES LILAS,childcare,Services de garde,CPE subventionné,Drummondville,,,819-477-9474,,"39, rue des Lilas, Drummondville QC J2C 3L1",Lun-ven 7h-18h. Fermeture jours fériés et 2 semaines l'été.,CPE (subventionné) à Drummondville. Tarif : 9.65 $/jour. Inscriptions via La Place 0-5 (laplace0-5.com).,,,,,45.88955,-72.50411,,
drum-garde-cpe-fardoche-inst-rajotte,CPE FARDOCHE - INST. RAJOTTE,childcare,Services de garde,CPE subventionné,Drummondville,,,819-477-5233,,"50, rue Rajotte, Drummondville QC J2C 2T1",Lun-ven 7h-18h. Fermeture jours fériés et 2 semaines l'été.,CPE (subventionné) à Drummondville. Tarif : 9.65 $/jour. Inscriptions via La Place 0-5 (laplace0-5.com).,,,,,45.89817,-72.48599,,
drum-garde-g-au-chateau-des-amis,G. AU CHÂTEAU DES AMIS,childcare,Services de garde,Garderie subventionné,Drummondville,,,819-474-2254,,"720, rue Collins, Drummondville QC",Lun-ven 7h-18h. Fermeture jours fériés et 2 semaines l'été.,Garderie (subventionné) à Drummondville. Tarif : 9.65 $/jour. Inscriptions via La Place 0-5 (laplace0-5.com).,,,,,45.88515,-72.46256,,
drum-garde-le-petit-monde-de-nancy,Le Petit Monde de Nancy,childcare,Services de garde,Milieu familial subventionné,Drummondville,,,819-472-4454,,"234, rue Moisan, Drummondville QC J2C 1W8",Lun-ven 7h-18h. Fermeture jours fériés et 2 semaines l'été.,Milieu familial (subventionné) à Drummondville. Tarif : 9.65 $/jour. Inscriptions via La Place 0-5 (laplace0-5.com).,,,,,45.87539,-72.50435,,
drum-garde-cpe-plumeau-soleil-inst-la-ribambelle,CPE PLUMEAU-SOLEIL - INST. LA RIBAMBELLE,childcare,Services de garde,CPE subventionné,Drummondville,,,819-478-7886,,Inst. La Ribambelle – même adresse Cégep Drummond (1000 Saint-Georges),Lun-ven 7h-18h. Fermeture jours fériés et 2 semaines l'été.,CPE (subventionné) à Drummondville. Tarif : 9.65 $/jour. Inscriptions via La Place 0-5 (laplace0-5.com).,,,,,45.87267,-72.46764,,
drum-garde-karine-beaupre,Karine Beaupré,childcare,Services de garde,Milieu familial subventionné,Drummondville,,,819-472-4454,,"234, rue Moisan, Drummondville QC J2C 1W8",Lun-ven 7h-18h. Fermeture jours fériés et 2 semaines l'été.,Milieu familial (subventionné) à Drummondville. Tarif : 9.65 $/jour. Inscriptions via La Place 0-5 (laplace0-5.com).,,,,,45.89848,-72.47997,,
drum-garde-mme-guylaine-mercier,Mme Guylaine Mercier,childcare,Services de garde,Milieu familial subventionné,Drummondville,,,819-472-4454,,"234, rue Moisan, Drummondville QC J2C 1W8",Lun-ven 7h-18h. Fermeture jours fériés et 2 semaines l'été.,Milieu familial (subventionné) à Drummondville. Tarif : 9.65 $/jour. Inscriptions via La Place 0-5 (laplace0-5.com).,,,,,45.87929,-72.50773,,
drum-garde-cpe-le-papillon-enchante-inst-1,CPE LE PAPILLON ENCHANTÉ - INST. 1,childcare,Services de garde,CPE subventionné,Drummondville,,,819-477-4475,,"14, 18e Avenue, Drummondville QC",Lun-ven 7h-18h. Fermeture jours fériés et 2 semaines l'été.,CPE (subventionné) à Drummondville. Tarif : 9.65 $/jour. Inscriptions via La Place 0-5 (laplace0-5.com).,,,,,45.89699,-72.49738,,
drum-garde-service-de-garde-chez-yaya,Service de garde chez Yaya,childcare,Services de garde,Milieu familial subventionné,Drummondville,,,819-472-4454,,"234, rue Moisan, Drummondville QC J2C 1W8",Lun-ven 7h-18h. Fermeture jours fériés et 2 semaines l'été.,Milieu familial (subventionné) à Drummondville. Tarif : 9.65 $/jour. Inscriptions via La Place 0-5 (laplace0-5.com).,,,,,45.8694,-72.46984,,
drum-garde-cpe-plumeau-soleil,CPE PLUMEAU-SOLEIL,childcare,Services de garde,CPE subventionné,Drummondville,,,819-478-7886,,"1000, rue Saint-Georges, Drummondville QC J2C 4H9",Lun-ven 7h-18h. Fermeture jours fériés et 2 semaines l'été.,CPE (subventionné) à Drummondville. Tarif : 9.65 $/jour. Inscriptions via La Place 0-5 (laplace0-5.com).,,,,,45.86594,-72.47834,,
drum-garde-cpe-grand-mere-douceur-inst-st-charles,CPE GRAND-MÈRE DOUCEUR - INST. ST-CHARLES,childcare,Services de garde,CPE subventionné,Drummondville,,,819-472-3931,,"610, rue Lupien, Drummondville QC J2C 1E1",Lun-ven 7h-18h. Fermeture jours fériés et 2 semaines l'été.,CPE (subventionné) à Drummondville. Tarif : 9.65 $/jour. Inscriptions via La Place 0-5 (laplace0-5.com).,,,,,45.86953,-72.46817,,
drum-garde-petits-genies,Petits Génies,childcare,Services de garde,Milieu familial subventionné,Drummondville,,,819-472-4454,,"234, rue Moisan, Drummondville QC J2C 1W8",Lun-ven 7h-18h. Fermeture jours fériés et 2 semaines l'été.,Milieu familial (subventionné) à Drummondville. Tarif : 9.65 $/jour. Inscriptions via La Place 0-5 (laplace0-5.com).,,,,,45.90016,-72.47696,,
drum-garde-louise-beland,Louise Beland,childcare,Services de garde,Milieu familial subventionné,Drummondville,,,819-472-4454,,"234, rue Moisan, Drummondville QC J2C 1W8",Lun-ven 7h-18h. Fermeture jours fériés et 2 semaines l'été.,Milieu familial (subventionné) à Drummondville. Tarif : 9.65 $/jour. Inscriptions via La Place 0-5 (laplace0-5.com).,,,,,45.86592,-72.4766,,
drum-garde-l-envol-des-nuances,L'envol des nuances,childcare,Services de garde,Milieu familial subventionné,Drummondville,,,819-472-4454,,"234, rue Moisan, Drummondville QC J2C 1W8",Lun-ven 7h-18h. Fermeture jours fériés et 2 semaines l'été.,Milieu familial (subventionné) à Drummondville. Tarif : 9.65 $/jour. Inscriptions via La Place 0-5 (laplace0-5.com).,,,,,45.87606,-72.50938,,
drum-garde-mme-ivonn-sanchez-cruz,Mme Ivonn Sanchez Cruz,childcare,Services de garde,Milieu familial subventionné,Drummondville,,,819-472-4454,,"234, rue Moisan, Drummondville QC J2C 1W8",Lun-ven 7h-18h. Fermeture jours fériés et 2 semaines l'été.,Milieu familial (subventionné) à Drummondville. Tarif : 9.65 $/jour. Inscriptions via La Place 0-5 (laplace0-5.com).,,,,,45.88894,-72.45868,,
drum-garde-g-l-univers-enchante-lemire,G. L'UNIVERS ENCHANTÉ (LEMIRE),childcare,Services de garde,Garderie non subventionné,Drummondville,,,819-803-4443,,"1700, boul. Lemire, Drummondville QC J2C 5A4",Lun-ven 7h-18h. Fermeture jours fériés et 2 semaines l'été.,Garderie (non subventionné) à Drummondville. Tarif : À partir de 61.50 $/jour. Inscriptions via La Place 0-5 (laplace0-5.com).,,,,,45.86487,-72.47434,,
drum-garde-g-l-atelier-des-frimousses,G. L'ATELIER DES FRIMOUSSES,childcare,Services de garde,Garderie subventionné,Drummondville,,,atelierdesfrimoussesinc@hotmail.ca,,"3045, boul. Saint-Joseph, Drummondville QC J2B 8C6",Lun-ven 7h-18h. Fermeture jours fériés et 2 semaines l'été.,Garderie (subventionné) à Drummondville. Tarif : 9.65 $/jour. Inscriptions via La Place 0-5 (laplace0-5.com).,,,,,45.87799,-72.51233,,
drum-garde-les-pommettes-rouges,Les Pommettes Rouges,childcare,Services de garde,Milieu familial subventionné,Drummondville,,,819-472-4454,,"234, rue Moisan, Drummondville QC J2C 1W8",Lun-ven 7h-18h. Fermeture jours fériés et 2 semaines l'été.,Milieu familial (subventionné) à Drummondville. Tarif : 9.65 $/jour. Inscriptions via La Place 0-5 (laplace0-5.com).,,,,,45.86529,-72.49793,,
drum-garde-anny-gelinas,Anny Gelinas,childcare,Services de garde,Milieu familial subventionné,Drummondville,,,819-472-4454,,"234, rue Moisan, Drummondville QC J2C 1W8",Lun-ven 7h-18h. Fermeture jours fériés et 2 semaines l'été.,Milieu familial (subventionné) à Drummondville. Tarif : 9.65 $/jour. Inscriptions via La Place 0-5 (laplace0-5.com).,,,,,45.8664,-72.46853,,
drum-garde-les-oisillons-du-bonheur,Les oisillons du bonheur,childcare,Services de garde,Milieu familial subventionné,Drummondville,,,819-472-4454,,"234, rue Moisan, Drummondville QC J2C 1W8",Lun-ven 7h-18h. Fermeture jours fériés et 2 semaines l'été.,Milieu familial (subventionné) à Drummondville. Tarif : 9.65 $/jour. Inscriptions via La Place 0-5 (laplace0-5.com).,,,,,45.89944,-72.46797,,
drum-garde-milieu-familial-4,Services de garde en milieu familial — Drummondville (4),childcare,Services de garde,Milieu familial non subventionné,Drummondville,,,819-472-4454,,"234, rue Moisan, Drummondville QC J2C 1W8",Lun-ven 7h-18h. Fermeture jours fériés et 2 semaines l'été.,Milieu familial (non subventionné) à Drummondville. Tarif : À partir de 45.00 $/jour. Inscriptions via La Place 0-5 (laplace0-5.com).,,,,,45.90351,-72.4885,,
drum-garde-g-pomme-aventure-drummondville,G. POMME AVENTURE DRUMMONDVILLE,childcare,Services de garde,Garderie subventionné,Drummondville,,,819-474-2442,,"2020, rue Lamothe, Drummondville QC J2B 7B6",Lun-ven 7h-18h. Fermeture jours fériés et 2 semaines l'été.,Garderie (subventionné) à Drummondville. Tarif : 9.65 $/jour. Inscriptions via La Place 0-5 (laplace0-5.com).,,,,,45.90336,-72.4776,,
drum-garde-cpe-la-maison-de-becassine-inst-1,CPE LA MAISON DE BÉCASSINE - INST 1,childcare,Services de garde,CPE subventionné,Drummondville,,,819-472-1811,,"2200, rue des Grands-Ducs, Drummondville QC J2C 6W6",Lun-ven 7h-18h. Fermeture jours fériés et 2 semaines l'été.,CPE (subventionné) à Drummondville. Tarif : 9.65 $/jour. Inscriptions via La Place 0-5 (laplace0-5.com).,,,,,45.8833,-72.51493,,
drum-garde-l-envolee-des-papillons,L'envolée des papillons,childcare,Services de garde,Milieu familial subventionné,Drummondville,,,819-472-4454,,"234, rue Moisan, Drummondville QC J2C 1W8",Lun-ven 7h-18h. Fermeture jours fériés et 2 semaines l'été.,Milieu familial (subventionné) à Drummondville. Tarif : 9.65 $/jour. Inscriptions via La Place 0-5 (laplace0-5.com).,,,,,45.89138,-72.51243,,
drum-garde-marie-helene-st-louis,Marie-Helene St-louis,childcare,Services de garde,Milieu familial subventionné,Drummondville,,,819-472-4454,,"234, rue Moisan, Drummondville QC J2C 1W8",Lun-ven 7h-18h. Fermeture jours fériés et 2 semaines l'été.,Milieu familial (subventionné) à Drummondville. Tarif : 9.65 $/jour. Inscriptions via La Place 0-5 (laplace0-5.com).,,,,,45.86442,-72.49917,,
drum-garde-nathalie-beaudoin,Nathalie Beaudoin,childcare,Services de garde,Milieu familial subventionné,Drummondville,,,819-472-4454,,"234, rue Moisan, Drummondville QC J2C 1W8",Lun-ven 7h-18h. Fermeture jours fériés et 2 semaines l'été.,Milieu familial (subventionné) à Drummondville. Tarif : 9.65 $/jour. Inscriptions via La Place 0-5 (laplace0-5.com).,,,,,45.86711,-72.46449,,
drum-garde-mme-marilyn-bousquet,Mme Marilyn Bousquet,childcare,Services de garde,Milieu familial subventionné,Drummondville,,,819-472-4454,,"234, rue Moisan, Drummondville QC J2C 1W8",Lun-ven 7h-18h. Fermeture jours fériés et 2 semaines l'été.,Milieu familial (subventionné) à Drummondville. Tarif : 9.65 $/jour. Inscriptions via La Place 0-5 (laplace0-5.com).,,,,,45.90328,-72.47526,,
drum-garde-paola-stela-kamga-kaptche-epse-fokou,Paola stela Kamga kaptche Epse Fokou,childcare,Services de garde,Milieu familial subventionné,Drummondville,,,819-472-4454,,"234, rue Moisan, Drummondville QC J2C 1W8",Lun-ven 7h-18h. Fermeture jours fériés et 2 semaines l'été.,Milieu familial (subventionné) à Drummondville. Tarif : 9.65 $/jour. Inscriptions via La Place 0-5 (laplace0-5.com).,,,,,45.86347,-72.47213,,
drum-garde-maison-d-amour,Maison d’amour,childcare,Services de garde,Milieu familial subventionné,Drummondville,,,819-472-4454,,"234, rue Moisan, Drummondville QC J2C 1W8",Lun-ven 7h-18h. Fermeture jours fériés et 2 semaines l'été.,Milieu familial (subventionné) à Drummondville. Tarif : 9.65 $/jour. Inscriptions via La Place 0-5 (laplace0-5.com).,,,,,45.88164,-72.51564,,
drum-garde-mylene-duff,Mylene Duff,childcare,Services de garde,Milieu familial subventionné,Drummondville,,,819-472-4454,,"234, rue Moisan, Drummondville QC J2C 1W8",Lun-ven 7h-18h. Fermeture jours fériés et 2 semaines l'été.,Milieu familial (subventionné) à Drummondville. Tarif : 9.65 $/jour. Inscriptions via La Place 0-5 (laplace0-5.com).,,,,,45.88748,-72.45371,,
drum-garde-milieu-familial-5,Services de garde en milieu familial — Drummondville (5),childcare,Services de garde,Milieu familial subventionné,Drummondville,,,819-472-4454,,"234, rue Moisan, Drummondville QC J2C 1W8",Lun-ven 7h-18h. Fermeture jours fériés et 2 semaines l'été.,Milieu familial (subventionné) à Drummondville. Tarif : 9.65 $/jour. Inscriptions via La Place 0-5 (laplace0-5.com).,,,,,45.9042,-72.49332,,
drum-garde-valerie-auclair,valerie auclair,childcare,Services de garde,Milieu familial subventionné,Drummondville,,,819-472-4454,,"234, rue Moisan, Drummondville QC J2C 1W8",Lun-ven 7h-18h. Fermeture jours fériés et 2 semaines l'été.,Milieu familial (subventionné) à Drummondville. Tarif : 9.65 $/jour. Inscriptions via La Place 0-5 (laplace0-5.com).,,,,,45.89363,-72.51286,,
drum-garde-julie-cloutier,Julie Cloutier,childcare,Services de garde,Milieu familial subventionné,Drummondville,,,819-472-4454,,"234, rue Moisan, Drummondville QC J2C 1W8",Lun-ven 7h-18h. Fermeture jours fériés et 2 semaines l'été.,Milieu familial (subventionné) à Drummondville. Tarif : 9.65 $/jour. Inscriptions via La Place 0-5 (laplace0-5.com).,,,,,45.87454,-72.45492,,
drum-garde-stephanie,Stephanie,childcare,Services de garde,Milieu familial subventionné,Drummondville,,,819-472-4454,,"234, rue Moisan, Drummondville QC J2C 1W8",Lun-ven 7h-18h. Fermeture jours fériés et 2 semaines l'été.,Milieu familial (subventionné) à Drummondville. Tarif : 9.65 $/jour. Inscriptions via La Place 0-5 (laplace0-5.com).,,,,,45.88441,-72.51706,,
drum-garde-mme-mery-catalina-ruiz-reyes,Mme Mery Catalina Ruiz Reyes,childcare,Services de garde,Milieu familial subventionné,Drummondville,,,819-472-4454,,"234, rue Moisan, Drummondville QC J2C 1W8",Lun-ven 7h-18h. Fermeture jours fériés et 2 semaines l'été.,Milieu familial (subventionné) à Drummondville. Tarif : 9.65 $/jour. Inscriptions via La Place 0-5 (laplace0-5.com).,,,,,45.90314,-72.47004,,
drum-garde-service-de-garde-les-pitchoux,Service de garde les pitchoux,childcare,Services de garde,Milieu familial subventionné,Drummondville,,,819-472-4454,,"234, rue Moisan, Drummondville QC J2C 1W8",Lun-ven 7h-18h. Fermeture jours fériés et 2 semaines l'été.,Milieu familial (subventionné) à Drummondville. Tarif : 9.65 $/jour. Inscriptions via La Place 0-5 (laplace0-5.com).,,,,,45.90474,-72.47549,,
drum-garde-carmen-cinthya-romero-espinoza,Carmen Cinthya Romero Espinoza,childcare,Services de garde,Milieu familial subventionné,Drummondville,,,819-472-4454,,"234, rue Moisan, Drummondville QC J2C 1W8",Lun-ven 7h-18h. Fermeture jours fériés et 2 semaines l'été.,Milieu familial (subventionné) à Drummondville. Tarif : 9.65 $/jour. Inscriptions via La Place 0-5 (laplace0-5.com).,,,,,45.89862,-72.46005,,
drum-garde-service-de-garde-chez-lyne,Service de garde chez Lyne,childcare,Services de garde,Milieu familial subventionné,Drummondville,,,819-472-4454,,"234, rue Moisan, Drummondville QC J2C 1W8",Lun-ven 7h-18h. Fermeture jours fériés et 2 semaines l'été.,Milieu familial (subventionné) à Drummondville. Tarif : 9.65 $/jour. Inscriptions via La Place 0-5 (laplace0-5.com).,,,,,45.90628,-72.48573,,
drum-garde-2205-rue-bertrand,2205 rue bertrand,childcare,Services de garde,Milieu familial subventionné,Drummondville,,,819-472-4454,,"234, rue Moisan, Drummondville QC J2C 1W8",Lun-ven 7h-18h. Fermeture jours fériés et 2 semaines l'été.,Milieu familial (subventionné) à Drummondville. Tarif : 9.65 $/jour. Inscriptions via La Place 0-5 (laplace0-5.com).,,,,,45.85881,-72.48767,,
drum-garde-mme-pierrette-beaulieu-salvas,Mme Pierrette Beaulieu Salvas,childcare,Services de garde,Milieu familial subventionné,Drummondville,,,819-472-4454,,"234, rue Moisan, Drummondville QC J2C 1W8",Lun-ven 7h-18h. Fermeture jours fériés et 2 semaines l'été.,Milieu familial (subventionné) à Drummondville. Tarif : 9.65 $/jour. Inscriptions via La Place 0-5 (laplace0-5.com).,,,,,45.8664,-72.45907,,
drum-garde-les-troubadoux,Les troubadoux,childcare,Services de garde,Milieu familial subventionné,Drummondville,,,819-472-4454,,"234, rue Moisan, Drummondville QC J2C 1W8",Lun-ven 7h-18h. Fermeture jours fériés et 2 semaines l'été.,Milieu familial (subventionné) à Drummondville. Tarif : 9.65 $/jour. Inscriptions via La Place 0-5 (laplace0-5.com).,,,,,45.85986,-72.49648,,
drum-garde-andrea-duquette,Andrea Duquette,childcare,Services de garde,Milieu familial subventionné,Drummondville,,,819-472-4454,,"234, rue Moisan, Drummondville QC J2C 1W8",Lun-ven 7h-18h. Fermeture jours fériés et 2 semaines l'été.,Milieu familial (subventionné) à Drummondville. Tarif : 9.65 $/jour. Inscriptions via La Place 0-5 (laplace0-5.com).,,,,,45.88115,-72.4494,,
drum-garde-princesses-et-dragons,Princesses et Dragons,childcare,Services de garde,Milieu familial subventionné,Drummondville,,,819-472-4454,,"234, rue Moisan, Drummondville QC J2C 1W8",Lun-ven 7h-18h. Fermeture jours fériés et 2 semaines l'été.,Milieu familial (subventionné) à Drummondville. Tarif : 9.65 $/jour. Inscriptions via La Place 0-5 (laplace0-5.com).,,,,,45.85832,-72.48233,,
etat-civil-qc,Directeur de l'état civil du Québec,administrative,Démarches administratives,Documents d'identité,Province de Québec,,,1-800-567-3900,,,Lun-ven 8h30-16h30. En ligne 24h/24 pour certains services.,"Demande de certificats et copies d'actes : naissance, mariage, union civile, décès, changement de nom ou de sexe. Demande en ligne, par la poste ou en personne. Essentiel pour obtenir passeport, NAS, permis et autres documents officiels.",,oui,,,46.8139,-71.2082,,
taq-qc,Tribunal administratif du Québec (TAQ),legal,Aide juridique,Tribunal administratif,Province de Québec,,,1-800-567-0278,,,Lun-ven 8h30-16h30. Sur RV. Garde téléphonique 24h pour arrestation: 1-800-842-2213.,"Recours contre les décisions de l'administration publique : aide sociale, SAAQ, CNESST, immigration, santé mentale, affaires sociales. Dépôt de recours en ligne, audiences gratuites, aucun avocat obligatoire. Délai habituel : 30 à 60 jours après la décision contestée.",,oui,,,46.8139,-71.2082,,
passeport-canada,Passeport Canada – Service Canada,administrative,Démarches administratives,Documents d'identité,Province de Québec,,,1-800-567-6868,,,Lun-ven 8h30-16h30. En ligne 24h/24 pour certains services.,"Demande, renouvellement et remplacement de passeport canadien pour adultes et enfants. Service assuré par Service Canada dans tous les bureaux du Québec (dont Trois-Rivières, Shawinigan, Drummondville). Délai régulier 20 jours ouvrables, service urgent disponible.",,oui,,,46.8139,-71.2082,,
accueil-communautaire-tr,Accueil communautaire Trois-Rivières,social,Soutien social,Accueil & référence,Trois-Rivières,,,819-373-1473,,"1060, rue St-François-Xavier, local 310, Trois-Rivières, QC G9A 1R8",Lun-ven 8h30-16h30.,"Point d'accueil et de référence pour orienter les personnes vulnérables de Trois-Rivières vers les bons organismes : hébergement d'urgence, dépannage alimentaire, santé mentale, immigration, aide juridique. Accompagnement par des travailleurs de milieu.",,,,,46.3465,-72.542,,