id,nom,ville,province,categorie,telephone_actuel,telephone_corrige,site_actuel,site_corrige,http_status,description_actuelle,description_corrigee,adresse_actuelle,adresse_corrigee,problemes,action (garder|corriger|supprimer),notes
qc-immo-celiapp,CELIAPP – Compte épargne 1re propriété,Province de Québec,QC,achatImmobilier,1-800-959-7383,,https://www.canada.ca/fr/agence-revenu/services/impot/particuliers/sujets/reer-fonds-enregistres-revenu-retraite/compte-depargne-libre-impot-lachat-dune-premiere-propriete-celiapp.html,,TIMEOUT,,,,,SITE_TIMEOUT|SANS_DESCRIPTION|ADRESSE_SANS_CODE_POSTAL,,
qc-immo-rap-reer,RAP – Régime accession propriété (REER),Province de Québec,QC,achatImmobilier,1-800-959-7383,,https://www.canada.ca/fr/agence-revenu/services/impot/particuliers/sujets/reer-fonds-enregistres-revenu-retraite/regime-accession-propriete.html,,TIMEOUT,,,,,SITE_TIMEOUT|SANS_DESCRIPTION|ADRESSE_SANS_CODE_POSTAL,,
sk-housing-sk,Saskatchewan Housing Corporation,Province de la Saskatchewan,SK,logement,306-787-4177,,https://www.saskatchewan.ca/residents/housing,,HTTP_404,,,,,SITE_HTTP_404|SANS_DESCRIPTION,,
bc-habitat-bc,Habitat for Humanity BC,Vancouver,BC,achatImmobilier,604-629-3328,,https://www.habitatvancouver.org,,ERR:fetch failed,,,,,SITE_ERR:fetch failed|SANS_DESCRIPTION|JAMAIS_VERIFIE,,
bc-employ-bc,CJE jeunesse emploi BC,Vancouver,BC,emploi,604-688-1014,,https://www.youthworkbc.ca,,ERR:fetch failed,,,,,SITE_ERR:fetch failed|SANS_DESCRIPTION|JAMAIS_VERIFIE,,
nu-foodbank-nu,Agvvik Society – Aide alimentaire,Iqaluit,NU,alimentation,867-979-1277,,https://www.agvvik.ca,,ERR:fetch failed,,,,,SITE_ERR:fetch failed|SANS_DESCRIPTION|JAMAIS_VERIFIE,,
nb-emploi-nb,Emploi NB – Services aux travailleurs,Province du Nouveau-Brunswick,NB,emploi,1-888-762-8600,,https://www2.gnb.ca/emploi,,HTTP_404,,,,,SITE_HTTP_404|SANS_DESCRIPTION,,
mb-habitat,Habitat for Humanity Winnipeg,Winnipeg,MB,achatImmobilier,204-989-4700,,https://www.habitatwinnipeg.ca,,ERR:fetch failed,,,,,SITE_ERR:fetch failed|SANS_DESCRIPTION|JAMAIS_VERIFIE,,
on-shelter-housing,Réseau ontarien de refuges (shelter),Province de l'Ontario,ON,logement,1-800-265-0798,,https://www.ontario.ca/page/housing-services,,HTTP_404,,,,,SITE_HTTP_404|SANS_DESCRIPTION,,
nb-shelter-women,Maison Mathieu-Froment-Savoie – Femmes NB,Moncton,NB,logement,506-855-2615,,https://maisonfroment.org,,ERR:fetch failed,,,,,SITE_ERR:fetch failed|SANS_DESCRIPTION|JAMAIS_VERIFIE,,
pe-shelter-women,Anderson House – Femmes IPE,Charlottetown,PE,logement,902-892-0960,,https://www.andersonhouse.pe.ca,,ERR:fetch failed,,,,,SITE_ERR:fetch failed|SANS_DESCRIPTION,,
nu-employment-nu,Services à l'emploi – Nunavut,Iqaluit,NU,emploi,867-975-5400,,https://www.gov.nu.ca/eia/information/finding-job-nunavut,,BLOQUE_BOT_403,,,,,SITE_PROBABLEMENT_OK_MAIS_BLOQUE_BOT|SANS_DESCRIPTION,,
nu-crisis-nu,Kamatsiaqtut Helpline – Nunavut,Territoire du Nunavut,NU,santemental,867-979-3333,,https://nunavutcrisisline.com,,ERR:fetch failed,,,,,SITE_ERR:fetch failed|SANS_DESCRIPTION,,
nt-legal-aid,Aide juridique TNO,Yellowknife,NT,soutienSocial,867-873-3000,,https://www.nwt.legalaid.ca,,ERR:fetch failed,,,,,SITE_ERR:fetch failed|SANS_DESCRIPTION|JAMAIS_VERIFIE,,
yt-cmha,CMHA Yukon,Whitehorse,YT,santemental,867-668-2636,,https://www.cmhayukon.ca,,ERR:fetch failed,,,,,SITE_ERR:fetch failed|SANS_DESCRIPTION|JAMAIS_VERIFIE,,
bc-ircc,IRCC – Immigration BC,Province de la Colombie-Britannique,BC,immigration,1-888-242-2100,,https://www.canada.ca/fr/immigration-refugies-citoyennete.html,,TIMEOUT,,,,,SITE_TIMEOUT|SANS_DESCRIPTION,,
nb-family-nb,Dialogue NB – Services familiaux,Province du Nouveau-Brunswick,NB,famille,506-857-4040,,https://www.dialoguenb.org,,HTTP_502,,,,,SITE_HTTP_502|SANS_DESCRIPTION|JAMAIS_VERIFIE,,
yt-legal-aid,Aide juridique Yukon,Whitehorse,YT,soutienSocial,867-667-5210,,https://www.legalaidjukon.ca,,ERR:fetch failed,,,,,SITE_ERR:fetch failed|SANS_DESCRIPTION|JAMAIS_VERIFIE,,
ns-housing-ns,Nova Scotia Housing,Province de la Nouvelle-Écosse,NS,logement,902-424-5300,,https://www.novascotia.ca/coms/housing/,,HTTP_404,,,,,SITE_HTTP_404|SANS_DESCRIPTION,,
sk-cmha,CMHA Saskatchewan,Province de la Saskatchewan,SK,santemental,306-525-0575,,https://www.cmhask.com,,ERR:fetch failed,,,,,SITE_ERR:fetch failed|SANS_DESCRIPTION|JAMAIS_VERIFIE,,
ab-housing-ab,Alberta Seniors and Community Housing,Province de l'Alberta,AB,logement,1-866-716-2333,,https://www.alberta.ca/find-housing.aspx,,HTTP_404,,,,,SITE_HTTP_404|SANS_DESCRIPTION,,
on-health-line,Télésanté Ontario,Province de l'Ontario,ON,sante,1-866-797-0000,,https://www.ontario.ca/page/get-medical-advice,,HTTP_404,,,,,SITE_HTTP_404|SANS_DESCRIPTION,,
mb-211,211 Manitoba,Province du Manitoba,MB,soutienSocial,211,,https://mb.211.ca,,TIMEOUT,,,,,SITE_TIMEOUT|SANS_DESCRIPTION,,
ab-calgary-food,Calgary Food Bank,Calgary,AB,alimentation,403-253-2055,,https://www.calgaryfoodbank.com,,ERR:fetch failed,,,,,SITE_ERR:fetch failed|SANS_DESCRIPTION,,
nt-211,211 Territoires du Nord-Ouest,Territoires du Nord-Ouest,NT,soutienSocial,211,,https://www.nt.211.ca,,TIMEOUT,,,,,SITE_TIMEOUT|SANS_DESCRIPTION,,
mb-crisis-response,Mobile Crisis Response,Winnipeg,MB,santemental,204-940-1781,,https://wrha.mb.ca/crisis,,BLOQUE_BOT_403,,,,,SITE_PROBABLEMENT_OK_MAIS_BLOQUE_BOT|SANS_DESCRIPTION|JAMAIS_VERIFIE,,
sk-crisis-saskatoon,Crisis Line Saskatoon,Saskatoon,SK,santemental,306-933-6200,,https://www.crisiscommunication.ca,,ERR:fetch failed,,,,,SITE_ERR:fetch failed|SANS_DESCRIPTION|JAMAIS_VERIFIE,,
on-integration-toronto,Centre for Immigrant and Community Services Toronto,Toronto,ON,emploi,416-644-3765,,https://www.cicscanada.com,,BLOQUE_BOT_403,,,,,SITE_PROBABLEMENT_OK_MAIS_BLOQUE_BOT|SANS_DESCRIPTION|JAMAIS_VERIFIE,,
pe-foodbank-pe,PEI Food Banks,Province de l'Île-du-Prince-Édouard,PE,alimentation,902-368-2961,,https://www.feedpei.ca,,ERR:fetch failed,,,,,SITE_ERR:fetch failed|SANS_DESCRIPTION,,
nt-cmha,CMHA Territoires du Nord-Ouest,Yellowknife,NT,santemental,867-920-2330,,https://cmhant.ca,,ERR:fetch failed,,,,,SITE_ERR:fetch failed|SANS_DESCRIPTION|JAMAIS_VERIFIE,,
sk-211,211 Saskatchewan,Province de la Saskatchewan,SK,soutienSocial,211,,https://sk.211.ca,,TIMEOUT,,,,,SITE_TIMEOUT|SANS_DESCRIPTION,,
ns-nsar,Nova Scotia Real Estate – NSAR,Halifax,NS,achatImmobilier,902-468-2515,,https://www.nsar.ca,,ERR:fetch failed,,,,,SITE_ERR:fetch failed|SANS_DESCRIPTION|JAMAIS_VERIFIE,,
on-crisis-ontario,Lignes de crise provinciales – Ontario,Province de l'Ontario,ON,santemental,1-866-531-2600,,https://www.ontario.ca/page/mental-health-crisis-lines,,HTTP_404,,,,,SITE_HTTP_404|SANS_DESCRIPTION,,
ns-jobsns,Jobs Nova Scotia,Province de la Nouvelle-Écosse,NS,emploi,902-424-5200,,https://novascotia.ca/lae/employmentservices/,,HTTP_404,,,,,SITE_HTTP_404|SANS_DESCRIPTION,,
on-ottawa-housing,Ottawa Community Housing,Ottawa,ON,logement,613-731-1182,,https://www.ottawahousing.ca,,ERR:fetch failed,,,,,SITE_ERR:fetch failed|SANS_DESCRIPTION|JAMAIS_VERIFIE,,
on-ircc-toronto,"IRCC – Immigration, Réfugiés, Citoyenneté Canada",Province de l'Ontario,ON,immigration,1-888-242-2100,,https://www.canada.ca/fr/immigration-refugies-citoyennete.html,,TIMEOUT,,,,,SITE_TIMEOUT|SANS_DESCRIPTION,,
on-lasi-lgr,Legal Assistance of Windsor – Immigration,Windsor,ON,immigration,519-256-1474,,https://windsorlegalhelpcentre.ca,,ERR:fetch failed,,,,,SITE_ERR:fetch failed|SANS_DESCRIPTION|JAMAIS_VERIFIE,,
yt-immigration-yt,Immigration Yukon – Programme des candidats,Whitehorse,YT,immigration,867-667-8000,,https://yukon.ca/fr/venir-yukon/immigrer,,BLOQUE_BOT_403,,,,,SITE_PROBABLEMENT_OK_MAIS_BLOQUE_BOT|SANS_DESCRIPTION|JAMAIS_VERIFIE,,
yt-employment-yt,Services aux travailleurs – Yukon,Whitehorse,YT,emploi,867-667-5811,,https://yukon.ca/fr/faire-affaire-avec-le-gouvernement/embaucher-au-yukon,,BLOQUE_BOT_403,,,,,SITE_PROBABLEMENT_OK_MAIS_BLOQUE_BOT|SANS_DESCRIPTION,,
ab-child-family-ab,Family Resource Network AB,Province de l'Alberta,AB,famille,1-800-668-2700,,https://www.alberta.ca/family-support.aspx,,HTTP_404,,,,,SITE_HTTP_404|SANS_DESCRIPTION,,
sk-family-services,Family Services Regina,Regina,SK,famille,306-757-6675,,https://www.familyservicesregina.com,,ERR:fetch failed,,,,,SITE_ERR:fetch failed|SANS_DESCRIPTION|JAMAIS_VERIFIE,,
nb-211,211 Nouveau-Brunswick,Province du Nouveau-Brunswick,NB,soutienSocial,211,,https://www.nb.211.ca,,TIMEOUT,,,,,SITE_TIMEOUT|SANS_DESCRIPTION,,
pe-211,211 Île-du-Prince-Édouard,Province de l'Île-du-Prince-Édouard,PE,soutienSocial,211,,https://www.pe.211.ca,,ERR:fetch failed,,,,,SITE_ERR:fetch failed|SANS_DESCRIPTION,,
ns-shelter-halif,Metro Turning Point – Hébergement,Halifax,NS,logement,902-422-7403,,https://www.metroworks.org,,ERR:fetch failed,,,,,SITE_ERR:fetch failed|SANS_DESCRIPTION|JAMAIS_VERIFIE,,
nl-211,211 Terre-Neuve-et-Labrador,Province de Terre-Neuve-et-Labrador,NL,soutienSocial,211,,https://www.nl.211.ca,,TIMEOUT,,,,,SITE_TIMEOUT|SANS_DESCRIPTION,,
nu-legal-aid,Aide juridique Nunavut,Iqaluit,NU,soutienSocial,867-979-5910,,https://www.legalaidnunavut.ca,,ERR:fetch failed,,,,,SITE_ERR:fetch failed|SANS_DESCRIPTION|JAMAIS_VERIFIE,,
yt-housing-yt,Yukon Housing Corporation,Whitehorse,YT,logement,867-667-5759,,https://www.yukonhousing.ca,,ERR:fetch failed,,,,,SITE_ERR:fetch failed|SANS_DESCRIPTION|JAMAIS_VERIFIE,,
yt-211,211 Yukon,Territoire du Yukon,YT,soutienSocial,211,,https://www.yt.211.ca,,TIMEOUT,,,,,SITE_TIMEOUT|SANS_DESCRIPTION,,
yt-crisis-yt,Kaushee's Place – Ligne d'urgence,Whitehorse,YT,santemental,867-668-5733,,https://kausheesplace.ca,,ERR:fetch failed,,,,,SITE_ERR:fetch failed|SANS_DESCRIPTION|JAMAIS_VERIFIE,,
nt-foodbank-nt,Yellowknife Food Bank,Yellowknife,NT,alimentation,867-873-4504,,https://www.ykfoodbank.ca,,ERR:fetch failed,,,,,SITE_ERR:fetch failed|SANS_DESCRIPTION|JAMAIS_VERIFIE,,
qc-refuge-montreal-bonsecours,Old Brewery Mission – Refuge hommes,Montréal,QC,logement,514-878-1212,,https://www.missionvieuxmontreal.ca,,ERR:fetch failed,,,,,SITE_ERR:fetch failed|SANS_DESCRIPTION|JAMAIS_VERIFIE,,
nb-housing-nb,Services de logement NB,Province du Nouveau-Brunswick,NB,logement,1-800-561-4033,,https://www2.gnb.ca/content/gnb/fr/departments/social_development/housing.html,,HTTP_404,,,,,SITE_HTTP_404|SANS_DESCRIPTION,,
qc-refuge-montreal-welcome,Welcome Hall Mission – Refuge,Montréal,QC,logement,514-935-4897,,https://www.welcomehall.ca,,ERR:fetch failed,,,,,SITE_ERR:fetch failed|SANS_DESCRIPTION|JAMAIS_VERIFIE,,
qc-refuge-montreal-sil,SIL – Soutien itinérance logement MTL,Montréal,QC,logement,514-380-5389,,https://www.silhomelessmtl.org,,ERR:fetch failed,,,,,SITE_ERR:fetch failed|SANS_DESCRIPTION|JAMAIS_VERIFIE,,
qc-refuge-qc-portail,Portail de Québec – Hébergement urgence,Québec,QC,logement,418-522-0446,,https://portaildequebec.org,,ERR:fetch failed,,,,,SITE_ERR:fetch failed|SANS_DESCRIPTION|JAMAIS_VERIFIE,,
pe-cmha,CMHA Prince Edward Island,Province de l'Île-du-Prince-Édouard,PE,santemental,902-566-3034,,https://www.cmhapei.ca,,ERR:fetch failed,,,,,SITE_ERR:fetch failed|SANS_DESCRIPTION|JAMAIS_VERIFIE,,
qc-refuge-longueuil-carrefour,Carrefour d'entraide Longueuil,Longueuil,QC,logement,450-651-7732,,https://www.carrefourentraide.com,,ERR:fetch failed,,,,,SITE_ERR:fetch failed|SANS_DESCRIPTION|JAMAIS_VERIFIE,,
qc-refuge-sher-accueil,Accueil Poirier – Refuge Sherbrooke,Sherbrooke,QC,logement,819-562-0100,,https://www.accueilpoirier.com,,ERR:fetch failed,,,,,SITE_ERR:fetch failed|SANS_DESCRIPTION|JAMAIS_VERIFIE,,
qc-vc-laval-rose-des-vents,La Rose des Vents – Laval,Laval,QC,logement,450-669-9053,,https://www.larosedesvents.org,,ERR:fetch failed,,,,,SITE_ERR:fetch failed|SANS_DESCRIPTION|JAMAIS_VERIFIE,,
qc-vc-montreal-cri,La Maison de Lauberivière – Femmes Montreal,Montréal,QC,logement,514-526-6990,,https://www.maisonlauberiviere.com,,ERR:fetch failed,,,,,SITE_ERR:fetch failed|SANS_DESCRIPTION|JAMAIS_VERIFIE,,
qc-vc-quebec-viol,CALACS – Centre aide agression sexuelle Québec,Québec,QC,logement,418-522-2120,,https://www.calacs-qc.ca,,ERR:fetch failed,,,,,SITE_ERR:fetch failed|SANS_DESCRIPTION|JAMAIS_VERIFIE,,
qc-vc-sherbrooke-safe,SAFE Sherbrooke – Maison hébergement,Sherbrooke,QC,logement,819-569-3611,,https://www.safesherbrooke.org,,ERR:fetch failed,,,,,SITE_ERR:fetch failed|SANS_DESCRIPTION|JAMAIS_VERIFIE,,
qc-log-montreal-hdv,Comité logement Ville-Émard Côte-Saint-Paul,Montréal,QC,logement,514-597-2581,,https://www.clvecsp.org,,ERR:fetch failed,,,,,SITE_ERR:fetch failed|SANS_DESCRIPTION|JAMAIS_VERIFIE,,
qc-vc-gatineau-maison-amis,La Maison des Amis du coeur – Gatineau,Gatineau,QC,logement,819-771-1221,,https://www.maisondamisducoeur.ca,,ERR:fetch failed,,,,,SITE_ERR:fetch failed|SANS_DESCRIPTION|JAMAIS_VERIFIE,,
qc-vc-longueuil-interval,Interval Maison – Longueuil,Longueuil,QC,logement,450-677-7124,,https://www.intervalmaisonlongueuil.org,,ERR:fetch failed,,,,,SITE_ERR:fetch failed|SANS_DESCRIPTION|JAMAIS_VERIFIE,,
qc-log-montreal-popmtl,Projet Genèse – Aide logement Côte-des-Neiges,Montréal,QC,logement,514-731-0601,,https://www.projetgenese.org,,ERR:fetch failed,,,,,SITE_ERR:fetch failed|SANS_DESCRIPTION|JAMAIS_VERIFIE,,
qc-log-quebec-clq,Comité Logement Rive-Nord Québec,Québec,QC,logement,418-523-0155,,https://www.clrnquebec.org,,ERR:fetch failed,,,,,SITE_ERR:fetch failed|SANS_DESCRIPTION|JAMAIS_VERIFIE,,
qc-log-sherbrooke-cls,Comité logement de Sherbrooke,Sherbrooke,QC,logement,819-542-1941,,https://www.clsherbrooke.org,,ERR:fetch failed,,,,,SITE_ERR:fetch failed|SANS_DESCRIPTION|JAMAIS_VERIFIE,,
qc-log-gatineau-clg,Comité logement Gatineau,Gatineau,QC,logement,819-595-1595,,https://www.comitelogementgatineau.org,,ERR:fetch failed,,,,,SITE_ERR:fetch failed|SANS_DESCRIPTION|JAMAIS_VERIFIE,,
on-harvest-table,Harvest Table Food Bank Hamilton,Hamilton,ON,alimentation,905-528-6445,,https://harvesttable.ca,,ERR:fetch failed,,,,,SITE_ERR:fetch failed|SANS_DESCRIPTION|JAMAIS_VERIFIE,,
qc-cavac-montreal,CAVAC Montréal,Montréal,QC,famille,514-276-9944,,https://cavac.qc.ca,,BLOQUE_BOT_403,,,,,SITE_PROBABLEMENT_OK_MAIS_BLOQUE_BOT|SANS_DESCRIPTION|JAMAIS_VERIFIE,,
ns-cfs,Children and Family Services NS,Province de la Nouvelle-Écosse,NS,famille,1-855-225-2148,,https://www.novascotia.ca/dcs/cfs/,,HTTP_404,,,,,SITE_HTTP_404|SANS_DESCRIPTION,,
ab-211,211 Alberta,Province de l'Alberta,AB,soutienSocial,211,,https://www.ab.211.ca,,TIMEOUT,,,,,SITE_TIMEOUT|SANS_DESCRIPTION,,
mb-iscis,Immigrant and Refugee Community Organization MB,Winnipeg,MB,immigration,204-942-0495,,https://ircow.ca,,ERR:fetch failed,,,,,SITE_ERR:fetch failed|SANS_DESCRIPTION|JAMAIS_VERIFIE,,
mb-wrha,Winnipeg Regional Health Authority,Winnipeg,MB,sante,204-926-7000,,https://wrha.mb.ca,,BLOQUE_BOT_403,,,,,SITE_PROBABLEMENT_OK_MAIS_BLOQUE_BOT|SANS_DESCRIPTION|JAMAIS_VERIFIE,,
sk-health-line,HealthLine Saskatchewan,Province de la Saskatchewan,SK,sante,811,,https://www.saskatchewan.ca/residents/health/accessing-health-care-services/healthline-online,,HTTP_404,,,,,SITE_HTTP_404|SANS_DESCRIPTION,,
qc-cavac-laval,CAVAC Laval,Laval,QC,famille,450-975-0500,,https://cavac.qc.ca,,BLOQUE_BOT_403,,,,,SITE_PROBABLEMENT_OK_MAIS_BLOQUE_BOT|SANS_DESCRIPTION|JAMAIS_VERIFIE,,
qc-cavac-quebec,CAVAC Québec,Québec,QC,famille,418-648-9945,,https://cavac.qc.ca,,BLOQUE_BOT_403,,,,,SITE_PROBABLEMENT_OK_MAIS_BLOQUE_BOT|SANS_DESCRIPTION|JAMAIS_VERIFIE,,
qc-cavac-longueuil,CAVAC Montérégie,Longueuil,QC,famille,450-443-6625,,https://cavac.qc.ca,,BLOQUE_BOT_403,,,,,SITE_PROBABLEMENT_OK_MAIS_BLOQUE_BOT|SANS_DESCRIPTION|JAMAIS_VERIFIE,,
sk-immigrant-sk,Immigrant Services Saskatchewan,Saskatoon,SK,immigration,306-975-4929,,https://immigrantsask.com,,ERR:fetch failed,,,,,SITE_ERR:fetch failed|SANS_DESCRIPTION|JAMAIS_VERIFIE,,
sk-lmi,Labour Market Information Saskatchewan,Province de la Saskatchewan,SK,emploi,1-800-667-7590,,https://www.saskatchewan.ca/residents/employment,,HTTP_404,,,,,SITE_HTTP_404|SANS_DESCRIPTION,,
nb-foodbank-moncton,Banque alimentaire Moncton,Moncton,NB,alimentation,506-857-3800,,https://www.monctonareafoodbank.ca,,ERR:fetch failed,,,,,SITE_ERR:fetch failed|SANS_DESCRIPTION|JAMAIS_VERIFIE,,
ns-211,211 Nouvelle-Écosse,Province de la Nouvelle-Écosse,NS,soutienSocial,211,,https://www.ns.211.ca,,TIMEOUT,,,,,SITE_TIMEOUT|SANS_DESCRIPTION,,
qc-cavac-gatineau,CAVAC Outaouais,Gatineau,QC,famille,819-778-3555,,https://cavac.qc.ca,,BLOQUE_BOT_403,,,,,SITE_PROBABLEMENT_OK_MAIS_BLOQUE_BOT|SANS_DESCRIPTION|JAMAIS_VERIFIE,,
qc-mf-laval-mfl,Maison de la famille de Laval,Laval,QC,famille,450-669-0066,,https://maisonfamillelaval.org,,ERR:fetch failed,,,,,SITE_ERR:fetch failed|SANS_DESCRIPTION|JAMAIS_VERIFIE,,
qc-mf-montreal-mdf,Maison de la famille de Montréal,Montréal,QC,famille,514-279-8004,,https://maisonfamillemontreal.com,,ERR:fetch failed,,,,,SITE_ERR:fetch failed|SANS_DESCRIPTION|JAMAIS_VERIFIE,,
qc-mf-quebec-prisme,Prisme-famille Québec,Québec,QC,famille,418-681-0404,,https://www.prisme-famille.org,,ERR:fetch failed,,,,,SITE_ERR:fetch failed|SANS_DESCRIPTION|JAMAIS_VERIFIE,,
qc-cavac-saguenay,CAVAC Saguenay–Lac-Saint-Jean,Saguenay,QC,famille,418-547-6161,,https://cavac.qc.ca,,BLOQUE_BOT_403,,,,,SITE_PROBABLEMENT_OK_MAIS_BLOQUE_BOT|SANS_DESCRIPTION|JAMAIS_VERIFIE,,
qc-cavac-sherbrooke,CAVAC Estrie,Sherbrooke,QC,famille,819-564-3434,,https://cavac.qc.ca,,BLOQUE_BOT_403,,,,,SITE_PROBABLEMENT_OK_MAIS_BLOQUE_BOT|SANS_DESCRIPTION|JAMAIS_VERIFIE,,
qc-dpj-laval,DPJ – Protection jeunesse Laval,Laval,QC,famille,450-975-4040,,https://www.cisss-laval.gouv.qc.ca,,TIMEOUT,,,,,SITE_TIMEOUT|SANS_DESCRIPTION|JAMAIS_VERIFIE,,
qc-dpj-quebec,DPJ – Protection jeunesse Québec,Québec,QC,famille,418-661-6951,,https://www.cisss-ca.gouv.qc.ca,,ERR:fetch failed,,,,,SITE_ERR:fetch failed|SANS_DESCRIPTION|JAMAIS_VERIFIE,,
qc-dpj-sherbrooke,DPJ – Protection jeunesse Estrie,Sherbrooke,QC,famille,819-346-1110,,https://www.ciussse-chus.qc.ca,,ERR:fetch failed,,,,,SITE_ERR:fetch failed|SANS_DESCRIPTION|JAMAIS_VERIFIE,,
qc-mf-gatineau-mfg,Maison de la famille de Gatineau,Gatineau,QC,famille,819-643-7888,,https://maisonfamillegatineau.org,,ERR:fetch failed,,,,,SITE_ERR:fetch failed|SANS_DESCRIPTION|JAMAIS_VERIFIE,,
qc-aj-montreal,Bureau aide juridique Montréal – Centre-ville,Montréal,QC,soutienSocial,514-873-3562,,https://www.barreau.qc.ca/fr/public/aide-juridique/,,HTTP_404,,,,,SITE_HTTP_404|SANS_DESCRIPTION|JAMAIS_VERIFIE,,
qc-aj-quebec,Bureau aide juridique Québec,Québec,QC,soutienSocial,418-643-3596,,https://www.aide-juridique.qc.ca,,ERR:fetch failed,,,,,SITE_ERR:fetch failed|SANS_DESCRIPTION|JAMAIS_VERIFIE,,
qc-dpj-saguenay,DPJ – Protection jeunesse Saguenay,Saguenay,QC,famille,418-541-1234,,https://www.ciusss-saglacsaintjean.gouv.qc.ca,,ERR:fetch failed,,,,,SITE_ERR:fetch failed|SANS_DESCRIPTION|JAMAIS_VERIFIE,,
yt-811,811 – Info-Santé,Territoire du Yukon,YT,sante,811,,https://yukon.ca/fr/sante-et-securite,,BLOQUE_BOT_403,,,,,SITE_PROBABLEMENT_OK_MAIS_BLOQUE_BOT|SANS_DESCRIPTION,,
nl-foodbank-nl,Community Food Sharing Association NL,Province de Terre-Neuve-et-Labrador,NL,alimentation,709-579-9949,,https://www.nlcfsa.ca,,ERR:fetch failed,,,,,SITE_ERR:fetch failed|SANS_DESCRIPTION|JAMAIS_VERIFIE,,
yt-yhss,Yukon Health and Social Services,Whitehorse,YT,sante,867-456-6136,,https://yukon.ca/fr/sante-et-securite/trouver-service-sante,,BLOQUE_BOT_403,,,,,SITE_PROBABLEMENT_OK_MAIS_BLOQUE_BOT|SANS_DESCRIPTION|JAMAIS_VERIFIE,,
qc-aj-sherbrooke,Bureau aide juridique Sherbrooke,Sherbrooke,QC,soutienSocial,819-820-3160,,https://www.aide-juridique.qc.ca,,ERR:fetch failed,,,,,SITE_ERR:fetch failed|SANS_DESCRIPTION|JAMAIS_VERIFIE,,
qc-aj-laval,Bureau aide juridique Laval,Laval,QC,soutienSocial,450-663-2233,,https://www.aide-juridique.qc.ca,,ERR:fetch failed,,,,,SITE_ERR:fetch failed|SANS_DESCRIPTION|JAMAIS_VERIFIE,,
nu-811-nu,811 – Info-Santé Nunavut,Territoire du Nunavut,NU,sante,811,,https://www.gov.nu.ca/health,,BLOQUE_BOT_403,,,,,SITE_PROBABLEMENT_OK_MAIS_BLOQUE_BOT|SANS_DESCRIPTION,,
nu-health-nu,Gouvernement du Nunavut – Santé,Iqaluit,NU,sante,867-975-5700,,https://www.gov.nu.ca/health,,BLOQUE_BOT_403,,,,,SITE_PROBABLEMENT_OK_MAIS_BLOQUE_BOT|SANS_DESCRIPTION|JAMAIS_VERIFIE,,
qc-aj-longueuil,Bureau aide juridique Longueuil,Longueuil,QC,soutienSocial,450-651-3030,,https://www.aide-juridique.qc.ca,,ERR:fetch failed,,,,,SITE_ERR:fetch failed|SANS_DESCRIPTION|JAMAIS_VERIFIE,,
qc-aj-rimouski,Bureau aide juridique Rimouski,Rimouski,QC,soutienSocial,418-727-3591,,https://www.aide-juridique.qc.ca,,ERR:fetch failed,,,,,SITE_ERR:fetch failed|SANS_DESCRIPTION|JAMAIS_VERIFIE,,
qc-aj-rouyn,Bureau aide juridique Rouyn-Noranda,Rouyn-Noranda,QC,soutienSocial,819-764-5191,,https://www.aide-juridique.qc.ca,,ERR:fetch failed,,,,,SITE_ERR:fetch failed|SANS_DESCRIPTION|JAMAIS_VERIFIE,,
qc-aj-saguenay,Bureau aide juridique Saguenay,Saguenay,QC,soutienSocial,418-699-2333,,https://www.aide-juridique.qc.ca,,ERR:fetch failed,,,,,SITE_ERR:fetch failed|SANS_DESCRIPTION|JAMAIS_VERIFIE,,
qc-aj-stjean,Bureau aide juridique Saint-Jean-sur-Richelieu,Saint-Jean-sur-Richelieu,QC,soutienSocial,450-358-3980,,https://www.aide-juridique.qc.ca,,ERR:fetch failed,,,,,SITE_ERR:fetch failed|SANS_DESCRIPTION|JAMAIS_VERIFIE,,
qc-sm-montreal-journee,Centre de jour en santé mentale Montréal,Montréal,QC,santemental,514-866-0074,,https://www.cjsmtl.org,,ERR:fetch failed,,,,,SITE_ERR:fetch failed|SANS_DESCRIPTION|JAMAIS_VERIFIE,,
qc-sm-quebec-robert-giffard,Centre Robert-Giffard – Psychiatrie Québec,Québec,QC,santemental,418-663-5321,,https://www.ciusss-capitalenationale.gouv.qc.ca,,ERR:fetch failed,,,,,SITE_ERR:fetch failed|SANS_DESCRIPTION|JAMAIS_VERIFIE,,
qc-sm-laval-cite-sante,Cité-de-la-Santé – Unité psychiatrie Laval,Laval,QC,santemental,450-668-1010,,https://www.cisss-laval.gouv.qc.ca,,TIMEOUT,,,,,SITE_TIMEOUT|SANS_DESCRIPTION|JAMAIS_VERIFIE,,
qc-sm-sherbrooke-chus,Hôpital Fleurimont – Psychiatrie Sherbrooke,Sherbrooke,QC,santemental,819-346-1110,,https://www.ciussse-chus.qc.ca,,ERR:fetch failed,,,,,SITE_ERR:fetch failed|SANS_DESCRIPTION|JAMAIS_VERIFIE,,
qc-sm-montreal-tandem,Tandem Mauricie – Dépendances Trois-Rivières,Trois-Rivières,QC,santemental,819-373-6668,,https://tandem-mauricie.org,,ERR:fetch failed,,,,,SITE_ERR:fetch failed|SANS_DESCRIPTION|JAMAIS_VERIFIE,,
qc-food-sherbrooke-sv,Société Saint-Vincent-de-Paul Sherbrooke,Sherbrooke,QC,alimentation,819-569-2494,,https://www.ssvp-sherbrooke.org,,ERR:fetch failed,,,,,SITE_ERR:fetch failed|SANS_DESCRIPTION|JAMAIS_VERIFIE,,
qc-food-laval-partageons,Partageons l'Espoir – Banque alimentaire Laval,Laval,QC,alimentation,450-668-8008,,https://www.partageonslespoir.com,,ERR:fetch failed,,,,,SITE_ERR:fetch failed|SANS_DESCRIPTION|JAMAIS_VERIFIE,,
qc-food-montreal-food,Food banks – Réseau entraide alimentaire Mtl,Montréal,QC,alimentation,514-725-3265,,https://www.foodbanksquebec.com,,ERR:fetch failed,,,,,SITE_ERR:fetch failed|SANS_DESCRIPTION|JAMAIS_VERIFIE,,
qc-food-quebec-pep,Patro Roc-Amadour – Aide alimentaire Québec,Québec,QC,alimentation,418-648-8512,,https://www.patronrocamadour.org,,ERR:fetch failed,,,,,SITE_ERR:fetch failed|SANS_DESCRIPTION|JAMAIS_VERIFIE,,
qc-food-saguenay-moisson,Moisson Saguenay,Saguenay,QC,alimentation,418-693-6399,,https://www.moissonsaguenay.com,,ERR:fetch failed,,,,,SITE_ERR:fetch failed|SANS_DESCRIPTION|JAMAIS_VERIFIE,,
qc-food-gatineau-harvest,Moisson Outaouais – Banque alimentaire Gatineau,Gatineau,QC,alimentation,819-771-9549,,https://www.moissonoutaouais.ca,,TIMEOUT,,,,,SITE_TIMEOUT|SANS_DESCRIPTION|JAMAIS_VERIFIE,,
qc-emp-quebec-mcle,Carrefour Emploi Québec,Québec,QC,emploi,418-641-2255,,https://www.carrefouremploi.org,,ERR:fetch failed,,,,,SITE_ERR:fetch failed|SANS_DESCRIPTION|JAMAIS_VERIFIE,,
qc-emp-sherbrooke-cre,Carrefour jeunesse-emploi Sherbrooke,Sherbrooke,QC,emploi,819-562-2424,,https://www.cjesherbrooke.org,,ERR:fetch failed,,,,,SITE_ERR:fetch failed|SANS_DESCRIPTION|JAMAIS_VERIFIE,,
qc-emp-gatineau-cjeg,Carrefour jeunesse-emploi Gatineau,Gatineau,QC,emploi,819-770-0161,,https://www.cjegatineau.ca,,ERR:fetch failed,,,,,SITE_ERR:fetch failed|SANS_DESCRIPTION|JAMAIS_VERIFIE,,
qc-emp-laval-cjel,Carrefour jeunesse-emploi Laval,Laval,QC,emploi,450-669-3031,,https://www.cjelaval.com,,ERR:fetch failed,,,,,SITE_ERR:fetch failed|SANS_DESCRIPTION|JAMAIS_VERIFIE,,
qc-emp-longueuil-cjel,Carrefour jeunesse-emploi Longueuil,Longueuil,QC,emploi,450-677-7620,,https://www.cjelongueuil.org,,ERR:fetch failed,,,,,SITE_ERR:fetch failed|SANS_DESCRIPTION|JAMAIS_VERIFIE,,
qc-imm-montreal-agir,AGIR – Accueil et intégration immigrants,Montréal,QC,immigration,514-270-5700,,https://www.agirimmigration.org,,ERR:fetch failed,,,,,SITE_ERR:fetch failed|SANS_DESCRIPTION|JAMAIS_VERIFIE,,
qc-imm-montreal-cari,CARI Saint-Laurent – Intégration immigrants,Montréal,QC,immigration,514-748-2007,,https://www.cari-stlaurent.qc.ca,,ERR:fetch failed,,,,,SITE_ERR:fetch failed|SANS_DESCRIPTION|JAMAIS_VERIFIE,,
qc-emp-saguenay-cjes,Carrefour jeunesse-emploi Saguenay,Saguenay,QC,emploi,418-547-3339,,https://www.cjesaguenay.ca,,ERR:fetch failed,,,,,SITE_ERR:fetch failed|SANS_DESCRIPTION|JAMAIS_VERIFIE,,
qc-imm-laval-oeil,OEIL – Immigrants Laval,Laval,QC,immigration,450-689-7660,,https://www.oeildimmigrant.ca,,ERR:fetch failed,,,,,SITE_ERR:fetch failed|SANS_DESCRIPTION|JAMAIS_VERIFIE,,
qc-imm-sherbrooke-soc,SOC – Sherbrooke accueil communautaire,Sherbrooke,QC,immigration,819-566-2288,,https://www.soc-sherbrooke.ca,,ERR:fetch failed,,,,,SITE_ERR:fetch failed|SANS_DESCRIPTION|JAMAIS_VERIFIE,,
qc-immo-montreal-achat,Programme Accès Logis Montréal,Montréal,QC,achatImmobilier,514-872-4630,,https://montreal.ca/logement,,HTTP_404,,,,,SITE_HTTP_404|SANS_DESCRIPTION|JAMAIS_VERIFIE,,
qc-immo-acceslogis,AccèsLogis Québec – SHQ,Province de Québec,QC,achatImmobilier,1-800-463-4315,,https://www.shq.gouv.qc.ca,,ERR:fetch failed,,,,,SITE_ERR:fetch failed|SANS_DESCRIPTION,,
on-cavac-on,Victim Services Toronto,Toronto,ON,famille,416-808-7066,,https://www.victimservicestoronto.com,,HTTP_500,,,,,SITE_HTTP_500|SANS_DESCRIPTION|JAMAIS_VERIFIE,,
qc-immo-oaciq,OACIQ – Organisme courtage immobilier QC,Province de Québec,QC,achatImmobilier,1-800-440-7170,,https://www.oaciq.com,,BLOQUE_BOT_403,,,,,SITE_PROBABLEMENT_OK_MAIS_BLOQUE_BOT|SANS_DESCRIPTION|JAMAIS_VERIFIE,,
bc-cavac-bc,Victim Services BC,Province de la Colombie-Britannique,BC,famille,1-800-563-0808,,https://www.victimsinfo.ca,,ERR:fetch failed,,,,,SITE_ERR:fetch failed|SANS_DESCRIPTION,,
bc-cfs-bc,Children and Family Services BC,Province de la Colombie-Britannique,BC,famille,1-800-663-9122,,https://www.mcf.gov.bc.ca,,ERR:fetch failed,,,,,SITE_ERR:fetch failed|SANS_DESCRIPTION,,
ab-cavac-ab,Victim Services Alberta,Province de l'Alberta,AB,famille,1-866-845-5082,,https://www.victimservices.alberta.ca,,ERR:fetch failed,,,,,SITE_ERR:fetch failed|SANS_DESCRIPTION,,
ab-cfs-ab,Children's Services Alberta,Province de l'Alberta,AB,famille,1-800-387-5437,,https://www.alberta.ca/cs.aspx,,HTTP_404,,,,,SITE_HTTP_404|SANS_DESCRIPTION,,
mb-cmha,CMHA Manitoba,Province du Manitoba,MB,santemental,204-982-6100,,https://www.cmhambca.ca,,ERR:fetch failed,,,,,SITE_ERR:fetch failed|SANS_DESCRIPTION|JAMAIS_VERIFIE,,
ab-habitat-ab,Habitat for Humanity Alberta,Calgary,AB,achatImmobilier,403-263-4184,,https://www.habitatyyc.ca,,ERR:fetch failed,,,,,SITE_ERR:fetch failed|SANS_DESCRIPTION,,
mb-shelter-women,Osborne House – Femmes Winnipeg,Winnipeg,MB,logement,204-942-3052,,https://www.osbornehouse.ca,,ERR:fetch failed,,,,,SITE_ERR:fetch failed|SANS_DESCRIPTION|JAMAIS_VERIFIE,,
nl-shelter-women,Iris Kirby House – Femmes NL,St. John's,NL,logement,709-753-1492,,https://www.thesafis.ca,,ERR:fetch failed,,,,,SITE_ERR:fetch failed|SANS_DESCRIPTION|JAMAIS_VERIFIE,,
nb-cfs,Services famille NB,Province du Nouveau-Brunswick,NB,famille,1-888-832-2226,,https://www2.gnb.ca/enfance,,HTTP_404,,,,,SITE_HTTP_404|SANS_DESCRIPTION,,
pe-legal-aid,Aide juridique IPE,Charlottetown,PE,soutienSocial,902-368-6043,,https://www.legalaidpei.ca,,ERR:fetch failed,,,,,SITE_ERR:fetch failed|SANS_DESCRIPTION,,
ns-cmha,CMHA Nouvelle-Écosse,Province de la Nouvelle-Écosse,NS,santemental,902-466-6600,,https://cmhans.org,,HTTP_404,,,,,SITE_HTTP_404|SANS_DESCRIPTION|JAMAIS_VERIFIE,,
msss-clsc-gatineau-clsc-et-centre-de-protection-de-l-enfance-et-de-la-jeunesse-,CLSC Et Centre De Protection De L'Enfance Et De La Jeunesse De L'Outaouais,Gatineau,QC,sante,819-966-6530,,https://www.cisssoutaouais.gouv.qc.ca,,ERR:fetch failed,,,,,SITE_ERR:fetch failed|JAMAIS_VERIFIE|ADRESSE_SANS_CODE_POSTAL,,
msss-clsc-gatineau-clsc-de-vallee-de-la-lievre,CLSC De Vallée-De-La-Lièvre,Gatineau,QC,sante,819-966-6530,,https://www.cisssoutaouais.gouv.qc.ca,,ERR:fetch failed,,,,,SITE_ERR:fetch failed|JAMAIS_VERIFIE|ADRESSE_SANS_CODE_POSTAL,,
h-clos-mtl,CLOS – Comité logement Centre-Sud,Montréal,QC,logement,514-525-0399,,https://clos-mtl.org,,ERR:fetch failed,,,,,SITE_ERR:fetch failed|JAMAIS_VERIFIE,,
baq-moisson-gaspesie,Moisson Gaspésie–Les Îles,Maria,QC,alimentation,418-759-3300,,https://moissongaspesielesiles.com,,ERR:fetch failed,,,,,SITE_ERR:fetch failed|JAMAIS_VERIFIE,,
h-cl-petite-patrie,Comité logement de la Petite-Patrie,Montréal,QC,logement,514-272-9006,,https://comitelogementpp.org,,ERR:fetch failed,,,,,SITE_ERR:fetch failed|JAMAIS_VERIFIE,,
cchm-mtl,Cuisine Collective Hochelaga-Maisonneuve (CCHM),Montréal,QC,alimentation,514-529-0789,,https://cchm.qc.ca,,ERR:fetch failed,,,,,SITE_ERR:fetch failed|JAMAIS_VERIFIE,,
s-mj-hochelaga,Maison des jeunes Hochelaga-Maisonneuve,Montréal,QC,soutienSocial,514-523-3593,,https://mdjhm.com,,ERR:fetch failed,,,,,SITE_ERR:fetch failed|JAMAIS_VERIFIE,,
baq-moisson-laval,Moisson Laval,Laval,QC,alimentation,450-622-0668,,https://moissonlaval.org,,ERR:fetch failed,,,,,SITE_ERR:fetch failed|JAMAIS_VERIFIE,,
imm-cito-laval,Carrefour d'intercultures de Laval (CIL),Laval,QC,immigration,450-686-5871,,https://cilaval.com,,ERR:fetch failed,,,,,SITE_ERR:fetch failed|JAMAIS_VERIFIE,,
mh-crise-mauricie,Centre de prévention du suicide Accalmie,Trois-Rivières,QC,santemental,819-379-9238,,https://cpsaccalmie.ca,,ERR:fetch failed,,,,,SITE_ERR:fetch failed|JAMAIS_VERIFIE,,
s-pas-rue-mtl,Pas de la rue,Montréal,QC,soutienSocial,514-525-1561,,https://pasdelarue.org,,ERR:fetch failed,,,,,SITE_ERR:fetch failed|JAMAIS_VERIFIE,,
lacorbeille-quebec,La Corbeille Bordeaux-Cartierville,Montréal,QC,alimentation,514-856-0838,,https://lacorbeille.org,,ERR:fetch failed,,,,,SITE_ERR:fetch failed|JAMAIS_VERIFIE,,
imm-arrima,Arrima – Portail du MIFI pour candidats à l'immigration,Province,QC,immigration,1-877-864-9191,,https://www.quebec.ca/immigration/arrima,,HTTP_404,,,,,SITE_HTTP_404,,
baq-moisson-mitis,Moisson Mitis,Mont-Joli,QC,alimentation,418-775-4144,,https://moissonmitis.org,,ERR:fetch failed,,,,,SITE_ERR:fetch failed|JAMAIS_VERIFIE,,
s-bunker-mtl,Le Bunker – Hébergement jeunes,Montréal,QC,soutienSocial,514-524-0029,,https://en-marge.qc.ca,,ERR:fetch failed,,,,,SITE_ERR:fetch failed|JAMAIS_VERIFIE,,
baq-moisson-mauricie,Moisson Mauricie/Centre-du-Québec,Trois-Rivières,QC,alimentation,819-371-7778,,https://moissonmcdq.org,,ERR:fetch failed,,,,,SITE_ERR:fetch failed|JAMAIS_VERIFIE,,
emp-cje-laval,Carrefour jeunesse-emploi de Laval,Laval,QC,emploi,450-967-9009,,https://cje-laval.qc.ca,,ERR:fetch failed,,,,,SITE_ERR:fetch failed|JAMAIS_VERIFIE,,
emp-cje-quebec,Carrefour jeunesse-emploi de la Capitale-Nationale,Québec,QC,emploi,418-525-5526,,https://cjecn.com,,HTTP_404,,,,,SITE_HTTP_404|JAMAIS_VERIFIE,,
emp-cje-rosemont,Carrefour jeunesse-emploi Rosemont/Petite-Patrie,Montréal,QC,emploi,514-524-6826,,https://cje-rpp.org,,ERR:fetch failed,,,,,SITE_ERR:fetch failed|JAMAIS_VERIFIE,,
imm-soit-quebec,Service d'orientation et d'intégration des immigrants au travail (SOIT),Québec,QC,immigration,418-688-6311,,https://soit.ca,,ERR:fetch failed,,,,,SITE_ERR:fetch failed|JAMAIS_VERIFIE,,
emp-cje-cdv,Carrefour jeunesse-emploi Centre-Sud / Plateau Mont-Royal / Mile-End,Montréal,QC,emploi,514-528-6838,,https://cjecsplateau.org,,ERR:fetch failed,,,,,SITE_ERR:fetch failed|JAMAIS_VERIFIE,,
emp-cje-st-laurent,Carrefour jeunesse-emploi de Saint-Laurent,Montréal,QC,emploi,514-744-5237,,https://cjestlaurent.qc.ca,,ERR:fetch failed,,,,,SITE_ERR:fetch failed|JAMAIS_VERIFIE,,
s-cavac-qc,CAVAC – Centres d'aide aux victimes d'actes criminels,Province,QC,soutienSocial,1-866-532-2822,,https://cavac.qc.ca,,BLOQUE_BOT_403,,,,,SITE_PROBABLEMENT_OK_MAIS_BLOQUE_BOT,,
h-omh-gatineau,Office municipal d'habitation de Gatineau,Gatineau,QC,logement,819-771-5862,,https://omhg.ca,,ERR:fetch failed,,,,,SITE_ERR:fetch failed|JAMAIS_VERIFIE,,
emp-cle-trois-rivieres,Centre local d'emploi (CLE) Trois-Rivières,Trois-Rivières,QC,emploi,819-371-6880,,https://www.quebec.ca/emploi/centres-locaux-emploi,,HTTP_404,,,,,SITE_HTTP_404|JAMAIS_VERIFIE,,
baq-sos-depannage-granby,SOS Dépannage – Moisson Granby,Granby,QC,alimentation,450-378-3026,,https://sosdepannage.org,,ERR:fetch failed,,,,,SITE_ERR:fetch failed|JAMAIS_VERIFIE,,
h-omh-sherbrooke,Office municipal d'habitation de Sherbrooke,Sherbrooke,QC,logement,819-566-7868,,https://omhs.qc.ca,,ERR:fetch failed,,,,,SITE_ERR:fetch failed|JAMAIS_VERIFIE,,
mh-crise-iris-mtl,Centre de crise IRIS,Montréal,QC,santemental,514-388-9233,,https://centrescriseduquebec.com,,ERR:fetch failed,,,,,SITE_ERR:fetch failed|JAMAIS_VERIFIE,,
magasin-partage-mtl,Magasin-Partage de Montréal,Montréal,QC,alimentation,514-385-6499,,https://magasinpartage.com,,ERR:fetch failed,,,,,SITE_ERR:fetch failed|JAMAIS_VERIFIE,,
pw-shq-logement,SHQ – Société d'habitation du Québec,Province de Québec,QC,logement,1-800-463-4315,,https://www.habitation.gouv.qc.ca/,,BLOQUE_BOT_403,,,,,SITE_PROBABLEMENT_OK_MAIS_BLOQUE_BOT,,
pw-csj-juridique,Commission des services juridiques (Aide juridique),Province de Québec,QC,soutienSocial,1-800-842-2213,,https://www.csj.qc.ca/,,ERR:fetch failed,,,,,SITE_ERR:fetch failed,,
mh-crise-ouest-mtl,L'Autre Maison – Centre de crise,Montréal,QC,santemental,514-768-7225,,https://lautremaison.com,,ERR:fetch failed,,,,,SITE_ERR:fetch failed|JAMAIS_VERIFIE,,
baq-moisson-haut-st-francois,Moisson Haut-Saint-François,East Angus,QC,alimentation,(819) 451-2781,,https://moissonhsf.com,,ERR:fetch failed,,,,,SITE_ERR:fetch failed,,
ba-maskoutaine,La Moisson Maskoutaine,Saint-Hyacinthe,QC,alimentation,450-261-1110,,https://moissonmaskoutaine.org,,ERR:fetch failed,,,,,SITE_ERR:fetch failed|JAMAIS_VERIFIE,,
partage-st-francois-sherbrooke,Partage Saint-François,Sherbrooke,QC,alimentation,819-346-6936,,https://partagestfrancois.com,,ERR:fetch failed,,,,,SITE_ERR:fetch failed|JAMAIS_VERIFIE,,
imm-cana-gatineau,Service Intégration Travail Outaouais (SITO),Gatineau,QC,immigration,819-595-9444,,https://sito-outaouais.com,,ERR:fetch failed,,,,,SITE_ERR:fetch failed|JAMAIS_VERIFIE,,
baq-moisson-rimouski,Moisson Rimouski-Neigette,Rimouski,QC,alimentation,418-722-6868,,https://moissonrimouski.com,,ERR:fetch failed,,,,,SITE_ERR:fetch failed|JAMAIS_VERIFIE,,
baq-moisson-saguenay,Moisson Saguenay-Lac-Saint-Jean,Saguenay,QC,alimentation,418-693-1591,,https://moissonsaglac.com,,ERR:fetch failed,,,,,SITE_ERR:fetch failed|JAMAIS_VERIFIE,,
h-omh-saguenay,Office municipal d'habitation de Saguenay,Saguenay,QC,logement,418-545-8362,,https://omhsaguenay.ca,,ERR:fetch failed,,,,,SITE_ERR:fetch failed|JAMAIS_VERIFIE,,
baq-moisson-sud-ouest,Moisson Sud-Ouest,Salaberry-de-Valleyfield,QC,alimentation,450-377-1843,,https://moissonsudouest.com,,ERR:fetch failed,,,,,SITE_ERR:fetch failed|JAMAIS_VERIFIE,,
mh-cps-cdq,Centre de prévention du suicide les Deux-Rives,Lévis,QC,santemental,1-866-277-3553,,https://cps2rives.ca,,ERR:fetch failed,,,,,SITE_ERR:fetch failed|JAMAIS_VERIFIE,,
h-omh-drummondville,Office municipal d'habitation Drummond,Drummondville,QC,logement,819-477-1620,,https://omhd.ca,,ERR:fetch failed,,,,,SITE_ERR:fetch failed|JAMAIS_VERIFIE,,
h-omh-levis,Office municipal d'habitation de Lévis,Lévis,QC,logement,418-833-1531,,https://omhlevis.com,,ERR:fetch failed,,,,,SITE_ERR:fetch failed|JAMAIS_VERIFIE,,
h-omh-saint-jerome,Office municipal d'habitation de Saint-Jérôme,Saint-Jérôme,QC,logement,450-432-6862,,https://omhsj.ca,,ERR:fetch failed,,,,,SITE_ERR:fetch failed|JAMAIS_VERIFIE,,
baq-moisson-abitibi,Moisson Abitibi-Témiscamingue,Rouyn-Noranda,QC,alimentation,819-762-3173,,https://moissonat.com,,ERR:fetch failed,,,,,SITE_ERR:fetch failed|JAMAIS_VERIFIE,,
baq-moisson-beauce,Moisson Beauce,Saint-Joseph-de-Beauce,QC,alimentation,418-397-1051,,https://moissonbeauce.com,,ERR:fetch failed,,,,,SITE_ERR:fetch failed|JAMAIS_VERIFIE,,
h-cl-villeray,Comité logement de Villeray,Montréal,QC,logement,514-270-6703,,https://clvillerays.com,,ERR:fetch failed,,,,,SITE_ERR:fetch failed|JAMAIS_VERIFIE,,
h-omh-saint-jean,Office municipal d'habitation du Haut-Richelieu,Saint-Jean-sur-Richelieu,QC,logement,450-348-0289,,https://omhhr.ca,,ERR:fetch failed,,,,,SITE_ERR:fetch failed|JAMAIS_VERIFIE,,
s-mj-pat,Maison des jeunes de Pointe-aux-Trembles,Montréal,QC,soutienSocial,514-642-8546,,https://mdjpat.com,,ERR:fetch failed,,,,,SITE_ERR:fetch failed|JAMAIS_VERIFIE,,
h-omh-rimouski,Office municipal d'habitation de Rimouski-Neigette,Rimouski,QC,logement,418-723-3115,,https://omhrn.ca,,ERR:fetch failed,,,,,SITE_ERR:fetch failed|JAMAIS_VERIFIE,,
h-omh-mtl,Office municipal d'habitation de Montréal (OMHM),Montréal,QC,logement,514-872-6646,,https://omhm.qc.ca,,ERR:fetch failed,,,,,SITE_ERR:fetch failed|JAMAIS_VERIFIE,,
h-omh-longueuil,Office municipal d'habitation de Longueuil,Longueuil,QC,logement,450-670-1278,,https://omhl.ca,,ERR:fetch failed,,,,,SITE_ERR:fetch failed|JAMAIS_VERIFIE,,
sunyouth-mtl,Sun Youth / Jeunesse au Soleil,Montréal,QC,alimentation,514-842-6822,,https://sunyouthorg.com,,ERR:fetch failed,,,,,SITE_ERR:fetch failed|JAMAIS_VERIFIE,,
h-cl-laval,Comité logement de Laval,Laval,QC,logement,450-967-3138,,https://comitelogementlaval.org,,ERR:fetch failed,,,,,SITE_ERR:fetch failed|JAMAIS_VERIFIE,,
imm-soc-asile-mtl,Foyer du monde,Montréal,QC,immigration,514-733-0554,,https://foyerdumonde.org,,ERR:fetch failed,,,,,SITE_ERR:fetch failed|JAMAIS_VERIFIE,,
ab-crea-ab,Association des courtiers immobiliers AB,Province de l'Alberta,AB,achatImmobilier,403-228-6845,,https://www.crea.ca,,OK_200,,,,,SANS_DESCRIPTION,,
ab-edmonton-food,Edmonton Food Bank,Edmonton,AB,alimentation,780-425-4190,,https://www.edmontonsfoodbank.com,,OK_200,,,,,SANS_DESCRIPTION|JAMAIS_VERIFIE,,
bc-cmhc,SCHL – Colombie-Britannique,Province de la Colombie-Britannique,BC,achatImmobilier,1-800-668-2642,,https://www.cmhc-schl.gc.ca,,OK_200,,,,,SANS_DESCRIPTION,,
on-workopolis,Service Canada – Guichet-emplois,Province de l'Ontario,ON,emploi,1-800-622-6232,,https://www.guichetemplois.gc.ca,,OK_200,,,,,SANS_DESCRIPTION,,
pe-immigration-pe,Immigration PEI,Province de l'Île-du-Prince-Édouard,PE,immigration,902-620-3628,,https://www.princeedwardisland.ca/immigration,,OK_200,,,,,SANS_DESCRIPTION|JAMAIS_VERIFIE,,
bc-foodbank-surrey,Surrey Food Bank,Surrey,BC,alimentation,604-584-8813,,https://www.surreyfoodbank.org,,OK_200,,,,,SANS_DESCRIPTION|JAMAIS_VERIFIE,,
bc-housing,BC Housing,Province de la Colombie-Britannique,BC,logement,1-800-257-7756,,https://www.bchousing.org,,OK_200,,,,,SANS_DESCRIPTION,,
bc-tenant-resource,Tenant Resource & Advisory Centre,Province de la Colombie-Britannique,BC,logement,604-255-0546,,https://www.tenants.bc.ca,,OK_200,,,,,SANS_DESCRIPTION|JAMAIS_VERIFIE,,
bc-womens-shelter-bc,BC Women's Shelter – Vancouver,Vancouver,BC,logement,604-872-8212,,https://bcsth.ca,,OK_200,,,,,SANS_DESCRIPTION|JAMAIS_VERIFIE,,
on-legal-aid-ottawa,Aide juridique Ontario – Ottawa,Ottawa,ON,soutienSocial,613-238-7931,,https://www.legalaid.on.ca,,OK_200,,,,,SANS_DESCRIPTION|JAMAIS_VERIFIE,,
on-legal-aid-toronto,Aide juridique Ontario – Toronto,Toronto,ON,soutienSocial,416-979-1446,,https://www.legalaid.on.ca,,OK_200,,,,,SANS_DESCRIPTION|JAMAIS_VERIFIE,,
on-habitat-toronto,Habitat for Humanity Greater Toronto,Toronto,ON,logement,416-234-9930,,https://habitatgta.ca,,OK_200,,,,,SANS_DESCRIPTION|JAMAIS_VERIFIE,,
qc-immo-schl-qc,SCHL – Bureau Montréal,Montréal,QC,achatImmobilier,514-283-2222,,https://www.cmhc-schl.gc.ca,,OK_200,,,,,SANS_DESCRIPTION|JAMAIS_VERIFIE,,
on-children-aid-on,Children's Aid Society Ottawa,Ottawa,ON,famille,613-747-7800,,https://www.casott.on.ca,,OK_200,,,,,SANS_DESCRIPTION|JAMAIS_VERIFIE,,
on-shelter-ottawa,Ottawa Mission – Refuge hommes Ottawa,Ottawa,ON,logement,613-234-1144,,https://www.ottawamission.com,,OK_200,,,,,SANS_DESCRIPTION|JAMAIS_VERIFIE,,
bc-legal-aid-bc,Aide juridique BC – Legal Aid,Province de la Colombie-Britannique,BC,soutienSocial,604-408-2172,,https://lss.bc.ca,,OK_200,,,,,SANS_DESCRIPTION|JAMAIS_VERIFIE,,
nb-legal-aid,Aide juridique Nouveau-Brunswick,Fredericton,NB,soutienSocial,506-444-2776,,https://www.legalaid-aidejuridique-nb.ca,,OK_200,,,,,SANS_DESCRIPTION|JAMAIS_VERIFIE,,
on-toronto-public-health,Toronto Public Health,Toronto,ON,sante,416-338-7600,,https://www.toronto.ca/community-people/health-wellness-care/,,OK_200,,,,,SANS_DESCRIPTION|JAMAIS_VERIFIE,,
nb-cmha,CMHA Nouveau-Brunswick,Province du Nouveau-Brunswick,NB,santemental,506-455-5231,,https://cmhanb.ca,,OK_200,,,,,SANS_DESCRIPTION|JAMAIS_VERIFIE,,
nl-legal-aid,Aide juridique Terre-Neuve,St. John's,NL,soutienSocial,709-753-7860,,https://www.legalaid.nl.ca,,OK_200,,,,,SANS_DESCRIPTION|JAMAIS_VERIFIE,,
mb-health-line,Health Links Manitoba,Province du Manitoba,MB,sante,204-788-8200,,https://www.gov.mb.ca/health/healthlinks/,,OK_200,,,,,SANS_DESCRIPTION,,
on-orea,OREA – Ontario Real Estate Association,Province de l'Ontario,ON,achatImmobilier,416-445-9910,,https://www.orea.com,,OK_200,,,,,SANS_DESCRIPTION|JAMAIS_VERIFIE,,
on-employment-on,Emploi Ontario,Province de l'Ontario,ON,emploi,1-800-387-5514,,https://www.ontario.ca/page/employment-ontario,,OK_200,,,,,SANS_DESCRIPTION,,
sk-cmhc-sk,SCHL – Saskatchewan,Province de la Saskatchewan,SK,achatImmobilier,1-800-668-2642,,https://www.cmhc-schl.gc.ca,,OK_200,,,,,SANS_DESCRIPTION,,
on-costi-toronto,COSTI – Immigrant Services,Toronto,ON,immigration,416-658-1600,,https://www.costi.org,,OK_200,,,,,SANS_DESCRIPTION|JAMAIS_VERIFIE,,
nl-cmha,CMHA Terre-Neuve,Province de Terre-Neuve-et-Labrador,NL,santemental,709-753-8550,,https://www.cmhanl.ca,,OK_200,,,,,SANS_DESCRIPTION|JAMAIS_VERIFIE,,
on-catholic-cross,Catholic Cross-Cultural Services,Toronto,ON,immigration,416-757-7010,,https://www.ccscan.ca,,OK_200,,,,,SANS_DESCRIPTION|JAMAIS_VERIFIE,,
bc-211,211 Colombie-Britannique,Province de la Colombie-Britannique,BC,soutienSocial,211,,https://www.211.ca,,OK_200,,,,,SANS_DESCRIPTION,,
on-children-aid-toronto,Children's Aid Society Toronto,Toronto,ON,famille,416-924-4646,,https://www.torontocas.ca,,OK_200,,,,,SANS_DESCRIPTION|JAMAIS_VERIFIE,,
bc-crisis-line,BC Crisis Line,Province de la Colombie-Britannique,BC,santemental,1-800-784-2433,,https://www.crisiscentre.bc.ca,,OK_200,,,,,SANS_DESCRIPTION,,
on-interval-house,Interval House – Violence conjugale,Toronto,ON,famille,416-924-1491,,https://www.intervalhouse.ca,,OK_200,,,,,SANS_DESCRIPTION|JAMAIS_VERIFIE,,
bc-health-link,HealthLink BC,Province de la Colombie-Britannique,BC,sante,811,,https://www.healthlinkbc.ca,,OK_200,,,,,SANS_DESCRIPTION,,
bc-rebgv,Association immobilière du Grand Vancouver,Vancouver,BC,achatImmobilier,604-730-3000,,https://www.rebgv.org,,OK_200,,,,,SANS_DESCRIPTION|JAMAIS_VERIFIE,,
bc-workbc,WorkBC – Emploi,Province de la Colombie-Britannique,BC,emploi,1-877-952-6914,,https://www.workbc.ca,,OK_200,,,,,SANS_DESCRIPTION,,
ab-ahs,Alberta Health Services,Province de l'Alberta,AB,sante,1-877-644-9992,,https://www.albertahealthservices.ca,,OK_200,,,,,SANS_DESCRIPTION,,
on-cmhc-on,SCHL – Société canadienne d'hypothèques,Province de l'Ontario,ON,achatImmobilier,1-800-668-2642,,https://www.cmhc-schl.gc.ca,,OK_200,,,,,SANS_DESCRIPTION,,
ab-health-link,Health Link Alberta,Province de l'Alberta,AB,sante,811,,https://www.albertahealthservices.ca/assets/healthinfo/link/index.html,,OK_200,,,,,SANS_DESCRIPTION,,
on-ohip,Assurance-maladie OHIP,Province de l'Ontario,ON,sante,1-800-268-1154,,https://www.ontario.ca/page/what-ohip-covers,,OK_200,,,,,SANS_DESCRIPTION,,
nl-crisis-nl,Mental Health Crisis Line NL,Province de Terre-Neuve-et-Labrador,NL,santemental,1-888-737-4668,,https://www.gov.nl.ca/hcs/mentalhealth/,,OK_200,,,,,SANS_DESCRIPTION,,
qc-immo-fciq,FCIQ – Fédération chambres immobilières QC,Province de Québec,QC,achatImmobilier,514-762-2440,,https://www.fciq.ca,,OK_200,,,,,SANS_DESCRIPTION|JAMAIS_VERIFIE,,
ab-alis,ALIS – Emploi Alberta,Province de l'Alberta,AB,emploi,1-800-661-3753,,https://alis.alberta.ca,,OK_200,,,,,SANS_DESCRIPTION,,
mb-klinic,Klinic Community Health,Winnipeg,MB,santemental,204-784-4090,,https://klinic.mb.ca,,OK_200,,,,,SANS_DESCRIPTION|JAMAIS_VERIFIE,,
ab-cmhc-ab,SCHL – Alberta,Province de l'Alberta,AB,achatImmobilier,1-800-668-2642,,https://www.cmhc-schl.gc.ca,,OK_200,,,,,SANS_DESCRIPTION,,
nb-shelter-moncton,Harvest House – Hébergement urgence,Moncton,NB,logement,506-388-0090,,https://www.harvesthouse.ca,,OK_200,,,,,SANS_DESCRIPTION|JAMAIS_VERIFIE,,
on-211,211 Ontario,Province de l'Ontario,ON,soutienSocial,211,,https://211ontario.ca,,OK_200,,,,,SANS_DESCRIPTION,,
on-camh,Centre for Addiction and Mental Health (CAMH),Toronto,ON,santemental,416-535-8501,,https://www.camh.ca,,OK_200,,,,,SANS_DESCRIPTION|JAMAIS_VERIFIE,,
sk-mobile-crisis,Mobile Crisis Services,Regina,SK,santemental,306-757-0127,,https://www.mobilecrisis.ca,,OK_200,,,,,SANS_DESCRIPTION|JAMAIS_VERIFIE,,
ns-immigration-ns,ISANS – Immigrant Services Association of NS,Halifax,NS,immigration,902-423-3607,,https://isans.ca,,OK_200,,,,,SANS_DESCRIPTION|JAMAIS_VERIFIE,,
on-kids-help,Kids Help Phone,Province de l'Ontario,ON,santemental,1-800-668-6868,,https://kidshelpphone.ca,,OK_200,,,,,SANS_DESCRIPTION,,
on-toronto-shelter,Refuge – Ville de Toronto,Toronto,ON,logement,416-338-4766,,https://www.toronto.ca/community-people/housing-shelter/,,OK_200,,,,,SANS_DESCRIPTION|JAMAIS_VERIFIE,,
on-rentals-on,Location — Tribunal du logement,Province de l'Ontario,ON,logement,1-888-332-3234,,https://tribunalsontario.ca/ltb/,,OK_200,,,,,SANS_DESCRIPTION,,
pe-811,Health PEI – Info-Santé,Province de l'Île-du-Prince-Édouard,PE,sante,811,,https://www.healthpei.ca,,OK_200,,,,,SANS_DESCRIPTION,,
pe-family-pe,Family Violence Prevention Services PEI,Province de l'Île-du-Prince-Édouard,PE,famille,902-368-6589,,https://www.princeedwardisland.ca/fr/information/affaires-sociales-et-aines/violence-familiale,,OK_200,,,,,SANS_DESCRIPTION,,
bc-greater-vancouver-food,Greater Vancouver Food Bank,Vancouver,BC,alimentation,604-876-3601,,https://www.foodbank.bc.ca,,OK_200,,,,,SANS_DESCRIPTION|JAMAIS_VERIFIE,,
on-ottawa-food,Ottawa Food Bank,Ottawa,ON,alimentation,613-745-7001,,https://ottawafoodbank.ca,,OK_200,,,,,SANS_DESCRIPTION|JAMAIS_VERIFIE,,
bc-mosaic,MOSAIC – Immigrant Services,Vancouver,BC,immigration,604-254-9626,,https://www.mosaicbc.org,,OK_200,,,,,SANS_DESCRIPTION|JAMAIS_VERIFIE,,
nl-housing-nl,NL Housing Corporation,Province de Terre-Neuve-et-Labrador,NL,logement,709-724-3000,,https://www.nlhc.nl.ca,,OK_200,,,,,SANS_DESCRIPTION|JAMAIS_VERIFIE,,
bc-shelter-vancouver,Union Gospel Mission Vancouver,Vancouver,BC,logement,604-253-3323,,https://www.ugm.ca,,OK_200,,,,,SANS_DESCRIPTION|JAMAIS_VERIFIE,,
nl-nlhs,Newfoundland and Labrador Health Services,Province de Terre-Neuve-et-Labrador,NL,sante,709-752-4100,,https://nlhealthservices.ca,,OK_200,,,,,SANS_DESCRIPTION|JAMAIS_VERIFIE,,
on-daily-bread,Daily Bread Food Bank,Toronto,ON,alimentation,416-203-0050,,https://www.dailybread.ca,,OK_200,,,,,SANS_DESCRIPTION|JAMAIS_VERIFIE,,
on-distress,Ligne de crise – Distress Centres of Ontario,Province de l'Ontario,ON,santemental,1-800-268-9688,,https://www.dcontario.org,,OK_200,,,,,SANS_DESCRIPTION,,
yt-cmhc-yt,SCHL – Yukon,Territoire du Yukon,YT,achatImmobilier,1-800-668-2642,,https://www.cmhc-schl.gc.ca,,OK_200,,,,,SANS_DESCRIPTION,,
pe-cmhc-pe,SCHL – Île-du-Prince-Édouard,Province de l'Île-du-Prince-Édouard,PE,achatImmobilier,1-800-668-2642,,https://www.cmhc-schl.gc.ca,,OK_200,,,,,SANS_DESCRIPTION,,
ab-calgary-housing,Calgary Housing Company,Calgary,AB,logement,403-568-9600,,https://calgaryhousing.com,,OK_200,,,,,SANS_DESCRIPTION,,
ab-crisis-line-ab,Crisis Line Alberta,Province de l'Alberta,AB,santemental,1-844-944-5465,,https://www.albertahealthservices.ca/findhealth/service.aspx?Id=6810,,OK_200,,,,,SANS_DESCRIPTION,,
ab-ecca,ECCA – Immigrant Services Calgary,Calgary,AB,immigration,403-297-3888,,https://www.ecca.org,,OK_200,,,,,SANS_DESCRIPTION,,
nt-cmhc-nt,SCHL – Territoires du Nord-Ouest,Territoires du Nord-Ouest,NT,achatImmobilier,1-800-668-2642,,https://www.cmhc-schl.gc.ca,,OK_200,,,,,SANS_DESCRIPTION,,
nt-employment-nt,Services aux travailleurs TNO,Yellowknife,NT,emploi,867-920-3252,,https://www.ece.gov.nt.ca/fr/services/emploi,,OK_200,,,,,SANS_DESCRIPTION,,
nt-mcss,Multi-Cultural Centre NWT,Yellowknife,NT,immigration,867-873-8292,,https://www.mcss.ca,,OK_200,,,,,SANS_DESCRIPTION|JAMAIS_VERIFIE,,
ab-ecala,Immigrant Services Edmonton (EISA),Edmonton,AB,immigration,780-474-8445,,https://www.eisa-edmonton.org,,OK_200,,,,,SANS_DESCRIPTION|JAMAIS_VERIFIE,,
mb-siloam,Siloam Mission – Hébergement urgence,Winnipeg,MB,logement,204-942-4673,,https://www.siloam.ca,,OK_200,,,,,SANS_DESCRIPTION|JAMAIS_VERIFIE,,
mb-cmhc-mb,SCHL – Manitoba,Province du Manitoba,MB,achatImmobilier,1-800-668-2642,,https://www.cmhc-schl.gc.ca,,OK_200,,,,,SANS_DESCRIPTION,,
mb-employment-mb,Manitoba Employment Standards,Province du Manitoba,MB,emploi,204-945-3352,,https://www.gov.mb.ca/labour/standards/,,OK_200,,,,,SANS_DESCRIPTION,,
mb-winnipeg-harvest,Winnipeg Harvest Food Bank,Winnipeg,MB,alimentation,204-982-3670,,https://winnipegharvest.org,,OK_200,,,,,SANS_DESCRIPTION|JAMAIS_VERIFIE,,
pe-crisis-line,Ligne de crise IPE,Province de l'Île-du-Prince-Édouard,PE,santemental,1-800-218-2885,,https://www.princeedwardisland.ca/fr/information/sante-pei,,OK_200,,,,,SANS_DESCRIPTION,,
sk-foodbank-regina,Regina Food Bank,Regina,SK,alimentation,306-527-0000,,https://www.reginafoodbank.ca,,OK_200,,,,,SANS_DESCRIPTION|JAMAIS_VERIFIE,,
nb-chimo,Chimo – Ligne de crise,Province du Nouveau-Brunswick,NB,santemental,1-800-667-5005,,https://www.chimohelpline.ca,,OK_200,,,,,SANS_DESCRIPTION,,
sk-foodbank-saskatoon,Saskatoon Food Bank,Saskatoon,SK,alimentation,306-664-6565,,https://www.saskatoonfoodbank.org,,OK_200,,,,,SANS_DESCRIPTION|JAMAIS_VERIFIE,,
pe-health-pei,Health PEI,Province de l'Île-du-Prince-Édouard,PE,sante,902-368-6130,,https://www.healthpei.ca,,OK_200,,,,,SANS_DESCRIPTION|JAMAIS_VERIFIE,,
nb-hnb,Horizon Santé-Nord NB,Province du Nouveau-Brunswick,NB,sante,506-857-5111,,https://www.horizonnb.ca,,OK_200,,,,,SANS_DESCRIPTION,,
nb-wellness-nb,Bien-être NB,Province du Nouveau-Brunswick,NB,santemental,1-866-771-7712,,https://www.gnb.ca/sante,,OK_200,,,,,SANS_DESCRIPTION,,
nb-cmhc-nb,SCHL – Nouveau-Brunswick,Province du Nouveau-Brunswick,NB,achatImmobilier,1-800-668-2642,,https://www.cmhc-schl.gc.ca,,OK_200,,,,,SANS_DESCRIPTION,,
ns-crisis-line,Ligne de crise NS,Province de la Nouvelle-Écosse,NS,santemental,1-888-429-8167,,https://www.nshealth.ca,,OK_200,,,,,SANS_DESCRIPTION,,
ns-nsha,Nova Scotia Health Authority,Province de la Nouvelle-Écosse,NS,sante,1-855-450-3700,,https://www.nshealth.ca,,OK_200,,,,,SANS_DESCRIPTION,,
nl-family-nl,Choices for Youth NL,St. John's,NL,famille,709-722-2070,,https://choicesforyouth.ca,,OK_200,,,,,SANS_DESCRIPTION|JAMAIS_VERIFIE,,
pe-employment-pe,Emploi PEI,Province de l'Île-du-Prince-Édouard,PE,emploi,902-368-5780,,https://www.princeedwardisland.ca/fr/sujet/emploi,,OK_200,,,,,SANS_DESCRIPTION,,
nl-811-nl,HealthLine NL,Province de Terre-Neuve-et-Labrador,NL,sante,811,,https://www.gov.nl.ca/hcs/,,OK_200,,,,,SANS_DESCRIPTION,,
nl-cmhc-nl,SCHL – Terre-Neuve-et-Labrador,Province de Terre-Neuve-et-Labrador,NL,achatImmobilier,1-800-668-2642,,https://www.cmhc-schl.gc.ca,,OK_200,,,,,SANS_DESCRIPTION,,
nu-cmhc-nu,SCHL – Nunavut,Territoire du Nunavut,NU,achatImmobilier,1-800-668-2642,,https://www.cmhc-schl.gc.ca,,OK_200,,,,,SANS_DESCRIPTION,,
nu-housing-nu,Nunavut Housing Corporation,Iqaluit,NU,logement,867-975-7200,,https://www.nunavuthousing.ca,,OK_200,,,,,SANS_DESCRIPTION|JAMAIS_VERIFIE,,
nl-employment-nl,Emploi NL,Province de Terre-Neuve-et-Labrador,NL,emploi,709-729-2480,,https://www.gov.nl.ca/mae/,,OK_200,,,,,SANS_DESCRIPTION,,
yt-foodbank-yt,Whitehorse Food Bank,Whitehorse,YT,alimentation,867-456-4567,,https://www.whitehorsefoodbank.ca,,OK_200,,,,,SANS_DESCRIPTION|JAMAIS_VERIFIE,,
qc-refuge-montreal-armeedusalut,Armée du Salut – Refuge Montréal,Montréal,QC,logement,514-288-2848,,https://www.salvationarmy.ca,,OK_200,,,,,SANS_DESCRIPTION|JAMAIS_VERIFIE,,
nb-health-line,Téléconsultation médicale NB,Province du Nouveau-Brunswick,NB,sante,811,,https://www2.gnb.ca/content/gnb/fr/services/services_renderer.201397.Health_Link_-_Health_Advice_811.html,,OK_200,,,,,SANS_DESCRIPTION,,
qc-refuge-qc-lauberiviere,La Bouchée Généreuse – L'Auberivière Québec,Québec,QC,logement,418-694-9316,,https://www.lauberiviere.org,,OK_200,,,,,SANS_DESCRIPTION|JAMAIS_VERIFIE,,
on-women-shelter-on,Interval House – Toronto,Toronto,ON,logement,416-924-1491,,https://www.intervalhouse.ca,,OK_200,,,,,SANS_DESCRIPTION|JAMAIS_VERIFIE,,
on-ymca-toronto,YMCA Newcomer Services Toronto,Toronto,ON,immigration,416-928-9622,,https://www.ymcagta.org,,OK_200,,,,,SANS_DESCRIPTION|JAMAIS_VERIFIE,,
qc-refuge-gatineau-maison-verte,Maison d'hébergement d'urgence Gatineau,Gatineau,QC,logement,819-770-6060,,,,,,,,,SANS_SITE|SANS_DESCRIPTION|JAMAIS_VERIFIE,,
qc-refuge-laval-croix-chemin,La Piaule – Refuge jeunes Laval,Laval,QC,logement,450-669-4155,,https://www.lapiaule.ca,,OK_200,,,,,SANS_DESCRIPTION|JAMAIS_VERIFIE,,
qc-refuge-saguenay-havre,Centre Le Havre Saguenay,Saguenay,QC,logement,(418) 548-0071,,,,,,,,,SANS_SITE|SANS_DESCRIPTION,,
qc-log-montreal-rclalq,RCLALQ – Réseau droits locataires QC,Province de Québec,QC,logement,514-521-7114,,https://www.rclalq.qc.ca,,OK_200,,,,,SANS_DESCRIPTION,,
on-ottawa-public-health,Ottawa Public Health,Ottawa,ON,sante,613-580-6744,,https://www.ottawapublichealth.ca,,OK_200,,,,,SANS_DESCRIPTION|JAMAIS_VERIFIE,,
on-habitat-on,Habitat pour l'Humanité Ontario,Province de l'Ontario,ON,logement,416-234-9930,,https://habitatgta.ca,,OK_200,,,,,SANS_DESCRIPTION|JAMAIS_VERIFIE,,
bc-mental-health,BC Mental Health & Substance Use,Province de la Colombie-Britannique,BC,santemental,1-800-663-1441,,https://www.bcmhsus.ca,,OK_200,,,,,SANS_DESCRIPTION,,
on-family-services-toronto,Family Service Toronto,Toronto,ON,famille,416-595-9618,,https://www.familyservicetoronto.org,,OK_200,,,,,SANS_DESCRIPTION|JAMAIS_VERIFIE,,
on-foodbank-on,Feed Ontario – Réseau banques alimentaires,Province de l'Ontario,ON,alimentation,905-624-9896,,https://feedontario.ca,,OK_200,,,,,SANS_DESCRIPTION|JAMAIS_VERIFIE,,
ab-distress-calgary,Distress Centre Calgary,Calgary,AB,santemental,403-266-4357,,https://www.distresscentre.com,,OK_200,,,,,SANS_DESCRIPTION,,
bc-family-services,Family Services of Greater Vancouver,Vancouver,BC,famille,604-736-4016,,https://www.fsgv.ca,,OK_200,,,,,SANS_DESCRIPTION|JAMAIS_VERIFIE,,
bc-transition-house,BC Society of Transition Houses,Province de la Colombie-Britannique,BC,famille,1-800-563-0808,,https://www.bcsth.ca,,OK_200,,,,,SANS_DESCRIPTION,,
mb-housing-mb,Manitoba Housing,Province du Manitoba,MB,logement,204-945-4663,,https://www.gov.mb.ca/housing/,,OK_200,,,,,SANS_DESCRIPTION,,
mb-family-services,Family Services Manitoba,Province du Manitoba,MB,famille,204-945-6171,,https://www.gov.mb.ca/fs/,,OK_200,,,,,SANS_DESCRIPTION,,
sk-sha,Saskatchewan Health Authority,Province de la Saskatchewan,SK,sante,1-833-766-7427,,https://www.saskhealthauthority.ca,,OK_200,,,,,SANS_DESCRIPTION,,
sk-legal-aid,Aide juridique Saskatchewan,Regina,SK,soutienSocial,306-787-3177,,https://www.legalaid.sk.ca,,OK_200,,,,,SANS_DESCRIPTION|JAMAIS_VERIFIE,,
nb-cafi,CAFI – Accueil francophone immigrants,Moncton,NB,immigration,506-382-7766,,https://www.cafi-nb.org,,OK_200,,,,,SANS_DESCRIPTION|JAMAIS_VERIFIE,,
ns-811,Info-Santé 811,Province de la Nouvelle-Écosse,NS,sante,811,,https://www.nshealth.ca,,OK_200,,,,,SANS_DESCRIPTION,,
ns-cmhc-ns,SCHL – Nouvelle-Écosse,Province de la Nouvelle-Écosse,NS,achatImmobilier,1-800-668-2642,,https://www.cmhc-schl.gc.ca,,OK_200,,,,,SANS_DESCRIPTION,,
ns-foodbank-ns,Feed Nova Scotia,Province de la Nouvelle-Écosse,NS,alimentation,902-457-1900,,https://www.feednovascotia.ca,,OK_200,,,,,SANS_DESCRIPTION|JAMAIS_VERIFIE,,
qc-mf-sherbrooke-mfs,Maison de la famille de Sherbrooke,Sherbrooke,QC,famille,819-821-4040,,https://maisonfamillesherbrooke.com,,OK_200,,,,,SANS_DESCRIPTION|JAMAIS_VERIFIE,,
ns-family-ns,Family SOS Nova Scotia,Province de la Nouvelle-Écosse,NS,famille,902-422-7650,,https://familysos.ca,,OK_200,,,,,SANS_DESCRIPTION|JAMAIS_VERIFIE,,
pe-housing-pe,PEI Housing,Province de l'Île-du-Prince-Édouard,PE,logement,902-620-3875,,https://www.princeedwardisland.ca/housing,,OK_200,,,,,SANS_DESCRIPTION|JAMAIS_VERIFIE,,
qc-dpj-gatineau,DPJ – Protection jeunesse Outaouais,Gatineau,QC,famille,819-771-6631,,https://www.cisss-outaouais.gouv.qc.ca,,OK_200,,,,,SANS_DESCRIPTION|JAMAIS_VERIFIE,,
qc-mf-longueuil-mfon,Maison de la famille de Longueuil,Longueuil,QC,famille,450-651-5010,,,,,,,,,SANS_SITE|SANS_DESCRIPTION|JAMAIS_VERIFIE,,
qc-dpj-montreal,DPJ – Protection jeunesse Montréal,Montréal,QC,famille,514-896-3100,,https://www.centrejeunessedemontreal.qc.ca,,OK_200,,,,,SANS_DESCRIPTION|JAMAIS_VERIFIE,,
qc-mf-saguenay-mfsag,Maison de la famille de Saguenay,Saguenay,QC,famille,418-543-4774,,,,,,,,,SANS_SITE|SANS_DESCRIPTION|JAMAIS_VERIFIE,,
nl-acsi,Association for New Canadians NL,St. John's,NL,immigration,709-722-9680,,https://www.ancnl.ca,,OK_200,,,,,SANS_DESCRIPTION|JAMAIS_VERIFIE,,
qc-dpj-longueuil,DPJ – Protection jeunesse Montérégie,Longueuil,QC,famille,450-679-6444,,https://www.santemonteregie.qc.ca,,OK_200,,,,,SANS_DESCRIPTION|JAMAIS_VERIFIE,,
nt-crisis-nt,Ligne de crise TNO,Territoires du Nord-Ouest,NT,santemental,1-800-661-0844,,https://www.hss.gov.nt.ca,,OK_200,,,,,SANS_DESCRIPTION,,
nt-health-nt,TNO – Santé et Services sociaux,Yellowknife,NT,sante,867-767-9120,,https://www.hss.gov.nt.ca,,OK_200,,,,,SANS_DESCRIPTION|JAMAIS_VERIFIE,,
nt-housing-nt,NWT Housing Corporation,Yellowknife,NT,logement,867-767-9150,,https://www.nwthc.gov.nt.ca,,OK_200,,,,,SANS_DESCRIPTION|JAMAIS_VERIFIE,,
qc-aj-gatineau,Bureau aide juridique Gatineau,Gatineau,QC,soutienSocial,819-568-0990,,https://aidejuridiqueoutaouais.ca,,OK_200,,,,,SANS_DESCRIPTION|JAMAIS_VERIFIE,,
qc-cjp-montreal,Centre justice proximité Montréal,Montréal,QC,soutienSocial,514-878-1289,,https://info-justice.ca,,OK_200,,,,,SANS_DESCRIPTION|JAMAIS_VERIFIE,,
qc-cjp-quebec,Centre justice proximité Québec,Québec,QC,soutienSocial,418-641-0072,,https://info-justice.ca,,OK_200,,,,,SANS_DESCRIPTION|JAMAIS_VERIFIE,,
qc-cjp-sherbrooke,Centre justice proximité Estrie,Sherbrooke,QC,soutienSocial,819-820-3160,,https://info-justice.ca,,OK_200,,,,,SANS_DESCRIPTION|JAMAIS_VERIFIE,,
qc-cjp-gatineau,Centre justice proximité Outaouais,Gatineau,QC,soutienSocial,819-770-3881,,https://info-justice.ca,,OK_200,,,,,SANS_DESCRIPTION|JAMAIS_VERIFIE,,
qc-cjp-laval,Centre justice proximité Laval,Laval,QC,soutienSocial,450-663-2233,,https://info-justice.ca,,OK_200,,,,,SANS_DESCRIPTION|JAMAIS_VERIFIE,,
qc-soc-ophq,OPHQ – Office personnes handicapées QC,Province de Québec,QC,soutienSocial,1-800-567-1465,,https://www.ophq.gouv.qc.ca,,OK_200,,,,,SANS_DESCRIPTION,,
qc-soc-aqriph,AQRIPH – Droits personnes handicapées,Province de Québec,QC,soutienSocial,514-284-0155,,https://www.aqriph.com,,OK_200,,,,,SANS_DESCRIPTION|JAMAIS_VERIFIE,,
qc-soc-fadoq,FADOQ – Réseau aînés Québec,Province de Québec,QC,soutienSocial,1-800-544-9058,,https://www.fadoq.ca,,OK_200,,,,,SANS_DESCRIPTION,,
qc-soc-itinerance-qc,Réseau SOLIDARITÉ itinérance Québec,Province de Québec,QC,soutienSocial,514-523-7177,,https://www.rsiq.org,,OK_200,,,,,SANS_DESCRIPTION|JAMAIS_VERIFIE,,
qc-soc-maisons-jeunes,Regroupement maisons des jeunes Québec,Province de Québec,QC,soutienSocial,514-990-5900,,https://www.rmjq.org,,OK_200,,,,,SANS_DESCRIPTION|JAMAIS_VERIFIE,,
qc-soc-autochtones-montreal,Foyer Père Dowd – Autochtones Montréal,Montréal,QC,soutienSocial,514-283-3580,,https://www.nativemontreal.com,,OK_200,,,,,SANS_DESCRIPTION|JAMAIS_VERIFIE,,
qc-sm-montreal-douglas,Institut Douglas – Santé mentale Montréal,Montréal,QC,santemental,514-761-6131,,https://www.douglas.qc.ca,,OK_200,,,,,SANS_DESCRIPTION|JAMAIS_VERIFIE,,
qc-sm-montreal-psy,Institut Philippe-Pinel – Psychiatrie légale Montréal,Montréal,QC,santemental,514-648-8461,,https://www.pinel.qc.ca,,OK_200,,,,,SANS_DESCRIPTION|JAMAIS_VERIFIE,,
qc-soc-exæquo,Exæquo – Personnes handicapées physiques,Province de Québec,QC,soutienSocial,514-284-5390,,https://www.exaequo.net,,OK_200,,,,,SANS_DESCRIPTION|JAMAIS_VERIFIE,,
qc-sm-treml-traversier,Le Traversier – Santé mentale Trois-Rivières,Trois-Rivières,QC,santemental,819-373-5820,,,,,,,,,SANS_SITE|SANS_DESCRIPTION|JAMAIS_VERIFIE,,
qc-sm-provincial-ami,AMI-Québec – Proches de personnes malades,Province de Québec,QC,santemental,514-486-1448,,https://www.amiquebec.org,,OK_200,,,,,SANS_DESCRIPTION|JAMAIS_VERIFIE,,
qc-sm-provincial-revivre,Revivre – Anxiété et dépression QC,Province de Québec,QC,santemental,514-738-4873,,https://www.revivre.org,,OK_200,,,,,SANS_DESCRIPTION|JAMAIS_VERIFIE,,
qc-food-laval-multicaf,Multicaf – Cuisine communautaire Côte-des-Neiges,Montréal,QC,alimentation,514-737-2112,,https://www.multicaf.org,,OK_200,,,,,SANS_DESCRIPTION|JAMAIS_VERIFIE,,
qc-food-longueuil-moisson,Moisson Rive-Sud – Banque alimentaire,Longueuil,QC,alimentation,450-646-4665,,https://www.moissonrivesud.com,,OK_200,,,,,SANS_DESCRIPTION|JAMAIS_VERIFIE,,
qc-emp-montreal-carrefour,Carrefour jeunesse-emploi Montréal-Centre,Montréal,QC,emploi,514-270-9513,,https://www.cjemontreal.org,,OK_200,,,,,SANS_DESCRIPTION|JAMAIS_VERIFIE,,
qc-emp-montreal-promis,PROMIS – Intégration emploi immigrants Montréal,Montréal,QC,emploi,514-270-9318,,https://www.promis.qc.ca,,OK_200,,,,,SANS_DESCRIPTION|JAMAIS_VERIFIE,,
qc-emp-montreal-saje,SAJE – Accompagnement entrepreneurs Montréal,Montréal,QC,emploi,514-876-9099,,https://www.saje.ca,,OK_200,,,,,SANS_DESCRIPTION|JAMAIS_VERIFIE,,
qc-imm-montreal-jias,Service d'aide aux immigrants JIAS Montréal,Montréal,QC,immigration,514-342-9970,,https://www.jias.org,,OK_200,,,,,SANS_DESCRIPTION|JAMAIS_VERIFIE,,
qc-imm-montreal-midi-info,MIDI – Centre d'information immigrants Montréal,Montréal,QC,immigration,514-864-9191,,https://www.quebec.ca/immigration,,OK_200,,,,,SANS_DESCRIPTION|JAMAIS_VERIFIE,,
qc-imm-quebec-mifi,MIFI – Bureau régional Québec,Québec,QC,immigration,418-649-8500,,https://www.quebec.ca/immigration,,OK_200,,,,,SANS_DESCRIPTION|JAMAIS_VERIFIE,,
qc-imm-gatineau-aco,AFIO – Accompagnement femmes immigrantes Outaouais,Gatineau,QC,immigration,819-776-6764,,https://afio.ca,,OK_200,,,,,SANS_DESCRIPTION|JAMAIS_VERIFIE,,
qc-imm-longueuil-sia,Service intégration agglomération Longueuil,Longueuil,QC,immigration,450-677-5060,,,,,,,,,SANS_SITE|SANS_DESCRIPTION|JAMAIS_VERIFIE,,
on-cjetr-toronto,CivicAction – Emploi jeunes Ontario,Toronto,ON,emploi,416-309-1850,,https://civicaction.ca,,OK_200,,,,,SANS_DESCRIPTION|JAMAIS_VERIFIE,,
on-cmha-toronto,Association canadienne santé mentale Toronto,Toronto,ON,santemental,416-789-7957,,https://www.camh.ca/en/health-info,,OK_200,,,,,SANS_DESCRIPTION|JAMAIS_VERIFIE,,
ab-legal-aid-ab,Aide juridique Alberta – Calgary,Calgary,AB,soutienSocial,403-297-2260,,https://www.legalaid.ab.ca,,OK_200,,,,,SANS_DESCRIPTION,,
ab-women-shelter-ab,Lurana Shelter – Femmes Edmonton,Edmonton,AB,logement,780-424-5875,,https://www.luranashelter.com,,OK_200,,,,,SANS_DESCRIPTION|JAMAIS_VERIFIE,,
bc-cmha-bc,Association canadienne santé mentale BC,Province de la Colombie-Britannique,BC,santemental,604-688-3234,,https://www.cmha.bc.ca,,OK_200,,,,,SANS_DESCRIPTION|JAMAIS_VERIFIE,,
sk-cfs,Ministry Social Services SK,Province de la Saskatchewan,SK,famille,1-866-759-6677,,https://www.saskatchewan.ca/residents/family-and-social-support,,OK_200,,,,,SANS_DESCRIPTION,,
mb-cfs,Child and Family Services MB,Province du Manitoba,MB,famille,1-800-665-6332,,https://www.gov.mb.ca/fs/childfam/,,OK_200,,,,,SANS_DESCRIPTION,,
sk-shelter-women,YWCA Regina – Femmes,Regina,SK,logement,306-525-2141,,https://www.ywcaregina.com,,OK_200,,,,,SANS_DESCRIPTION|JAMAIS_VERIFIE,,
ab-cmha-ab,Association canadienne santé mentale Alberta,Province de l'Alberta,AB,santemental,780-482-5505,,https://cmha.ab.ca,,OK_200,,,,,SANS_DESCRIPTION|JAMAIS_VERIFIE,,
mb-legal-aid,Aide juridique Manitoba,Winnipeg,MB,soutienSocial,204-985-8500,,https://www.legalaid.mb.ca,,OK_200,,,,,SANS_DESCRIPTION|JAMAIS_VERIFIE,,
ns-legal-aid,Aide juridique Nouvelle-Écosse,Halifax,NS,soutienSocial,902-420-6566,,https://www.nslegalaid.ca,,OK_200,,,,,SANS_DESCRIPTION|JAMAIS_VERIFIE,,
ns-shelter-women,Bryony House – Femmes Halifax,Halifax,NS,logement,902-423-7183,,https://www.bryonyhouse.ca,,OK_200,,,,,SANS_DESCRIPTION|JAMAIS_VERIFIE,,
drum-garde-g-la-petite-ecole-vision-drummondville,G. LA PETITE ÉCOLE VISION DRUMMONDVILLE,Drummondville,QC,famille,819-850-1850,,,,,,,,,SANS_SITE|ADRESSE_SANS_CODE_POSTAL,,
drum-garde-cpe-le-papillon-enchante-inst-1,CPE LE PAPILLON ENCHANTÉ - INST. 1,Drummondville,QC,famille,819-477-4475,,,,,,,,,SANS_SITE|ADRESSE_SANS_CODE_POSTAL,,
emp-cfp-mauricie,Centre de formation professionnelle Mauricie,Trois-Rivières,QC,emploi,1-800-567-8655,,https://cfmfp.ca,,OK_200,,,,,JAMAIS_VERIFIE|ADRESSE_SANS_CODE_POSTAL,,
drum-garde-g-au-chateau-des-amis,G. AU CHÂTEAU DES AMIS,Drummondville,QC,famille,819-474-2254,,,,,,,,,SANS_SITE|ADRESSE_SANS_CODE_POSTAL,,
tr-drop,Drogue Aide et Référence — Point de contact Trois-Rivières,Trois-Rivières,QC,santemental,1-800-265-2626,,,,,,,,,SANS_SITE|JAMAIS_VERIFIE|ADRESSE_SANS_CODE_POSTAL,,
drum-garde-cpe-plumeau-soleil-inst-la-ribambelle,CPE PLUMEAU-SOLEIL - INST. LA RIBAMBELLE,Drummondville,QC,famille,819-478-7886,,,,,,,,,SANS_SITE|ADRESSE_SANS_CODE_POSTAL,,
tr-garde-g-la-petite-academie,G. LA PETITE ACADÉMIE,Trois-Rivières,QC,famille,819-373-5121,,https://www.quebec.ca/famille-et-soutien-aux-personnes/enfance/garderies-et-services-de-garde/portail-inscription/parents/acceder-parents,,OK_200,,,,,JAMAIS_VERIFIE|ADRESSE_SANS_CODE_POSTAL,,
saaq-gatineau,SAAQ — Bureau de Gatineau,Gatineau,QC,soutienSocial,1-800-361-7620,,,,,,,,,SANS_SITE|JAMAIS_VERIFIE|ADRESSE_SANS_CODE_POSTAL,,
saaq-longueuil,SAAQ — Bureau de Longueuil,Longueuil,QC,soutienSocial,1-800-361-7620,,,,,,,,,SANS_SITE|JAMAIS_VERIFIE|ADRESSE_SANS_CODE_POSTAL,,
drum-garde-cpe-grand-mere-douceur-inst-le-quartier,CPE GRAND-MÈRE DOUCEUR - INST. LE QUARTIER,Drummondville,QC,famille,819-850-0773,,,,,,,,,SANS_SITE|ADRESSE_SANS_CODE_POSTAL,,
drum-garde-cpe-fardoche-inst-saint-alfred,CPE FARDOCHE - INST. SAINT-ALFRED,Drummondville,QC,famille,819-478-8898,,,,,,,,,SANS_SITE|ADRESSE_SANS_CODE_POSTAL,,
na-mauricie,Narcotiques Anonymes Mauricie,Trois-Rivières,QC,santemental,1-800-879-0333,,,,,,,,,SANS_SITE|JAMAIS_VERIFIE|ADRESSE_SANS_CODE_POSTAL,,
drum-garde-cpe-fardoche-inst-du-moulin,CPE FARDOCHE - INST. DU MOULIN,Drummondville,QC,famille,819-478-8898,,,,,,,,,SANS_SITE|ADRESSE_SANS_CODE_POSTAL,,
drum-garde-france-munger,France Munger,Drummondville,QC,famille,819-472-4454,,,,,,,,,SANS_SITE,,
tableedeschefs-qc,La Tablée des Chefs,Saint-Bruno-de-Montarville,QC,alimentation,450-462-5443,,https://tableedeschefs.org,,OK_200,,,,,JAMAIS_VERIFIE,,
drum-garde-milieu-familial,Services de garde en milieu familial — Drummondville (1),Drummondville,QC,famille,819-472-4454,,,,,,,,,SANS_SITE,,
msss-chsld-saint-michel-de-bellechasse-centre-d-hebergement-et-de-soins-de-longue-duree-vigi-notre-,Centre D'Hébergement Et De Soins De Longue Durée Vigi Notre-Dame-De-Lourdes,Saint-Michel-de-Bellechasse,QC,sante,418-884-2282,,,,,,,,,SANS_SITE|JAMAIS_VERIFIE,,
urgent-jeu-aide,Jeu : aide et référence,Province de Québec,QC,santemental,1-800-461-0140,,,,,,,,,SANS_SITE,,
rccq-qc,Regroupement des cuisines collectives du Québec (RCCQ),Montréal,QC,alimentation,514-529-3448,,https://rccq.org,,OK_200,,,,,JAMAIS_VERIFIE,,
accueil-bonneau-tr,Accueil Bonneau — Distribution alimentaire,Trois-Rivières,QC,alimentation,819-374-5000,,,,,,,,,SANS_SITE|JAMAIS_VERIFIE,,
aide-installation-immigrants,Aide à l'installation des immigrants,Trois-Rivières,QC,immigration,819-373-4822,,,,,,,,,SANS_SITE|JAMAIS_VERIFIE,,
msss-clsc-montreal-aire-ouverte-montreal-nord,Aire Ouverte Montréal-Nord,Montréal,QC,sante,514-934-0354,,,,,,,,,SANS_SITE|JAMAIS_VERIFIE,,
assurance-cooperators,Co-operators,Province de Québec,QC,soutienSocial,1-888-265-6444,,,,,,,,,SANS_SITE,,
drum-garde-cpe-plumeau-soleil,CPE PLUMEAU-SOLEIL,Drummondville,QC,famille,819-478-7886,,,,,,,,,SANS_SITE,,
tr-garde-g-l-oiseau-bleu-ii,G. L'OISEAU BLEU II,Trois-Rivières,QC,famille,819-909-1145,,https://www.quebec.ca/famille-et-soutien-aux-personnes/enfance/garderies-et-services-de-garde/portail-inscription/parents/acceder-parents,,OK_200,,,,,JAMAIS_VERIFIE,,
assurance-td,TD Assurance,Province de Québec,QC,soutienSocial,1-888-788-0839,,,,,,,,,SANS_SITE,,
drum-garde-mme-ivonn-sanchez-cruz,Mme Ivonn Sanchez Cruz,Drummondville,QC,famille,819-472-4454,,,,,,,,,SANS_SITE,,
msss-chsld-saint-michel-du-squatec-centre-d-hebergement-de-squatec,Centre D'Hébergement De Squatec,Saint-Michel-du-Squatec,QC,sante,418-899-6751,,,,,,,,,SANS_SITE|JAMAIS_VERIFIE,,
shawi-garde-service-de-garde-zoe,Service de garde Zoé,Shawinigan,QC,famille,819-533-3326,,,,,,,,,SANS_SITE|JAMAIS_VERIFIE,,
msss-chsld-montreal-chsld-polonais-marie-curie-sklodowska,CHSLD Polonais Marie-Curie-Sklodowska,Montréal,QC,sante,514-934-0354,,,,,,,,,SANS_SITE|JAMAIS_VERIFIE,,
msss-chsld-saint-pacome-centre-d-hebergement-de-saint-pacome,Centre D'Hébergement De Saint-Pacôme,Saint-Pacôme,QC,sante,418-852-2765,,,,,,,,,SANS_SITE|JAMAIS_VERIFIE,,
drum-garde-mon-beau-petit-cocon,Mon Beau Petit Cocon,Drummondville,QC,famille,819-472-4454,,,,,,,,,SANS_SITE,,
msss-chsld-sainte-agathe-des-monts-maison-des-aines-de-sainte-agathe-des-monts,Maison Des Aînés De Sainte-Agathe-Des-Monts,Sainte-Agathe-des-Monts,QC,sante,819-324-4000,,,,,,,,,SANS_SITE|JAMAIS_VERIFIE,,
baq-moisson-kamouraska,Moisson Kamouraska,La Pocatière,QC,alimentation,418-856-3325,,https://moissonkamouraska.org,,OK_200,,,,,JAMAIS_VERIFIE,,
s-cab-mtl,Centre d'action bénévole de Montréal,Montréal,QC,soutienSocial,514-842-3351,,https://cabm.net,,OK_200,,,,,JAMAIS_VERIFIE,,
msss-clsc-saint-simeon-clsc-et-centre-d-hebergement-de-saint-simeon,CLSC Et Centre D'Hébergement De Saint-Siméon,Saint-Siméon,QC,sante,418-638-2424,,,,,,,,,SANS_SITE|JAMAIS_VERIFIE,,
popotes-roulantes-qc,Popotes Roulantes du Québec (PRASAB),Québec,QC,alimentation,1-877-953-2363,,https://popotes.org,,OK_200,,,,,JAMAIS_VERIFIE,,
drum-garde-stephanie,Stephanie,Drummondville,QC,famille,819-472-4454,,,,,,,,,SANS_SITE,,
s-rsiq,RSIQ – Réseau Solidarité Itinérance du Québec,Province,QC,soutienSocial,514-879-1949,,https://rsiq.org,,OK_200,,,,,JAMAIS_VERIFIE,,
msss-hopital-montreal-hopital-maisonneuve-rosemont,Hôpital Maisonneuve-Rosemont,Montréal,QC,sante,514-934-0354,,,,,,,,,SANS_SITE|JAMAIS_VERIFIE,,
accueil-communautaire-tr,Accueil communautaire Trois-Rivières,Trois-Rivières,QC,soutienSocial,819-373-1473,,,,,,,,,SANS_SITE|JAMAIS_VERIFIE,,
drum-garde-cpe-a-tire-d-aile-inst-av-des-lilas,CPE À TIRE D'AILE - INST. AV. DES LILAS,Drummondville,QC,famille,819-477-9474,,,,,,,,,SANS_SITE,,
tr-garde-nancy,Nancy,Trois-Rivières,QC,famille,819-694-6662,,https://www.quebec.ca/famille-et-soutien-aux-personnes/enfance/garderies-et-services-de-garde/portail-inscription/parents/acceder-parents,,OK_200,,,,,JAMAIS_VERIFIE,,
s-fcabq,FCABQ – Fédération des centres d'action bénévole du Québec,Montréal,QC,soutienSocial,514-843-6312,,https://fcabq.org,,OK_200,,,,,JAMAIS_VERIFIE,,
centre911-centreduqc,Centre 911 — Centre-du-Québec,Drummondville,QC,soutienSocial,911,,,,,,,,,SANS_SITE,,
msss-clsc-sainte-genevieve-de-batiscan-clsc-et-centre-de-readaptation-en-dependance-de-sainte-genev,CLSC Et Centre De Réadaptation En Dépendance De Sainte-Geneviève-De-Batiscan,Sainte-Geneviève-de-Batiscan,QC,sante,418-362-2727,,,,,,,,,SANS_SITE|JAMAIS_VERIFIE,,
v-suicide-action-mtl,Suicide Action Montréal,Montréal,QC,santemental,1-866-277-3553,,,,,,,,,SANS_SITE|JAMAIS_VERIFIE,,
baq-moisson-lanaudiere,Moisson Lanaudière,L'Assomption,QC,alimentation,450-654-1414,,https://moissonlanaudiere.org,,OK_200,,,,,JAMAIS_VERIFIE,,
drum-garde-maison-d-amour,Maison d’amour,Drummondville,QC,famille,819-472-4454,,,,,,,,,SANS_SITE,,
drum-garde-service-de-garde-chez-yaya,Service de garde chez Yaya,Drummondville,QC,famille,819-472-4454,,,,,,,,,SANS_SITE,,
msss-chsld-saguenay-centre-d-hebergement-jacques-cartier,Centre D'Hébergement Jacques-Cartier,Saguenay,QC,sante,418-541-1000,,,,,,,,,SANS_SITE|JAMAIS_VERIFIE,,
msss-hopital-montreal-hopital-du-sacre-coeur-de-montreal,Hôpital Du Sacré-Coeur-De-Montréal,Montréal,QC,sante,514-934-0354,,,,,,,,,SANS_SITE|JAMAIS_VERIFIE,,
msss-hopital-salaberry-de-valleyfield-centre-de-services-ambulatoires-de-la-rue-victoria,Centre De Services Ambulatoires De La Rue Victoria,Salaberry-de-Valleyfield,QC,sante,450-371-9920,,,,,,,,,SANS_SITE|JAMAIS_VERIFIE,,
tr-garde-cpe-jean-noel-lapin-inst-ste-marthe,CPE JEAN-NOËL LAPIN - INST. STE-MARTHE,Trois-Rivières,QC,famille,819-372-9640,,https://www.quebec.ca/famille-et-soutien-aux-personnes/enfance/garderies-et-services-de-garde/portail-inscription/parents/acceder-parents,,OK_200,,,,,JAMAIS_VERIFIE,,
tr-legal1,Bureau d'aide juridique de la Mauricie,Trois-Rivières,QC,soutienSocial,819-371-6711,,,,,,,,,SANS_SITE|JAMAIS_VERIFIE,,
msss-hopital-sainte-justine-groupe-de-medecine-de-famille-universitaire-de-sainte-justin,Groupe De Médecine De Famille Universitaire De Sainte-Justine,Sainte-Justine,QC,sante,418 383-3095,,,,,,,,,SANS_SITE,,
drum-garde-milieu-familial-4,Services de garde en milieu familial — Drummondville (4),Drummondville,QC,famille,819-472-4454,,,,,,,,,SANS_SITE,,
emp-pw1,Emploi-Québec – Services d'emploi,Province de Québec,QC,emploi,1-877-644-4545,,,,,,,,,SANS_SITE,,
h-blu-quebec,Bureau d'animation et de leadership pour le logement (BAIL),Québec,QC,logement,418-523-6177,,https://lebail.qc.ca,,OK_200,,,,,JAMAIS_VERIFIE,,
msss-hopital-quebec-hopital-du-saint-sacrement,Hôpital Du Saint-Sacrement,Québec,QC,sante,418-525-4444,,,,,,,,,SANS_SITE|JAMAIS_VERIFIE,,
s-cab-quebec,Centre d'action bénévole de Québec,Québec,QC,soutienSocial,418-681-3501,,https://cabquebec.org,,OK_200,,,,,JAMAIS_VERIFIE,,
tr-garde-winnie-garderie,Winnie garderie,Trois-Rivières,QC,famille,819-694-6662,,https://www.quebec.ca/famille-et-soutien-aux-personnes/enfance/garderies-et-services-de-garde/portail-inscription/parents/acceder-parents,,OK_200,,,,,JAMAIS_VERIFIE,,
centre-entraide-alimentaire,Centre d'entraide alimentaire,Trois-Rivières,QC,alimentation,819-373-4455,,,,,,,,,SANS_SITE|JAMAIS_VERIFIE,,
saaq-sherbrooke,SAAQ — Bureau de Sherbrooke,Sherbrooke,QC,soutienSocial,1-800-361-7620,,,,,,,,,SANS_SITE|JAMAIS_VERIFIE,,
msss-clsc-sherbrooke-clsc-et-groupe-de-medecine-de-famille-universitaire-king-est,CLSC Et Groupe De Médecine De Famille Universitaire King Est,Sherbrooke,QC,sante,819-346-1110,,,,,,,,,SANS_SITE|JAMAIS_VERIFIE,,
centre-jeunesse-mauricie,Centre jeunesse Mauricie–Centre-du-Québec,Trois-Rivières,QC,santemental,819-374-4783,,,,,,,,,SANS_SITE|JAMAIS_VERIFIE,,
drum-garde-cpe-a-tire-d-aile-inst-boul-des-pins,CPE À TIRE D'AILE - INST. BOUL. DES PINS,Drummondville,QC,famille,819-477-9474,,,,,,,,,SANS_SITE,,
imm-tcri,TCRI – Table de concertation des organismes au service des personnes réfugiées et immigrantes,Montréal,QC,immigration,514-272-6060,,https://tcri.qc.ca,,OK_200,,,,,JAMAIS_VERIFIE,,
centre911-longueuil,Centre 911 — Agglomération de Longueuil,Longueuil,QC,soutienSocial,911,,,,,,,,,SANS_SITE,,
msss-chsld-warwick-centre-d-hebergement-de-warwick,Centre D'Hébergement De Warwick,Warwick,QC,sante,819-358-2777,,,,,,,,,SANS_SITE|JAMAIS_VERIFIE,,
drum-garde-cpe-la-maison-de-becassine-inst-1,CPE LA MAISON DE BÉCASSINE - INST 1,Drummondville,QC,famille,819-472-1811,,,,,,,,,SANS_SITE,,
s-resilience-mtl,Résilience Montréal,Montréal,QC,soutienSocial,438-381-0222,,https://resiliencemontreal.com,,OK_200,,,,,JAMAIS_VERIFIE,,
centre911-montreal,Centre 911 de Montréal,Montréal,QC,soutienSocial,911,,,,,,,,,SANS_SITE,,
msss-hopital-quebec-hopital-saint-francois-d-assise,Hôpital Saint-François D'Assise,Québec,QC,sante,418-525-4444,,,,,,,,,SANS_SITE|JAMAIS_VERIFIE,,
msss-hopital-sherbrooke-chus-hopital-fleurimont,Chus - Hôpital Fleurimont,Sherbrooke,QC,sante,819-346-1110,,,,,,,,,SANS_SITE|JAMAIS_VERIFIE,,
msss-clsc-perce-clsc-de-barachois,CLSC De Barachois,Percé,QC,sante,418-782-2572,,,,,,,,,SANS_SITE|JAMAIS_VERIFIE,,
centre911-quebec,Centre 911 de Québec,Québec,QC,soutienSocial,911,,,,,,,,,SANS_SITE,,
shawi-garde-a-coeur-joie,À Coeur Joie,Shawinigan,QC,famille,819-533-3326,,,,,,,,,SANS_SITE|JAMAIS_VERIFIE,,
drum-garde-cpe-sur-une-patte-inst-celanese,CPE SUR UNE PATTE - INST. CELANESE,Drummondville,QC,famille,819-477-5154,,,,,,,,,SANS_SITE,,
emp-axtra,AXTRA – Alliance des centres-conseils en emploi,Montréal,QC,emploi,514-721-3051,,https://axtra.ca,,OK_200,,,,,JAMAIS_VERIFIE,,
msss-clsc-laval-centre-multiservices-de-sante-et-de-services-sociaux-de-lava,Centre Multiservices De Santé Et De Services Sociaux De Laval,Laval,QC,sante,450-668-1010,,,,,,,,,SANS_SITE|JAMAIS_VERIFIE,,
msss-hopital-montreal-hopital-de-verdun,Hôpital De Verdun,Montréal,QC,sante,514-934-0354,,,,,,,,,SANS_SITE|JAMAIS_VERIFIE,,
msss-clsc-victoriaville-centre-d-hebergement-et-clsc-du-chene,Centre D'Hébergement Et CLSC Du CHêne,Victoriaville,QC,sante,819-758-7281,,,,,,,,,SANS_SITE|JAMAIS_VERIFIE,,
msss-hopital-saint-jerome-centre-multiservices-de-sante-et-de-services-sociaux-d-youvi,Centre Multiservices De Santé Et De Services Sociaux D'Youville,Saint-Jérôme,QC,sante,450-432-2777,,,,,,,,,SANS_SITE|JAMAIS_VERIFIE,,
msss-chsld-weedon-chsld-de-weedon,CHSLD De Weedon,Weedon,QC,sante,819-877-3434,,,,,,,,,SANS_SITE|JAMAIS_VERIFIE,,
imm-soifi-longueuil,Service d'aide aux Néo-Canadiens (Sherbrooke),Sherbrooke,QC,immigration,819-566-5373,,https://sanc-sherbrooke.ca,,OK_200,,,,,JAMAIS_VERIFIE,,
msss-hopital-saint-charles-borromee-pavillon-de-soins-palliatifs-de-saint-charles-borromee,Pavillon De Soins Palliatifs De Saint-Charles-Borromée,Saint-Charles-Borromée,QC,sante,450-759-8222,,,,,,,,,SANS_SITE|JAMAIS_VERIFIE,,
drum-garde-louise-beland,Louise Beland,Drummondville,QC,famille,819-472-4454,,,,,,,,,SANS_SITE,,
msss-clsc-riviere-bleue-centre-d-hebergement-de-riviere-bleue,Centre D'Hébergement De Rivière-Bleue,Rivière-Bleue,QC,sante,418-893-5596,,,,,,,,,SANS_SITE|JAMAIS_VERIFIE,,
msss-chsld-rosemere-centre-d-hebergement-hubert-maisonneuve,Centre D'Hébergement Hubert-Maisonneuve,Rosemère,QC,sante,450-432-2777,,,,,,,,,SANS_SITE|JAMAIS_VERIFIE,,
msss-clsc-val-d-or-centre-multiservices-de-sante-et-de-services-sociaux-l-etape,Centre Multiservices De Santé Et De Services Sociaux L'Étape,Val-d'Or,QC,sante,819-825-5858,,,,,,,,,SANS_SITE|JAMAIS_VERIFIE,,
msss-clsc-saint-pamphile-clsc-et-centre-de-services-externes-pour-les-aines-de-saint-,CLSC Et Centre De Services Externes Pour Les Aînés De Saint-Pamphile,Saint-Pamphile,QC,sante,418-356-3393,,,,,,,,,SANS_SITE|JAMAIS_VERIFIE,,
drum-garde-marinela-sirca,Marinela Sirca,Drummondville,QC,famille,819-472-4454,,,,,,,,,SANS_SITE,,
centre911-saguenay,Centre 911 de Saguenay — Lac-Saint-Jean,Saguenay,QC,soutienSocial,911,,,,,,,,,SANS_SITE,,
tr-garde-garderie-educative-lumiere-du-monde,Garderie éducative lumière du monde,Trois-Rivières,QC,famille,819-694-6662,,https://www.quebec.ca/famille-et-soutien-aux-personnes/enfance/garderies-et-services-de-garde/portail-inscription/parents/acceder-parents,,OK_200,,,,,JAMAIS_VERIFIE,,
tr-garde-cpe-entre-deux-nuages,CPE ENTRE DEUX NUAGES,Trois-Rivières,QC,famille,819-374-0401,,https://www.quebec.ca/famille-et-soutien-aux-personnes/enfance/garderies-et-services-de-garde/portail-inscription/parents/acceder-parents,,OK_200,,,,,JAMAIS_VERIFIE,,
msss-clsc-lebel-sur-quevillon-centre-de-sante-lebel,Centre De Santé Lebel,Lebel-sur-Quévillon,QC,sante,819-755-4881,,,,,,,,,SANS_SITE|JAMAIS_VERIFIE,,
tr-garde-marie-claude-fournier,Marie-Claude Fournier,Trois-Rivières,QC,famille,819-694-6662,,https://www.quebec.ca/famille-et-soutien-aux-personnes/enfance/garderies-et-services-de-garde/portail-inscription/parents/acceder-parents,,OK_200,,,,,JAMAIS_VERIFIE,,
msss-chsld-saint-hyacinthe-centre-d-hebergement-andree-perrault,Centre D'Hébergement Andrée-Perrault,Saint-Hyacinthe,QC,sante,450-771-3333,,,,,,,,,SANS_SITE|JAMAIS_VERIFIE,,
msss-clsc-saint-anselme-chsld-et-clsc-de-saint-anselme,CHSLD Et CLSC De Saint-Anselme,Saint-Anselme,QC,sante,418-885-4466,,,,,,,,,SANS_SITE|JAMAIS_VERIFIE,,
msss-chsld-les-bergeronnes-chsld-des-bergeronnes,CHSLD Des Bergeronnes,Les Bergeronnes,QC,sante,418-232-6259,,,,,,,,,SANS_SITE|JAMAIS_VERIFIE,,
msss-clsc-lac-etchemin-centre-multiservices-de-sante-et-de-services-sociaux-de-lac-,Centre Multiservices De Santé Et De Services Sociaux De Lac-Etchemin,Lac-Etchemin,QC,sante,418-625-3101,,,,,,,,,SANS_SITE|JAMAIS_VERIFIE,,
drum-garde-les-oisillons-du-bonheur,Les oisillons du bonheur,Drummondville,QC,famille,819-472-4454,,,,,,,,,SANS_SITE,,
msss-chsld-sainte-claire-chsld-de-sainte-claire,CHSLD De Sainte-Claire,Sainte-Claire,QC,sante,418-883-3246,,,,,,,,,SANS_SITE|JAMAIS_VERIFIE,,
shawi-garde-a-coeur-joie-sgee-en-communaute,"À Coeur Joie, sgee en communauté",Shawinigan,QC,famille,819-533-3326,,,,,,,,,SANS_SITE|JAMAIS_VERIFIE,,
msss-clsc-saint-prosper-clsc-et-chsld-de-saint-prosper,CLSC Et CHSLD De Saint-Prosper,Saint-Prosper,QC,sante,418-594-6329,,,,,,,,,SANS_SITE|JAMAIS_VERIFIE,,
msss-chsld-princeville-centre-d-hebergement-de-saint-eusebe,Centre D'Hébergement De Saint-Eusèbe,Princeville,QC,sante,819-364-2001,,,,,,,,,SANS_SITE|JAMAIS_VERIFIE,,
emp-pw2,Service Canada – Assurance-emploi (AE),Province de Québec,QC,emploi,1-800-206-7218,,,,,,,,,SANS_SITE,,
msss-clsc-low-clsc-de-low,CLSC De Low,Low,QC,sante,819-422-3744,,,,,,,,,SANS_SITE|JAMAIS_VERIFIE,,
imm-acet,Accueil Parrainage Outaouais (APO),Gatineau,QC,immigration,819-777-2960,,https://www.apo-qc.org,,OK_200,,,,,JAMAIS_VERIFIE,,
msss-clsc-riviere-rouge-centre-multiservices-de-sante-et-de-services-sociaux-de-rivi,Centre Multiservices De Santé Et De Services Sociaux De Rivière-Rouge,Rivière-Rouge,QC,sante,819-623-1234,,,,,,,,,SANS_SITE|JAMAIS_VERIFIE,,
msss-clsc-saint-gervais-chsld-et-clsc-de-saint-gervais,CHSLD Et CLSC De Saint-Gervais,Saint-Gervais,QC,sante,418-887-6650,,,,,,,,,SANS_SITE|JAMAIS_VERIFIE,,
msss-chsld-saint-raphael-chsld-de-saint-raphael,CHSLD De Saint-Raphaël,Saint-Raphaël,QC,sante,418-243-2571,,,,,,,,,SANS_SITE|JAMAIS_VERIFIE,,
msss-chsld-ville-marie-chsld-de-ville-marie,CHSLD De Ville-Marie,Ville-Marie,QC,sante,819-629-2420,,,,,,,,,SANS_SITE|JAMAIS_VERIFIE,,
s-centraide-quebec,Centraide Québec et Chaudière-Appalaches,Québec,QC,soutienSocial,418-660-2000,,https://centraide-quebec.com,,OK_200,,,,,JAMAIS_VERIFIE,,
msss-clsc-weedon-clsc-de-weedon,CLSC De Weedon,Weedon,QC,sante,819-877-3434,,,,,,,,,SANS_SITE|JAMAIS_VERIFIE,,
msss-chsld-gatineau-centre-d-hebergement-et-de-soins-de-longue-duree-vigi-de-l-o,Centre D'Hébergement Et De Soins De Longue Durée Vigi De L'Outaouais,Gatineau,QC,sante,819-966-6530,,,,,,,,,SANS_SITE|JAMAIS_VERIFIE,,
tr-garde-chez-titi,Chez Titi,Trois-Rivières,QC,famille,819-694-6662,,https://www.quebec.ca/famille-et-soutien-aux-personnes/enfance/garderies-et-services-de-garde/portail-inscription/parents/acceder-parents,,OK_200,,,,,JAMAIS_VERIFIE,,
drum-garde-milieu-familial-2,Services de garde en milieu familial — Drummondville (2),Drummondville,QC,famille,819-472-4454,,,,,,,,,SANS_SITE,,
msss-clsc-matagami-centre-de-sante-isle-dieu,Centre De Santé Isle-Dieu,Matagami,QC,sante,819-739-2515,,,,,,,,,SANS_SITE|JAMAIS_VERIFIE,,
msss-hopital-saint-lambert-centre-de-services-pour-les-aines-de-saint-lambert,Centre De Services Pour Les Aînés De Saint-Lambert,Saint-Lambert,QC,sante,450-466-5000,,,,,,,,,SANS_SITE|JAMAIS_VERIFIE,,
imm-actions-interculturelles-estrie,Actions Interculturelles,Sherbrooke,QC,immigration,819-823-1300,,https://aide.org,,OK_200,,,,,JAMAIS_VERIFIE,,
msss-chsld-shawinigan-centre-d-hebergement-et-de-readaptation-en-deficience-intell,Centre D'Hébergement Et De Réadaptation En Déficience Intellectuelle Et En Troubles Du Spectre De L'Autisme Laflèche,Shawinigan,QC,sante,819-536-7500,,,,,,,,,SANS_SITE|JAMAIS_VERIFIE,,
msss-clsc-saint-lazare-de-bellechasse-clsc-de-saint-lazare-de-bellechasse,CLSC De Saint-Lazare-De-Bellechasse,Saint-Lazare-de-Bellechasse,QC,sante,418-883-3246,,,,,,,,,SANS_SITE|JAMAIS_VERIFIE,,
msss-hopital-shawville-hopital-et-chsld-du-pontiac,Hôpital Et CHSLD Du Pontiac,Shawville,QC,sante,819-647-2211,,,,,,,,,SANS_SITE|JAMAIS_VERIFIE,,
msss-hopital-gatineau-centre-de-services-ambulatoires-corbeil,Centre De Services Ambulatoires Corbeil,Gatineau,QC,sante,819-966-6530,,,,,,,,,SANS_SITE|JAMAIS_VERIFIE,,
emp-cremauricie-tr,Coopérative de remplacement de la Mauricie – Trois-Rivières,Trois-Rivières,QC,emploi,819-370-3660,,https://cremauricie.com,,OK_200,,,,,JAMAIS_VERIFIE,,
drum-garde-cpe-grand-mere-douceur-inst-drummond,CPE GRAND-MÈRE DOUCEUR - INST. DRUMMOND,Drummondville,QC,famille,819-474-5849,,,,,,,,,SANS_SITE,,
msss-clsc-la-tuque-centre-multiservices-de-sante-et-de-services-sociaux-du-haut,Centre Multiservices De Santé Et De Services Sociaux Du Haut-Saint-Maurice,La Tuque,QC,sante,819-523-4581,,,,,,,,,SANS_SITE|JAMAIS_VERIFIE,,
msss-clsc-pohenegamook-clsc-de-pohenegamook,CLSC De Pohénégamook,Pohénégamook,QC,sante,418-859-2267,,,,,,,,,SANS_SITE|JAMAIS_VERIFIE,,
msss-clsc-richmond-clsc-de-richmond,CLSC De Richmond,Richmond,QC,sante,819-826-3781,,,,,,,,,SANS_SITE|JAMAIS_VERIFIE,,
imm-clic-mtl,Clinique pour la Justice migrante,Montréal,QC,immigration,514-987-8786,,https://cliniquejusticemigrante.org,,OK_200,,,,,JAMAIS_VERIFIE,,
msss-hopital-montreal-hotel-dieu-de-montreal,Hôtel-Dieu De Montréal,Montréal,QC,sante,514-934-0354,,,,,,,,,SANS_SITE|JAMAIS_VERIFIE,,
v-ligne-parents,LigneParents,Province de Québec,QC,famille,1-800-361-5085,,,,,,,,,SANS_SITE,,
emp-cremauricie-louiseville,Coopérative de remplacement de la Mauricie – MRC de Maskinongé,Louiseville,QC,emploi,819-370-3660,,https://cremauricie.com,,OK_200,,,,,JAMAIS_VERIFIE,,
msss-chsld-montreal-centre-d-hebergement-jean-de-la-lande,Centre D'Hébergement Jean-De-La-Lande,Montréal,QC,sante,514-934-0354,,,,,,,,,SANS_SITE|JAMAIS_VERIFIE,,
drum-garde-rhode-flavienne-mbatchou-piengue,Rhode Flavienne Mbatchou Piengue,Drummondville,QC,famille,819-472-4454,,,,,,,,,SANS_SITE,,
msss-chsld-rimouski-centre-d-hebergement-de-rimouski,Centre D'Hébergement De Rimouski,Rimouski,QC,sante,418-724-3000,,,,,,,,,SANS_SITE|JAMAIS_VERIFIE,,
msss-chsld-lyster-centre-d-hebergement-de-lyster,Centre D'Hébergement De Lyster,Lyster,QC,sante,819-389-5671,,,,,,,,,SANS_SITE|JAMAIS_VERIFIE,,
msss-chsld-val-d-or-chsld-de-val-d-or,CHSLD De Val-D'Or,Val-d'Or,QC,sante,819-825-5858,,,,,,,,,SANS_SITE|JAMAIS_VERIFIE,,
msss-clsc-shawville-clsc-de-shawville,CLSC De Shawville,Shawville,QC,sante,819-647-2211,,,,,,,,,SANS_SITE|JAMAIS_VERIFIE,,
msss-clsc-gatineau-clsc-leguerrier,CLSC Leguerrier,Gatineau,QC,sante,819-966-6530,,,,,,,,,SANS_SITE|JAMAIS_VERIFIE,,
msss-clsc-les-escoumins-centre-multiservices-de-sante-et-de-services-sociaux-des-esc,Centre Multiservices De Santé Et De Services Sociaux Des Escoumins,Les Escoumins,QC,sante,418-233-2931,,,,,,,,,SANS_SITE|JAMAIS_VERIFIE,,
msss-chsld-saint-georges-chsld-richard-busque,CHSLD Richard-Busque,Saint-Georges,QC,sante,418-228-2031,,,,,,,,,SANS_SITE|JAMAIS_VERIFIE,,
emp-cremauricie-mekinac,Coopérative de remplacement de la Mauricie – MRC de Mékinac,Sainte-Thècle,QC,emploi,819-537-0354,,https://cremauricie.com,,OK_200,,,,,JAMAIS_VERIFIE,,
drum-garde-milieu-familial-3,Services de garde en milieu familial — Drummondville (3),Drummondville,QC,famille,819-472-4454,,,,,,,,,SANS_SITE,,
msss-chsld-montreal-centre-le-cardinal,Centre Le Cardinal,Montréal,QC,sante,514-934-0354,,,,,,,,,SANS_SITE|JAMAIS_VERIFIE,,
msss-chsld-saint-jean-sur-richelieu-chsld-champagnat,CHSLD Champagnat,Saint-Jean-sur-Richelieu,QC,sante,450-359-5000,,,,,,,,,SANS_SITE|JAMAIS_VERIFIE,,
s-rmjq,RMJQ – Regroupement des maisons de jeunes du Québec,Province,QC,soutienSocial,418-666-6663,,https://rmjq.org,,OK_200,,,,,JAMAIS_VERIFIE,,
msss-chsld-montreal-chsld-marie-rollet,CHSLD Marie-Rollet,Montréal,QC,sante,514-934-0354,,,,,,,,,SANS_SITE|JAMAIS_VERIFIE,,
emp-cremauricie-shawinigan,Coopérative de remplacement de la Mauricie – Shawinigan,Shawinigan,QC,emploi,819-537-0354,,https://cremauricie.com,,OK_200,,,,,JAMAIS_VERIFIE,,
msss-clsc-quebec-centre-multiservices-de-sante-et-de-services-sociaux-christ-,Centre Multiservices De Santé Et De Services Sociaux Christ-Roi,Québec,QC,sante,418-525-4444,,,,,,,,,SANS_SITE|JAMAIS_VERIFIE,,
saaq-laval,SAAQ — Bureau de Laval,Laval,QC,soutienSocial,1-800-361-7620,,,,,,,,,SANS_SITE|JAMAIS_VERIFIE,,
tr-garde-karine-clement,Karine Clément,Trois-Rivières,QC,famille,819-694-6662,,https://www.quebec.ca/famille-et-soutien-aux-personnes/enfance/garderies-et-services-de-garde/portail-inscription/parents/acceder-parents,,OK_200,,,,,JAMAIS_VERIFIE,,
msss-chsld-saint-lambert-centre-d-hebergement-et-de-soins-de-longue-duree-de-saint-la,Centre D'Hébergement Et De Soins De Longue Durée De Saint-Lambert-Sur-Le-Golf,Saint-Lambert,QC,sante,450-466-5000,,,,,,,,,SANS_SITE|JAMAIS_VERIFIE,,
msss-hopital-longueuil-centre-de-services-ambulatoires-en-sante-mentale-de-longueui,Centre De Services Ambulatoires En Santé Mentale De Longueuil,Longueuil,QC,sante,450-466-5000,,,,,,,,,SANS_SITE|JAMAIS_VERIFIE,,
tr-garde-andreanne-cantin,Andréanne Cantin,Trois-Rivières,QC,famille,819-694-6662,,https://www.quebec.ca/famille-et-soutien-aux-personnes/enfance/garderies-et-services-de-garde/portail-inscription/parents/acceder-parents,,OK_200,,,,,JAMAIS_VERIFIE,,
emp-semo-tetes,Têtes en l'air – SEMO santé mentale,Montréal,QC,emploi,514-484-9889,,https://tetesenlair.org,,OK_200,,,,,JAMAIS_VERIFIE,,
msss-chsld-matane-centre-d-hebergement-de-matane,Centre D'Hébergement De Matane,Matane,QC,sante,418-562-3135,,,,,,,,,SANS_SITE|JAMAIS_VERIFIE,,
msss-clsc-matapedia-centre-multiservices-de-sante-et-de-services-sociaux-malauze,Centre Multiservices De Santé Et De Services Sociaux Malauze,Matapédia,QC,sante,418-865-2221,,,,,,,,,SANS_SITE|JAMAIS_VERIFIE,,
msss-hopital-saint-eustache-centre-de-services-ambulatoires-en-sante-mentale-de-saint-eu,Centre De Services Ambulatoires En Santé Mentale De Saint-Eustache,Saint-Eustache,QC,sante,450-473-6811,,,,,,,,,SANS_SITE|JAMAIS_VERIFIE,,
drum-garde-mylene-duff,Mylene Duff,Drummondville,QC,famille,819-472-4454,,,,,,,,,SANS_SITE,,
msss-clsc-shawinigan-centre-multiservices-de-sante-et-de-services-sociaux-broadwa,Centre Multiservices De Santé Et De Services Sociaux Broadway,Shawinigan,QC,sante,819-536-7500,,,,,,,,,SANS_SITE|JAMAIS_VERIFIE,,
msss-chsld-gatineau-centre-d-hebergement-d-aylmer,Centre D'Hébergement D'Aylmer,Gatineau,QC,sante,819-966-6530,,,,,,,,,SANS_SITE|JAMAIS_VERIFIE,,
msss-clsc-montreal-clsc-de-la-visitation-et-groupe-de-medecine-de-famille-unive,CLSC De La Visitation Et Groupe De Médecine De Famille Universitaire Des Faubourgs,Montréal,QC,sante,514-934-0354,,,,,,,,,SANS_SITE|JAMAIS_VERIFIE,,
msss-clsc-quebec-clsc-de-beauport,CLSC De Beauport,Québec,QC,sante,418-525-4444,,,,,,,,,SANS_SITE|JAMAIS_VERIFIE,,
emp-sit-mauricie-tr,SIT Mauricie – Service d'intégration au travail (Trois-Rivières),Trois-Rivières,QC,emploi,819-694-0704,,https://www.sitmauricie.com,,OK_200,,,,,JAMAIS_VERIFIE,,
msss-hopital-salaberry-de-valleyfield-centre-de-services-ambulatoires-en-sante-mentale-de-la-rue-d,Centre De Services Ambulatoires En Santé Mentale De La Rue Du Marché,Salaberry-de-Valleyfield,QC,sante,450-371-9920,,,,,,,,,SANS_SITE|JAMAIS_VERIFIE,,
msss-chsld-saint-lin-laurentides-centre-d-hebergement-saint-antoine-de-padoue,Centre D'Hébergement Saint-Antoine-De-Padoue,Saint-Lin--Laurentides,QC,sante,450-759-8222,,,,,,,,,SANS_SITE|JAMAIS_VERIFIE,,
msss-hopital-montreal-centre-metropolitain-de-chirurgie-plastique,Centre Métropolitain De Chirurgie Plastique,Montréal,QC,sante,514-934-0354,,,,,,,,,SANS_SITE|JAMAIS_VERIFIE,,
tr-garde-alexandra-robert,Alexandra Robert,Trois-Rivières,QC,famille,819-694-6662,,https://www.quebec.ca/famille-et-soutien-aux-personnes/enfance/garderies-et-services-de-garde/portail-inscription/parents/acceder-parents,,OK_200,,,,,JAMAIS_VERIFIE,,
msss-clsc-montreal-clinique-communautaire-de-pointe-st-charles,Clinique Communautaire De Pointe St-Charles,Montréal,QC,sante,514-934-0354,,,,,,,,,SANS_SITE|JAMAIS_VERIFIE,,
msss-clsc-trois-rivieres-centre-multiservices-de-sante-et-de-services-sociaux-cloutie,Centre Multiservices De Santé Et De Services Sociaux Cloutier,Trois-Rivières,QC,sante,819-370-2100,,,,,,,,,SANS_SITE|JAMAIS_VERIFIE,,
msss-clsc-rapides-des-joachims-clsc-de-rapides-des-joachims,CLSC De Rapides-Des-Joachims,Rapides-des-Joachims,QC,sante,819-586-2111,,,,,,,,,SANS_SITE|JAMAIS_VERIFIE,,
emp-sier3r,SIER 3R – Service d'insertion en emploi par recyclage,Trois-Rivières,QC,emploi,819-693-6777,,https://sier3r.com,,OK_200,,,,,JAMAIS_VERIFIE,,
msss-centre-hospitalier-psychiatrique-montreal-hopital-douglas,Hôpital Douglas,Montréal,QC,santemental,514-934-0354,,,,,,,,,SANS_SITE|JAMAIS_VERIFIE,,
msss-clsc-senneterre-centre-multiservices-de-sante-et-de-services-sociaux-de-senn,Centre Multiservices De Santé Et De Services Sociaux De Senneterre,Senneterre,QC,sante,819-737-2243,,,,,,,,,SANS_SITE|JAMAIS_VERIFIE,,
msss-hopital-sherbrooke-hopital-et-chsld-d-youville,Hôpital Et CHSLD D'Youville,Sherbrooke,QC,sante,819-346-1110,,,,,,,,,SANS_SITE|JAMAIS_VERIFIE,,
tr-garde-le-temps-d-une-culbute,Le temps d'une culbute,Trois-Rivières,QC,famille,819-694-6662,,https://www.quebec.ca/famille-et-soutien-aux-personnes/enfance/garderies-et-services-de-garde/portail-inscription/parents/acceder-parents,,OK_200,,,,,JAMAIS_VERIFIE,,
imm-cari-mtl,CARI Saint-Laurent (Centre d'accueil et de référence pour immigrants),Montréal,QC,immigration,514-748-2007,,https://cari.qc.ca,,OK_200,,,,,JAMAIS_VERIFIE,,
msss-chsld-saguenay-centre-d-hebergement-georges-hebert,Centre D'Hébergement Georges-Hébert,Saguenay,QC,sante,418-541-1000,,,,,,,,,SANS_SITE|JAMAIS_VERIFIE,,
msss-hopital-levis-groupe-de-medecine-de-famille-universitaire-de-levis,Groupe De Médecine De Famille Universitaire De Lévis,Lévis,QC,sante,418-380-8993,,,,,,,,,SANS_SITE|JAMAIS_VERIFIE,,
msss-clsc-port-cartier-centre-multiservices-de-sante-et-de-services-sociaux-de-port,Centre Multiservices De Santé Et De Services Sociaux De Port-Cartier,Port-Cartier,QC,sante,418-766-2572,,,,,,,,,SANS_SITE|JAMAIS_VERIFIE,,
tr-garde-milieu-familial-3,Services de garde en milieu familial — Trois-Rivières (3),Trois-Rivières,QC,famille,819-694-6662,,https://www.quebec.ca/famille-et-soutien-aux-personnes/enfance/garderies-et-services-de-garde/portail-inscription/parents/acceder-parents,,OK_200,,,,,JAMAIS_VERIFIE,,
emp-cje-trois-rivieres,Carrefour Jeunesse-Emploi Trois-Rivières / Des Chenaux,Trois-Rivières,QC,emploi,819 376-0179,,https://cjetrdc.com/,,OK_200,,,,,JAMAIS_VERIFIE,,
msss-chsld-saint-georges-chsld-du-seminaire,CHSLD Du Séminaire,Saint-Georges,QC,sante,418-228-2031,,,,,,,,,SANS_SITE|JAMAIS_VERIFIE,,
msss-clsc-saint-amable-clsc-de-saint-amable,CLSC De Saint-Amable,Saint-Amable,QC,sante,450-466-5000,,,,,,,,,SANS_SITE|JAMAIS_VERIFIE,,
emp-cje-sherbrooke,Carrefour jeunesse-emploi de Sherbrooke,Sherbrooke,QC,emploi,819-823-7508,,https://cje-sherbrooke.qc.ca,,OK_200,,,,,JAMAIS_VERIFIE,,
tr-garde-cpe-l-arbre-enchante,CPE L'ARBRE ENCHANTÉ,Trois-Rivières,QC,famille,1-844-270-5055,,https://www.quebec.ca/famille-et-soutien-aux-personnes/enfance/garderies-et-services-de-garde/portail-inscription/parents/acceder-parents,,OK_200,,,,,JAMAIS_VERIFIE,,
msss-hopital-saint-jerome-centre-de-services-ambulatoires-de-saint-jerome,Centre De Services Ambulatoires De Saint-Jérôme,Saint-Jérôme,QC,sante,450-432-2777,,,,,,,,,SANS_SITE|JAMAIS_VERIFIE,,
msss-hopital-longueuil-pole-de-l-hopital-pierre-boucher-bellagio,Pôle De L'Hôpital Pierre-Boucher - Bellagio,Longueuil,QC,sante,450-466-5000,,,,,,,,,SANS_SITE|JAMAIS_VERIFIE,,
drum-garde-ikram,Ikram,Drummondville,QC,famille,819-472-4454,,,,,,,,,SANS_SITE,,
msss-clsc-rouyn-noranda-clsc-de-destor,CLSC De Destor,Rouyn-Noranda,QC,sante,819-764-5131,,,,,,,,,SANS_SITE|JAMAIS_VERIFIE,,
msss-chsld-thetford-mines-chsld-denis-marcotte,CHSLD Denis-Marcotte,Thetford Mines,QC,sante,418-338-7777,,,,,,,,,SANS_SITE|JAMAIS_VERIFIE,,
tr-f2,Société de Saint-Vincent-de-Paul – Trois-Rivières,Trois-Rivières,QC,alimentation,819-375-8467,,,,,,,,,SANS_SITE|JAMAIS_VERIFIE,,
comptoir-st-vincent-de-paul,Comptoir alimentaire St-Vincent-de-Paul,Trois-Rivières,QC,alimentation,819-375-4321,,,,,,,,,SANS_SITE|JAMAIS_VERIFIE,,
msss-chsld-saint-felicien-centre-d-hebergement-de-saint-felicien,Centre D'Hébergement De Saint-Félicien,Saint-Félicien,QC,sante,418-679-1212,,,,,,,,,SANS_SITE|JAMAIS_VERIFIE,,
msss-chsld-saint-liguori-centre-d-hebergement-armand-marchand,Centre D'Hébergement Armand-Marchand,Saint-Liguori,QC,sante,450-759-8222,,,,,,,,,SANS_SITE|JAMAIS_VERIFIE,,
msss-clsc-otter-lake-clsc-d-otter-lake,CLSC D'Otter Lake,Otter Lake,QC,sante,819-453-7544,,,,,,,,,SANS_SITE|JAMAIS_VERIFIE,,
msss-clsc-saint-jean-port-joli-clsc-et-chsld-de-saint-jean-port-joli,CLSC Et CHSLD De Saint-Jean-Port-Joli,Saint-Jean-Port-Joli,QC,sante,418-598-3355,,,,,,,,,SANS_SITE|JAMAIS_VERIFIE,,
msss-hopital-quebec-chsld-et-hopital-de-charlesbourg,CHSLD Et Hôpital De Charlesbourg,Québec,QC,sante,418-525-4444,,,,,,,,,SANS_SITE|JAMAIS_VERIFIE,,
tr-garde-la-cabane-des-p-tis-amis,La Cabane Des P'tis amis,Trois-Rivières,QC,famille,819-694-6662,,https://www.quebec.ca/famille-et-soutien-aux-personnes/enfance/garderies-et-services-de-garde/portail-inscription/parents/acceder-parents,,OK_200,,,,,JAMAIS_VERIFIE,,
repas-communautaires-mauricie,Repas communautaires Mauricie,Trois-Rivières,QC,alimentation,819-374-8800,,,,,,,,,SANS_SITE|JAMAIS_VERIFIE,,
msss-clsc-saint-ludger-clsc-de-saint-ludger,CLSC De Saint-Ludger,Saint-Ludger,QC,sante,819-548-2277,,,,,,,,,SANS_SITE|JAMAIS_VERIFIE,,
baq-moisson-outaouais,Moisson Outaouais,Gatineau,QC,alimentation,819-669-2000,,https://moissonoutaouais.com,,OK_200,,,,,JAMAIS_VERIFIE,,
emp-rseo,Réseau des SADC et CAE du Québec,Province,QC,emploi,418-687-1354,,https://sadc-cae.ca,,OK_200,,,,,JAMAIS_VERIFIE,,
msss-chsld-sherbrooke-chsld-saint-joseph,CHSLD Saint-Joseph,Sherbrooke,QC,sante,819-346-1110,,,,,,,,,SANS_SITE|JAMAIS_VERIFIE,,
msss-hopital-quebec-l-hotel-dieu-de-quebec,L'Hôtel-Dieu De Québec,Québec,QC,sante,418-525-4444,,,,,,,,,SANS_SITE|JAMAIS_VERIFIE,,
msss-hopital-rouyn-noranda-centre-multiservices-de-sante-et-de-services-sociaux-de-rouy,Centre Multiservices De Santé Et De Services Sociaux De Rouyn-Noranda,Rouyn-Noranda,QC,sante,819-764-5131,,,,,,,,,SANS_SITE|JAMAIS_VERIFIE,,
tr-garde-service-de-garde-educatif-des-p-tites-ab,Service de garde éducatif Des P'tites Abeilles,Trois-Rivières,QC,famille,819-694-6662,,https://www.quebec.ca/famille-et-soutien-aux-personnes/enfance/garderies-et-services-de-garde/portail-inscription/parents/acceder-parents,,OK_200,,,,,JAMAIS_VERIFIE,,
urgent-kids-help,"Jeunesse, j'écoute / Kids Help Phone",Province de Québec,QC,santemental,1-800-668-6868,,,,,,,,,SANS_SITE,,
emp-cje-gatineau,Carrefour jeunesse-emploi Outaouais,Gatineau,QC,emploi,819-771-4391,,https://cjeo.qc.ca,,OK_200,,,,,JAMAIS_VERIFIE,,
emp-cje-longueuil,Carrefour jeunesse-emploi Marguerite-d'Youville,Sainte-Julie,QC,emploi,450-922-1717,,https://cjemy.com,,OK_200,,,,,JAMAIS_VERIFIE,,
emp-equitas-mtl,Promotion Intégration Société Nouvelle (PROMIS) – volet emploi,Montréal,QC,emploi,514-345-1615,,https://promis.qc.ca,,OK_200,,,,,JAMAIS_VERIFIE,,
msss-chsld-trois-rivieres-centre-d-hebergement-roland-leclerc,Centre D'Hébergement Roland-Leclerc,Trois-Rivières,QC,sante,819-370-2100,,,,,,,,,SANS_SITE|JAMAIS_VERIFIE,,
msss-hopital-saint-jerome-chsld-et-centre-de-services-ambulatoires-lucien-g-rolland,CHSLD Et Centre De Services Ambulatoires Lucien-G. Rolland,Saint-Jérôme,QC,sante,450-432-2777,,,,,,,,,SANS_SITE|JAMAIS_VERIFIE,,
emp-semo-mtl,SEMO – Action main-d'œuvre,Montréal,QC,emploi,514-721-4941,,https://actionmaindoeuvre.ca,,OK_200,,,,,JAMAIS_VERIFIE,,
msss-hopital-terrebonne-centre-de-services-ambulatoires-en-sante-mentale-de-terrebon,Centre De Services Ambulatoires En Santé Mentale De Terrebonne,Terrebonne,QC,sante,450-759-8222,,,,,,,,,SANS_SITE|JAMAIS_VERIFIE,,
msss-clsc-val-d-or-hopital-de-val-d-or,Hôpital De Val-D'Or,Val-d'Or,QC,sante,819-825-5858,,,,,,,,,SANS_SITE|JAMAIS_VERIFIE,,
emp-cremauricie-chenaux,Coopérative de remplacement de la Mauricie – MRC des Chenaux,Sainte-Geneviève-de-Batiscan,QC,emploi,819-370-3660,,https://cremauricie.com,,OK_200,,,,,JAMAIS_VERIFIE,,
tr-garde-isabelle-dumas,Isabelle Dumas,Trois-Rivières,QC,famille,819-694-6662,,https://www.quebec.ca/famille-et-soutien-aux-personnes/enfance/garderies-et-services-de-garde/portail-inscription/parents/acceder-parents,,OK_200,,,,,JAMAIS_VERIFIE,,
tr-garde-sylvie-beaumier,Sylvie Beaumier,Trois-Rivières,QC,famille,819-694-6662,,https://www.quebec.ca/famille-et-soutien-aux-personnes/enfance/garderies-et-services-de-garde/portail-inscription/parents/acceder-parents,,OK_200,,,,,JAMAIS_VERIFIE,,
msss-chsld-saint-hyacinthe-residence-bourg-joli,Résidence Bourg-Joli,Saint-Hyacinthe,QC,sante,450-771-3333,,,,,,,,,SANS_SITE|JAMAIS_VERIFIE,,
emp-sit-mauricie-louiseville,SIT Mauricie – Service d'intégration au travail (Louiseville),Louiseville,QC,emploi,819-228-5832,,https://www.sitmauricie.com,,OK_200,,,,,JAMAIS_VERIFIE,,
msss-clsc-saint-fabien-de-panet-clsc-de-saint-fabien-de-panet,CLSC De Saint-Fabien-De-Panet,Saint-Fabien-de-Panet,QC,sante,418-249-3755,,,,,,,,,SANS_SITE|JAMAIS_VERIFIE,,
emp-sit-mauricie-shawinigan,SIT Mauricie – Service d'intégration au travail (Shawinigan),Shawinigan,QC,emploi,819-539-6070,,https://www.sitmauricie.com,,OK_200,,,,,JAMAIS_VERIFIE,,
msss-clsc-wemindji-msdc-wemindji,Msdc Wemindji,Wemindji,QC,sante,819-978-0264,,,,,,,,,SANS_SITE|JAMAIS_VERIFIE,,
msss-chsld-gatineau-centre-d-hebergement-la-pieta,Centre D'Hébergement La Pietà,Gatineau,QC,sante,819-966-6530,,,,,,,,,SANS_SITE|JAMAIS_VERIFIE,,
v-anebquebec,ANEB — Troubles alimentaires,Province de Québec,QC,santemental,1-800-630-0907,,,,,,,,,SANS_SITE,,
emp-sit-mauricie-st-tite,SIT Mauricie – Service d'intégration au travail (Saint-Tite),Saint-Tite,QC,emploi,418-365-5005,,https://www.sitmauricie.com,,OK_200,,,,,JAMAIS_VERIFIE,,
imm-asfc-mtl,Action Réfugiés Montréal,Montréal,QC,immigration,514-935-7799,,https://actionr.org,,OK_200,,,,,JAMAIS_VERIFIE,,
msss-chsld-saint-fabien-de-panet-chsld-de-saint-fabien-de-panet,CHSLD De Saint-Fabien-De-Panet,Saint-Fabien-de-Panet,QC,sante,418-249-3755,,,,,,,,,SANS_SITE|JAMAIS_VERIFIE,,
msss-hopital-shawinigan-hopital-et-centre-d-hebergement-en-sante-mentale-de-la-mauri,Hôpital Et Centre D'Hébergement En Santé Mentale De La Mauricie-Et-Du-Centre-Du-Québec,Shawinigan,QC,sante,819-536-7500,,,,,,,,,SANS_SITE|JAMAIS_VERIFIE,,
service-accueil-nouveaux-arrivants,Service d'accueil aux nouveaux arrivants,Trois-Rivières,QC,immigration,819-373-4822,,,,,,,,,SANS_SITE|JAMAIS_VERIFIE,,
tr-garde-linda-daneau,Linda Daneau,Trois-Rivières,QC,famille,819-694-6662,,https://www.quebec.ca/famille-et-soutien-aux-personnes/enfance/garderies-et-services-de-garde/portail-inscription/parents/acceder-parents,,OK_200,,,,,JAMAIS_VERIFIE,,
msss-clsc-saint-tite-clsc-et-centre-de-readaptation-en-dependance-de-saint-tite,CLSC Et Centre De Réadaptation En Dépendance De Saint-Tite,Saint-Tite,QC,sante,819-365-7555,,,,,,,,,SANS_SITE|JAMAIS_VERIFIE,,
re-pw3,CELIAPP – Compte épargne libre d'impôt 1ère propriété,Province de Québec,QC,achatImmobilier,1-800-959-8281,,,,,,,,,SANS_SITE,,
tr-garde-mme-esther-joseph,Mme Esther Joseph,Trois-Rivières,QC,famille,819-694-6662,,https://www.quebec.ca/famille-et-soutien-aux-personnes/enfance/garderies-et-services-de-garde/portail-inscription/parents/acceder-parents,,OK_200,,,,,JAMAIS_VERIFIE,,
drum-garde-andrea-duquette,Andrea Duquette,Drummondville,QC,famille,819-472-4454,,,,,,,,,SANS_SITE,,
shawi-garde-les-amis-d-amina,Les amis d'Amina,Shawinigan,QC,famille,819-533-3326,,,,,,,,,SANS_SITE|JAMAIS_VERIFIE,,
msss-chsld-gatineau-centre-d-hebergement-de-vallee-de-la-lievre,Centre D'Hébergement De Vallée-De-La-Lièvre,Gatineau,QC,sante,819-966-6530,,,,,,,,,SANS_SITE|JAMAIS_VERIFIE,,
drum-garde-karine-beaupre,Karine Beaupré,Drummondville,QC,famille,819-472-4454,,,,,,,,,SANS_SITE,,
tr-garde-cpe-le-cerf-volant-inst-sainte-madeleine,CPE LE CERF-VOLANT - INST. SAINTE-MADELEINE,Trois-Rivières,QC,famille,1-844-270-5055,,https://www.quebec.ca/famille-et-soutien-aux-personnes/enfance/garderies-et-services-de-garde/portail-inscription/parents/acceder-parents,,OK_200,,,,,JAMAIS_VERIFIE,,
msss-chsld-havre-saint-pierre-chsld-de-havre-saint-pierre,CHSLD De Havre-Saint-Pierre,Havre-Saint-Pierre,QC,sante,418-538-3011,,,,,,,,,SANS_SITE|JAMAIS_VERIFIE,,
msss-chsld-saint-marc-des-carrieres-centre-d-activites-de-jour-en-deficience-intellectuelle-et-e,Centre D'Activités De Jour En Déficience Intellectuelle Et En Troubles Du Spectre De L'Autisme Et Centre D'Hébergement De Saint-Marc-Des-Carrières,Saint-Marc-des-Carrières,QC,sante,418-285-2200,,,,,,,,,SANS_SITE|JAMAIS_VERIFIE,,
msss-chsld-saint-remi-chsld-pierre-remi-narbonne,CHSLD Pierre-Rémi-Narbonne,Saint-Rémi,QC,sante,450-454-4671,,,,,,,,,SANS_SITE|JAMAIS_VERIFIE,,
msss-clsc-sept-iles-clsc-de-sept-iles,CLSC De Sept-Îles,Sept-Îles,QC,sante,418-962-9761,,,,,,,,,SANS_SITE|JAMAIS_VERIFIE,,
drum-garde-les-amis-de-vanessa,Les amis de Vanessa,Drummondville,QC,famille,819-472-4454,,,,,,,,,SANS_SITE,,
msss-clsc-riviere-saint-jean-clsc-de-riviere-saint-jean,CLSC De Rivière-Saint-Jean,Rivière-Saint-Jean,QC,sante,418-949-2164,,,,,,,,,SANS_SITE|JAMAIS_VERIFIE,,
msss-clsc-whapmagoostui-msdc-whapmagoostui,Msdc Whapmagoostui,Whapmagoostui,QC,sante,819-929-3222,,,,,,,,,SANS_SITE|JAMAIS_VERIFIE,,
msss-chsld-montreal-centre-d-hebergement-jeanne-mance,Centre D'Hébergement Jeanne-Mance,Montréal,QC,sante,514-934-0354,,,,,,,,,SANS_SITE|JAMAIS_VERIFIE,,
tr-health1,CLSC de Trois-Rivières — CIUSSS MCQ,Trois-Rivières,QC,sante,819-370-2100,,,,,,,,,SANS_SITE|JAMAIS_VERIFIE,,
tr-social1,Centraide Mauricie,Trois-Rivières,QC,soutienSocial,819-374-3676,,,,,,,,,SANS_SITE|JAMAIS_VERIFIE,,
msss-clsc-repentigny-clsc-meilleur-de-repentigny,CLSC Meilleur De Repentigny,Repentigny,QC,sante,450-654-7525,,,,,,,,,SANS_SITE|JAMAIS_VERIFIE,,
msss-clsc-rouyn-noranda-clsc-de-rouyn-noranda,CLSC De Rouyn-Noranda,Rouyn-Noranda,QC,sante,819-764-5131,,,,,,,,,SANS_SITE|JAMAIS_VERIFIE,,
tr-garde-julie-lacroix,Julie lacroix,Trois-Rivières,QC,famille,819-694-6662,,https://www.quebec.ca/famille-et-soutien-aux-personnes/enfance/garderies-et-services-de-garde/portail-inscription/parents/acceder-parents,,OK_200,,,,,JAMAIS_VERIFIE,,
msss-clsc-saint-paulin-clsc-de-saint-paulin,CLSC De Saint-Paulin,Saint-Paulin,QC,sante,819-268-2573,,,,,,,,,SANS_SITE|JAMAIS_VERIFIE,,
shawi-garde-laurie-st-arneault,Laurie St-Arneault,Shawinigan,QC,famille,819-533-3326,,,,,,,,,SANS_SITE|JAMAIS_VERIFIE,,
drum-garde-les-p-tites-grenouilles,Les P’tites Grenouilles,Drummondville,QC,famille,819-472-4454,,,,,,,,,SANS_SITE,,
msss-clsc-sainte-therese-clsc-et-centre-de-services-ambulatoires-en-sante-mentale-de-,CLSC Et Centre De Services Ambulatoires En Santé Mentale De Sainte-Thérèse,Sainte-Thérèse,QC,sante,450-432-2777,,,,,,,,,SANS_SITE|JAMAIS_VERIFIE,,
shawi-garde-melissa-crete,MELISSA CRETE,Shawinigan,QC,famille,819-533-3326,,,,,,,,,SANS_SITE|JAMAIS_VERIFIE,,
drum-garde-mme-guylaine-mercier,Mme Guylaine Mercier,Drummondville,QC,famille,819-472-4454,,,,,,,,,SANS_SITE,,
msss-clsc-windsor-centre-multiservices-de-sante-et-de-services-sociaux-de-wind,Centre Multiservices De Santé Et De Services Sociaux De Windsor,Windsor,QC,sante,819-845-2744,,,,,,,,,SANS_SITE|JAMAIS_VERIFIE,,
emp-form1,CFP – Centres de formation professionnelle,Province de Québec,QC,emploi,1-877-644-4545,,,,,,,,,SANS_SITE,,
msss-chsld-saint-gabriel-de-brandon-centre-d-hebergement-de-saint-gabriel-de-brandon,Centre D'Hébergement De Saint-Gabriel-De-Brandon,Saint-Gabriel-de-Brandon,QC,sante,450-759-8222,,,,,,,,,SANS_SITE|JAMAIS_VERIFIE,,
tr-emp2,Emploi-Québec — Bureau de Trois-Rivières,Trois-Rivières,QC,emploi,1-888-643-4721,,,,,,,,,SANS_SITE|JAMAIS_VERIFIE,,
drum-garde-g-pomme-aventure-drummondville,G. POMME AVENTURE DRUMMONDVILLE,Drummondville,QC,famille,819-474-2442,,,,,,,,,SANS_SITE,,
msss-chsld-shawinigan-centre-d-hebergement-saint-maurice,Centre D'Hébergement Saint-Maurice,Shawinigan,QC,sante,819-536-7500,,,,,,,,,SANS_SITE|JAMAIS_VERIFIE,,
msss-clsc-saint-pascal-clsc-de-saint-pascal,CLSC De Saint-Pascal,Saint-Pascal,QC,sante,418-492-2841,,,,,,,,,SANS_SITE|JAMAIS_VERIFIE,,
drum-garde-carmen-cinthya-romero-espinoza,Carmen Cinthya Romero Espinoza,Drummondville,QC,famille,819-472-4454,,,,,,,,,SANS_SITE,,
shawi-garde-cpe-le-pipandor,CPE LE PIPANDOR,Shawinigan,QC,famille,819-537-0404,,,,,,,,,SANS_SITE|JAMAIS_VERIFIE,,
shawi-garde-ibtissam-bensalem,ibtissam bensalem,Shawinigan,QC,famille,819-533-3326,,,,,,,,,SANS_SITE|JAMAIS_VERIFIE,,
msss-clsc-la-pocatiere-hopital-notre-dame-de-fatima,Hôpital Notre-Dame-De-Fatima,La Pocatière,QC,sante,418-856-7000,,,,,,,,,SANS_SITE|JAMAIS_VERIFIE,,
msss-clsc-sainte-agathe-des-monts-centre-multiservices-de-sante-et-de-services-sociaux-tour-du,Centre Multiservices De Santé Et De Services Sociaux Tour-Du-Lac,Sainte-Agathe-des-Monts,QC,sante,819-324-4000,,,,,,,,,SANS_SITE|JAMAIS_VERIFIE,,
msss-hopital-trois-rivieres-pavillon-sainte-marie,Pavillon Sainte-Marie,Trois-Rivières,QC,sante,819-375-4444,,,,,,,,,SANS_SITE|JAMAIS_VERIFIE,,
drum-garde-marie-helene-st-louis,Marie-Helene St-louis,Drummondville,QC,famille,819-472-4454,,,,,,,,,SANS_SITE,,
msss-clsc-saint-maxime-du-mont-louis-clsc-du-mont-louis,CLSC Du Mont-Louis,Saint-Maxime-du-Mont-Louis,QC,sante,418-797-2914,,,,,,,,,SANS_SITE|JAMAIS_VERIFIE,,
msss-hopital-gatineau-hopital-de-gatineau,Hôpital De Gatineau,Gatineau,QC,sante,819-966-6530,,,,,,,,,SANS_SITE|JAMAIS_VERIFIE,,
shawi-garde-france-gignac,France Gignac,Shawinigan,QC,famille,819-533-3326,,,,,,,,,SANS_SITE|JAMAIS_VERIFIE,,
msss-clsc-mont-joli-centre-de-sante-et-de-services-sociaux-de-la-mitis,Centre De Santé Et De Services Sociaux De La Mitis,Mont-Joli,QC,sante,418-775-7261,,,,,,,,,SANS_SITE|JAMAIS_VERIFIE,,
msss-clsc-saint-esprit-clsc-de-saint-esprit,CLSC De Saint-Esprit,Saint-Esprit,QC,sante,450-759-8222,,,,,,,,,SANS_SITE|JAMAIS_VERIFIE,,
msss-hopital-rawdon-centre-de-services-ambulatoires-en-sante-mentale-de-rawdon,Centre De Services Ambulatoires En Santé Mentale De Rawdon,Rawdon,QC,sante,450-759-8222,,,,,,,,,SANS_SITE|JAMAIS_VERIFIE,,
msss-clsc-temiscouata-sur-le-lac-clsc-de-cabano,CLSC De Cabano,Témiscouata-sur-le-Lac,QC,sante,418-899-6751,,,,,,,,,SANS_SITE|JAMAIS_VERIFIE,,
msss-chsld-montreal-chsld-eloria-lepage,CHSLD Éloria-Lepage,Montréal,QC,sante,514-934-0354,,,,,,,,,SANS_SITE|JAMAIS_VERIFIE,,
msss-hopital-maniwaki-hopital-de-maniwaki,Hôpital De Maniwaki,Maniwaki,QC,sante,819-449-4690,,,,,,,,,SANS_SITE|JAMAIS_VERIFIE,,
drum-garde-service-de-garde-chez-lyne,Service de garde chez Lyne,Drummondville,QC,famille,819-472-4454,,,,,,,,,SANS_SITE,,
msss-chsld-gracefield-centre-d-hebergement-de-gracefield,Centre D'Hébergement De Gracefield,Gracefield,QC,sante,819-463-3747,,,,,,,,,SANS_SITE|JAMAIS_VERIFIE,,
msss-clsc-mont-tremblant-clsc-de-mont-tremblant,CLSC De Mont-Tremblant,Mont-Tremblant,QC,sante,819-623-1234,,,,,,,,,SANS_SITE|JAMAIS_VERIFIE,,
msss-hopital-montreal-centre-d-hebergement-j-henri-charbonneau,Centre D'Hébergement J.-Henri-Charbonneau,Montréal,QC,sante,514-934-0354,,,,,,,,,SANS_SITE|JAMAIS_VERIFIE,,
msss-clsc-les-mechins-clsc-les-mechins,CLSC Les Méchins,Les Méchins,QC,sante,418-729-3553,,,,,,,,,SANS_SITE|JAMAIS_VERIFIE,,
msss-hopital-laval-centre-de-services-ambulatoires-de-laval,Centre De Services Ambulatoires De Laval,Laval,QC,sante,450-668-1010,,,,,,,,,SANS_SITE|JAMAIS_VERIFIE,,
msss-hopital-longueuil-centre-de-services-ambulatoires-en-sante-mentale-du-boulevar,Centre De Services Ambulatoires En Santé Mentale Du Boulevard Taschereau,Longueuil,QC,sante,450-466-5000,,,,,,,,,SANS_SITE|JAMAIS_VERIFIE,,
imm-pw2,Service Canada – Statuts et documents fédéraux,Province de Québec,QC,immigration,1-800-622-6232,,,,,,,,,SANS_SITE,,
msss-clsc-rimouski-clsc-et-groupe-de-medecine-de-famille-universitaire-de-rimou,CLSC Et Groupe De Médecine De Famille Universitaire De Rimouski,Rimouski,QC,sante,418-724-3000,,,,,,,,,SANS_SITE|JAMAIS_VERIFIE,,
tr-garde-melina-veillette,Melina Veillette,Trois-Rivières,QC,famille,819-694-6662,,https://www.quebec.ca/famille-et-soutien-aux-personnes/enfance/garderies-et-services-de-garde/portail-inscription/parents/acceder-parents,,OK_200,,,,,JAMAIS_VERIFIE,,
drum-garde-le-petit-monde-de-nancy,Le Petit Monde de Nancy,Drummondville,QC,famille,819-472-4454,,,,,,,,,SANS_SITE,,
msss-clsc-gros-mecatina-clsc-de-mutton-bay,CLSC De Mutton Bay,Gros-Mécatina,QC,sante,418-949-2164,,,,,,,,,SANS_SITE|JAMAIS_VERIFIE,,
msss-clsc-montreal-aire-ouverte-de-cote-des-neiges,Aire Ouverte De Côte-Des-Neiges,Montréal,QC,sante,514-934-0354,,,,,,,,,SANS_SITE|JAMAIS_VERIFIE,,
msss-clsc-ivujivik-dispensaire-d-ivujivik,Dispensaire D'Ivujivik,Ivujivik,QC,sante,819-922-9959,,,,,,,,,SANS_SITE|JAMAIS_VERIFIE,,
msss-hopital-salaberry-de-valleyfield-hopital-du-suroit,Hôpital Du Suroît,Salaberry-de-Valleyfield,QC,sante,450-371-9920,,,,,,,,,SANS_SITE|JAMAIS_VERIFIE,,
tr-garde-g-l-oiseau-bleu,G. L'OISEAU BLEU,Trois-Rivières,QC,famille,819-909-1145,,https://www.quebec.ca/famille-et-soutien-aux-personnes/enfance/garderies-et-services-de-garde/portail-inscription/parents/acceder-parents,,OK_200,,,,,JAMAIS_VERIFIE,,
tr-garde-les-amis-de-chateaudun,Les amis de Châteaudun,Trois-Rivières,QC,famille,819-694-6662,,https://www.quebec.ca/famille-et-soutien-aux-personnes/enfance/garderies-et-services-de-garde/portail-inscription/parents/acceder-parents,,OK_200,,,,,JAMAIS_VERIFIE,,
drum-garde-g-l-univers-enchante-lemire,G. L'UNIVERS ENCHANTÉ (LEMIRE),Drummondville,QC,famille,819-803-4443,,,,,,,,,SANS_SITE,,
msss-clsc-saint-alexandre-de-kamouraska-centre-d-hebergement-villa-maria,Centre D'Hébergement Villa Maria,Saint-Alexandre-de-Kamouraska,QC,sante,418-495-2919,,,,,,,,,SANS_SITE|JAMAIS_VERIFIE,,
msss-clsc-saint-andre-avellin-clsc-et-centre-d-hebergement-de-la-petite-nation,CLSC Et Centre D'Hébergement De La Petite-Nation,Saint-André-Avellin,QC,sante,819-983-2433,,,,,,,,,SANS_SITE|JAMAIS_VERIFIE,,
s-centraide-grand-mtl,Centraide du Grand Montréal,Montréal,QC,soutienSocial,514-288-1261,,https://centraide-mtl.org,,OK_200,,,,,JAMAIS_VERIFIE,,
shawi-garde-sandrine-oka,Sandrine Oka,Shawinigan,QC,famille,819-533-3326,,,,,,,,,SANS_SITE|JAMAIS_VERIFIE,,
drum-garde-nathalie-beaudoin,Nathalie Beaudoin,Drummondville,QC,famille,819-472-4454,,,,,,,,,SANS_SITE,,
tr-fam1,Centre-femmes de la Mauricie,Trois-Rivières,QC,famille,819-378-9373,,,,,,,,,SANS_SITE,,
tr-garde-mme-joyeuse-mukamihigo,Mme Joyeuse Mukamihigo,Trois-Rivières,QC,famille,819-694-6662,,https://www.quebec.ca/famille-et-soutien-aux-personnes/enfance/garderies-et-services-de-garde/portail-inscription/parents/acceder-parents,,OK_200,,,,,JAMAIS_VERIFIE,,
tr-garde-chantal-bellerive,Chantal Bellerive,Trois-Rivières,QC,famille,819-694-6662,,https://www.quebec.ca/famille-et-soutien-aux-personnes/enfance/garderies-et-services-de-garde/portail-inscription/parents/acceder-parents,,OK_200,,,,,JAMAIS_VERIFIE,,
drum-garde-valerie-auclair,valerie auclair,Drummondville,QC,famille,819-472-4454,,,,,,,,,SANS_SITE,,
groupe-entraide-sante-mentale,Groupe d'entraide en santé mentale,Trois-Rivières,QC,santemental,819-375-5880,,,,,,,,,SANS_SITE|JAMAIS_VERIFIE,,
tr-garde-lison-lapointe,Lison Lapointe,Trois-Rivières,QC,famille,819-694-6662,,https://www.quebec.ca/famille-et-soutien-aux-personnes/enfance/garderies-et-services-de-garde/portail-inscription/parents/acceder-parents,,OK_200,,,,,JAMAIS_VERIFIE,,
tr-garde-mme-marie-claude-thibeault,Mme Marie-Claude Thibeault,Trois-Rivières,QC,famille,819-694-6662,,https://www.quebec.ca/famille-et-soutien-aux-personnes/enfance/garderies-et-services-de-garde/portail-inscription/parents/acceder-parents,,OK_200,,,,,JAMAIS_VERIFIE,,
tr-garde-mme-maryse-plourde,Mme Maryse Plourde,Trois-Rivières,QC,famille,819-694-6662,,https://www.quebec.ca/famille-et-soutien-aux-personnes/enfance/garderies-et-services-de-garde/portail-inscription/parents/acceder-parents,,OK_200,,,,,JAMAIS_VERIFIE,,
drum-garde-cpe-fardoche-inst-rajotte,CPE FARDOCHE - INST. RAJOTTE,Drummondville,QC,famille,819-477-5233,,,,,,,,,SANS_SITE,,
info-social-811,Service Info-Social 811,Trois-Rivières,QC,santemental,811,,,,,,,,,SANS_SITE,,
saaq-mtl,SAAQ — Bureau de Montréal (centre-ville),Montréal,QC,soutienSocial,1-800-361-7620,,,,,,,,,SANS_SITE|JAMAIS_VERIFIE,,
tr-garde-milieu-familial,Services de garde en milieu familial — Trois-Rivières (1),Trois-Rivières,QC,famille,819-694-6662,,https://www.quebec.ca/famille-et-soutien-aux-personnes/enfance/garderies-et-services-de-garde/portail-inscription/parents/acceder-parents,,OK_200,,,,,JAMAIS_VERIFIE,,
tr-garde-service-de-garde-les-petits-chatons,service de garde les petits chatons,Trois-Rivières,QC,famille,819-694-6662,,https://www.quebec.ca/famille-et-soutien-aux-personnes/enfance/garderies-et-services-de-garde/portail-inscription/parents/acceder-parents,,OK_200,,,,,JAMAIS_VERIFIE,,
drum-garde-2205-rue-bertrand,2205 rue bertrand,Drummondville,QC,famille,819-472-4454,,,,,,,,,SANS_SITE,,
saaq-qc,SAAQ — Bureau de Québec,Québec,QC,soutienSocial,1-800-361-7620,,,,,,,,,SANS_SITE|JAMAIS_VERIFIE,,
tr-ciusss-territoire,CIUSSS MCQ — Territoire de Trois-Rivières,Trois-Rivières,QC,sante,819-370-2200,,,,,,,,,SANS_SITE|JAMAIS_VERIFIE,,
centre-aide-logement-tr,Centre d'aide au logement,Trois-Rivières,QC,logement,819-375-0444,,,,,,,,,SANS_SITE|JAMAIS_VERIFIE,,
drum-garde-julie-cloutier,Julie Cloutier,Drummondville,QC,famille,819-472-4454,,,,,,,,,SANS_SITE,,
tr-garde-cpe-le-cerf-volant-inst-tousignant-1,CPE LE CERF-VOLANT - INST. TOUSIGNANT 1,Trois-Rivières,QC,famille,1-844-270-5055,,https://www.quebec.ca/famille-et-soutien-aux-personnes/enfance/garderies-et-services-de-garde/portail-inscription/parents/acceder-parents,,OK_200,,,,,JAMAIS_VERIFIE,,
popote-roulante-tr,Popote roulante Trois-Rivières,Trois-Rivières,QC,alimentation,819-374-2800,,,,,,,,,SANS_SITE|JAMAIS_VERIFIE,,
tr-garde-manon,Manon,Trois-Rivières,QC,famille,819-694-6662,,https://www.quebec.ca/famille-et-soutien-aux-personnes/enfance/garderies-et-services-de-garde/portail-inscription/parents/acceder-parents,,OK_200,,,,,JAMAIS_VERIFIE,,
tr-immig1,CITIM — Comité d'intégration et régionalisation de l'immigration Mauricie,Trois-Rivières,QC,immigration,819-372-4655,,,,,,,,,SANS_SITE|JAMAIS_VERIFIE,,
drum-garde-anny-gelinas,Anny Gelinas,Drummondville,QC,famille,819-472-4454,,,,,,,,,SANS_SITE,,
msss-clsc-temiscouata-sur-le-lac-hopital-de-notre-dame-du-lac,Hôpital De Notre-Dame-Du-Lac,Témiscouata-sur-le-Lac,QC,sante,418-899-6751,,,,,,,,,SANS_SITE|JAMAIS_VERIFIE,,
tr-garde-mme-seri-lou-boti-desiree-yapo-epse-toa,Mme Seri Lou Boti Desirée Yapo Epse Toa,Trois-Rivières,QC,famille,819-694-6662,,https://www.quebec.ca/famille-et-soutien-aux-personnes/enfance/garderies-et-services-de-garde/portail-inscription/parents/acceder-parents,,OK_200,,,,,JAMAIS_VERIFIE,,
centre911-sherbrooke,Centre 911 de Sherbrooke — Estrie,Sherbrooke,QC,soutienSocial,911,,,,,,,,,SANS_SITE,,
cpe-pw3,Garde en milieu familial (RSG) – Réseau provincial,Province de Québec,QC,famille,1-877-644-4545,,,,,,,,,SANS_SITE,,
urgent-sos-grossesse,SOS Grossesse,Province de Québec,QC,famille,1-800-463-5655,,,,,,,,,SANS_SITE,,
drum-garde-les-pommettes-rouges,Les Pommettes Rouges,Drummondville,QC,famille,819-472-4454,,,,,,,,,SANS_SITE,,
emp-cje-shawinigan,Carrefour Jeunesse-Emploi de Shawinigan,Shawinigan,QC,emploi,819-537-3358,,https://cjeshawinigan.org,,OK_200,,,,,JAMAIS_VERIFIE,,
shawi-garde-france-vaugeois,France Vaugeois,Shawinigan,QC,famille,819-533-3326,,,,,,,,,SANS_SITE|JAMAIS_VERIFIE,,
urgent-tel-jeunes,Tel-Jeunes (12–25 ans),Province de Québec,QC,santemental,1-800-263-2266,,,,,,,,,SANS_SITE,,
assurance-desjardins,Desjardins Assurances,Province de Québec,QC,soutienSocial,1-800-463-7843,,,,,,,,,SANS_SITE,,
mh-revivre-qc,"Revivre – Aide aux troubles anxieux, dépressifs, bipolaires",Montréal,QC,santemental,1-866-738-4873,,https://revivre.org,,OK_200,,,,,JAMAIS_VERIFIE,,
msss-hopital-quebec-centre-hospitalier-de-l-universite-laval,Centre Hospitalier De L'Université Laval,Québec,QC,sante,418-525-4444,,,,,,,,,SANS_SITE|JAMAIS_VERIFIE,,
saaq-trois-rivieres,SAAQ — Bureau de Trois-Rivières,Trois-Rivières,QC,soutienSocial,1-800-361-7620,,,,,,,,,SANS_SITE|JAMAIS_VERIFIE,,
drum-garde-mme-marilyn-bousquet,Mme Marilyn Bousquet,Drummondville,QC,famille,819-472-4454,,,,,,,,,SANS_SITE,,
emp-rcjeq,Réseau des carrefours jeunesse-emploi du Québec (RCJEQ),Province,QC,emploi,418-845-7222,,https://rcjeq.org,,OK_200,,,,,JAMAIS_VERIFIE,,
hlth-aine1,Réseau FADOQ – Services aux aînés,Province de Québec,QC,sante,1-800-544-9058,,,,,,,,,SANS_SITE,,
msss-chsld-terrebonne-chsld-de-la-cote-boisee,CHSLD De La Côte Boisée,Terrebonne,QC,sante,450-759-8222,,,,,,,,,SANS_SITE|JAMAIS_VERIFIE,,
drum-garde-l-envol-des-nuances,L'envol des nuances,Drummondville,QC,famille,819-472-4454,,,,,,,,,SANS_SITE,,
urgent-rqcalacs,RQCALACS — Agressions à caractère sexuel,Province de Québec,QC,famille,1-888-933-9007,,,,,,,,,SANS_SITE,,
drum-garde-mme-marie-joane-theodore,Mme Marie Joane Théodore,Drummondville,QC,famille,819-472-4454,,,,,,,,,SANS_SITE,,
msss-hopital-mont-laurier-hopital-de-mont-laurier,Hôpital De Mont-Laurier,Mont-Laurier,QC,sante,819-623-1234,,,,,,,,,SANS_SITE|JAMAIS_VERIFIE,,
msss-hopital-gatineau-hopital-de-hull,Hôpital De Hull,Gatineau,QC,sante,819-966-6530,,,,,,,,,SANS_SITE|JAMAIS_VERIFIE,,
drum-garde-paola-stela-kamga-kaptche-epse-fokou,Paola stela Kamga kaptche Epse Fokou,Drummondville,QC,famille,819-472-4454,,,,,,,,,SANS_SITE,,
msss-chsld-mont-tremblant-centre-d-hebergement-de-mont-tremblant,Centre D'Hébergement De Mont-Tremblant,Mont-Tremblant,QC,sante,819-623-1234,,,,,,,,,SANS_SITE|JAMAIS_VERIFIE,,
msss-clsc-kirkland-centre-de-services-ambulatoires-en-sante-mentale-saint-charl,Centre De Services Ambulatoires En Santé Mentale Saint-Charles,Kirkland,QC,sante,514-630-2000,,,,,,,,,SANS_SITE|JAMAIS_VERIFIE,,
msss-clsc-magog-centre-multiservices-de-sante-et-de-services-sociaux-de-memp,Centre Multiservices De Santé Et De Services Sociaux De Memphrémagog,Magog,QC,sante,819-843-2572,,,,,,,,,SANS_SITE|JAMAIS_VERIFIE,,
msss-clsc-montreal-maison-de-naissance-de-cote-des-neiges,Maison De Naissance De Côte-Des-Neiges,Montréal,QC,sante,514-934-0354,,,,,,,,,SANS_SITE|JAMAIS_VERIFIE,,
msss-chsld-saguenay-centre-d-hebergement-sainte-marie,Centre D'Hébergement Sainte-Marie,Saguenay,QC,sante,418-541-1000,,,,,,,,,SANS_SITE|JAMAIS_VERIFIE,,
tr-garde-mme-frantza-sheila-merizier,Mme Frantza Sheila Merizier,Trois-Rivières,QC,famille,819-694-6662,,https://www.quebec.ca/famille-et-soutien-aux-personnes/enfance/garderies-et-services-de-garde/portail-inscription/parents/acceder-parents,,OK_200,,,,,JAMAIS_VERIFIE,,
baq-moisson-laurentides,Moisson Laurentides,Sainte-Anne-des-Plaines,QC,alimentation,450-478-7333,,https://moissonlaurentides.org,,OK_200,,,,,JAMAIS_VERIFIE,,
msss-clsc-saint-bruno-de-montarville-clsc-de-saint-bruno-de-montarville,CLSC De Saint-Bruno-De-Montarville,Saint-Bruno-de-Montarville,QC,sante,450-466-5000,,,,,,,,,SANS_SITE|JAMAIS_VERIFIE,,
msss-clsc-saint-raymond-centre-multiservices-de-sante-et-de-services-sociaux-de-sain,Centre Multiservices De Santé Et De Services Sociaux De Saint-Raymond,Saint-Raymond,QC,sante,418-337-4611,,,,,,,,,SANS_SITE|JAMAIS_VERIFIE,,
drum-garde-milieu-familial-5,Services de garde en milieu familial — Drummondville (5),Drummondville,QC,famille,819-472-4454,,,,,,,,,SANS_SITE,,
msss-chsld-saint-louis-du-ha-ha-centre-d-hebergement-de-saint-louis-du-ha-ha,Centre D'Hébergement De Saint-Louis-Du-Ha! Ha!,Saint-Louis-du-Ha! Ha!,QC,sante,418-854-2151,,,,,,,,,SANS_SITE|JAMAIS_VERIFIE,,
shawi-garde-les-amis-de-kathlyn,Les amis de Kathlyn,Shawinigan,QC,famille,819-533-3326,,,,,,,,,SANS_SITE|JAMAIS_VERIFIE,,
drum-garde-les-petits-renards-futes,Les Petits Renards futés,Drummondville,QC,famille,819-472-4454,,,,,,,,,SANS_SITE,,
tr-garde-mme-diane-guillemette,Mme Diane Guillemette,Trois-Rivières,QC,famille,819-694-6662,,https://www.quebec.ca/famille-et-soutien-aux-personnes/enfance/garderies-et-services-de-garde/portail-inscription/parents/acceder-parents,,OK_200,,,,,JAMAIS_VERIFIE,,
shawi-garde-chez-katou,Chez Katou,Shawinigan,QC,famille,819-533-3326,,,,,,,,,SANS_SITE|JAMAIS_VERIFIE,,
drum-garde-mme-najlae-medni,Mme Najlae Medni,Drummondville,QC,famille,819-472-4454,,,,,,,,,SANS_SITE,,
shawi-garde-garderie-tournesol,Garderie Tournesol,Shawinigan,QC,famille,819-533-3326,,,,,,,,,SANS_SITE|JAMAIS_VERIFIE,,
tr-garde-milieu-familial-5,Services de garde en milieu familial — Trois-Rivières (5),Trois-Rivières,QC,famille,819-694-6662,,https://www.quebec.ca/famille-et-soutien-aux-personnes/enfance/garderies-et-services-de-garde/portail-inscription/parents/acceder-parents,,OK_200,,,,,JAMAIS_VERIFIE,,
msss-hopital-montreal-hopital-neurologique-de-montreal,Hôpital Neurologique De Montréal,Montréal,QC,sante,514-934-0354,,,,,,,,,SANS_SITE|JAMAIS_VERIFIE,,
msss-chsld-laval-centre-d-hebergement-sainte-dorothee,Centre D'Hébergement Sainte-Dorothée,Laval,QC,sante,450-668-1010,,,,,,,,,SANS_SITE|JAMAIS_VERIFIE,,
msss-chsld-saint-jerome-centre-d-hebergement-champlain-de-la-villa-soleil,Centre D'Hébergement Champlain-De-La-Villa-Soleil,Saint-Jérôme,QC,sante,450-432-2777,,,,,,,,,SANS_SITE|JAMAIS_VERIFIE,,
msss-chsld-montreal-hopital-grace-dart,Hôpital Grace Dart,Montréal,QC,sante,514-934-0354,,,,,,,,,SANS_SITE|JAMAIS_VERIFIE,,
msss-clsc-l-ancienne-lorette-clsc-de-l-ancienne-lorette,CLSC De L'Ancienne-Lorette,L'Ancienne-Lorette,QC,sante,418-525-4444,,,,,,,,,SANS_SITE|JAMAIS_VERIFIE,,
msss-clsc-quebec-clsc-de-sainte-foy,CLSC De Sainte-Foy,Québec,QC,sante,418-525-4444,,,,,,,,,SANS_SITE|JAMAIS_VERIFIE,,
msss-chsld-montreal-centre-d-hebergement-nazaire-piche,Centre D'Hébergement Nazaire-Piché,Montréal,QC,sante,514-934-0354,,,,,,,,,SANS_SITE|JAMAIS_VERIFIE,,
msss-chsld-montreal-centre-de-readaptation-marie-enfant,Centre De Réadaptation Marie Enfant,Montréal,QC,sante,514-934-0354,,,,,,,,,SANS_SITE|JAMAIS_VERIFIE,,
msss-clsc-saguenay-clsc-de-jonquiere,CLSC De Jonquière,Saguenay,QC,sante,418-541-1000,,,,,,,,,SANS_SITE|JAMAIS_VERIFIE,,
msss-clsc-quebec-centre-multiservices-de-sante-et-de-services-sociaux-chauvea,Centre Multiservices De Santé Et De Services Sociaux Chauveau,Québec,QC,sante,418-525-4444,,,,,,,,,SANS_SITE|JAMAIS_VERIFIE,,
msss-hopital-montreal-centre-d-hebergement-et-de-services-ambulatoires-champlain,Centre D'Hébergement Et De Services Ambulatoires Champlain,Montréal,QC,sante,514-934-0354,,,,,,,,,SANS_SITE|JAMAIS_VERIFIE,,
msss-chsld-gatineau-centre-d-hebergement-ernest-brisson,Centre D'Hébergement Ernest-Brisson,Gatineau,QC,sante,819-966-6530,,,,,,,,,SANS_SITE|JAMAIS_VERIFIE,,
msss-chsld-montreal-chsld-joseph-francois-perreault,CHSLD Joseph-François-Perreault,Montréal,QC,sante,514-934-0354,,,,,,,,,SANS_SITE|JAMAIS_VERIFIE,,
shawi-garde-mme-karenne-rivard,Mme Karenne Rivard,Shawinigan,QC,famille,819-533-3326,,,,,,,,,SANS_SITE|JAMAIS_VERIFIE,,
tr-garde-mme-fabina-joseph,Mme Fabina Joseph,Trois-Rivières,QC,famille,819-694-6662,,https://www.quebec.ca/famille-et-soutien-aux-personnes/enfance/garderies-et-services-de-garde/portail-inscription/parents/acceder-parents,,OK_200,,,,,JAMAIS_VERIFIE,,
msss-chsld-saint-pierre-les-becquets-centre-d-hebergement-romain-becquet,Centre D'Hébergement Romain-Becquet,Saint-Pierre-les-Becquets,QC,sante,819-263-2243,,,,,,,,,SANS_SITE|JAMAIS_VERIFIE,,
msss-clsc-metabetchouan-lac-a-la-croix-clsc-et-centre-d-hebergement-de-metabetchouan-lac-a-la-croix,CLSC Et Centre D'Hébergement De Métabetchouan-Lac-À-La-Croix,Métabetchouan--Lac-à-la-Croix,QC,sante,418-349-7878,,,,,,,,,SANS_SITE|JAMAIS_VERIFIE,,
organisme-insertion-socio,Organisme d'insertion socioprofessionnelle,Trois-Rivières,QC,emploi,819-374-5500,,,,,,,,,SANS_SITE|JAMAIS_VERIFIE,,
readaptation-dependance-mcq,Centre de réadaptation en dépendance Mauricie,Trois-Rivières,QC,santemental,819-374-4744,,,,,,,,,SANS_SITE|JAMAIS_VERIFIE,,
cuisine-collective-tr,Cuisine collective Trois-Rivières,Trois-Rivières,QC,alimentation,819-373-1010,,,,,,,,,SANS_SITE|JAMAIS_VERIFIE,,
shawi-garde-jade-flageole,jade flageole,Shawinigan,QC,famille,819-533-3326,,,,,,,,,SANS_SITE|JAMAIS_VERIFIE,,
msss-chsld-montreal-chsld-le-royer,CHSLD Le Royer,Montréal,QC,sante,514-934-0354,,,,,,,,,SANS_SITE|JAMAIS_VERIFIE,,
soc-drt1,Commission des droits de la personne (CDPDJ),Province de Québec,QC,soutienSocial,1-800-361-6477,,,,,,,,,SANS_SITE,,
soc-drt2,Protecteur du citoyen,Province de Québec,QC,soutienSocial,1-800-463-5070,,,,,,,,,SANS_SITE,,
tr-garde-ma-petite-ecole-du-monde,Ma petite école du monde,Trois-Rivières,QC,famille,819-694-6662,,https://www.quebec.ca/famille-et-soutien-aux-personnes/enfance/garderies-et-services-de-garde/portail-inscription/parents/acceder-parents,,OK_200,,,,,JAMAIS_VERIFIE,,
tr-garde-marie-christine-heroux,Marie-Christine Héroux,Trois-Rivières,QC,famille,819-694-6662,,https://www.quebec.ca/famille-et-soutien-aux-personnes/enfance/garderies-et-services-de-garde/portail-inscription/parents/acceder-parents,,OK_200,,,,,JAMAIS_VERIFIE,,
drum-garde-bousquet-lyn,Bousquet Lyn,Drummondville,QC,famille,819-472-4454,,,,,,,,,SANS_SITE,,
msss-hopital-sherbrooke-chus-hotel-dieu-de-sherbrooke,Chus - Hôtel-Dieu De Sherbrooke,Sherbrooke,QC,sante,819-346-1110,,,,,,,,,SANS_SITE|JAMAIS_VERIFIE,,
msss-hopital-saguenay-hopital-de-chicoutimi,Hôpital De Chicoutimi,Saguenay,QC,sante,418-541-1000,,,,,,,,,SANS_SITE|JAMAIS_VERIFIE,,
msss-hopital-saint-antonin-hopital-de-saint-antonin,Hôpital De Saint-Antonin,Saint-Antonin,QC,sante,418-862-2020,,,,,,,,,SANS_SITE|JAMAIS_VERIFIE,,
tr-garde-mesamis,Mesamis,Trois-Rivières,QC,famille,819-694-6662,,https://www.quebec.ca/famille-et-soutien-aux-personnes/enfance/garderies-et-services-de-garde/portail-inscription/parents/acceder-parents,,OK_200,,,,,JAMAIS_VERIFIE,,
tr-garde-mme-abibata-aziz-gbane,Mme Abibata Aziz Gbane,Trois-Rivières,QC,famille,819-694-6662,,https://www.quebec.ca/famille-et-soutien-aux-personnes/enfance/garderies-et-services-de-garde/portail-inscription/parents/acceder-parents,,OK_200,,,,,JAMAIS_VERIFIE,,
msss-clsc-quebec-clsc-de-montcalm,CLSC De Montcalm,Québec,QC,sante,418-525-4444,,,,,,,,,SANS_SITE|JAMAIS_VERIFIE,,
msss-clsc-saint-sauveur-clsc-de-saint-sauveur,CLSC De Saint-Sauveur,Saint-Sauveur,QC,sante,450-432-2777,,,,,,,,,SANS_SITE|JAMAIS_VERIFIE,,
msss-chsld-shawinigan-centre-d-hebergement-et-de-soins-de-longue-duree-vigi-les-ch,Centre D'Hébergement Et De Soins De Longue Durée Vigi Les Chutes,Shawinigan,QC,sante,819-536-7500,,,,,,,,,SANS_SITE|JAMAIS_VERIFIE,,
msss-clsc-granby-clsc-yvan-duquette,CLSC Yvan-Duquette,Granby,QC,sante,450-375-8000,,,,,,,,,SANS_SITE|JAMAIS_VERIFIE,,
msss-chsld-montreal-centre-d-hebergement-et-de-soins-de-longue-duree-vigi-reine-,Centre D'Hébergement Et De Soins De Longue Durée Vigi Reine-Élizabeth,Montréal,QC,sante,514-934-0354,,,,,,,,,SANS_SITE|JAMAIS_VERIFIE,,
msss-clsc-saguenay-clsc-de-chicoutimi,CLSC De Chicoutimi,Saguenay,QC,sante,418-541-1000,,,,,,,,,SANS_SITE|JAMAIS_VERIFIE,,
tr-garde-chez-stefanny,Chez Stefanny,Trois-Rivières,QC,famille,819-694-6662,,https://www.quebec.ca/famille-et-soutien-aux-personnes/enfance/garderies-et-services-de-garde/portail-inscription/parents/acceder-parents,,OK_200,,,,,JAMAIS_VERIFIE,,
msss-chsld-la-prairie-chsld-de-la-prairie,CHSLD De La Prairie,La Prairie,QC,sante,450-466-5000,,,,,,,,,SANS_SITE|JAMAIS_VERIFIE,,
tr-garde-mme-josianne-parent,Mme Josianne Parent,Trois-Rivières,QC,famille,819-694-6662,,https://www.quebec.ca/famille-et-soutien-aux-personnes/enfance/garderies-et-services-de-garde/portail-inscription/parents/acceder-parents,,OK_200,,,,,JAMAIS_VERIFIE,,
tr-garde-chez-annie,Chez Annie,Trois-Rivières,QC,famille,819-694-6662,,https://www.quebec.ca/famille-et-soutien-aux-personnes/enfance/garderies-et-services-de-garde/portail-inscription/parents/acceder-parents,,OK_200,,,,,JAMAIS_VERIFIE,,
tr-garde-les-petits-loups,les petits loups,Trois-Rivières,QC,famille,819-694-6662,,https://www.quebec.ca/famille-et-soutien-aux-personnes/enfance/garderies-et-services-de-garde/portail-inscription/parents/acceder-parents,,OK_200,,,,,JAMAIS_VERIFIE,,
tr-garde-milieu-familial-2,Services de garde en milieu familial — Trois-Rivières (2),Trois-Rivières,QC,famille,819-694-6662,,https://www.quebec.ca/famille-et-soutien-aux-personnes/enfance/garderies-et-services-de-garde/portail-inscription/parents/acceder-parents,,OK_200,,,,,JAMAIS_VERIFIE,,
tr-garde-saida-habibi-ihlane,SAIDA Habibi ihlane,Trois-Rivières,QC,famille,819-694-6662,,https://www.quebec.ca/famille-et-soutien-aux-personnes/enfance/garderies-et-services-de-garde/portail-inscription/parents/acceder-parents,,OK_200,,,,,JAMAIS_VERIFIE,,
drum-garde-mme-maria-alejandra-silva-gonzalez,Mme Maria Alejandra Silva Gonzalez,Drummondville,QC,famille,819-472-4454,,,,,,,,,SANS_SITE,,
v-aqrips,AQRIPH — Personnes handicapées,Province de Québec,QC,soutienSocial,1-888-336-0967,,,,,,,,,SANS_SITE,,
msss-chsld-levis-centre-de-services-externes-pour-les-aines-de-saint-romuald,Centre De Services Externes Pour Les Aînés De Saint-Romuald,Lévis,QC,sante,418-380-8993,,,,,,,,,SANS_SITE|JAMAIS_VERIFIE,,
msss-clsc-terrebonne-clsc-de-terrebonne,CLSC De Terrebonne,Terrebonne,QC,sante,450-759-8222,,,,,,,,,SANS_SITE|JAMAIS_VERIFIE,,
drum-garde-mme-mery-catalina-ruiz-reyes,Mme Mery Catalina Ruiz Reyes,Drummondville,QC,famille,819-472-4454,,,,,,,,,SANS_SITE,,
v-aqris,AQIS — Association du Québec pour l'intégration sociale,Province de Québec,QC,soutienSocial,1-888-381-2300,,,,,,,,,SANS_SITE,,
msss-chsld-waterloo-sante-courville-de-waterloo,Santé Courville De Waterloo,Waterloo,QC,sante,450-375-8000,,,,,,,,,SANS_SITE|JAMAIS_VERIFIE,,
msss-clsc-sainte-agathe-des-monts-clsc-et-centre-de-services-ambulatoires-en-pediatrie-de-la-r,CLSC Et Centre De Services Ambulatoires En Pédiatrie De La Rue Saint-Vincent,Sainte-Agathe-des-Monts,QC,sante,819-324-4000,,,,,,,,,SANS_SITE|JAMAIS_VERIFIE,,
drum-garde-mme-pierrette-beaulieu-salvas,Mme Pierrette Beaulieu Salvas,Drummondville,QC,famille,819-472-4454,,,,,,,,,SANS_SITE,,
drum-garde-service-de-garde-les-pitchoux,Service de garde les pitchoux,Drummondville,QC,famille,819-472-4454,,,,,,,,,SANS_SITE,,
msss-chsld-saint-apollinaire-chsld-et-centre-de-readaptation-en-deficience-intellectuelle,CHSLD Et Centre De Réadaptation En Déficience Intellectuelle Et En Troubles Du Spectre De L'Autisme De Saint-Apollinaire,Saint-Apollinaire,QC,sante,418-881-3996,,,,,,,,,SANS_SITE|JAMAIS_VERIFIE,,
msss-chsld-saint-sylvestre-chsld-de-saint-sylvestre,CHSLD De Saint-Sylvestre,Saint-Sylvestre,QC,sante,418-596-2497,,,,,,,,,SANS_SITE|JAMAIS_VERIFIE,,
msss-clsc-laurier-station-clsc-et-centre-de-services-externes-pour-les-aines-de-laurie,CLSC Et Centre De Services Externes Pour Les Aînés De Laurier-Station,Laurier-Station,QC,sante,418-728-3435,,,,,,,,,SANS_SITE|JAMAIS_VERIFIE,,
tr-garde-sdg-il-etait-un-petit,SDG Il était un petit,Trois-Rivières,QC,famille,819-694-6662,,https://www.quebec.ca/famille-et-soutien-aux-personnes/enfance/garderies-et-services-de-garde/portail-inscription/parents/acceder-parents,,OK_200,,,,,JAMAIS_VERIFIE,,
tr-garde-au-jardin-fleurice,Au Jardin Fleurice,Trois-Rivières,QC,famille,819-694-6662,,https://www.quebec.ca/famille-et-soutien-aux-personnes/enfance/garderies-et-services-de-garde/portail-inscription/parents/acceder-parents,,OK_200,,,,,JAMAIS_VERIFIE,,
tr-garde-manon-ouellette,Manon Ouellette,Trois-Rivières,QC,famille,819-694-6662,,https://www.quebec.ca/famille-et-soutien-aux-personnes/enfance/garderies-et-services-de-garde/portail-inscription/parents/acceder-parents,,OK_200,,,,,JAMAIS_VERIFIE,,
tr-garde-garderie-de-la-gloire,Garderie de la gloire,Trois-Rivières,QC,famille,819-694-6662,,https://www.quebec.ca/famille-et-soutien-aux-personnes/enfance/garderies-et-services-de-garde/portail-inscription/parents/acceder-parents,,OK_200,,,,,JAMAIS_VERIFIE,,
msss-clsc-quebec-centre-de-protection-de-l-enfance-et-de-la-jeunesse-mont-d-y,Centre De Protection De L'Enfance Et De La Jeunesse Mont-D'Youville,Québec,QC,sante,418-525-4444,,,,,,,,,SANS_SITE|JAMAIS_VERIFIE,,
tr-garde-sherly,SHERLY,Trois-Rivières,QC,famille,819-694-6662,,https://www.quebec.ca/famille-et-soutien-aux-personnes/enfance/garderies-et-services-de-garde/portail-inscription/parents/acceder-parents,,OK_200,,,,,JAMAIS_VERIFIE,,
pw7,Emploi-Québec,Province de Québec,QC,emploi,1-888-643-4721,,,,,,,,,SANS_SITE,,
msss-chsld-longueuil-chsld-henriette-cere,CHSLD Henriette-Céré,Longueuil,QC,sante,450-466-5000,,,,,,,,,SANS_SITE|JAMAIS_VERIFIE,,
police-trois-rivieres,Service de police de Trois-Rivières (SPTR),Trois-Rivières,QC,soutienSocial,819-691-2929,,,,,,,,,SANS_SITE|JAMAIS_VERIFIE,,
tr-garde-milieu-familial-4,Services de garde en milieu familial — Trois-Rivières (4),Trois-Rivières,QC,famille,819-694-6662,,https://www.quebec.ca/famille-et-soutien-aux-personnes/enfance/garderies-et-services-de-garde/portail-inscription/parents/acceder-parents,,OK_200,,,,,JAMAIS_VERIFIE,,
tr-garde-mme-laure-mukashyaka,Mme Laure Mukashyaka,Trois-Rivières,QC,famille,819-694-6662,,https://www.quebec.ca/famille-et-soutien-aux-personnes/enfance/garderies-et-services-de-garde/portail-inscription/parents/acceder-parents,,OK_200,,,,,JAMAIS_VERIFIE,,
tr-garde-francoise-beliveau,Françoise Béliveau,Trois-Rivières,QC,famille,819-694-6662,,https://www.quebec.ca/famille-et-soutien-aux-personnes/enfance/garderies-et-services-de-garde/portail-inscription/parents/acceder-parents,,OK_200,,,,,JAMAIS_VERIFIE,,
msss-clsc-macamic-centre-multiservices-de-sante-et-de-services-sociaux-de-maca,Centre Multiservices De Santé Et De Services Sociaux De Macamic,Macamic,QC,sante,819-782-2222,,,,,,,,,SANS_SITE|JAMAIS_VERIFIE,,
tr-garde-nancy-leduc,Nancy Leduc,Trois-Rivières,QC,famille,819-694-6662,,https://www.quebec.ca/famille-et-soutien-aux-personnes/enfance/garderies-et-services-de-garde/portail-inscription/parents/acceder-parents,,OK_200,,,,,JAMAIS_VERIFIE,,
msss-clsc-nicolet-maison-de-naissance-et-clsc-des-filles-de-la-sagesse,Maison De Naissance Et CLSC Des Filles-De-La-Sagesse,Nicolet,QC,sante,819-293-2071,,,,,,,,,SANS_SITE|JAMAIS_VERIFIE,,
msss-clsc-saint-leonard-d-aston-clsc-de-saint-leonard-d-aston,CLSC De Saint-Léonard-D'Aston,Saint-Léonard-d'Aston,QC,sante,819-399-2131,,,,,,,,,SANS_SITE|JAMAIS_VERIFIE,,
tr-garde-cpe-le-cerf-volant-inst-mercier,CPE LE CERF-VOLANT - INST. MERCIER,Trois-Rivières,QC,famille,1-844-270-5055,,https://www.quebec.ca/famille-et-soutien-aux-personnes/enfance/garderies-et-services-de-garde/portail-inscription/parents/acceder-parents,,OK_200,,,,,JAMAIS_VERIFIE,,
drum-garde-l-envolee-des-papillons,L'envolée des papillons,Drummondville,QC,famille,819-472-4454,,,,,,,,,SANS_SITE,,
tr-garde-cpe-le-coffre-a-jouets,CPE LE COFFRE À JOUETS,Trois-Rivières,QC,famille,1-844-270-5055,,https://www.quebec.ca/famille-et-soutien-aux-personnes/enfance/garderies-et-services-de-garde/portail-inscription/parents/acceder-parents,,OK_200,,,,,JAMAIS_VERIFIE,,
tr-garde-garderie-les-amis-de-nounou,garderie les amis de nounou,Trois-Rivières,QC,famille,819-694-6662,,https://www.quebec.ca/famille-et-soutien-aux-personnes/enfance/garderies-et-services-de-garde/portail-inscription/parents/acceder-parents,,OK_200,,,,,JAMAIS_VERIFIE,,
tr-garde-cathy-tremblay,cathy tremblay,Trois-Rivières,QC,famille,819-694-6662,,https://www.quebec.ca/famille-et-soutien-aux-personnes/enfance/garderies-et-services-de-garde/portail-inscription/parents/acceder-parents,,OK_200,,,,,JAMAIS_VERIFIE,,
drum-garde-cpe-les-petits-lutins-de-drum-inst-du-fr,CPE LES PETITS LUTINS DE DRUM. - INST. DU FRAISIER,Drummondville,QC,famille,819-472-4474,,,,,,,,,SANS_SITE,,
msss-clsc-sainte-therese-centre-multiservices-de-sante-et-de-services-sociaux-de-la-r,Centre Multiservices De Santé Et De Services Sociaux De La Rue Sicard,Sainte-Thérèse,QC,sante,450-432-2777,,,,,,,,,SANS_SITE|JAMAIS_VERIFIE,,
tr-garde-cpe-le-cerf-volant-inst-toupin,CPE LE CERF-VOLANT - INST. TOUPIN,Trois-Rivières,QC,famille,1-844-270-5055,,https://www.quebec.ca/famille-et-soutien-aux-personnes/enfance/garderies-et-services-de-garde/portail-inscription/parents/acceder-parents,,OK_200,,,,,JAMAIS_VERIFIE,,
tr-garde-garderie-les-za-mi,Garderie Les ZA-MI,Trois-Rivières,QC,famille,819-694-6662,,https://www.quebec.ca/famille-et-soutien-aux-personnes/enfance/garderies-et-services-de-garde/portail-inscription/parents/acceder-parents,,OK_200,,,,,JAMAIS_VERIFIE,,
shawi-garde-cpe-la-maison-du-pipandor,CPE LA MAISON DU PIPANDOR,Shawinigan,QC,famille,819-852-0177,,,,,,,,,SANS_SITE|JAMAIS_VERIFIE,,
shawi-garde-service-de-garde-chez-marie,Service de garde chez Marie,Shawinigan,QC,famille,819-533-3326,,,,,,,,,SANS_SITE|JAMAIS_VERIFIE,,
tr-garde-mme-marjorie-theagene,Mme Marjorie Theagene,Trois-Rivières,QC,famille,819-694-6662,,https://www.quebec.ca/famille-et-soutien-aux-personnes/enfance/garderies-et-services-de-garde/portail-inscription/parents/acceder-parents,,OK_200,,,,,JAMAIS_VERIFIE,,
tr-garde-mme-sonya-tetreault,Mme Sonya Tétreault,Trois-Rivières,QC,famille,819-694-6662,,https://www.quebec.ca/famille-et-soutien-aux-personnes/enfance/garderies-et-services-de-garde/portail-inscription/parents/acceder-parents,,OK_200,,,,,JAMAIS_VERIFIE,,
drum-garde-milieux-familial-chez-cindy,Milieux familial chez cindy,Drummondville,QC,famille,819-472-4454,,,,,,,,,SANS_SITE,,
shawi-garde-carolle-hebert,Carolle Hébert,Shawinigan,QC,famille,819-533-3326,,,,,,,,,SANS_SITE|JAMAIS_VERIFIE,,
tr-garde-maryse-gauthier,MARYSE GAUTHIER,Trois-Rivières,QC,famille,819-694-6662,,https://www.quebec.ca/famille-et-soutien-aux-personnes/enfance/garderies-et-services-de-garde/portail-inscription/parents/acceder-parents,,OK_200,,,,,JAMAIS_VERIFIE,,
centre911-nunavik,Centre 911 — Nunavik,Kuujjuaq,QC,soutienSocial,911,,,,,,,,,SANS_SITE,,
tr-garde-mme-paola-andrea-santamaria-rodriguez,Mme Paola Andrea Santamaria Rodriguez,Trois-Rivières,QC,famille,819-694-6662,,https://www.quebec.ca/famille-et-soutien-aux-personnes/enfance/garderies-et-services-de-garde/portail-inscription/parents/acceder-parents,,OK_200,,,,,JAMAIS_VERIFIE,,
drum-garde-cpe-les-petits-lutins-de-drum-inst-de-dr,CPE LES PETITS LUTINS DE DRUM. - INST. DE DRUMMONDVILLE,Drummondville,QC,famille,819-472-4474,,,,,,,,,SANS_SITE,,
msss-chsld-gatineau-centre-d-hebergement-champlain-de-gatineau,Centre D'Hébergement Champlain-De-Gatineau,Gatineau,QC,sante,819-966-6530,,,,,,,,,SANS_SITE|JAMAIS_VERIFIE,,
shawi-garde-mme-kamar-suleiman,Mme Kamar Suleiman,Shawinigan,QC,famille,819-533-3326,,,,,,,,,SANS_SITE|JAMAIS_VERIFIE,,
tr-garde-mme-fatima-zahra-ammar,Mme Fatima Zahra Ammar,Trois-Rivières,QC,famille,819-694-6662,,https://www.quebec.ca/famille-et-soutien-aux-personnes/enfance/garderies-et-services-de-garde/portail-inscription/parents/acceder-parents,,OK_200,,,,,JAMAIS_VERIFIE,,
tr-garde-garderie-annick-groux,garderie annick groux,Trois-Rivières,QC,famille,819-694-6662,,https://www.quebec.ca/famille-et-soutien-aux-personnes/enfance/garderies-et-services-de-garde/portail-inscription/parents/acceder-parents,,OK_200,,,,,JAMAIS_VERIFIE,,
tr-garde-vickie-dube,Vickie Dube,Trois-Rivières,QC,famille,819-694-6662,,https://www.quebec.ca/famille-et-soutien-aux-personnes/enfance/garderies-et-services-de-garde/portail-inscription/parents/acceder-parents,,OK_200,,,,,JAMAIS_VERIFIE,,
drum-garde-cpe-grand-mere-douceur-inst-st-charles,CPE GRAND-MÈRE DOUCEUR - INST. ST-CHARLES,Drummondville,QC,famille,819-472-3931,,,,,,,,,SANS_SITE,,
drum-garde-petits-genies,Petits Génies,Drummondville,QC,famille,819-472-4454,,,,,,,,,SANS_SITE,,
emp-rocaq,RGPAQ – Regroupement des groupes populaires en alphabétisation du Québec,Montréal,QC,emploi,514-523-2046,,https://rgpaq.qc.ca,,OK_200,,,,,JAMAIS_VERIFIE,,
msss-hopital-gatineau-centre-de-services-ambulatoires-en-sante-mentale-mont-bleu,Centre De Services Ambulatoires En Santé Mentale Mont-Bleu,Gatineau,QC,sante,819-966-6530,,,,,,,,,SANS_SITE|JAMAIS_VERIFIE,,
msss-hopital-gatineau-centre-de-services-ambulatoires-en-sante-mentale-moussette,Centre De Services Ambulatoires En Santé Mentale Moussette,Gatineau,QC,sante,819-966-6530,,,,,,,,,SANS_SITE|JAMAIS_VERIFIE,,
msss-hopital-gatineau-centre-de-services-ambulatoires-pierre-janet,Centre De Services Ambulatoires Pierre-Janet,Gatineau,QC,sante,819-966-6530,,,,,,,,,SANS_SITE|JAMAIS_VERIFIE,,
centre911-gaspesie,Centre 911 — Gaspésie / Îles-de-la-Madeleine,Gaspé,QC,soutienSocial,911,,,,,,,,,SANS_SITE,,
msss-chsld-gatineau-centre-de-services-externes-pour-les-aines-de-gatineau,Centre De Services Externes Pour Les Aînés De Gatineau,Gatineau,QC,sante,819-966-6530,,,,,,,,,SANS_SITE|JAMAIS_VERIFIE,,
msss-clsc-mont-joli-maison-de-naissance-colette-julien,Maison De Naissance Colette-Julien,Mont-Joli,QC,sante,418-775-7261,,,,,,,,,SANS_SITE|JAMAIS_VERIFIE,,
msss-clsc-saint-jean-sur-richelieu-centre-de-services-ambulatoires-et-clsc-vallee-des-forts,Centre De Services Ambulatoires Et CLSC Vallée-Des-Forts,Saint-Jean-sur-Richelieu,QC,sante,450-359-5000,,,,,,,,,SANS_SITE|JAMAIS_VERIFIE,,
tr-emp1,Carrefour Jeunesse-Emploi Mauricie (CJE),Trois-Rivières,QC,emploi,819-375-1313,,,,,,,,,SANS_SITE,,
msss-chsld-gatineau-maison-des-aines-et-alternative-masson-anger,Maison Des Aînés Et Alternative Masson-Anger,Gatineau,QC,sante,819-966-6530,,,,,,,,,SANS_SITE|JAMAIS_VERIFIE,,
msss-clsc-gatineau-centre-multiservices-de-sante-et-de-services-sociaux-de-gati,Centre Multiservices De Santé Et De Services Sociaux De Gatineau,Gatineau,QC,sante,819-966-6530,,,,,,,,,SANS_SITE|JAMAIS_VERIFIE,,
msss-hopital-gatineau-hopital-de-jour-pavillon-marcel-d-amour,Hôpital De Jour - Pavillon Marcel D'Amour,Gatineau,QC,sante,819-966-6530,,,,,,,,,SANS_SITE|JAMAIS_VERIFIE,,
msss-hopital-gatineau-hopital-en-sante-mentale-pierre-janet,Hôpital En Santé Mentale Pierre-Janet,Gatineau,QC,sante,819-966-6530,,,,,,,,,SANS_SITE|JAMAIS_VERIFIE,,
msss-chsld-gatineau-maison-des-aines-et-alternative-parc-de-la-montagne,Maison Des Aînés Et Alternative Parc-De-La-Montagne,Gatineau,QC,sante,819-966-6530,,,,,,,,,SANS_SITE|JAMAIS_VERIFIE,,
msss-clsc-gracefield-clsc-de-gracefield,CLSC De Gracefield,Gracefield,QC,sante,819-463-3747,,,,,,,,,SANS_SITE|JAMAIS_VERIFIE,,
msss-clsc-longueuil-clsc-simonne-monet-chartrand,CLSC Simonne-Monet-Chartrand,Longueuil,QC,sante,450-466-5000,,,,,,,,,SANS_SITE|JAMAIS_VERIFIE,,
msss-clsc-matane-clsc-de-matane,CLSC De Matane,Matane,QC,sante,418-562-3135,,,,,,,,,SANS_SITE|JAMAIS_VERIFIE,,
msss-hopital-saint-jerome-centre-multiservices-de-sante-et-de-services-sociaux-de-sain,Centre Multiservices De Santé Et De Services Sociaux De Saint-Jérôme,Saint-Jérôme,QC,sante,450-432-2777,,,,,,,,,SANS_SITE|JAMAIS_VERIFIE,,
msss-hopital-sherbrooke-hopital-et-chsld-argyll,Hôpital Et CHSLD Argyll,Sherbrooke,QC,sante,819-346-1110,,,,,,,,,SANS_SITE|JAMAIS_VERIFIE,,
msss-chsld-granby-chsld-de-granby,CHSLD De Granby,Granby,QC,sante,450-375-8000,,,,,,,,,SANS_SITE|JAMAIS_VERIFIE,,
msss-chsld-granby-chsld-leclerc,CHSLD Leclerc,Granby,QC,sante,450-375-8000,,,,,,,,,SANS_SITE|JAMAIS_VERIFIE,,
msss-chsld-granby-chsld-marie-berthe-couture,CHSLD Marie-Berthe-Couture,Granby,QC,sante,450-375-8000,,,,,,,,,SANS_SITE|JAMAIS_VERIFIE,,
msss-chsld-sutton-chsld-de-sutton,CHSLD De Sutton,Sutton,QC,sante,450-375-8000,,,,,,,,,SANS_SITE|JAMAIS_VERIFIE,,
msss-clsc-granby-clsc-et-maison-de-naissance-de-laurier,CLSC Et Maison De Naissance De Laurier,Granby,QC,sante,450-375-8000,,,,,,,,,SANS_SITE|JAMAIS_VERIFIE,,
msss-clsc-shawinigan-hopital-du-centre-de-la-mauricie,Hôpital Du Centre-De-La-Mauricie,Shawinigan,QC,sante,819-536-7500,,,,,,,,,SANS_SITE|JAMAIS_VERIFIE,,
assurance-beneva,Beneva Assurance,Province de Québec,QC,soutienSocial,1-877-236-3827,,,,,,,,,SANS_SITE,,
msss-chsld-granby-maison-des-aines-et-alternative-de-granby,Maison Des Aînés Et Alternative De Granby,Granby,QC,sante,450-375-8000,,,,,,,,,SANS_SITE|JAMAIS_VERIFIE,,
msss-clsc-granby-clsc-notre-dame,CLSC Notre-Dame,Granby,QC,sante,450-375-8000,,,,,,,,,SANS_SITE|JAMAIS_VERIFIE,,
msss-clsc-grande-riviere-aire-ouverte-de-grande-riviere,Aire Ouverte De Grande-Rivière,Grande-Rivière,QC,sante,418-385-2572,,,,,,,,,SANS_SITE|JAMAIS_VERIFIE,,
msss-clsc-grenville-clsc-de-grenville,CLSC De Grenville,Grenville,QC,sante,819-242-4444,,,,,,,,,SANS_SITE|JAMAIS_VERIFIE,,
msss-clsc-gros-mecatina-clsc-de-la-tabatiere,CLSC De La Tabatière,Gros-Mécatina,QC,sante,418-949-2164,,,,,,,,,SANS_SITE|JAMAIS_VERIFIE,,
msss-chsld-ham-nord-foyer-saints-anges-de-ham-nord,Foyer Saints-Anges De Ham-Nord,Ham-Nord,QC,sante,819-344-2262,,,,,,,,,SANS_SITE|JAMAIS_VERIFIE,,
msss-clsc-riviere-du-loup-clsc-de-riviere-du-loup,CLSC De Rivière-Du-Loup,Rivière-du-Loup,QC,sante,418-868-1010,,,,,,,,,SANS_SITE|JAMAIS_VERIFIE,,
msss-hopital-maria-hopital-et-groupe-de-medecine-de-famille-universitaire-de-ma,Hôpital Et Groupe De Médecine De Famille Universitaire De Maria,Maria,QC,sante,418-759-3443,,,,,,,,,SANS_SITE|JAMAIS_VERIFIE,,
msss-hopital-rimouski-hopital-regional-de-rimouski,Hôpital Régional De Rimouski,Rimouski,QC,sante,418-724-3000,,,,,,,,,SANS_SITE|JAMAIS_VERIFIE,,
msss-clsc-grosse-ile-clsc-de-l-est,CLSC De L'Est,Grosse-Île,QC,sante,418-986-2121,,,,,,,,,SANS_SITE|JAMAIS_VERIFIE,,
msss-clsc-henryville-clsc-de-henryville,CLSC De Henryville,Henryville,QC,sante,450-359-5000,,,,,,,,,SANS_SITE|JAMAIS_VERIFIE,,
msss-clsc-huntingdon-aire-ouverte-de-huntingdon,Aire Ouverte De Huntingdon,Huntingdon,QC,sante,450-264-6111,,,,,,,,,SANS_SITE|JAMAIS_VERIFIE,,
msss-clsc-nedelec-clsc-de-nedelec,CLSC De Nédélec,Nédélec,QC,sante,819-784-3383,,,,,,,,,SANS_SITE|JAMAIS_VERIFIE,,
msss-clsc-huntingdon-clsc-de-huntingdon-huntingdon-clsc,CLSC De Huntingdon / Huntingdon CLSC,Huntingdon,QC,sante,450-264-6111,,,,,,,,,SANS_SITE|JAMAIS_VERIFIE,,
msss-clsc-saint-jean-de-dieu-clsc-de-saint-jean-de-dieu,CLSC De Saint-Jean-De-Dieu,Saint-Jean-de-Dieu,QC,sante,418-963-2234,,,,,,,,,SANS_SITE|JAMAIS_VERIFIE,,
shawi-garde-mme-marika-lemire,Mme Marika Lemire,Shawinigan,QC,famille,819-533-3326,,,,,,,,,SANS_SITE|JAMAIS_VERIFIE,,
tr-garde-frederique-bergeron,Frédérique bergeron,Trois-Rivières,QC,famille,819-694-6662,,https://www.quebec.ca/famille-et-soutien-aux-personnes/enfance/garderies-et-services-de-garde/portail-inscription/parents/acceder-parents,,OK_200,,,,,JAMAIS_VERIFIE,,
msss-clsc-paspebiac-clsc-et-centre-de-services-ambulatoires-de-paspebiac,CLSC Et Centre De Services Ambulatoires De Paspébiac,Paspébiac,QC,sante,418-752-2572,,,,,,,,,SANS_SITE|JAMAIS_VERIFIE,,
msss-clsc-saint-alexis-des-monts-clsc-et-centre-de-services-externes-pour-les-aines-de-saint-,CLSC Et Centre De Services Externes Pour Les Aînés De Saint-Alexis-Des-Monts,Saint-Alexis-des-Monts,QC,sante,819-265-2100,,,,,,,,,SANS_SITE|JAMAIS_VERIFIE,,
drum-garde-cpe-cooperatif-les-p-tites-abeilles-inst,CPE COOPÉRATIF LES P'TITES ABEILLES - INST. LINDSAY,Drummondville,QC,famille,819-472-7182,,,,,,,,,SANS_SITE,,
msss-chsld-joliette-centre-d-hebergement-saint-eusebe,Centre D'Hébergement Saint-Eusèbe,Joliette,QC,sante,450-759-8222,,,,,,,,,SANS_SITE|JAMAIS_VERIFIE,,
msss-clsc-saint-celestin-centre-d-hebergement-et-clsc-de-saint-celestin,Centre D'Hébergement Et CLSC De Saint-Célestin,Saint-Célestin,QC,sante,819-229-2182,,,,,,,,,SANS_SITE|JAMAIS_VERIFIE,,
shawi-garde-milieu-familial,Services de garde en milieu familial — Shawinigan,Shawinigan,QC,famille,819-533-3326,,,,,,,,,SANS_SITE|JAMAIS_VERIFIE,,
msss-clsc-inukjuak-dispensaire-d-inukjuak,Dispensaire D'Inukjuak,Inukjuak,QC,sante,819-254-8516,,,,,,,,,SANS_SITE|JAMAIS_VERIFIE,,
re-pw5,DuProprio – Vente sans courtier,Province de Québec,QC,achatImmobilier,1-866-387-7677,,,,,,,,,SANS_SITE,,
drum-garde-cpe-cooperatif-les-p-tites-abeilles-inst-2,CPE COOPÉRATIF LES P'TITES ABEILLES - INST. DUNKIN,Drummondville,QC,famille,819-472-7182,,,,,,,,,SANS_SITE,,
msss-chsld-new-carlisle-centre-d-hebergement-de-new-carlisle,Centre D'Hébergement De New Carlisle,New Carlisle,QC,sante,418-752-2572,,,,,,,,,SANS_SITE|JAMAIS_VERIFIE,,
drum-garde-princesses-et-dragons,Princesses et Dragons,Drummondville,QC,famille,819-472-4454,,,,,,,,,SANS_SITE,,
msss-chsld-saguenay-centre-d-hebergement-de-bagotville,Centre D'Hébergement De Bagotville,Saguenay,QC,sante,418-541-1000,,,,,,,,,SANS_SITE|JAMAIS_VERIFIE,,
msss-clsc-kawawachikamach-clsc-naskapi,CLSC Naskapi,Kawawachikamach,QC,sante,418-585-2576,,,,,,,,,SANS_SITE|JAMAIS_VERIFIE,,
msss-clsc-kuujjuaq-centre-de-sante-tulattavik-de-l-ungava,Centre De Santé Tulattavik De L'Ungava,Kuujjuaq,QC,sante,819-964-2905,,,,,,,,,SANS_SITE|JAMAIS_VERIFIE,,
msss-clsc-l-ascension-de-notre-seigneur-clsc-de-l-ascension-de-notre-seigneur,CLSC De L'Ascension-De-Notre-Seigneur,L'Ascension-de-Notre-Seigneur,QC,sante,418-347-3261,,,,,,,,,SANS_SITE|JAMAIS_VERIFIE,,
msss-hopital-kuujjuaq-maison-de-transit-centre-de-sante-tulattavik-de-l-ungava,Maison De Transit (Centre De Santé Tulattavik De L'Ungava),Kuujjuaq,QC,sante,819-964-2905,,,,,,,,,SANS_SITE|JAMAIS_VERIFIE,,
mh-aqps,Association québécoise de prévention du suicide (AQPS),Québec,QC,santemental,418-614-9339,,https://aqps.info,,OK_200,,,,,JAMAIS_VERIFIE,,
msss-chsld-huntingdon-chsld-du-comte-de-huntingdon-huntingdon-county-chsld,CHSLD Du Comté-De-Huntingdon / Huntingdon County CHSLD,Huntingdon,QC,sante,450-264-6111,,,,,,,,,SANS_SITE|JAMAIS_VERIFIE,,
msss-chsld-notre-dame-du-nord-le-chsld-des-premieres-nations-du-timiskaming,Le CHSLD Des Premières Nations Du Timiskaming,Notre-Dame-du-Nord,QC,sante,819-723-2500,,,,,,,,,SANS_SITE|JAMAIS_VERIFIE,,
msss-hopital-montreal-pavillon-rachel-tourigny,Pavillon Rachel-Tourigny,Montréal,QC,sante,514-934-0354,,,,,,,,,SANS_SITE|JAMAIS_VERIFIE,,
msss-hopital-ormstown-hopital-barrie-memorial-barrie-memorial-hospital,Hôpital Barrie Memorial / Barrie Memorial Hospital,Ormstown,QC,sante,450-264-6111,,,,,,,,,SANS_SITE|JAMAIS_VERIFIE,,
tr-f1,Moisson Mauricie / Centre-du-Québec,Trois-Rivières,QC,alimentation,819-370-0484,,,,,,,,,SANS_SITE|JAMAIS_VERIFIE,,
tr-m1,Centre de Crise de la Mauricie,Trois-Rivières,QC,santemental,819-379-0596,,,,,,,,,SANS_SITE|JAMAIS_VERIFIE,,
msss-hopital-montreal-chu-sainte-justine,Chu Sainte-Justine,Montréal,QC,sante,514-934-0354,,,,,,,,,SANS_SITE|JAMAIS_VERIFIE,,
msss-chsld-la-malbaie-centre-d-hebergement-bellerive,Centre D'Hébergement Bellerive,La Malbaie,QC,sante,418-665-1700,,,,,,,,,SANS_SITE|JAMAIS_VERIFIE,,
msss-chsld-la-sarre-chsld-de-la-sarre,CHSLD De La Sarre,La Sarre,QC,sante,819-333-2311,,,,,,,,,SANS_SITE|JAMAIS_VERIFIE,,
msss-clsc-l-ile-d-anticosti-clsc-de-port-menier,CLSC De Port-Menier,L'Île-d'Anticosti,QC,sante,418-535-0211,,,,,,,,,SANS_SITE|JAMAIS_VERIFIE,,
msss-clsc-la-malbaie-clsc-et-centre-de-readaptation-en-dependance-de-la-malbaie,CLSC Et Centre De Réadaptation En Dépendance De La Malbaie,La Malbaie,QC,sante,418-665-1700,,,,,,,,,SANS_SITE|JAMAIS_VERIFIE,,
msss-clsc-la-morandiere-rochebaucourt-clsc-de-rochebaucourt,CLSC De Rochebaucourt,La Morandière-Rochebaucourt,QC,sante,819-734-2881,,,,,,,,,SANS_SITE|JAMAIS_VERIFIE,,
msss-hopital-granby-centre-de-services-ambulatoires-providence,Centre De Services Ambulatoires Providence,Granby,QC,sante,450-375-8000,,,,,,,,,SANS_SITE|JAMAIS_VERIFIE,,
mh-crise-rond-point-mtl,Centre de crise Le Tournant – Sud-Ouest,Montréal,QC,santemental,514-935-4546,,https://centredecrise.ca,,OK_200,,,,,JAMAIS_VERIFIE,,
msss-chsld-labelle-centre-d-hebergement-de-labelle,Centre D'Hébergement De Labelle,Labelle,QC,sante,819-623-1234,,,,,,,,,SANS_SITE|JAMAIS_VERIFIE,,
msss-clsc-la-sarre-clsc-en-sante-mentale-de-la-sarre,CLSC En Santé Mentale De La Sarre,La Sarre,QC,sante,819-333-2311,,,,,,,,,SANS_SITE|JAMAIS_VERIFIE,,
msss-clsc-la-tuque-clsc-de-parent,CLSC De Parent,La Tuque,QC,sante,819-523-4581,,,,,,,,,SANS_SITE|JAMAIS_VERIFIE,,
msss-clsc-lachute-centre-multiservices-de-sante-et-de-services-sociaux-d-argen,Centre Multiservices De Santé Et De Services Sociaux D'Argenteuil,Lachute,QC,sante,819-242-4444,,,,,,,,,SANS_SITE|JAMAIS_VERIFIE,,
msss-chsld-laval-chsld-de-laval,CHSLD De Laval,Laval,QC,sante,450-668-1010,,,,,,,,,SANS_SITE|JAMAIS_VERIFIE,,
msss-clsc-latulipe-et-gaboury-clsc-de-latulipe,CLSC De Latulipe,Latulipe-et-Gaboury,QC,sante,819-747-2632,,,,,,,,,SANS_SITE|JAMAIS_VERIFIE,,
msss-clsc-sherbrooke-clsc-et-centre-de-services-ambulatoires-en-pediatrie-camiran,CLSC Et Centre De Services Ambulatoires En Pédiatrie Camirand,Sherbrooke,QC,sante,819-346-1110,,,,,,,,,SANS_SITE|JAMAIS_VERIFIE,,
msss-clsc-terrebonne-clsc-lamater-les-moulins,CLSC Lamater Les Moulins,Terrebonne,QC,sante,450-759-8222,,,,,,,,,SANS_SITE|JAMAIS_VERIFIE,,
pw4,DPJ – Protection de la jeunesse,Province de Québec,QC,famille,1-800-463-9019,,,,,,,,,SANS_SITE,,
msss-hopital-laval-hopital-juif-de-readaptation,Hôpital Juif De Réadaptation,Laval,QC,sante,450-668-1010,,,,,,,,,SANS_SITE|JAMAIS_VERIFIE,,
re-pw2,RAP – Régime d'accession à la propriété (REER),Province de Québec,QC,achatImmobilier,1-800-959-8281,,,,,,,,,SANS_SITE,,
msss-chsld-laval-centre-d-hebergement-de-la-rive,Centre D'Hébergement De La Rive,Laval,QC,sante,450-668-1010,,,,,,,,,SANS_SITE|JAMAIS_VERIFIE,,
msss-chsld-laval-centre-d-hebergement-et-de-soins-de-longue-duree-saint-jude,Centre D'Hébergement Et De Soins De Longue Durée Saint-Jude,Laval,QC,sante,450-668-1010,,,,,,,,,SANS_SITE|JAMAIS_VERIFIE,,
msss-clsc-lac-megantic-centre-multiservices-de-sante-et-de-services-sociaux-du-gran,Centre Multiservices De Santé Et De Services Sociaux Du Granit,Lac-Mégantic,QC,sante,819-583-0330,,,,,,,,,SANS_SITE|JAMAIS_VERIFIE,,
msss-clsc-laval-clsc-et-centre-de-services-ambulatoires-ruisseau-papineau,CLSC Et Centre De Services Ambulatoires Ruisseau-Papineau,Laval,QC,sante,450-668-1010,,,,,,,,,SANS_SITE|JAMAIS_VERIFIE,,
msss-clsc-quebec-clsc-et-centre-de-services-ambulatoires-de-la-haute-ville,CLSC Et Centre De Services Ambulatoires De La Haute-Ville,Québec,QC,sante,418-525-4444,,,,,,,,,SANS_SITE|JAMAIS_VERIFIE,,
msss-clsc-victoriaville-hotel-dieu-d-arthabaska,Hôtel-Dieu D'Arthabaska,Victoriaville,QC,sante,819-758-7281,,,,,,,,,SANS_SITE|JAMAIS_VERIFIE,,
msss-clsc-victoriaville-clsc-suzor-cote,CLSC Suzor-Coté,Victoriaville,QC,sante,819-758-7281,,,,,,,,,SANS_SITE|JAMAIS_VERIFIE,,
msss-chsld-les-iles-de-la-madeleine-chsld-eudore-labrie,CHSLD Eudore-Labrie,Les Îles-de-la-Madeleine,QC,sante,418-986-2121,,,,,,,,,SANS_SITE|JAMAIS_VERIFIE,,
msss-chsld-les-iles-de-la-madeleine-chsld-plaisance,CHSLD Plaisance,Les Îles-de-la-Madeleine,QC,sante,418-986-2121,,,,,,,,,SANS_SITE|JAMAIS_VERIFIE,,
msss-chsld-notre-dame-des-anges-centre-d-hebergement-hopital-general-de-quebec,Centre D'Hébergement Hôpital Général De Québec,Notre-Dame-des-Anges,QC,sante,418-525-4444,,,,,,,,,SANS_SITE|JAMAIS_VERIFIE,,
msss-chsld-quebec-centre-d-hebergement-notre-dame-de-lourdes,Centre D'Hébergement Notre-Dame-De-Lourdes,Québec,QC,sante,418-525-4444,,,,,,,,,SANS_SITE|JAMAIS_VERIFIE,,
msss-clsc-les-iles-de-la-madeleine-aire-ouverte-des-iles,Aire Ouverte Des Îles,Les Îles-de-la-Madeleine,QC,sante,418-986-2121,,,,,,,,,SANS_SITE|JAMAIS_VERIFIE,,
msss-clsc-sherbrooke-clsc-j-olivier-camirand,CLSC J-Olivier-Camirand,Sherbrooke,QC,sante,819-346-1110,,,,,,,,,SANS_SITE|JAMAIS_VERIFIE,,
msss-clsc-val-des-monts-clsc-de-val-des-monts,CLSC De Val-Des-Monts,Val-des-Monts,QC,sante,819-278-3993,,,,,,,,,SANS_SITE|JAMAIS_VERIFIE,,
msss-chsld-longueuil-chsld-argyle-longueuil,CHSLD Argyle - Longueuil,Longueuil,QC,sante,450-466-5000,,,,,,,,,SANS_SITE|JAMAIS_VERIFIE,,
msss-clsc-longue-pointe-de-mingan-clsc-de-longue-pointe-de-mingan,CLSC De Longue-Pointe-De-Mingan,Longue-Pointe-de-Mingan,QC,sante,418-538-2212,,,,,,,,,SANS_SITE|JAMAIS_VERIFIE,,
msss-hopital-saguenay-hopital-et-centre-de-readaptation-de-jonquiere,Hôpital Et Centre De Réadaptation De Jonquière,Saguenay,QC,sante,418-541-1000,,,,,,,,,SANS_SITE|JAMAIS_VERIFIE,,
msss-hopital-terrebonne-hopital-pierre-le-gardeur,Hôpital Pierre-Le Gardeur,Terrebonne,QC,sante,450-759-8222,,,,,,,,,SANS_SITE|JAMAIS_VERIFIE,,
msss-clsc-saint-jean-sur-richelieu-clsc-et-aire-ouverte-de-la-rue-champlain,CLSC Et Aire Ouverte De La Rue Champlain,Saint-Jean-sur-Richelieu,QC,sante,450-359-5000,,,,,,,,,SANS_SITE|JAMAIS_VERIFIE,,
msss-clsc-sherbrooke-clsc-king-ouest,CLSC King Ouest,Sherbrooke,QC,sante,819-346-1110,,,,,,,,,SANS_SITE|JAMAIS_VERIFIE,,
msss-hopital-longueuil-centre-de-services-ambulatoires-de-la-rue-beauregard,Centre De Services Ambulatoires De La Rue Beauregard,Longueuil,QC,sante,450-466-5000,,,,,,,,,SANS_SITE|JAMAIS_VERIFIE,,
msss-hopital-longueuil-centre-de-services-ambulatoires-en-sante-mentale-de-la-rue-l,Centre De Services Ambulatoires En Santé Mentale De La Rue Labonté,Longueuil,QC,sante,450-466-5000,,,,,,,,,SANS_SITE|JAMAIS_VERIFIE,,
msss-clsc-laval-clsc-et-groupe-de-medecine-de-famille-universitaire-du-marig,CLSC Et Groupe De Médecine De Famille Universitaire Du Marigot,Laval,QC,sante,450-668-1010,,,,,,,,,SANS_SITE|JAMAIS_VERIFIE,,
msss-clsc-levis-maison-de-naissance-mimosa,Maison De Naissance Mimosa,Lévis,QC,sante,418-380-8993,,,,,,,,,SANS_SITE|JAMAIS_VERIFIE,,
msss-clsc-sainte-julie-clsc-de-sainte-julie,CLSC De Sainte-Julie,Sainte-Julie,QC,sante,450-466-5000,,,,,,,,,SANS_SITE|JAMAIS_VERIFIE,,
msss-clsc-louiseville-centre-multiservices-de-sante-et-de-services-sociaux-avellin,Centre Multiservices De Santé Et De Services Sociaux Avellin-Dalcourt,Louiseville,QC,sante,819-228-2731,,,,,,,,,SANS_SITE|JAMAIS_VERIFIE,,
msss-clsc-pontiac-clsc-de-quyon,CLSC De Quyon,Pontiac,QC,sante,819-647-2211,,,,,,,,,SANS_SITE|JAMAIS_VERIFIE,,
msss-hopital-granby-centre-de-services-ambulatoires-saint-jacques,Centre De Services Ambulatoires Saint-Jacques,Granby,QC,sante,450-375-8000,,,,,,,,,SANS_SITE|JAMAIS_VERIFIE,,
msss-hopital-longueuil-hopital-charles-le-moyne,Hôpital Charles-Le Moyne,Longueuil,QC,sante,450-466-5000,,,,,,,,,SANS_SITE|JAMAIS_VERIFIE,,
msss-clsc-saint-jerome-clsc-et-groupe-de-medecine-de-famille-universitaire-lafontai,CLSC Et Groupe De Médecine De Famille Universitaire Lafontaine,Saint-Jérôme,QC,sante,450-432-2777,,,,,,,,,SANS_SITE|JAMAIS_VERIFIE,,
msss-clsc-levis-centre-multiservices-de-sante-et-de-services-sociaux-de-levi,Centre Multiservices De Santé Et De Services Sociaux De Lévis,Lévis,QC,sante,418-380-8993,,,,,,,,,SANS_SITE|JAMAIS_VERIFIE,,
msss-clsc-levis-centre-multiservices-de-sante-et-de-services-sociaux-monseig,Centre Multiservices De Santé Et De Services Sociaux Monseigneur-Bourget,Lévis,QC,sante,418-380-8993,,,,,,,,,SANS_SITE|JAMAIS_VERIFIE,,
msss-clsc-levis-clsc-de-saint-romuald,CLSC De Saint-Romuald,Lévis,QC,sante,418-380-8993,,,,,,,,,SANS_SITE|JAMAIS_VERIFIE,,
msss-clsc-louiseville-centre-multiservices-de-sante-et-de-services-sociaux-comtois,Centre Multiservices De Santé Et De Services Sociaux Comtois,Louiseville,QC,sante,819-228-2731,,,,,,,,,SANS_SITE|JAMAIS_VERIFIE,,
msss-hopital-levis-centre-de-services-ambulatoires-de-levis,Centre De Services Ambulatoires De Lévis,Lévis,QC,sante,418-380-8993,,,,,,,,,SANS_SITE|JAMAIS_VERIFIE,,
msss-hopital-levis-centre-de-services-ambulatoires-en-sante-mentale-de-levis,Centre De Services Ambulatoires En Santé Mentale De Lévis,Lévis,QC,sante,418-380-8993,,,,,,,,,SANS_SITE|JAMAIS_VERIFIE,,
le-traversier,Le Traversier — Aide psychosociale,Trois-Rivières,QC,santemental,819-373-5820,,,,,,,,,SANS_SITE|JAMAIS_VERIFIE,,
msss-hopital-mont-tremblant-centre-de-services-externes-pour-les-aines-et-services-ambul,Centre De Services Externes Pour Les Aînés Et Services Ambulatoires De Mont-Tremblant,Mont-Tremblant,QC,sante,819-623-1234,,,,,,,,,SANS_SITE|JAMAIS_VERIFIE,,
msss-hopital-sainte-therese-chsld-et-centre-de-services-ambulatoires-drapeau-deschambaul,CHSLD Et Centre De Services Ambulatoires Drapeau-Deschambault,Sainte-Thérèse,QC,sante,450-432-2777,,,,,,,,,SANS_SITE|JAMAIS_VERIFIE,,
v-cavac,CAVAC — Centre d'aide aux victimes d'actes criminels,Province de Québec,QC,soutienSocial,1-866-532-2822,,,,,,,,,SANS_SITE,,
msss-chsld-mansfield-et-pontefract-centre-d-hebergement-de-mansfield-et-pontefract,Centre D'Hébergement De Mansfield-Et-Pontefract,Mansfield-et-Pontefract,QC,sante,819-683-3000,,,,,,,,,SANS_SITE|JAMAIS_VERIFIE,,
msss-clsc-mont-laurier-clsc-de-mont-laurier,CLSC De Mont-Laurier,Mont-Laurier,QC,sante,819-623-1234,,,,,,,,,SANS_SITE|JAMAIS_VERIFIE,,
msss-clsc-montmagny-clsc-et-chsld-de-montmagny,CLSC Et CHSLD De Montmagny,Montmagny,QC,sante,418-248-0630,,,,,,,,,SANS_SITE|JAMAIS_VERIFIE,,
msss-hopital-matane-hopital-de-matane,Hôpital De Matane,Matane,QC,sante,418-562-3135,,,,,,,,,SANS_SITE|JAMAIS_VERIFIE,,
baq-moisson-montreal,Moisson Montréal,Montréal,QC,alimentation,514-344-4494,,https://moissonmontreal.org,,OK_200,,,,,JAMAIS_VERIFIE,,
msss-clsc-terrebonne-clsc-lamater-de-terrebonne,CLSC Lamater De Terrebonne,Terrebonne,QC,sante,450-759-8222,,,,,,,,,SANS_SITE|JAMAIS_VERIFIE,,
msss-clsc-montreal-aire-ouverte-du-metro-berri,Aire Ouverte Du Métro-Berri,Montréal,QC,sante,514-934-0354,,,,,,,,,SANS_SITE|JAMAIS_VERIFIE,,
msss-clsc-pointe-claire-clsc-du-lac-saint-louis,CLSC Du Lac-Saint-Louis,Pointe-Claire,QC,sante,514-630-2000,,,,,,,,,SANS_SITE|JAMAIS_VERIFIE,,
msss-clsc-saint-felicien-clsc-de-saint-felicien,CLSC De Saint-Félicien,Saint-Félicien,QC,sante,418-679-1212,,,,,,,,,SANS_SITE|JAMAIS_VERIFIE,,
msss-hopital-roberval-hopital-et-centre-d-hebergement-de-roberval,Hôpital Et Centre D'Hébergement De Roberval,Roberval,QC,sante,418-275-0110,,,,,,,,,SANS_SITE|JAMAIS_VERIFIE,,
msss-chsld-montreal-chsld-saint-joseph-de-la-providence,CHSLD Saint-Joseph-De-La-Providence,Montréal,QC,sante,514-934-0354,,,,,,,,,SANS_SITE|JAMAIS_VERIFIE,,
msss-clsc-malartic-hopital-en-sante-mentale-et-clsc-de-malartic,Hôpital En Santé Mentale Et CLSC De Malartic,Malartic,QC,sante,819-757-6205,,,,,,,,,SANS_SITE|JAMAIS_VERIFIE,,
msss-chsld-montreal-centre-d-hebergement-denis-benjamin-viger,Centre D'Hébergement Denis-Benjamin-Viger,Montréal,QC,sante,514-934-0354,,,,,,,,,SANS_SITE|JAMAIS_VERIFIE,,
msss-chsld-montreal-chsld-kastner,CHSLD Kastner,Montréal,QC,sante,514-934-0354,,,,,,,,,SANS_SITE|JAMAIS_VERIFIE,,
msss-clsc-saint-michel-du-squatec-clinique-medicale-de-squatec,Clinique Médicale De Squatec,Saint-Michel-du-Squatec,QC,sante,418-899-6751,,,,,,,,,SANS_SITE|JAMAIS_VERIFIE,,
msss-chsld-granby-chsld-villa-bonheur,CHSLD Villa-Bonheur,Granby,QC,sante,450-375-8000,,,,,,,,,SANS_SITE|JAMAIS_VERIFIE,,
msss-chsld-montreal-chsld-paul-lizotte,CHSLD Paul-Lizotte,Montréal,QC,sante,514-934-0354,,,,,,,,,SANS_SITE|JAMAIS_VERIFIE,,
msss-clsc-gatineau-maison-de-naissance-de-l-outaouais,Maison De Naissance De L'Outaouais,Gatineau,QC,sante,819-966-6530,,,,,,,,,SANS_SITE|JAMAIS_VERIFIE,,
msss-clsc-montreal-clsc-de-saint-michel,CLSC De Saint-Michel,Montréal,QC,sante,514-934-0354,,,,,,,,,SANS_SITE|JAMAIS_VERIFIE,,
msss-clsc-montreal-clsc-ile-des-s-urs,CLSC Île-Des-Sœurs,Montréal,QC,sante,514-934-0354,,,,,,,,,SANS_SITE|JAMAIS_VERIFIE,,
msss-clsc-montreal-clsc-saint-urbain,CLSC Saint-Urbain,Montréal,QC,sante,514-934-0354,,,,,,,,,SANS_SITE|JAMAIS_VERIFIE,,
msss-chsld-montreal-centre-d-hebergement-armand-lavergne,Centre D'Hébergement Armand-Lavergne,Montréal,QC,sante,514-934-0354,,,,,,,,,SANS_SITE|JAMAIS_VERIFIE,,
msss-chsld-montreal-centre-d-hebergement-champlain-marie-victorin,Centre D'Hébergement Champlain - Marie-Victorin,Montréal,QC,sante,514-934-0354,,,,,,,,,SANS_SITE|JAMAIS_VERIFIE,,
msss-chsld-montreal-centre-d-hebergement-de-la-maree,Centre D'Hébergement De La Marée,Montréal,QC,sante,514-934-0354,,,,,,,,,SANS_SITE|JAMAIS_VERIFIE,,
msss-clsc-terrebonne-clsc-lamater-des-seigneurs,CLSC Lamater Des Seigneurs,Terrebonne,QC,sante,450-759-8222,,,,,,,,,SANS_SITE|JAMAIS_VERIFIE,,
msss-hopital-montreal-centre-d-hebergement-camille-lefebvre,Centre D'Hébergement Camille-Lefebvre,Montréal,QC,sante,514-934-0354,,,,,,,,,SANS_SITE|JAMAIS_VERIFIE,,
msss-chsld-montreal-centre-de-soins-prolonges-grace-dart,Centre De Soins Prolongés Grace Dart,Montréal,QC,sante,514-934-0354,,,,,,,,,SANS_SITE|JAMAIS_VERIFIE,,
msss-hopital-les-iles-de-la-madeleine-hopital-de-l-archipel,Hôpital De L'Archipel,Les Îles-de-la-Madeleine,QC,sante,418-986-2121,,,,,,,,,SANS_SITE|JAMAIS_VERIFIE,,
msss-hopital-montreal-centre-de-services-ambulatoires-de-maisonneuve,Centre De Services Ambulatoires De Maisonneuve,Montréal,QC,sante,514-934-0354,,,,,,,,,SANS_SITE|JAMAIS_VERIFIE,,
msss-hopital-montreal-centre-hospitalier-de-st-mary,Centre Hospitalier De St. Mary,Montréal,QC,sante,514-934-0354,,,,,,,,,SANS_SITE|JAMAIS_VERIFIE,,
msss-clsc-les-iles-de-la-madeleine-clsc-de-cap-aux-meules,CLSC De Cap-Aux-Meules,Les Îles-de-la-Madeleine,QC,sante,418-986-2121,,,,,,,,,SANS_SITE|JAMAIS_VERIFIE,,
msss-clsc-remigny-clsc-de-remigny,CLSC De Rémigny,Rémigny,QC,sante,819-722-2777,,,,,,,,,SANS_SITE|JAMAIS_VERIFIE,,
msss-clsc-terrebonne-clsc-desrosiers-langlois,CLSC Desrosiers-Langlois,Terrebonne,QC,sante,450-759-8222,,,,,,,,,SANS_SITE|JAMAIS_VERIFIE,,
msss-clsc-montreal-maison-de-naissance-jeanne-mance,Maison De Naissance Jeanne-Mance,Montréal,QC,sante,514-934-0354,,,,,,,,,SANS_SITE|JAMAIS_VERIFIE,,
msss-hopital-granby-hopital-de-granby,Hôpital De Granby,Granby,QC,sante,450-375-8000,,,,,,,,,SANS_SITE|JAMAIS_VERIFIE,,
msss-hopital-montreal-hopital-notre-dame,Hôpital Notre-Dame,Montréal,QC,sante,514-934-0354,,,,,,,,,SANS_SITE|JAMAIS_VERIFIE,,
msss-hopital-montreal-institut-universitaire-de-geriatrie-de-montreal,Institut Universitaire De Gériatrie De Montréal,Montréal,QC,sante,514-934-0354,,,,,,,,,SANS_SITE|JAMAIS_VERIFIE,,
imm-promis-mtl,PROMIS – Promotion-Intégration-Société nouvelle,Montréal,QC,immigration,514-345-1615,,https://promis.qc.ca,,OK_200,,,,,JAMAIS_VERIFIE,,
msss-chsld-montreal-centre-d-hebergement-de-lachine,Centre D'Hébergement De Lachine,Montréal,QC,sante,514-934-0354,,,,,,,,,SANS_SITE|JAMAIS_VERIFIE,,
s-stmichaels-shelter,Refuge des jeunes de Montréal,Montréal,QC,soutienSocial,514-849-4221,,https://refugedesjeunes.org,,OK_200,,,,,JAMAIS_VERIFIE,,
s-yslm-mtl,Y des femmes de Montréal (YWCA),Montréal,QC,soutienSocial,514-866-9941,,https://ydesfemmesmtl.org,,OK_200,,,,,JAMAIS_VERIFIE,,
imm-collectif-mtl,Collectif des femmes immigrantes du Québec (CFIQ),Montréal,QC,immigration,514-279-4246,,https://cfiq.ca,,OK_200,,,,,JAMAIS_VERIFIE,,
imm-himo-mtl,Hirondelle – Services d'accueil et d'intégration,Montréal,QC,immigration,514-281-2038,,https://hirondelle.qc.ca,,OK_200,,,,,JAMAIS_VERIFIE,,
msss-clsc-montreal-clsc-de-pierrefonds,CLSC De Pierrefonds,Montréal,QC,sante,514-934-0354,,,,,,,,,SANS_SITE|JAMAIS_VERIFIE,,
msss-clsc-pierreville-centre-d-hebergement-et-clsc-lucien-shooner,Centre D'Hébergement Et CLSC Lucien-Shooner,Pierreville,QC,sante,450-568-2881,,,,,,,,,SANS_SITE|JAMAIS_VERIFIE,,
msss-clsc-pointe-claire-hopital-general-du-lakeshore,Hôpital Général Du Lakeshore,Pointe-Claire,QC,sante,514-630-2000,,,,,,,,,SANS_SITE|JAMAIS_VERIFIE,,
msss-chsld-notre-dame-du-bon-conseil-centre-d-hebergement-de-notre-dame-du-bon-conseil,Centre D'Hébergement De Notre-Dame-Du-Bon-Conseil,Notre-Dame-du-Bon-Conseil,QC,sante,819-396-2626,,,,,,,,,SANS_SITE|JAMAIS_VERIFIE,,
msss-clsc-montreal-clsc-de-dorval-lachine,CLSC De Dorval-Lachine,Montréal,QC,sante,514-934-0354,,,,,,,,,SANS_SITE|JAMAIS_VERIFIE,,
imm-jurid1,Aide juridique – clinique immigration,Province de Québec,QC,immigration,1-800-842-2213,,,,,,,,,SANS_SITE,,
taq-qc,Tribunal administratif du Québec (TAQ),Province de Québec,QC,soutienSocial,1-800-567-0278,,,,,,,,,SANS_SITE,,
msss-hopital-montreal-hopital-de-lachine,Hôpital De Lachine,Montréal,QC,sante,514-934-0354,,,,,,,,,SANS_SITE|JAMAIS_VERIFIE,,
msss-chsld-montreal-centre-d-hebergement-de-lasalle,Centre D'Hébergement De Lasalle,Montréal,QC,sante,514-934-0354,,,,,,,,,SANS_SITE|JAMAIS_VERIFIE,,
msss-chsld-montreal-chsld-benjamin-victor-rousselot,CHSLD Benjamin-Victor-Rousselot,Montréal,QC,sante,514-934-0354,,,,,,,,,SANS_SITE|JAMAIS_VERIFIE,,
msss-chsld-montreal-centre-d-hebergement-louis-riel,Centre D'Hébergement Louis-Riel,Montréal,QC,sante,514-934-0354,,,,,,,,,SANS_SITE|JAMAIS_VERIFIE,,
msss-chsld-montreal-centre-d-hebergement-real-morel,Centre D'Hébergement Réal-Morel,Montréal,QC,sante,514-934-0354,,,,,,,,,SANS_SITE|JAMAIS_VERIFIE,,
msss-chsld-montreal-centre-d-hebergement-yvon-brunet,Centre D'Hébergement Yvon-Brunet,Montréal,QC,sante,514-934-0354,,,,,,,,,SANS_SITE|JAMAIS_VERIFIE,,
msss-clsc-montreal-clsc-de-saint-henri,CLSC De Saint-Henri,Montréal,QC,sante,514-934-0354,,,,,,,,,SANS_SITE|JAMAIS_VERIFIE,,
msss-hopital-montreal-centre-multiservice-de-sante-et-de-services-sociaux-de-saint,Centre Multiservice De Santé Et De Services Sociaux De Saint-Henri,Montréal,QC,sante,514-934-0354,,,,,,,,,SANS_SITE|JAMAIS_VERIFIE,,
msss-hopital-montreal-hopital-jean-talon,Hôpital Jean-Talon,Montréal,QC,sante,514-934-0354,,,,,,,,,SANS_SITE|JAMAIS_VERIFIE,,
soc-jurid1,Aide juridique du Québec,Province de Québec,QC,soutienSocial,1-800-842-2213,,,,,,,,,SANS_SITE,,
msss-chsld-montreal-chsld-de-cartierville,CHSLD De Cartierville,Montréal,QC,sante,514-934-0354,,,,,,,,,SANS_SITE|JAMAIS_VERIFIE,,
msss-chsld-montreal-chsld-laurendeau,CHSLD Laurendeau,Montréal,QC,sante,514-934-0354,,,,,,,,,SANS_SITE|JAMAIS_VERIFIE,,
msss-clsc-montreal-clsc-de-montreal-nord,CLSC De Montréal-Nord,Montréal,QC,sante,514-934-0354,,,,,,,,,SANS_SITE|JAMAIS_VERIFIE,,
msss-clsc-montreal-clsc-et-groupe-de-medecine-de-famille-universitaire-cote-des,CLSC Et Groupe De Médecine De Famille Universitaire Côte-Des-Neiges,Montréal,QC,sante,514-934-0354,,,,,,,,,SANS_SITE|JAMAIS_VERIFIE,,
msss-clsc-montreal-clsc-et-groupe-de-medecine-de-famille-universitaire-metro,CLSC Et Groupe De Médecine De Famille Universitaire Métro,Montréal,QC,sante,514-934-0354,,,,,,,,,SANS_SITE|JAMAIS_VERIFIE,,
msss-hopital-montreal-centre-d-hebergement-notre-dame-de-la-merci,Centre D'Hébergement Notre-Dame-De-La-Merci,Montréal,QC,sante,514-934-0354,,,,,,,,,SANS_SITE|JAMAIS_VERIFIE,,
msss-hopital-montreal-hopital-richardson,Hôpital Richardson,Montréal,QC,sante,514-934-0354,,,,,,,,,SANS_SITE|JAMAIS_VERIFIE,,
assurance-industrielle-alliance,iA Assurance,Province de Québec,QC,soutienSocial,1-800-463-6236,,,,,,,,,SANS_SITE,,
assurance-wawanesa,Wawanesa Assurance,Province de Québec,QC,soutienSocial,1-844-929-2637,,,,,,,,,SANS_SITE,,
h-omh-trois-rivieres,Office municipal d'habitation de Trois-Rivières,Trois-Rivières,QC,logement,819-378-5438,,https://omhtr.ca,,OK_200,,,,,JAMAIS_VERIFIE,,
msss-clsc-montreal-clsc-d-ahuntsic,CLSC D'Ahuntsic,Montréal,QC,sante,514-934-0354,,,,,,,,,SANS_SITE|JAMAIS_VERIFIE,,
msss-clsc-montreal-clsc-de-la-petite-patrie,CLSC De La Petite-Patrie,Montréal,QC,sante,514-934-0354,,,,,,,,,SANS_SITE|JAMAIS_VERIFIE,,
msss-hopital-montreal-hopital-fleury,Hôpital Fleury,Montréal,QC,sante,514-934-0354,,,,,,,,,SANS_SITE|JAMAIS_VERIFIE,,
pw2,Info-Santé / Info-Social,Province de Québec,QC,sante,811,,,,,,,,,SANS_SITE,,
pw3,SOS Violence Conjugale,Province de Québec,QC,famille,1-800-363-9010,,,,,,,,,SANS_SITE,,
msss-chsld-quebec-centre-d-hebergement-de-loretteville,Centre D'Hébergement De Loretteville,Québec,QC,sante,418-525-4444,,,,,,,,,SANS_SITE|JAMAIS_VERIFIE,,
msss-chsld-quebec-centre-d-hebergement-et-de-soins-de-longue-duree-cote-jardin,Centre D'Hébergement Et De Soins De Longue Durée Côté-Jardin,Québec,QC,sante,418-525-4444,,,,,,,,,SANS_SITE|JAMAIS_VERIFIE,,
msss-clsc-quebec-centre-multiservices-de-sante-et-de-services-sociaux-sacre-c,Centre Multiservices De Santé Et De Services Sociaux Sacré-Coeur,Québec,QC,sante,418-525-4444,,,,,,,,,SANS_SITE|JAMAIS_VERIFIE,,
msss-clsc-quebec-maison-de-naissance-de-la-capitale-nationale,Maison De Naissance De La Capitale-Nationale,Québec,QC,sante,418-525-4444,,,,,,,,,SANS_SITE|JAMAIS_VERIFIE,,
msss-hopital-quebec-groupe-de-medecine-de-famille-universitaire-de-saint-francoi,Groupe De Médecine De Famille Universitaire De Saint-François D’assise,Québec,QC,sante,418-525-4444,,,,,,,,,SANS_SITE|JAMAIS_VERIFIE,,
msss-hopital-quebec-hopital-jeffery-hale,Hôpital Jeffery Hale,Québec,QC,sante,418-525-4444,,,,,,,,,SANS_SITE|JAMAIS_VERIFIE,,
msss-chsld-montreal-centre-d-hebergement-emilie-gamelin,Centre D'Hébergement Émilie-Gamelin,Montréal,QC,sante,514-934-0354,,,,,,,,,SANS_SITE|JAMAIS_VERIFIE,,
msss-chsld-montreal-centre-d-hebergement-paul-emile-leger,Centre D'Hébergement Paul-Émile-Léger,Montréal,QC,sante,514-934-0354,,,,,,,,,SANS_SITE|JAMAIS_VERIFIE,,
msss-chsld-quebec-saint-brigid-s-home,Saint Brigid'S Home,Québec,QC,sante,418-525-4444,,,,,,,,,SANS_SITE|JAMAIS_VERIFIE,,
msss-clsc-taschereau-clsc-de-taschereau,CLSC De Taschereau,Taschereau,QC,sante,819-796-2144,,,,,,,,,SANS_SITE|JAMAIS_VERIFIE,,
msss-hopital-montreal-chsld-de-saint-michel,CHSLD De Saint-Michel,Montréal,QC,sante,514-934-0354,,,,,,,,,SANS_SITE|JAMAIS_VERIFIE,,
msss-chsld-montreal-chsld-jean-hubert-biermans,CHSLD Jean-Hubert-Biermans,Montréal,QC,sante,514-934-0354,,,,,,,,,SANS_SITE|JAMAIS_VERIFIE,,
msss-clsc-riviere-au-tonnerre-clsc-de-riviere-au-tonnerre,CLSC De Rivière-Au-Tonnerre,Rivière-au-Tonnerre,QC,sante,418-465-2222,,,,,,,,,SANS_SITE|JAMAIS_VERIFIE,,
msss-chsld-repentigny-centre-d-hebergement-de-repentigny,Centre D'Hébergement De Repentigny,Repentigny,QC,sante,450-654-7525,,,,,,,,,SANS_SITE|JAMAIS_VERIFIE,,
msss-hopital-riviere-du-loup-centre-hospitalier-regional-du-grand-portage,Centre Hospitalier Régional Du Grand-Portage,Rivière-du-Loup,QC,sante,418-868-1010,,,,,,,,,SANS_SITE|JAMAIS_VERIFIE,,
msss-clsc-montreal-clsc-de-saint-leonard,CLSC De Saint-Léonard,Montréal,QC,sante,514-934-0354,,,,,,,,,SANS_SITE|JAMAIS_VERIFIE,,
msss-hopital-riviere-ouelle-centre-de-readaptation-en-deficience-intellectuelle-troubles,"Centre De Réadaptation En Déficience Intellectuelle, Troubles Du Spectre De L'Autisme Et En Déficience Physique Thérèse-Martin",Rivière-Ouelle,QC,sante,418-856-3377,,,,,,,,,SANS_SITE|JAMAIS_VERIFIE,,
msss-clsc-montreal-clsc-et-groupe-de-medecine-de-famille-universitaire-de-hoche,CLSC Et Groupe De Médecine De Famille Universitaire De Hochelaga-Maisonneuve,Montréal,QC,sante,514-934-0354,,,,,,,,,SANS_SITE|JAMAIS_VERIFIE,,
msss-clsc-montreal-clsc-olivier-guimond,CLSC Olivier-Guimond,Montréal,QC,sante,514-934-0354,,,,,,,,,SANS_SITE|JAMAIS_VERIFIE,,
msss-chsld-laval-centre-d-hebergement-fernand-larocque,Centre D'Hébergement Fernand-Larocque,Laval,QC,sante,450-668-1010,,,,,,,,,SANS_SITE|JAMAIS_VERIFIE,,
msss-clsc-la-malbaie-hopital-et-clsc-de-la-malbaie,Hôpital Et CLSC De La Malbaie,La Malbaie,QC,sante,418-665-1700,,,,,,,,,SANS_SITE|JAMAIS_VERIFIE,,
msss-clsc-laval-clsc-et-chsld-sainte-rose,CLSC Et CHSLD Sainte-Rose,Laval,QC,sante,450-668-1010,,,,,,,,,SANS_SITE|JAMAIS_VERIFIE,,
msss-clsc-montreal-clsc-de-l-est-de-montreal,CLSC De L'Est-De-Montréal,Montréal,QC,sante,514-934-0354,,,,,,,,,SANS_SITE|JAMAIS_VERIFIE,,
msss-clsc-montreal-clsc-de-riviere-des-prairies,CLSC De Rivière-Des-Prairies,Montréal,QC,sante,514-934-0354,,,,,,,,,SANS_SITE|JAMAIS_VERIFIE,,
msss-clsc-saguenay-clsc-de-chicoutimi-nord,CLSC De Chicoutimi-Nord,Saguenay,QC,sante,418-541-1000,,,,,,,,,SANS_SITE|JAMAIS_VERIFIE,,
msss-chsld-saguenay-centre-d-hebergement-saint-joseph,Centre D'Hébergement Saint-Joseph,Saguenay,QC,sante,418-541-1000,,,,,,,,,SANS_SITE|JAMAIS_VERIFIE,,
msss-clsc-gatineau-clsc-saint-redempteur,CLSC Saint-Rédempteur,Gatineau,QC,sante,819-966-6530,,,,,,,,,SANS_SITE|JAMAIS_VERIFIE,,
msss-hopital-la-peche-hopital-et-chsld-memorial-de-wakefield-wakefield-memorial-ho,Hôpital Et CHSLD Mémorial De Wakefield / Wakefield Memorial Hospital,La Pêche,QC,sante,819-459-1112,,,,,,,,,SANS_SITE|JAMAIS_VERIFIE,,
msss-hopital-laval-hopital-de-la-cite-de-la-sante,Hôpital De La Cité-De-La-Santé,Laval,QC,sante,450-668-1010,,,,,,,,,SANS_SITE|JAMAIS_VERIFIE,,
msss-chsld-gatineau-centre-d-hebergement-lionel-emond,Centre D'Hébergement Lionel-Émond,Gatineau,QC,sante,819-966-6530,,,,,,,,,SANS_SITE|JAMAIS_VERIFIE,,
msss-hopital-gatineau-hopital-et-chsld-de-papineau,Hôpital Et CHSLD De Papineau,Gatineau,QC,sante,819-966-6530,,,,,,,,,SANS_SITE|JAMAIS_VERIFIE,,
msss-hopital-saint-eustache-centre-de-services-ambulatoires-de-saint-eustache,Centre De Services Ambulatoires De Saint-Eustache,Saint-Eustache,QC,sante,450-473-6811,,,,,,,,,SANS_SITE|JAMAIS_VERIFIE,,
msss-hopital-saint-eustache-centre-de-services-ambulatoires-du-boulevard-industriel,Centre De Services Ambulatoires Du Boulevard Industriel,Saint-Eustache,QC,sante,450-473-6811,,,,,,,,,SANS_SITE|JAMAIS_VERIFIE,,
msss-hopital-saint-eustache-hopital-de-saint-eustache,Hôpital De Saint-Eustache,Saint-Eustache,QC,sante,450-473-6811,,,,,,,,,SANS_SITE|JAMAIS_VERIFIE,,
msss-chsld-saint-cyprien-centre-d-hebergement-de-saint-cyprien,Centre D'Hébergement De Saint-Cyprien,Saint-Cyprien,QC,sante,418-963-2234,,,,,,,,,SANS_SITE|JAMAIS_VERIFIE,,
msss-clsc-saint-gabriel-de-brandon-clsc-et-centre-de-readaptation-en-deficience-intellectuelle-,CLSC Et Centre De Réadaptation En Déficience Intellectuelle Et En Troubles Du Spectre De L'Autisme De Saint-Gabriel-De-Brandon,Saint-Gabriel-de-Brandon,QC,sante,450-759-8222,,,,,,,,,SANS_SITE|JAMAIS_VERIFIE,,
msss-hopital-saint-eustache-groupe-de-medecine-de-famille-universitaire-de-saint-eustach,Groupe De Médecine De Famille Universitaire De Saint-Eustache,Saint-Eustache,QC,sante,450-473-6811,,,,,,,,,SANS_SITE|JAMAIS_VERIFIE,,
msss-hopital-saint-jerome-hopital-de-saint-jerome,Hôpital De Saint-Jérôme,Saint-Jérôme,QC,sante,450-432-2777,,,,,,,,,SANS_SITE|JAMAIS_VERIFIE,,
msss-clsc-montreal-centre-multiservices-de-sante-et-de-services-sociaux-de-sain,Centre Multiservices De Santé Et De Services Sociaux De Saint-Louis-Du-Parc,Montréal,QC,sante,514-934-0354,,,,,,,,,SANS_SITE|JAMAIS_VERIFIE,,
msss-clsc-saint-gedeon-de-beauce-clsc-de-saint-gedeon-de-beauce,CLSC De Saint-Gédéon-De-Beauce,Saint-Gédéon-de-Beauce,QC,sante,418-582-3212,,,,,,,,,SANS_SITE|JAMAIS_VERIFIE,,
tr-cavac,CAVAC Mauricie-Centre-du-Québec,Trois-Rivières,QC,famille,819-373-0318,,,,,,,,,SANS_SITE,,
tr-h2,Mission de l'Espoir – Trois-Rivières,Trois-Rivières,QC,logement,819-375-7782,,,,,,,,,SANS_SITE|JAMAIS_VERIFIE,,
msss-chsld-potton-centre-de-services-externes-pour-les-aines-de-potton,Centre De Services Externes Pour Les Aînés De Potton,Potton,QC,sante,819-292-3376,,,,,,,,,SANS_SITE|JAMAIS_VERIFIE,,
msss-chsld-saint-isidore-chsld-de-saint-isidore,CHSLD De Saint-Isidore,Saint-Isidore,QC,sante,450-454-4671,,,,,,,,,SANS_SITE|JAMAIS_VERIFIE,,
msss-chsld-salaberry-de-valleyfield-maison-des-aines-de-saint-timothee,Maison Des Aînés De Saint-Timothée,Salaberry-de-Valleyfield,QC,sante,450-371-9920,,,,,,,,,SANS_SITE|JAMAIS_VERIFIE,,
msss-clsc-sainte-adele-chsld-et-clsc-des-hauteurs,CHSLD Et CLSC Des Hauteurs,Sainte-Adèle,QC,sante,819-324-4000,,,,,,,,,SANS_SITE|JAMAIS_VERIFIE,,
msss-clsc-trois-rivieres-clsc-sainte-genevieve,CLSC Sainte-Geneviève,Trois-Rivières,QC,sante,819-370-2200,,,,,,,,,SANS_SITE|JAMAIS_VERIFIE,,
msss-hopital-saint-lambert-centre-de-services-ambulatoires-et-groupe-de-medecine-de-fam,Centre De Services Ambulatoires Et Groupe De Médecine De Famille Universitaire Charles-Le Moyne,Saint-Lambert,QC,sante,450-466-5000,,,,,,,,,SANS_SITE|JAMAIS_VERIFIE,,
cpe-pw1,Mon Enfant – Liste d'attente CPE,Province de Québec,QC,famille,1-877-644-4545,,,,,,,,,SANS_SITE,,
msss-hopital-montreal-centre-hospitalier-universitaire-sainte-justine,Centre Hospitalier Universitaire Sainte-Justine,Montréal,QC,sante,514-934-0354,,,,,,,,,SANS_SITE|JAMAIS_VERIFIE,,
cpe-pw2,Ministère de la Famille – Aide financière garde,Province de Québec,QC,famille,1-877-644-4545,,,,,,,,,SANS_SITE,,
cpe-tr1,CPE Au Jardin d'Enfants – Trois-Rivières,Trois-Rivières,QC,famille,819-375-9822,,https://www.quebec.ca/famille-et-soutien-aux-personnes/enfance/garderies-et-services-de-garde/portail-inscription/parents/acceder-parents,,OK_200,,,,,JAMAIS_VERIFIE,,
hlth-pw1,RAMQ – Régie de l'assurance maladie,Province de Québec,QC,sante,1-800-561-9749,,,,,,,,,SANS_SITE,,
hlth-pw4,Programme SAPA – Soins à domicile (CISSS/CIUSSS),Province de Québec,QC,sante,811,,,,,,,,,SANS_SITE,,
re-assist1,OACIQ – Organisme d'autoréglementation courtage immobilier,Province de Québec,QC,achatImmobilier,1-800-440-7170,,,,,,,,,SANS_SITE,,
re-pw1,SCHL – Société canadienne d'hypothèques,Province de Québec,QC,achatImmobilier,1-800-668-2642,,,,,,,,,SANS_SITE,,
saaq-saguenay,SAAQ — Bureau de Saguenay,Saguenay,QC,soutienSocial,1-800-361-7620,,,,,,,,,SANS_SITE|JAMAIS_VERIFIE,,
soc-mss1,Aide sociale – Ministère Emploi et Solidarité,Province de Québec,QC,soutienSocial,1-877-767-8773,,,,,,,,,SANS_SITE,,
assurance-belairdirect,belairdirect,Province de Québec,QC,soutienSocial,1-888-270-3595,,,,,,,,,SANS_SITE,,
assurance-promutuel,Promutuel Assurance,Province de Québec,QC,soutienSocial,1-888-466-6883,,,,,,,,,SANS_SITE,,
msss-clsc-saint-jerome-clsc-du-centre-ville-de-saint-jerome,CLSC Du Centre-Ville-De-Saint-Jérôme,Saint-Jérôme,QC,sante,450-432-2777,,,,,,,,,SANS_SITE|JAMAIS_VERIFIE,,
msss-clsc-saint-joseph-de-beauce-clsc-de-saint-joseph-de-beauce,CLSC De Saint-Joseph-De-Beauce,Saint-Joseph-de-Beauce,QC,sante,418-397-4096,,,,,,,,,SANS_SITE|JAMAIS_VERIFIE,,
msss-clsc-thetford-mines-clsc-de-thetford,CLSC De Thetford,Thetford Mines,QC,sante,418-338-7777,,,,,,,,,SANS_SITE|JAMAIS_VERIFIE,,
msss-hopital-saint-georges-hopital-de-saint-georges,Hôpital De Saint-Georges,Saint-Georges,QC,sante,418-228-2031,,,,,,,,,SANS_SITE|JAMAIS_VERIFIE,,
assurance-aviva,Aviva Canada,Province de Québec,QC,soutienSocial,1-866-692-8482,,,,,,,,,SANS_SITE,,
urgent-811-infosante,811 — Infosanté (Infirmière 24h/24),Province de Québec,QC,sante,811,,,,,,,,,SANS_SITE,,
urgent-811-infosocial,811 — Info-Social (Travailleur social 24h/24),Province de Québec,QC,santemental,811,,,,,,,,,SANS_SITE,,
urgent-croix-rouge,Croix-Rouge canadienne — Québec,Province de Québec,QC,soutienSocial,1-800-418-1111,,,,,,,,,SANS_SITE,,
urgent-drogue-aide,Drogue : aide et référence,Province de Québec,QC,santemental,1-800-265-2626,,,,,,,,,SANS_SITE,,
urgent-securite-civile,Sécurité civile Québec,Province de Québec,QC,soutienSocial,1-800-363-1363,,,,,,,,,SANS_SITE,,
pw5,Suicide Action Montréal / Tel-Jeunes,Province de Québec,QC,santemental,1-866-277-3553,,,,,,,,,SANS_SITE,,
msss-chsld-saguenay-centre-d-hebergement-de-la-colline,Centre D'Hébergement De La Colline,Saguenay,QC,sante,418-541-1000,,,,,,,,,SANS_SITE|JAMAIS_VERIFIE,,
urgent-info-crime,Info-Crime Québec,Province de Québec,QC,soutienSocial,1-800-711-1800,,,,,,,,,SANS_SITE,,
msss-clsc-la-guadeloupe-clsc-de-la-guadeloupe,CLSC De La Guadeloupe,La Guadeloupe,QC,sante,418-459-3441,,,,,,,,,SANS_SITE|JAMAIS_VERIFIE,,
msss-clsc-longueuil-clsc-de-longueuil-ouest,CLSC De Longueuil-Ouest,Longueuil,QC,sante,450-466-5000,,,,,,,,,SANS_SITE|JAMAIS_VERIFIE,,
msss-clsc-longueuil-hopital-pierre-boucher,Hôpital Pierre-Boucher,Longueuil,QC,sante,450-466-5000,,,,,,,,,SANS_SITE|JAMAIS_VERIFIE,,
msss-clsc-varennes-clsc-de-varennes,CLSC De Varennes,Varennes,QC,sante,450-466-5000,,,,,,,,,SANS_SITE|JAMAIS_VERIFIE,,
police-sq,Sûreté du Québec (SQ),Province de Québec,QC,soutienSocial,1-800-461-2131,,,,,,,,,SANS_SITE,,
centre911-gatineau,Centre 911 de Gatineau — Outaouais,Gatineau,QC,soutienSocial,911,,,,,,,,,SANS_SITE,,
centre911-laval,Centre 911 de Laval,Laval,QC,soutienSocial,911,,,,,,,,,SANS_SITE,,
centre911-trois-rivieres,Centre 911 de Trois-Rivières — Mauricie,Trois-Rivières,QC,soutienSocial,911,,,,,,,,,SANS_SITE,,
mh-tracom-mtl,TRACOM – Centre de crise pour adultes,Montréal,QC,santemental,514-483-3033,,https://tracom.ca,,OK_200,,,,,JAMAIS_VERIFIE,,
msss-chsld-plessisville-centre-d-hebergement-de-plessisville,Centre D'Hébergement De Plessisville,Plessisville,QC,sante,819-362-6301,,,,,,,,,SANS_SITE|JAMAIS_VERIFIE,,
msss-clsc-varennes-clsc-des-seigneuries,CLSC Des Seigneuries,Varennes,QC,sante,450-466-5000,,,,,,,,,SANS_SITE|JAMAIS_VERIFIE,,
msss-hopital-saint-jean-sur-richelieu-hopital-du-haut-richelieu,Hôpital Du Haut-Richelieu,Saint-Jean-sur-Richelieu,QC,sante,450-359-5000,,,,,,,,,SANS_SITE|JAMAIS_VERIFIE,,
v-inca-canada,INCA — Institut national canadien pour les aveugles,Province de Québec,QC,soutienSocial,1-800-465-4622,,,,,,,,,SANS_SITE,,
centre911-abitibi,Centre 911 — Abitibi-Témiscamingue,Rouyn-Noranda,QC,soutienSocial,911,,,,,,,,,SANS_SITE,,
centre911-baslaurent,Centre 911 — Bas-Saint-Laurent,Rimouski,QC,soutienSocial,911,,,,,,,,,SANS_SITE,,
centre911-levis,Centre 911 de Lévis — Chaudière-Appalaches,Lévis,QC,soutienSocial,911,,,,,,,,,SANS_SITE,,
centre911-monteregie,Centre 911 — Montérégie,Saint-Jean-sur-Richelieu,QC,soutienSocial,911,,,,,,,,,SANS_SITE,,
msss-chsld-longueuil-centre-d-hebergement-du-chevalier-de-levis,Centre D'Hébergement Du Chevalier-De Lévis,Longueuil,QC,sante,450-466-5000,,,,,,,,,SANS_SITE|JAMAIS_VERIFIE,,
msss-clsc-richelieu-maison-de-naissance-du-richelieu,Maison De Naissance Du Richelieu,Richelieu,QC,sante,450-359-5000,,,,,,,,,SANS_SITE|JAMAIS_VERIFIE,,
centre911-cote-nord,Centre 911 — Côte-Nord,Sept-Îles,QC,soutienSocial,911,,,,,,,,,SANS_SITE,,
incendie-trois-rivieres,Service de sécurité incendie de Trois-Rivières,Trois-Rivières,QC,soutienSocial,819-379-4600,,,,,,,,,SANS_SITE|JAMAIS_VERIFIE,,
maison-carignan,Maison Carignan,Trois-Rivières,QC,santemental,1-877-373-9435,,https://maisoncarignan.qc.ca/,,OK_200,,,,,JAMAIS_VERIFIE,,
msss-chsld-saint-jerome-chsld-au-c-ur-de-la-vie,CHSLD Au Cœur-De-La-Vie,Saint-Jérôme,QC,sante,450-432-2777,,,,,,,,,SANS_SITE|JAMAIS_VERIFIE,,
msss-hopital-montreal-pavillon-edouard-asselin,Pavillon Édouard-Asselin,Montréal,QC,sante,514-934-0354,,,,,,,,,SANS_SITE|JAMAIS_VERIFIE,,
programme-accompagnement-arrivants,Programme d'accompagnement nouveaux arrivants,Trois-Rivières,QC,immigration,819-373-4822,,,,,,,,,SANS_SITE|JAMAIS_VERIFIE,,
msss-chsld-riviere-du-loup-chsld-de-chauffailles,CHSLD De Chauffailles,Rivière-du-Loup,QC,sante,418-868-1010,,,,,,,,,SANS_SITE|JAMAIS_VERIFIE,,
v-cps-arthabaska,CPS des Bois-Francs — Victoriaville,Victoriaville,QC,santemental,1-866-277-3553,,,,,,,,,SANS_SITE|JAMAIS_VERIFIE,,
v-grand-chemin,Le Grand Chemin,Montréal,QC,santemental,1-800-668-9210,,,,,,,,,SANS_SITE,,
v-interligne,Interligne,Province de Québec,QC,santemental,1-888-505-1010,,,,,,,,,SANS_SITE,,
v-portage,Portage,Province de Québec,QC,santemental,1-866-893-3819,,,,,,,,,SANS_SITE,,
baq-moisson-rive-sud,Moisson Rive-Sud,Saint-Hubert,QC,alimentation,450-462-9982,,https://moissonrivesud.org,,OK_200,,,,,JAMAIS_VERIFIE,,
tr-garde-caroline-boisvert,Caroline Boisvert,Trois-Rivières,QC,famille,819-694-6662,,https://www.quebec.ca/famille-et-soutien-aux-personnes/enfance/garderies-et-services-de-garde/portail-inscription/parents/acceder-parents,,OK_200,,,,,JAMAIS_VERIFIE,,
tr-garde-claude-bellemare,claude Bellemare,Trois-Rivières,QC,famille,819-694-6662,,https://www.quebec.ca/famille-et-soutien-aux-personnes/enfance/garderies-et-services-de-garde/portail-inscription/parents/acceder-parents,,OK_200,,,,,JAMAIS_VERIFIE,,
v-revivre,Revivre — Anxiété et dépression,Province de Québec,QC,santemental,1-866-738-4873,,,,,,,,,SANS_SITE,,
hlth-pw3,OPHQ – Office des personnes handicapées,Province de Québec,QC,sante,1-800-567-1465,,,,,,,,,SANS_SITE,,
msss-chsld-sorel-tracy-centre-d-hebergement-elisabeth-lafrance,Centre D'Hébergement Élisabeth-Lafrance,Sorel-Tracy,QC,sante,450-746-6000,,,,,,,,,SANS_SITE|JAMAIS_VERIFIE,,
msss-hopital-sorel-tracy-hotel-dieu-de-sorel,Hôtel-Dieu De Sorel,Sorel-Tracy,QC,sante,450-746-6000,,,,,,,,,SANS_SITE|JAMAIS_VERIFIE,,
re-assist2,Chambre des notaires du Québec,Province de Québec,QC,achatImmobilier,1-800-263-1793,,,,,,,,,SANS_SITE,,
tr-garde-l-etoile-filante,L'étoile Filante,Trois-Rivières,QC,famille,819-694-6662,,https://www.quebec.ca/famille-et-soutien-aux-personnes/enfance/garderies-et-services-de-garde/portail-inscription/parents/acceder-parents,,OK_200,,,,,JAMAIS_VERIFIE,,
tr-garde-le-petit-voyage,Le petit voyage,Trois-Rivières,QC,famille,819-694-6662,,https://www.quebec.ca/famille-et-soutien-aux-personnes/enfance/garderies-et-services-de-garde/portail-inscription/parents/acceder-parents,,OK_200,,,,,JAMAIS_VERIFIE,,
msss-chsld-salaberry-de-valleyfield-chsld-docteur-aime-leduc,CHSLD Docteur-Aimé-Leduc,Salaberry-de-Valleyfield,QC,sante,450-371-9920,,,,,,,,,SANS_SITE|JAMAIS_VERIFIE,,
msss-clsc-victoriaville-clsc-des-bois-francs,CLSC Des Bois-Francs,Victoriaville,QC,sante,819-758-7281,,,,,,,,,SANS_SITE|JAMAIS_VERIFIE,,
tr-garde-service-de-garde-julie-beaulieu,Service de garde Julie beaulieu,Trois-Rivières,QC,famille,819-694-6662,,https://www.quebec.ca/famille-et-soutien-aux-personnes/enfance/garderies-et-services-de-garde/portail-inscription/parents/acceder-parents,,OK_200,,,,,JAMAIS_VERIFIE,,
tr-garde-cpe-jean-noel-lapin-inst-dessureault,CPE JEAN-NOËL LAPIN - INST. DESSUREAULT,Trois-Rivières,QC,famille,819-372-9640,,https://www.quebec.ca/famille-et-soutien-aux-personnes/enfance/garderies-et-services-de-garde/portail-inscription/parents/acceder-parents,,OK_200,,,,,JAMAIS_VERIFIE,,
msss-clsc-saint-elie-de-caxton-clsc-de-saint-elie-de-caxton,CLSC De Saint-Élie-De-Caxton,Saint-Élie-de-Caxton,QC,sante,819-221-4440,,,,,,,,,SANS_SITE|JAMAIS_VERIFIE,,
msss-clsc-saint-remi-clsc-de-saint-remi,CLSC De Saint-Rémi,Saint-Rémi,QC,sante,450-454-4671,,,,,,,,,SANS_SITE|JAMAIS_VERIFIE,,
tr-garde-mme-jenny-marcela-rodriguez-arevalo,Mme Jenny Marcela Rodriguez Arevalo,Trois-Rivières,QC,famille,819-694-6662,,https://www.quebec.ca/famille-et-soutien-aux-personnes/enfance/garderies-et-services-de-garde/portail-inscription/parents/acceder-parents,,OK_200,,,,,JAMAIS_VERIFIE,,
msss-clsc-salaberry-de-valleyfield-clsc-de-salaberry-de-valleyfield,CLSC De Salaberry-De-Valleyfield,Salaberry-de-Valleyfield,QC,sante,450-371-9920,,,,,,,,,SANS_SITE|JAMAIS_VERIFIE,,
assurance-intact,Intact Assurance,Province de Québec,QC,soutienSocial,1-866-464-2003,,,,,,,,,SANS_SITE,,
msss-chsld-laval-residence-riviera,Résidence Riviera,Laval,QC,sante,450-668-1010,,,,,,,,,SANS_SITE|JAMAIS_VERIFIE,,
msss-clsc-montreal-clsc-du-plateau-mont-royal,CLSC Du Plateau-Mont-Royal,Montréal,QC,sante,514-934-0354,,,,,,,,,SANS_SITE|JAMAIS_VERIFIE,,
msss-clsc-vercheres-clsc-de-vercheres,CLSC De Verchères,Verchères,QC,sante,450-466-5000,,,,,,,,,SANS_SITE|JAMAIS_VERIFIE,,
soc-rev1,Revenu Québec – Aide aux personnes à faible revenu,Province de Québec,QC,soutienSocial,1-800-267-6299,,,,,,,,,SANS_SITE,,
msss-chsld-montreal-chateau-sur-le-lac,CHâteau Sur Le Lac,Montréal,QC,sante,514-934-0354,,,,,,,,,SANS_SITE|JAMAIS_VERIFIE,,
tr-garde-le-monde-des-souris,Le monde des souris,Trois-Rivières,QC,famille,819-694-6662,,https://www.quebec.ca/famille-et-soutien-aux-personnes/enfance/garderies-et-services-de-garde/portail-inscription/parents/acceder-parents,,OK_200,,,,,JAMAIS_VERIFIE,,
msss-clsc-labelle-clsc-de-labelle,CLSC De Labelle,Labelle,QC,sante,819-623-1234,,,,,,,,,SANS_SITE|JAMAIS_VERIFIE,,
msss-clsc-montreal-clsc-de-mercier-est,CLSC De Mercier-Est,Montréal,QC,sante,514-934-0354,,,,,,,,,SANS_SITE|JAMAIS_VERIFIE,,
msss-chsld-pointe-claire-chsld-argyle-pointe-claire,CHSLD Argyle - Pointe-Claire,Pointe-Claire,QC,sante,514-630-2000,,,,,,,,,SANS_SITE|JAMAIS_VERIFIE,,
msss-clsc-montreal-aire-ouverte-sauriol,Aire Ouverte Sauriol,Montréal,QC,sante,514-934-0354,,,,,,,,,SANS_SITE|JAMAIS_VERIFIE,,
msss-hopital-longueuil-centre-de-services-ambulatoires-en-sante-mentale-de-l-avenue,Centre De Services Ambulatoires En Santé Mentale De L'Avenue Victoria,Longueuil,QC,sante,450-466-5000,,,,,,,,,SANS_SITE|JAMAIS_VERIFIE,,
tr-garde-garderie-en-mf-arc-en-ciel,Garderie en MF Arc-en-ciel,Trois-Rivières,QC,famille,819-694-6662,,https://www.quebec.ca/famille-et-soutien-aux-personnes/enfance/garderies-et-services-de-garde/portail-inscription/parents/acceder-parents,,OK_200,,,,,JAMAIS_VERIFIE,,
tr-garde-lamothe-garderie-en-milieu-familial,Lamothe garderie en milieu familial,Trois-Rivières,QC,famille,819-694-6662,,https://www.quebec.ca/famille-et-soutien-aux-personnes/enfance/garderies-et-services-de-garde/portail-inscription/parents/acceder-parents,,OK_200,,,,,JAMAIS_VERIFIE,,
drum-garde-claudie-trottier,Claudie Trottier,Drummondville,QC,famille,819-472-4454,,,,,,,,,SANS_SITE,,
drum-garde-cpe-plumeau-soleil-inst-uqtr,CPE PLUMEAU-SOLEIL - INST. UQTR,Drummondville,QC,famille,(819) 478-7886,,,,,,,,,SANS_SITE,,
drum-garde-josee-gauthier,Josée Gauthier,Drummondville,QC,famille,819-472-4454,,,,,,,,,SANS_SITE,,
drum-garde-les-troubadoux,Les troubadoux,Drummondville,QC,famille,819-472-4454,,,,,,,,,SANS_SITE,,
etat-civil-qc,Directeur de l'état civil du Québec,Province de Québec,QC,soutienSocial,1-800-567-3900,,,,,,,,,SANS_SITE,,
passeport-canada,Passeport Canada – Service Canada,Province de Québec,QC,soutienSocial,1-800-567-6868,,,,,,,,,SANS_SITE,,
centre911-lanaudiere,Centre 911 — Lanaudière,Joliette,QC,soutienSocial,911,,,,,,,,,SANS_SITE,,
centre911-laurentides,Centre 911 — Laurentides,Saint-Jérôme,QC,soutienSocial,911,,,,,,,,,SANS_SITE,,
distribution-alimentaire-urgence,Distribution alimentaire d'urgence,Trois-Rivières,QC,alimentation,819-374-9900,,,,,,,,,SANS_SITE|JAMAIS_VERIFIE,,
msss-chsld-quebec-centre-d-hebergement-champlain-des-montagnes,Centre D'Hébergement Champlain-Des-Montagnes,Québec,QC,sante,418-525-4444,,,,,,,,,SANS_SITE|JAMAIS_VERIFIE,,
msss-hopital-levis-centre-de-services-ambulatoires-en-pedopsychiatrie-de-levis,Centre De Services Ambulatoires En Pédopsychiatrie De Lévis,Lévis,QC,sante,418-380-8993,,,,,,,,,SANS_SITE|JAMAIS_VERIFIE,,
service-traduction-communautaire,Service de traduction communautaire,Trois-Rivières,QC,immigration,819-374-7799,,,,,,,,,SANS_SITE|JAMAIS_VERIFIE,,
baq-moisson-quebec,Moisson Québec,Québec,QC,alimentation,418-682-5061,,https://moissonquebec.com,,OK_200,,,,,JAMAIS_VERIFIE,,
msss-chsld-sherbrooke-centre-d-hebergement-et-de-soins-de-longue-duree-vigi-shermo,Centre D'Hébergement Et De Soins De Longue Durée Vigi Shermont,Sherbrooke,QC,sante,819-346-1110,,,,,,,,,SANS_SITE|JAMAIS_VERIFIE,,
msss-chsld-westmount-centre-d-hebergement-saint-margaret,Centre D'Hébergement Saint-Margaret,Westmount,QC,sante,514-934-0354,,,,,,,,,SANS_SITE|JAMAIS_VERIFIE,,
msss-chsld-laval-centre-d-hebergement-champlain-de-saint-francois,Centre D'Hébergement Champlain-De-Saint-François,Laval,QC,sante,450-668-1010,,,,,,,,,SANS_SITE|JAMAIS_VERIFIE,,
msss-clsc-joliette-clsc-de-joliette,CLSC De Joliette,Joliette,QC,sante,450-759-8222,,,,,,,,,SANS_SITE|JAMAIS_VERIFIE,,
msss-clsc-roberval-clsc-et-centre-de-readaptation-en-dependance-saint-antoine,CLSC Et Centre De Réadaptation En Dépendance Saint-Antoine,Roberval,QC,sante,418-275-0110,,,,,,,,,SANS_SITE|JAMAIS_VERIFIE,,
msss-chsld-montreal-centre-d-hebergement-father-dowd,Centre D'Hébergement Father-Dowd,Montréal,QC,sante,514-934-0354,,,,,,,,,SANS_SITE|JAMAIS_VERIFIE,,
msss-hopital-laval-centre-de-services-ambulatoires-en-sante-mentale-rene-laenne,Centre De Services Ambulatoires En Santé Mentale René-Laennec,Laval,QC,sante,450-668-1010,,,,,,,,,SANS_SITE|JAMAIS_VERIFIE,,
msss-chsld-quebec-maison-des-aines-et-alternative-de-lebourgneuf,Maison Des Aînés Et Alternative De Lebourgneuf,Québec,QC,sante,418-525-4444,,,,,,,,,SANS_SITE|JAMAIS_VERIFIE,,
msss-chsld-saint-constant-centre-d-hebergement-champlain-jean-louis-lapierre,Centre D'Hébergement Champlain - Jean-Louis-Lapierre,Saint-Constant,QC,sante,450-466-5000,,,,,,,,,SANS_SITE|JAMAIS_VERIFIE,,
msss-clsc-joliette-aire-ouverte-de-joliette,Aire Ouverte De Joliette,Joliette,QC,sante,450-759-8222,,,,,,,,,SANS_SITE|JAMAIS_VERIFIE,,
msss-clsc-la-sarre-centre-multiservices-de-sante-et-de-services-sociaux-de-la-s,Centre Multiservices De Santé Et De Services Sociaux De La Sarre,La Sarre,QC,sante,819-333-2311,,,,,,,,,SANS_SITE|JAMAIS_VERIFIE,,
msss-clsc-stanstead-clsc-et-centre-de-services-externes-pour-les-aines-de-stanst,CLSC Et Centre De Services Externes Pour Les Aînés De Stanstead,Stanstead,QC,sante,819-876-7541,,,,,,,,,SANS_SITE|JAMAIS_VERIFIE,,
msss-clsc-val-des-sources-centre-multiservices-de-sante-et-de-services-sociaux-des-sou,Centre Multiservices De Santé Et De Services Sociaux Des Sources,Val-des-Sources,QC,sante,819-877-3434,,,,,,,,,SANS_SITE|JAMAIS_VERIFIE,,
msss-clsc-ville-marie-centre-multiservices-de-sante-et-de-services-sociaux-de-vill,Centre Multiservices De Santé Et De Services Sociaux De Ville-Marie,Ville-Marie,QC,sante,819-629-2420,,,,,,,,,SANS_SITE|JAMAIS_VERIFIE,,
mh-crise-quebec,Centre de crise de Québec,Québec,QC,santemental,418-688-4240,,https://centredecrise.com,,OK_200,,,,,JAMAIS_VERIFIE,,
msss-chsld-montreal-centre-d-hebergement-de-verdun,Centre D'Hébergement De Verdun,Montréal,QC,sante,514-934-0354,,,,,,,,,SANS_SITE|JAMAIS_VERIFIE,,
msss-chsld-saint-jean-sur-richelieu-chsld-georges-phaneuf,CHSLD Georges-Phaneuf,Saint-Jean-sur-Richelieu,QC,sante,450-359-5000,,,,,,,,,SANS_SITE|JAMAIS_VERIFIE,,
msss-clsc-la-patrie-clsc-de-la-patrie,CLSC De La Patrie,La Patrie,QC,sante,819-888-2841,,,,,,,,,SANS_SITE|JAMAIS_VERIFIE,,
msss-clsc-la-sarre-clsc-et-centre-de-protection-de-l-enfance-et-de-la-jeunesse-,CLSC Et Centre De Protection De L'Enfance Et De La Jeunesse De La Sarre,La Sarre,QC,sante,819-333-2311,,,,,,,,,SANS_SITE|JAMAIS_VERIFIE,,
msss-clsc-shawinigan-groupe-de-medecine-de-famille-universitaire-et-clsc-de-shawi,Groupe De Médecine De Famille Universitaire Et CLSC De Shawinigan-Sud,Shawinigan,QC,sante,819-536-7500,,,,,,,,,SANS_SITE|JAMAIS_VERIFIE,,
msss-hopital-sainte-anne-de-bellevue-hopital-sainte-anne,Hôpital Sainte-Anne,Sainte-Anne-de-Bellevue,QC,sante,514-630-2000,,,,,,,,,SANS_SITE|JAMAIS_VERIFIE,,
msss-chsld-montreal-chsld-dante,CHSLD Dante,Montréal,QC,sante,514-934-0354,,,,,,,,,SANS_SITE|JAMAIS_VERIFIE,,
msss-chsld-montreal-chsld-de-saint-laurent,CHSLD De Saint-Laurent,Montréal,QC,sante,514-934-0354,,,,,,,,,SANS_SITE|JAMAIS_VERIFIE,,
msss-chsld-laval-sante-courville-de-laval,Santé Courville De Laval,Laval,QC,sante,450-668-1010,,,,,,,,,SANS_SITE|JAMAIS_VERIFIE,,
msss-chsld-quebec-centre-d-hebergement-du-faubourg,Centre D'Hébergement Du Faubourg,Québec,QC,sante,418-525-4444,,,,,,,,,SANS_SITE|JAMAIS_VERIFIE,,
msss-chsld-quebec-centre-d-hebergement-saint-antoine,Centre D'Hébergement Saint-Antoine,Québec,QC,sante,418-525-4444,,,,,,,,,SANS_SITE|JAMAIS_VERIFIE,,
msss-centre-hospitalier-psychiatrique-montreal-centre-de-services-ambulatoires-en-gerontopsychiatrie-grenet,Centre De Services Ambulatoires En Gérontopsychiatrie Grenet,Montréal,QC,santemental,514-934-0354,,,,,,,,,SANS_SITE|JAMAIS_VERIFIE,,
msss-centre-hospitalier-psychiatrique-montreal-institut-national-de-psychiatrie-legale-philippe-pinel,Institut National De Psychiatrie Légale Philippe-Pinel,Montréal,QC,santemental,514-934-0354,,,,,,,,,SANS_SITE|JAMAIS_VERIFIE,,
msss-centre-hospitalier-psychiatrique-quebec-centre-de-services-ambulatoires-boulevard-laurier,Centre De Services Ambulatoires Boulevard Laurier,Québec,QC,santemental,418-525-4444,,,,,,,,,SANS_SITE|JAMAIS_VERIFIE,,
msss-centre-hospitalier-psychiatrique-quebec-centre-de-services-ambulatoires-chanoine-morel,Centre De Services Ambulatoires Chanoine-Morel,Québec,QC,santemental,418-525-4444,,,,,,,,,SANS_SITE|JAMAIS_VERIFIE,,
msss-centre-hospitalier-psychiatrique-quebec-hopital-de-maizerets,Hôpital De Maizerets,Québec,QC,santemental,418-525-4444,,,,,,,,,SANS_SITE|JAMAIS_VERIFIE,,
msss-clsc-quebec-clsc-d-orsainville,CLSC D'Orsainville,Québec,QC,sante,418-525-4444,,,,,,,,,SANS_SITE|JAMAIS_VERIFIE,,
msss-clsc-sainte-catherine-de-la-jacques-cartier-clsc-de-sainte-catherine-de-la-jacques-cartier,CLSC De Sainte-Catherine-De-La-Jacques-Cartier,Sainte-Catherine-de-la-Jacques-Cartier,QC,sante,418-875-2556,,,,,,,,,SANS_SITE|JAMAIS_VERIFIE,,
msss-clsc-sherbrooke-maison-de-naissance-de-l-estrie,Maison De Naissance De L'Estrie,Sherbrooke,QC,sante,819-346-1110,,,,,,,,,SANS_SITE|JAMAIS_VERIFIE,,
msss-chsld-quebec-centre-d-hebergement-du-boise,Centre D'Hébergement Du Boisé,Québec,QC,sante,418-525-4444,,,,,,,,,SANS_SITE|JAMAIS_VERIFIE,,
msss-clsc-montreal-centre-multiservices-de-sante-et-de-services-sociaux-de-parc,Centre Multiservices De Santé Et De Services Sociaux De Parc-Extension,Montréal,QC,sante,514-934-0354,,,,,,,,,SANS_SITE|JAMAIS_VERIFIE,,
msss-hopital-montreal-hopital-et-centre-de-readaptation-en-deficience-physique-irg,Hôpital Et Centre De Réadaptation En Déficience Physique Irglm-Charles W. Lindsay,Montréal,QC,sante,514-934-0354,,,,,,,,,SANS_SITE|JAMAIS_VERIFIE,,
msss-clsc-quebec-clsc-montmorency,CLSC Montmorency,Québec,QC,sante,418-525-4444,,,,,,,,,SANS_SITE|JAMAIS_VERIFIE,,
msss-hopital-montreal-programme-de-recherche-clinique-chum-ircm,Programme De Recherche Clinique Chum-Ircm,Montréal,QC,sante,514-934-0354,,,,,,,,,SANS_SITE|JAMAIS_VERIFIE,,
msss-clsc-repentigny-centre-multiservices-de-sante-et-de-services-sociaux-claude-,Centre Multiservices De Santé Et De Services Sociaux Claude-David,Repentigny,QC,sante,450-654-7525,,,,,,,,,SANS_SITE|JAMAIS_VERIFIE,,
msss-chsld-montreal-chsld-vigi-marie-claret,CHSLD Vigi Marie-Claret,Montréal,QC,sante,514-934-0354,,,,,,,,,SANS_SITE|JAMAIS_VERIFIE,,
msss-clsc-quebec-clsc-de-limoilou,CLSC De Limoilou,Québec,QC,sante,418-525-4444,,,,,,,,,SANS_SITE|JAMAIS_VERIFIE,,
msss-clsc-sutton-clsc-de-sutton,CLSC De Sutton,Sutton,QC,sante,450-375-8000,,,,,,,,,SANS_SITE|JAMAIS_VERIFIE,,
msss-hopital-saint-charles-borromee-groupe-de-medecine-de-famille-universitaire-de-saint-charles,Groupe De Médecine De Famille Universitaire De Saint-Charles-Borromée,Saint-Charles-Borromée,QC,sante,450-759-8222,,,,,,,,,SANS_SITE|JAMAIS_VERIFIE,,
msss-hopital-montreal-hopital-et-centre-de-readaptation-en-deficience-physique-irg-2,Hôpital Et Centre De Réadaptation En Déficience Physique Irglm-Gustave-Gingras,Montréal,QC,sante,514-934-0354,,,,,,,,,SANS_SITE|JAMAIS_VERIFIE,,
msss-chsld-quebec-centre-d-hebergement-de-limoilou,Centre D'Hébergement De Limoilou,Québec,QC,sante,418-525-4444,,,,,,,,,SANS_SITE|JAMAIS_VERIFIE,,
msss-clsc-sainte-marie-clsc-et-chsld-de-sainte-marie,CLSC Et CHSLD De Sainte-Marie,Sainte-Marie,QC,sante,418-387-5511,,,,,,,,,SANS_SITE|JAMAIS_VERIFIE,,
msss-chsld-saint-augustin-de-desmaures-jardins-du-haut-saint-laurent,Jardins Du Haut Saint-Laurent,Saint-Augustin-de-Desmaures,QC,sante,418-525-4444,,,,,,,,,SANS_SITE|JAMAIS_VERIFIE,,
msss-chsld-thetford-mines-chsld-saint-alexandre,CHSLD Saint-Alexandre,Thetford Mines,QC,sante,418-338-7777,,,,,,,,,SANS_SITE|JAMAIS_VERIFIE,,
msss-clsc-sept-iles-hopital-et-clsc-de-sept-iles,Hôpital Et CLSC De Sept-Îles,Sept-Îles,QC,sante,418-962-9761,,,,,,,,,SANS_SITE|JAMAIS_VERIFIE,,
msss-clsc-sherbrooke-clsc-murray,CLSC Murray,Sherbrooke,QC,sante,819-346-1110,,,,,,,,,SANS_SITE|JAMAIS_VERIFIE,,
msss-hopital-repentigny-centre-de-services-ambulatoires-en-pedopsychiatrie-de-repent,Centre De Services Ambulatoires En Pédopsychiatrie De Repentigny,Repentigny,QC,sante,450-654-7525,,,,,,,,,SANS_SITE|JAMAIS_VERIFIE,,
msss-hopital-longueuil-centre-de-services-ambulatoires-et-institut-nazareth-et-loui,Centre De Services Ambulatoires Et Institut Nazareth Et Louis-Braille Saint-Charles Ouest,Longueuil,QC,sante,450-466-5000,,,,,,,,,SANS_SITE|JAMAIS_VERIFIE,,
msss-chsld-sherbrooke-centre-d-hebergement-champlain-de-la-rose-blanche,Centre D'Hébergement Champlain-De-La-Rose-Blanche,Sherbrooke,QC,sante,819-346-1110,,,,,,,,,SANS_SITE|JAMAIS_VERIFIE,,
msss-clsc-riviere-a-pierre-clsc-de-riviere-a-pierre,CLSC De Rivière-À-Pierre,Rivière-à-Pierre,QC,sante,418-285-2200,,,,,,,,,SANS_SITE|JAMAIS_VERIFIE,,
msss-clsc-l-epiphanie-clsc-meilleur-de-l-epiphanie,CLSC Meilleur De L'Épiphanie,L'Épiphanie,QC,sante,450-654-7525,,,,,,,,,SANS_SITE|JAMAIS_VERIFIE,,
msss-clsc-saint-ubalde-clsc-de-saint-ubalde,CLSC De Saint-Ubalde,Saint-Ubalde,QC,sante,418-277-2070,,,,,,,,,SANS_SITE|JAMAIS_VERIFIE,,
msss-hopital-saint-jean-sur-richelieu-centre-de-services-ambulatoires-et-institut-nazareth-et-loui,Centre De Services Ambulatoires Et Institut Nazareth Et Louis-Braille Du Séminaire Nord,Saint-Jean-sur-Richelieu,QC,sante,450-359-5000,,,,,,,,,SANS_SITE|JAMAIS_VERIFIE,,
msss-chsld-montreal-centre-d-hebergement-saint-andrew,Centre D'Hébergement Saint-Andrew,Montréal,QC,sante,514-934-0354,,,,,,,,,SANS_SITE|JAMAIS_VERIFIE,,
msss-chsld-quebec-centre-d-hebergement-domaine-saint-dominique,Centre D’hébergement Domaine Saint-Dominique,Québec,QC,sante,418-525-4444,,,,,,,,,SANS_SITE|JAMAIS_VERIFIE,,
msss-clsc-les-iles-de-la-madeleine-clsc-de-bassin,CLSC De Bassin,Les Îles-de-la-Madeleine,QC,sante,418-986-2121,,,,,,,,,SANS_SITE|JAMAIS_VERIFIE,,
msss-clsc-ville-marie-clsc-et-centre-de-protection-de-l-enfance-et-de-la-jeunesse-,CLSC Et Centre De Protection De L'Enfance Et De La Jeunesse De Ville-Marie,Ville-Marie,QC,sante,819-629-2420,,,,,,,,,SANS_SITE|JAMAIS_VERIFIE,,
msss-chsld-saguenay-centre-d-hebergement-st-francois,Centre D'Hébergement St-François,Saguenay,QC,sante,418-541-1000,,,,,,,,,SANS_SITE|JAMAIS_VERIFIE,,
msss-chsld-quebec-centre-d-hebergement-st-jean-eudes,Centre D'Hébergement St-Jean-Eudes,Québec,QC,sante,418-525-4444,,,,,,,,,SANS_SITE|JAMAIS_VERIFIE,,
msss-chsld-longueuil-centre-d-hebergement-du-manoir-trinite,Centre D'Hébergement Du Manoir-Trinité,Longueuil,QC,sante,450-466-5000,,,,,,,,,SANS_SITE|JAMAIS_VERIFIE,,
msss-clsc-trois-rivieres-clsc-chanoine-chamberland,CLSC Chanoine-Chamberland,Trois-Rivières,QC,sante,819-379-2317,,,,,,,,,SANS_SITE|JAMAIS_VERIFIE,,
msss-chsld-sainte-therese-centre-d-hebergement-de-sainte-therese,Centre D'Hébergement De Sainte-Thérèse,Sainte-Thérèse,QC,sante,450-432-2777,,,,,,,,,SANS_SITE|JAMAIS_VERIFIE,,
msss-hopital-quebec-hopital-de-l-enfant-jesus,Hôpital De L'Enfant-Jésus,Québec,QC,sante,418-525-4444,,,,,,,,,SANS_SITE|JAMAIS_VERIFIE,,
msss-clsc-laval-clsc-de-l-ouest-de-l-ile,CLSC De L'Ouest-De-L'Île,Laval,QC,sante,450-668-1010,,,,,,,,,SANS_SITE|JAMAIS_VERIFIE,,
msss-hopital-sherbrooke-centre-de-services-ambulatoires-et-de-readaptation-pour-les-,Centre De Services Ambulatoires Et De Réadaptation Pour Les Mères Et Leurs Enfants Villa-Maria,Sherbrooke,QC,sante,819-346-1110,,,,,,,,,SANS_SITE|JAMAIS_VERIFIE,,
msss-clsc-piedmont-clsc-de-piedmont,CLSC De Piedmont,Piedmont,QC,sante,450-432-2777,,,,,,,,,SANS_SITE|JAMAIS_VERIFIE,,
msss-hopital-montreal-hopital-catherine-booth,Hôpital Catherine-Booth,Montréal,QC,sante,514-934-0354,,,,,,,,,SANS_SITE|JAMAIS_VERIFIE,,
msss-chsld-montreal-centre-d-hebergement-champlain-de-gouin,Centre D'Hébergement Champlain-De-Gouin,Montréal,QC,sante,514-934-0354,,,,,,,,,SANS_SITE|JAMAIS_VERIFIE,,
msss-chsld-montreal-centre-d-hebergement-st-vincent-marie,Centre D'Hébergement St-Vincent-Marie,Montréal,QC,sante,514-934-0354,,,,,,,,,SANS_SITE|JAMAIS_VERIFIE,,
msss-clsc-maniwaki-clsc-de-maniwaki,CLSC De Maniwaki,Maniwaki,QC,sante,819-449-4690,,,,,,,,,SANS_SITE|JAMAIS_VERIFIE,,
msss-clsc-portneuf-clsc-de-portneuf,CLSC De Portneuf,Portneuf,QC,sante,418-286-3901,,,,,,,,,SANS_SITE|JAMAIS_VERIFIE,,
msss-clsc-saint-jerome-clsc-de-l-etablissement-de-detention,CLSC De L'Établissement-De-Détention,Saint-Jérôme,QC,sante,450-432-2777,,,,,,,,,SANS_SITE|JAMAIS_VERIFIE,,
msss-chsld-montreal-chsld-angus,CHSLD Angus,Montréal,QC,sante,514-934-0354,,,,,,,,,SANS_SITE|JAMAIS_VERIFIE,,
msss-clsc-senneterre-clsc-et-centre-de-protection-de-l-enfance-et-de-la-jeunesse-,CLSC Et Centre De Protection De L'Enfance Et De La Jeunesse De Senneterre,Senneterre,QC,sante,819-737-2243,,,,,,,,,SANS_SITE|JAMAIS_VERIFIE,,
msss-chsld-sainte-catherine-chsld-de-sainte-catherine,CHSLD De Sainte-Catherine,Sainte-Catherine,QC,sante,450-466-5000,,,,,,,,,SANS_SITE|JAMAIS_VERIFIE,,
msss-clsc-moffet-clsc-de-moffet,CLSC De Moffet,Moffet,QC,sante,819-747-2632,,,,,,,,,SANS_SITE|JAMAIS_VERIFIE,,
msss-clsc-montreal-clsc-de-benny-farm,CLSC De Benny Farm,Montréal,QC,sante,514-934-0354,,,,,,,,,SANS_SITE|JAMAIS_VERIFIE,,
msss-clsc-rouyn-noranda-clsc-de-cadillac,CLSC De Cadillac,Rouyn-Noranda,QC,sante,819-764-5131,,,,,,,,,SANS_SITE|JAMAIS_VERIFIE,,
msss-clsc-rouyn-noranda-clsc-de-clericy,CLSC De Cléricy,Rouyn-Noranda,QC,sante,819-764-5131,,,,,,,,,SANS_SITE|JAMAIS_VERIFIE,,
msss-clsc-notre-dame-du-nord-clsc-de-notre-dame-du-nord,CLSC De Notre-Dame-Du-Nord,Notre-Dame-du-Nord,QC,sante,819-723-2500,,,,,,,,,SANS_SITE|JAMAIS_VERIFIE,,
msss-clsc-l-isle-verte-clsc-de-l-isle-verte,CLSC De L'Isle-Verte,L'Isle-Verte,QC,sante,418-898-2941,,,,,,,,,SANS_SITE|JAMAIS_VERIFIE,,
msss-clsc-laforce-clsc-de-laforce,CLSC De Laforce,Laforce,QC,sante,819-722-2777,,,,,,,,,SANS_SITE|JAMAIS_VERIFIE,,
msss-clsc-saguenay-maison-de-naissance-du-fjord-au-lac,Maison De Naissance Du Fjord-Au-Lac,Saguenay,QC,sante,418-541-1000,,,,,,,,,SANS_SITE|JAMAIS_VERIFIE,,
msss-hopital-salaberry-de-valleyfield-centre-de-services-ambulatoires-en-sante-mentale-et-de-reada,Centre De Services Ambulatoires En Santé Mentale Et De Réadaptation En Dépendance De La Rue De L'Église,Salaberry-de-Valleyfield,QC,sante,450-371-9920,,,,,,,,,SANS_SITE|JAMAIS_VERIFIE,,
msss-chsld-saint-jean-sur-richelieu-chsld-de-saint-jean-sur-richelieu,CHSLD De Saint-Jean-Sur-Richelieu,Saint-Jean-sur-Richelieu,QC,sante,450-359-5000,,,,,,,,,SANS_SITE|JAMAIS_VERIFIE,,
msss-chsld-shawville-chsld-du-pontiac,CHSLD Du Pontiac,Shawville,QC,sante,819-647-2211,,,,,,,,,SANS_SITE|JAMAIS_VERIFIE,,
msss-chsld-terrebonne-chsld-des-moulins,CHSLD Des Moulins,Terrebonne,QC,sante,450-759-8222,,,,,,,,,SANS_SITE|JAMAIS_VERIFIE,,
msss-clsc-marsoui-clsc-de-marsoui,CLSC De Marsoui,Marsoui,QC,sante,418-288-5521,,,,,,,,,SANS_SITE|JAMAIS_VERIFIE,,
msss-chsld-montreal-centre-de-services-externes-pour-les-aines-angelica,Centre De Services Externes Pour Les Aînés Angelica,Montréal,QC,sante,514-934-0354,,,,,,,,,SANS_SITE|JAMAIS_VERIFIE,,
msss-chsld-montreal-chsld-angelica,CHSLD Angelica,Montréal,QC,sante,514-934-0354,,,,,,,,,SANS_SITE|JAMAIS_VERIFIE,,
msss-clsc-saint-polycarpe-clsc-et-groupe-de-medecine-de-famille-universitaire-de-saint,CLSC Et Groupe De Médecine De Famille Universitaire De Saint-Polycarpe,Saint-Polycarpe,QC,sante,450-455-6171,,,,,,,,,SANS_SITE|JAMAIS_VERIFIE,,
msss-clsc-puvirnituq-centre-de-sante-inuulitsivik,Centre De Santé Inuulitsivik,Puvirnituq,QC,sante,819-988-2957,,,,,,,,,SANS_SITE|JAMAIS_VERIFIE,,
msss-clsc-granby-clsc-robinson-sud,CLSC Robinson-Sud,Granby,QC,sante,450-375-8000,,,,,,,,,SANS_SITE|JAMAIS_VERIFIE,,
msss-chsld-montreal-chsld-hope,CHSLD Hope,Montréal,QC,sante,514-934-0354,,,,,,,,,SANS_SITE|JAMAIS_VERIFIE,,
msss-clsc-gatineau-centre-de-services-ambulatoires-et-clsc-de-l-oasis,Centre De Services Ambulatoires Et CLSC De L'Oasis,Gatineau,QC,sante,819-966-6530,,,,,,,,,SANS_SITE|JAMAIS_VERIFIE,,
msss-clsc-mistissini-cmc-mistissini,Cmc Mistissini,Mistissini,QC,sante,418-923-3376,,,,,,,,,SANS_SITE|JAMAIS_VERIFIE,,
msss-clsc-nemaska-cmc-nemaska,Cmc Nemaska,Nemaska,QC,sante,819-673-2522,,,,,,,,,SANS_SITE|JAMAIS_VERIFIE,,
msss-clsc-waskaganish-cmc-waskaganish,Cmc Waskaganish,Waskaganish,QC,sante,819-895-8831,,,,,,,,,SANS_SITE|JAMAIS_VERIFIE,,
msss-clsc-wemindji-cmc-wemindji,Cmc Wemindji,Wemindji,QC,sante,819-978-0264,,,,,,,,,SANS_SITE|JAMAIS_VERIFIE,,
msss-clsc-whapmagoostui-cmc-whapmagoostui,Cmc Whapmagoostui,Whapmagoostui,QC,sante,819-929-3222,,,,,,,,,SANS_SITE|JAMAIS_VERIFIE,,
msss-hopital-montreal-hopital-glen,Hôpital Glen,Montréal,QC,sante,514-934-0354,,,,,,,,,SANS_SITE|JAMAIS_VERIFIE,,
msss-clsc-ouje-bougoumou-msdc-ouje-bougoumou,Msdc Ouje-Bougoumou,Oujé-Bougoumou,QC,sante,418-745-2441,,,,,,,,,SANS_SITE|JAMAIS_VERIFIE,,
msss-hopital-montreal-centre-de-services-ambulatoires-de-dialyse-de-la-rue-de-gasp,Centre De Services Ambulatoires De Dialyse De La Rue De Gaspé,Montréal,QC,sante,514-934-0354,,,,,,,,,SANS_SITE|JAMAIS_VERIFIE,,
msss-clsc-shawinigan-clsc-du-centre-de-la-mauricie,CLSC Du Centre-De-La-Mauricie,Shawinigan,QC,sante,819-536-7500,,,,,,,,,SANS_SITE|JAMAIS_VERIFIE,,
msss-clsc-waskaganish-msdc-waskaganish,Msdc Waskaganish,Waskaganish,QC,sante,819-895-8831,,,,,,,,,SANS_SITE|JAMAIS_VERIFIE,,
msss-clsc-lachute-clsc-et-centre-de-services-ambulatoires-en-pedopsychiatrie-d,CLSC Et Centre De Services Ambulatoires En Pédopsychiatrie De La Rue Mary,Lachute,QC,sante,819-242-4444,,,,,,,,,SANS_SITE|JAMAIS_VERIFIE,,
msss-clsc-mistissini-msdc-mistissini,Msdc Mistissini,Mistissini,QC,sante,418-923-3376,,,,,,,,,SANS_SITE|JAMAIS_VERIFIE,,
msss-clsc-waswanipi-msdc-waswanipi,Msdc Waswanipi,Waswanipi,QC,sante,819-753-2544,,,,,,,,,SANS_SITE|JAMAIS_VERIFIE,,
msss-hopital-montreal-groupe-de-medecine-de-famille-universitaire-notre-dame,Groupe De Médecine De Famille Universitaire Notre-Dame,Montréal,QC,sante,514-934-0354,,,,,,,,,SANS_SITE|JAMAIS_VERIFIE,,
msss-clsc-saint-jerome-clsc-saint-antoine,CLSC Saint-Antoine,Saint-Jérôme,QC,sante,450-432-2777,,,,,,,,,SANS_SITE|JAMAIS_VERIFIE,,
msss-clsc-nemaska-msdc-nemaska,Msdc Nemaska,Nemaska,QC,sante,819-673-2522,,,,,,,,,SANS_SITE|JAMAIS_VERIFIE,,
msss-clsc-sainte-agathe-des-monts-clsc-de-sainte-agathe-des-monts,CLSC De Sainte-Agathe-Des-Monts,Sainte-Agathe-des-Monts,QC,sante,819-324-4000,,,,,,,,,SANS_SITE|JAMAIS_VERIFIE,,
msss-hopital-montreal-hopital-santa-cabrini,Hôpital Santa Cabrini,Montréal,QC,sante,514-934-0354,,,,,,,,,SANS_SITE|JAMAIS_VERIFIE,,
msss-clsc-godbout-clsc-de-godbout,CLSC De Godbout,Godbout,QC,sante,418-568-7748,,,,,,,,,SANS_SITE|JAMAIS_VERIFIE,,
msss-clsc-sacre-coeur-clsc-de-sacre-coeur,CLSC De Sacré-Coeur,Sacré-Coeur,QC,sante,418-236-4411,,,,,,,,,SANS_SITE|JAMAIS_VERIFIE,,
msss-hopital-saint-hyacinthe-groupe-de-medecine-de-famille-universitaire-richelieu-yamask,Groupe De Médecine De Famille Universitaire Richelieu-Yamaska,Saint-Hyacinthe,QC,sante,450-771-3333,,,,,,,,,SANS_SITE|JAMAIS_VERIFIE,,
msss-clsc-val-d-or-clsc-et-centre-de-readaptation-en-dependance-de-val-d-or,CLSC Et Centre De Réadaptation En Dépendance De Val-D'Or,Val-d'Or,QC,sante,819-825-5858,,,,,,,,,SANS_SITE|JAMAIS_VERIFIE,,
msss-clsc-saint-cesaire-clsc-de-saint-cesaire,CLSC De Saint-Césaire,Saint-Césaire,QC,sante,450-375-8000,,,,,,,,,SANS_SITE|JAMAIS_VERIFIE,,
msss-clsc-trois-pistoles-centre-multiservices-de-sante-et-de-services-sociaux-de-troi,Centre Multiservices De Santé Et De Services Sociaux De Trois-Pistoles,Trois-Pistoles,QC,sante,418-851-3700,,,,,,,,,SANS_SITE|JAMAIS_VERIFIE,,
msss-clsc-vaudreuil-dorion-centre-multiservices-de-sante-et-de-services-sociaux-de-vaud,Centre Multiservices De Santé Et De Services Sociaux De Vaudreuil-Dorion,Vaudreuil-Dorion,QC,sante,450-455-6171,,,,,,,,,SANS_SITE|JAMAIS_VERIFIE,,
msss-clsc-trois-rivieres-centre-multiservices-de-sante-et-de-services-sociaux-saint-j,Centre Multiservices De Santé Et De Services Sociaux Saint-Joseph,Trois-Rivières,QC,sante,819-370-2100,,,,,,,,,SANS_SITE|JAMAIS_VERIFIE,,
msss-hopital-saint-jean-sur-richelieu-centre-de-services-ambulatoires-et-groupe-de-medecine-de-fam,Centre De Services Ambulatoires Et Groupe De Médecine De Famille Universitaire De Saint-Jean-Sur-Richelieu,Saint-Jean-sur-Richelieu,QC,sante,450-359-5000,,,,,,,,,SANS_SITE|JAMAIS_VERIFIE,,
msss-chsld-saint-jerome-chsld-de-saint-jerome,CHSLD De Saint-Jérôme,Saint-Jérôme,QC,sante,450-432-2777,,,,,,,,,SANS_SITE|JAMAIS_VERIFIE,,
msss-clsc-quebec-centre-de-protection-de-l-enfance-et-de-la-jeunesse-et-clsc-,Centre De Protection De L'Enfance Et De La Jeunesse Et CLSC De Québec,Québec,QC,sante,418-525-4444,,,,,,,,,SANS_SITE|JAMAIS_VERIFIE,,
msss-chsld-saint-jerome-chsld-louise-faubert,CHSLD Louise-Faubert,Saint-Jérôme,QC,sante,450-432-2777,,,,,,,,,SANS_SITE|JAMAIS_VERIFIE,,
msss-hopital-montreal-groupe-de-medecine-de-famille-universitaire-de-verdun,Groupe De Médecine De Famille Universitaire De Verdun,Montréal,QC,sante,514-934-0354,,,,,,,,,SANS_SITE|JAMAIS_VERIFIE,,
msss-hopital-montreal-groupe-de-medecine-de-famille-universitaire-et-centre-de-ser,Groupe De Médecine De Famille Universitaire Et Centre De Services Ambulatoires De St. Mary,Montréal,QC,sante,514-934-0354,,,,,,,,,SANS_SITE|JAMAIS_VERIFIE,,
msss-hopital-val-d-or-groupe-de-medecine-de-famille-universitaire-de-la-vallee-de-,Groupe De Médecine De Famille Universitaire De La Vallée-De-L’or,Val-d'Or,QC,sante,819-825-5858,,,,,,,,,SANS_SITE|JAMAIS_VERIFIE,,
msss-hopital-montreal-centre-de-recherche-du-centre-hospitalier-de-l-universite-de,Centre De Recherche Du Centre Hospitalier De L'Université De Montréal,Montréal,QC,sante,514-934-0354,,,,,,,,,SANS_SITE|JAMAIS_VERIFIE,,
msss-clsc-mont-laurier-centre-multiservices-de-sante-et-de-services-sociaux-de-mont,Centre Multiservices De Santé Et De Services Sociaux De Mont-Laurier,Mont-Laurier,QC,sante,819-623-1234,,,,,,,,,SANS_SITE|JAMAIS_VERIFIE,,
msss-clsc-montreal-clsc-sainte-catherine-et-groupe-de-medecine-de-famille-unive,CLSC Sainte-Catherine Et Groupe De Médecine De Famille Universitaire Des Faubourgs,Montréal,QC,sante,514-934-0354,,,,,,,,,SANS_SITE|JAMAIS_VERIFIE,,
msss-chsld-sept-iles-chsld-de-sept-iles,CHSLD De Sept-Îles,Sept-Îles,QC,sante,418-962-9761,,,,,,,,,SANS_SITE|JAMAIS_VERIFIE,,
msss-chsld-l-assomption-centre-d-hebergement-et-de-readaptation-en-deficience-physiq,Centre D'Hébergement Et De Réadaptation En Déficience Physique De L'Assomption,L'Assomption,QC,sante,450-654-7525,,,,,,,,,SANS_SITE|JAMAIS_VERIFIE,,
msss-chsld-longueuil-chsld-marguerite-rocheleau,CHSLD Marguerite-Rocheleau,Longueuil,QC,sante,450-466-5000,,,,,,,,,SANS_SITE|JAMAIS_VERIFIE,,
msss-clsc-tadoussac-clsc-de-tadoussac,CLSC De Tadoussac,Tadoussac,QC,sante,418-235-4611,,,,,,,,,SANS_SITE|JAMAIS_VERIFIE,,
msss-clsc-terrebonne-clsc-de-la-piniere,CLSC De La Pinière,Terrebonne,QC,sante,450-759-8222,,,,,,,,,SANS_SITE|JAMAIS_VERIFIE,,
msss-clsc-havre-saint-pierre-centre-multiservices-de-sante-et-de-services-sociaux-de-la-m,Centre Multiservices De Santé Et De Services Sociaux De La Minganie,Havre-Saint-Pierre,QC,sante,418-538-3011,,,,,,,,,SANS_SITE|JAMAIS_VERIFIE,,
msss-clsc-saint-jean-de-matha-centre-multiservices-de-sante-et-de-services-sociaux-de-sain,Centre Multiservices De Santé Et De Services Sociaux De Saint-Jean-De-Matha,Saint-Jean-de-Matha,QC,sante,450-759-8222,,,,,,,,,SANS_SITE|JAMAIS_VERIFIE,,
msss-clsc-sept-iles-aire-ouverte-de-sept-iles,Aire Ouverte De Sept-Îles,Sept-Îles,QC,sante,418-962-9761,,,,,,,,,SANS_SITE|JAMAIS_VERIFIE,,
msss-clsc-sept-iles-centre-multiservices-de-sante-et-de-services-sociaux-de-sept,Centre Multiservices De Santé Et De Services Sociaux De Sept-Îles,Sept-Îles,QC,sante,418-962-9761,,,,,,,,,SANS_SITE|JAMAIS_VERIFIE,,
msss-chsld-saint-charles-borromee-chsld-sylvie-lesperance,CHSLD Sylvie-Lespérance,Saint-Charles-Borromée,QC,sante,450-759-8222,,,,,,,,,SANS_SITE|JAMAIS_VERIFIE,,
msss-hopital-saint-charles-borromee-hopital-de-lanaudiere-et-centre-d-hebergement-parphilia-ferl,Hôpital De Lanaudière Et Centre D'Hébergement Parphilia-Ferland,Saint-Charles-Borromée,QC,sante,450-759-8222,,,,,,,,,SANS_SITE|JAMAIS_VERIFIE,,
msss-chsld-saint-eustache-chsld-des-patriotes,CHSLD Des Patriotes,Saint-Eustache,QC,sante,450-473-6811,,,,,,,,,SANS_SITE|JAMAIS_VERIFIE,,
msss-clsc-sainte-anne-des-plaines-clsc-de-sainte-anne-des-plaines,CLSC De Sainte-Anne-Des-Plaines,Sainte-Anne-des-Plaines,QC,sante,450-432-2777,,,,,,,,,SANS_SITE|JAMAIS_VERIFIE,,
msss-clsc-sherbrooke-clsc-et-centre-de-services-ambulatoires-belvedere,CLSC Et Centre De Services Ambulatoires Belvédère,Sherbrooke,QC,sante,819-346-1110,,,,,,,,,SANS_SITE|JAMAIS_VERIFIE,,
msss-hopital-thetford-mines-hopital-de-thetford,Hôpital De Thetford,Thetford Mines,QC,sante,418-338-7777,,,,,,,,,SANS_SITE|JAMAIS_VERIFIE,,
msss-chsld-saint-sauveur-centre-d-hebergement-et-de-soins-de-longue-duree-l-b-desjard,Centre D'Hébergement Et De Soins De Longue Durée L.-B.-Desjardins,Saint-Sauveur,QC,sante,450-432-2777,,,,,,,,,SANS_SITE|JAMAIS_VERIFIE,,
msss-chsld-sainte-adele-chsld-de-sainte-adele,CHSLD De Sainte-Adèle,Sainte-Adèle,QC,sante,819-324-4000,,,,,,,,,SANS_SITE|JAMAIS_VERIFIE,,
msss-clsc-longueuil-clsc-cousineau,CLSC Cousineau,Longueuil,QC,sante,450-466-5000,,,,,,,,,SANS_SITE|JAMAIS_VERIFIE,,
msss-clsc-saint-georges-centre-multiservices-de-sante-et-de-services-sociaux-de-sain,Centre Multiservices De Santé Et De Services Sociaux De Saint-Georges,Saint-Georges,QC,sante,418-228-2031,,,,,,,,,SANS_SITE|JAMAIS_VERIFIE,,
msss-clsc-magog-clsc-de-magog,CLSC De Magog,Magog,QC,sante,819-843-2572,,,,,,,,,SANS_SITE|JAMAIS_VERIFIE,,
msss-clsc-montreal-maison-de-naissance-anne-courtemanche,Maison De Naissance Anne-Courtemanche,Montréal,QC,sante,514-934-0354,,,,,,,,,SANS_SITE|JAMAIS_VERIFIE,,
msss-clsc-saint-calixte-clsc-de-saint-calixte,CLSC De Saint-Calixte,Saint-Calixte,QC,sante,450-759-8222,,,,,,,,,SANS_SITE|JAMAIS_VERIFIE,,
msss-chsld-saint-jean-sur-richelieu-hopital-de-jour-geriatrique-de-la-rue-normand,Hôpital De Jour Gériatrique De La Rue Normand,Saint-Jean-sur-Richelieu,QC,sante,450-359-5000,,,,,,,,,SANS_SITE|JAMAIS_VERIFIE,,
msss-clsc-sainte-agathe-des-monts-clsc-du-village-des-monts,CLSC Du Village-Des-Monts,Sainte-Agathe-des-Monts,QC,sante,819-324-4000,,,,,,,,,SANS_SITE|JAMAIS_VERIFIE,,
msss-chsld-trois-rivieres-centre-multiservices-de-sante-et-de-services-sociaux-cooke,Centre Multiservices De Santé Et De Services Sociaux Cooke,Trois-Rivières,QC,sante,819-370-2100,,,,,,,,,SANS_SITE|JAMAIS_VERIFIE,,
msss-clsc-shawinigan-centre-multiservices-de-sante-et-de-services-sociaux-de-shaw,Centre Multiservices De Santé Et De Services Sociaux De Shawinigan,Shawinigan,QC,sante,819-536-7500,,,,,,,,,SANS_SITE|JAMAIS_VERIFIE,,
msss-hopital-saint-jean-sur-richelieu-hopital-du-haut-richelieu-clinique-suivi-de-grossesse,Hôpital Du Haut-Richelieu - Clinique Suivi De Grossesse,Saint-Jean-sur-Richelieu,QC,sante,450-359-5000,,,,,,,,,SANS_SITE|JAMAIS_VERIFIE,,
msss-chsld-wendake-chsld-de-wendake,CHSLD De Wendake,Wendake,QC,sante,418-843-3381,,,,,,,,,SANS_SITE|JAMAIS_VERIFIE,,
msss-clsc-repentigny-maison-de-naissance-de-lanaudiere,Maison De Naissance De Lanaudière,Repentigny,QC,sante,450-654-7525,,,,,,,,,SANS_SITE|JAMAIS_VERIFIE,,
msss-clsc-sainte-therese-centre-multiservices-de-sante-et-de-services-sociaux-de-ther,Centre Multiservices De Santé Et De Services Sociaux De Thérèse-De Blainville,Sainte-Thérèse,QC,sante,450-432-2777,,,,,,,,,SANS_SITE|JAMAIS_VERIFIE,,
msss-clsc-sainte-brigitte-de-laval-clsc-de-sainte-brigitte-de-laval,CLSC De Sainte-Brigitte-De-Laval,Sainte-Brigitte-de-Laval,QC,sante,418-825-2572,,,,,,,,,SANS_SITE|JAMAIS_VERIFIE,,
msss-clsc-shawinigan-centre-de-services-ambulatoires-et-clsc-de-grand-mere,Centre De Services Ambulatoires Et CLSC De Grand-Mère,Shawinigan,QC,sante,819-536-7500,,,,,,,,,SANS_SITE|JAMAIS_VERIFIE,,
msss-chsld-laval-chsld-val-des-brises,CHSLD Val-Des-Brises,Laval,QC,sante,450-668-1010,,,,,,,,,SANS_SITE|JAMAIS_VERIFIE,,
msss-chsld-saint-lambert-chsld-docteur-chevrier,CHSLD Docteur-Chevrier,Saint-Lambert,QC,sante,450-466-5000,,,,,,,,,SANS_SITE|JAMAIS_VERIFIE,,
msss-clsc-victoriaville-clsc-d-arthabaska,CLSC D'Arthabaska,Victoriaville,QC,sante,819-758-7281,,,,,,,,,SANS_SITE|JAMAIS_VERIFIE,,
msss-chsld-vaudreuil-dorion-chsld-et-centre-de-readaptation-en-deficience-physique-de-va,CHSLD Et Centre De Réadaptation En Déficience Physique De Vaudreuil-Dorion,Vaudreuil-Dorion,QC,sante,450-455-6171,,,,,,,,,SANS_SITE|JAMAIS_VERIFIE,,
msss-hopital-saint-constant-centre-de-services-ambulatoires-en-sante-mentale-de-la-rue-s,Centre De Services Ambulatoires En Santé Mentale De La Rue Saint-Pierre,Saint-Constant,QC,sante,450-466-5000,,,,,,,,,SANS_SITE|JAMAIS_VERIFIE,,
msss-clsc-plessisville-centre-multiservices-de-sante-et-de-services-sociaux-de-l-er,Centre Multiservices De Santé Et De Services Sociaux De L'Érable,Plessisville,QC,sante,819-362-6301,,,,,,,,,SANS_SITE|JAMAIS_VERIFIE,,
msss-clsc-saguenay-clsc-aire-ouverte,CLSC - Aire Ouverte,Saguenay,QC,sante,418-541-1000,,,,,,,,,SANS_SITE|JAMAIS_VERIFIE,,
msss-chsld-magog-maison-des-aines-et-alternative-de-magog,Maison Des Aînés Et Alternative De Magog,Magog,QC,sante,819-843-2572,,,,,,,,,SANS_SITE|JAMAIS_VERIFIE,,
msss-chsld-sherbrooke-maison-des-aines-et-alternative-de-sherbrooke,Maison Des Aînés Et Alternative De Sherbrooke,Sherbrooke,QC,sante,819-346-1110,,,,,,,,,SANS_SITE|JAMAIS_VERIFIE,,
msss-chsld-rimouski-maison-des-aines-et-alternative-de-rimouski,Maison Des Aînés Et Alternative De Rimouski,Rimouski,QC,sante,418-724-3000,,,,,,,,,SANS_SITE|JAMAIS_VERIFIE,,
msss-clsc-saint-eustache-centre-multiservices-de-sante-et-de-services-sociaux-jean-ol,Centre Multiservices De Santé Et De Services Sociaux Jean-Olivier-CHénier,Saint-Eustache,QC,sante,450-473-6811,,,,,,,,,SANS_SITE|JAMAIS_VERIFIE,,
msss-hopital-sainte-agathe-des-monts-centre-multiservices-de-sante-et-de-services-sociaux-de-sain,Centre Multiservices De Santé Et De Services Sociaux De Sainte-Agathe,Sainte-Agathe-des-Monts,QC,sante,819-324-4000,,,,,,,,,SANS_SITE|JAMAIS_VERIFIE,,
msss-chsld-riviere-du-loup-maison-des-aines-et-alternative-de-riviere-du-loup,Maison Des Aînés Et Alternative De Rivière-Du-Loup,Rivière-du-Loup,QC,sante,418-868-1010,,,,,,,,,SANS_SITE|JAMAIS_VERIFIE,,
msss-chsld-saint-martin-maison-des-aines-de-saint-martin-de-beauce,Maison Des Aînés De Saint-Martin-De-Beauce,Saint-Martin,QC,sante,418-382-5585,,,,,,,,,SANS_SITE|JAMAIS_VERIFIE,,
msss-chsld-sainte-agathe-des-monts-centre-de-services-externes-pour-les-aines-et-de-readaptatio,Centre De Services Externes Pour Les Aînés Et De Réadaptation En Dépendance De Sainte-Agathe-Des-Monts,Sainte-Agathe-des-Monts,QC,sante,819-324-4000,,,,,,,,,SANS_SITE|JAMAIS_VERIFIE,,
msss-chsld-repentigny-maison-des-aines-et-alternative-de-repentigny,Maison Des Aînés Et Alternative De Repentigny,Repentigny,QC,sante,450-654-7525,,,,,,,,,SANS_SITE|JAMAIS_VERIFIE,,
msss-chsld-roberval-maison-des-aines-et-alternative-de-roberval,Maison Des Aînés Et Alternative De Roberval,Roberval,QC,sante,418-275-0110,,,,,,,,,SANS_SITE|JAMAIS_VERIFIE,,
msss-chsld-saguenay-maison-des-aines-et-alternative-de-la-riviere-saguenay,Maison Des Aînés Et Alternative De La Rivière-Saguenay,Saguenay,QC,sante,418-541-1000,,,,,,,,,SANS_SITE|JAMAIS_VERIFIE,,
msss-clsc-quebec-clsc-et-centre-de-readaptation-en-deficience-intellectuelle-,CLSC Et Centre De Réadaptation En Déficience Intellectuelle Et En Troubles Du Spectre De L'Autisme Du Pavillon Arthur-Vallée,Québec,QC,sante,418-525-4444,,,,,,,,,SANS_SITE|JAMAIS_VERIFIE,,
msss-hopital-montreal-centre-de-services-ambulatoires-allan-memorial,Centre De Services Ambulatoires Allan Memorial,Montréal,QC,sante,514-934-0354,,,,,,,,,SANS_SITE|JAMAIS_VERIFIE,,
msss-hopital-westmount-centre-de-services-ambulatoires-gilman,Centre De Services Ambulatoires Gilman,Westmount,QC,sante,514-934-0354,,,,,,,,,SANS_SITE|JAMAIS_VERIFIE,,
msss-chsld-mirabel-maison-des-aines-de-saint-canut,Maison Des Aînés De Saint-Canut,Mirabel,QC,sante,450-432-2777,,,,,,,,,SANS_SITE|JAMAIS_VERIFIE,,
msss-chsld-sainte-anne-des-plaines-maison-des-aines-de-sainte-anne-des-plaines,Maison Des Aînés De Sainte-Anne-Des-Plaines,Sainte-Anne-des-Plaines,QC,sante,450-432-2777,,,,,,,,,SANS_SITE|JAMAIS_VERIFIE,,
msss-chsld-prevost-maison-des-aines-de-prevost,Maison Des Aînés De Prévost,Prévost,QC,sante,450-432-2777,,,,,,,,,SANS_SITE|JAMAIS_VERIFIE,,
msss-chsld-montreal-maison-alternative-de-riviere-des-prairies,Maison Alternative De Rivière-Des-Prairies,Montréal,QC,sante,514-934-0354,,,,,,,,,SANS_SITE|JAMAIS_VERIFIE,,
msss-clsc-saint-georges-aire-ouverte-de-saint-georges,Aire Ouverte De Saint-Georges,Saint-Georges,QC,sante,418-228-2031,,,,,,,,,SANS_SITE|JAMAIS_VERIFIE,,
msss-clsc-saint-marc-des-carrieres-centre-multiservices-de-sante-et-de-services-sociaux-de-sain,Centre Multiservices De Santé Et De Services Sociaux De Saint-Marc-Des-Carrières,Saint-Marc-des-Carrières,QC,sante,418-285-2200,,,,,,,,,SANS_SITE|JAMAIS_VERIFIE,,
msss-clsc-saint-pierre-de-l-ile-d-orleans-clsc-et-centre-d-hebergement-alphonse-bonenfant,CLSC Et Centre D'Hébergement Alphonse-Bonenfant,Saint-Pierre-de-L'Île-d'Orléans,QC,sante,418-828-2723,,,,,,,,,SANS_SITE|JAMAIS_VERIFIE,,
msss-chsld-quebec-maison-des-aines-et-alternative-de-sainte-foy,Maison Des Aînés Et Alternative De Sainte-Foy,Québec,QC,sante,418-525-4444,,,,,,,,,SANS_SITE|JAMAIS_VERIFIE,,
msss-clsc-pont-rouge-clsc-et-centre-de-readaptation-en-dependance-de-pont-rouge,CLSC Et Centre De Réadaptation En Dépendance De Pont-Rouge,Pont-Rouge,QC,sante,418-873-2371,,,,,,,,,SANS_SITE|JAMAIS_VERIFIE,,
msss-clsc-val-d-or-aire-ouverte-de-la-vallee-de-l-or,Aire Ouverte De La Vallée-De-L'Or,Val-d'Or,QC,sante,819-825-5858,,,,,,,,,SANS_SITE|JAMAIS_VERIFIE,,
msss-clsc-quebec-clsc-et-centre-de-readaptation-en-dependance-de-la-basse-vil,CLSC Et Centre De Réadaptation En Dépendance De La Basse-Ville,Québec,QC,sante,418-525-4444,,,,,,,,,SANS_SITE|JAMAIS_VERIFIE,,
msss-clsc-riviere-du-loup-aire-ouverte-de-riviere-du-loup,Aire Ouverte De Rivière-Du-Loup,Rivière-du-Loup,QC,sante,418-868-1010,,,,,,,,,SANS_SITE|JAMAIS_VERIFIE,,
msss-clsc-salaberry-de-valleyfield-aire-ouverte-de-salaberry-de-valleyfield,Aire Ouverte De Salaberry-De-Valleyfield,Salaberry-de-Valleyfield,QC,sante,450-371-9920,,,,,,,,,SANS_SITE|JAMAIS_VERIFIE,,
msss-clsc-grande-vallee-centre-multiservices-de-sante-et-de-services-sociaux-de-gran,Centre Multiservices De Santé Et De Services Sociaux De Grande-Vallée,Grande-Vallée,QC,sante,418-393-2204,,,,,,,,,SANS_SITE|JAMAIS_VERIFIE,,
msss-chsld-maria-centre-d-hebergement-et-de-readaptation-de-maria,Centre D'Hébergement Et De Réadaptation De Maria,Maria,QC,sante,418-759-3443,,,,,,,,,SANS_SITE|JAMAIS_VERIFIE,,
msss-clsc-pointe-a-la-croix-clsc-et-centre-de-readaptation-en-deficience-physique-et-en-,CLSC Et Centre De Réadaptation En Déficience Physique Et En Déficience Intellectuelle Et En Troubles Du Spectre De L’autisme De Pointe-À-La-Croi,Pointe-à-la-Croix,QC,sante,418-788-5588,,,,,,,,,SANS_SITE|JAMAIS_VERIFIE,,
msss-chsld-montreal-chsld-providence-notre-dame-de-lourdes,CHSLD Providence Notre-Dame De Lourdes,Montréal,QC,sante,514-934-0354,,,,,,,,,SANS_SITE|JAMAIS_VERIFIE,,
msss-clsc-sainte-anne-des-monts-hopital-et-clsc-de-sainte-anne-des-monts,Hôpital Et CLSC De Sainte-Anne-Des-Monts,Sainte-Anne-des-Monts,QC,sante,418-763-2261,,,,,,,,,SANS_SITE|JAMAIS_VERIFIE,,
msss-clsc-shawinigan-aire-ouverte-de-shawinigan,Aire Ouverte De Shawinigan,Shawinigan,QC,sante,819-536-7500,,,,,,,,,SANS_SITE|JAMAIS_VERIFIE,,
msss-chsld-l-ancienne-lorette-hopital-ste-monique,Hôpital Ste-Monique,L'Ancienne-Lorette,QC,sante,418-525-4444,,,,,,,,,SANS_SITE|JAMAIS_VERIFIE,,
msss-chsld-laval-maison-des-aines-de-chomedey,Maison Des Aînés De Chomedey,Laval,QC,sante,450-668-1010,,,,,,,,,SANS_SITE|JAMAIS_VERIFIE,,
msss-chsld-quebec-chsld-de-la-maison-legault,CHSLD De La Maison-Legault,Québec,QC,sante,418-525-4444,,,,,,,,,SANS_SITE|JAMAIS_VERIFIE,,
msss-hopital-quebec-la-maison-michel-sarrazin,La Maison Michel-Sarrazin,Québec,QC,sante,418-525-4444,,,,,,,,,SANS_SITE|JAMAIS_VERIFIE,,
msss-chsld-quebec-chsld-notre-dame,CHSLD Notre-Dame,Québec,QC,sante,418-525-4444,,,,,,,,,SANS_SITE|JAMAIS_VERIFIE,,
msss-chsld-montreal-centre-d-hebergement-et-de-soins-de-longue-duree-bussey-queb,Centre D'Hébergement Et De Soins De Longue Durée Bussey (Québec),Montréal,QC,sante,514-934-0354,,,,,,,,,SANS_SITE|JAMAIS_VERIFIE,,
msss-chsld-montreal-chsld-bourget,CHSLD Bourget,Montréal,QC,sante,514-934-0354,,,,,,,,,SANS_SITE|JAMAIS_VERIFIE,,
msss-chsld-montreal-l-hopital-chinois-de-montreal-1963,L'Hôpital Chinois De Montréal (1963),Montréal,QC,sante,514-934-0354,,,,,,,,,SANS_SITE|JAMAIS_VERIFIE,,
msss-chsld-montreal-les-cedres-centre-d-accueil-pour-personnes-agees,Les Cèdres - Centre D'Accueil Pour Personnes Âgées,Montréal,QC,sante,514-934-0354,,,,,,,,,SANS_SITE|JAMAIS_VERIFIE,,
msss-chsld-rawdon-chsld-heather-i,CHSLD Heather I,Rawdon,QC,sante,450-759-8222,,,,,,,,,SANS_SITE|JAMAIS_VERIFIE,,
msss-hopital-montreal-hopital-general-de-montreal,Hôpital Général De Montréal,Montréal,QC,sante,514-934-0354,,,,,,,,,SANS_SITE|JAMAIS_VERIFIE,,
msss-chsld-lachute-la-residence-de-lachute,La Résidence De Lachute,Lachute,QC,sante,819-242-4444,,,,,,,,,SANS_SITE|JAMAIS_VERIFIE,,
msss-chsld-laval-manoir-st-patrice,Manoir St-Patrice,Laval,QC,sante,450-668-1010,,,,,,,,,SANS_SITE|JAMAIS_VERIFIE,,
msss-chsld-levis-centre-d-accueil-saint-joseph-de-levis,Centre D'Accueil Saint-Joseph De Lévis,Lévis,QC,sante,418-380-8993,,,,,,,,,SANS_SITE|JAMAIS_VERIFIE,,
msss-chsld-levis-pavillon-bellevue,Pavillon Bellevue,Lévis,QC,sante,418-380-8993,,,,,,,,,SANS_SITE|JAMAIS_VERIFIE,,
msss-hopital-montreal-hopital-general-juif-2,Hôpital Général Juif,Montréal,QC,sante,514-934-0354,,,,,,,,,SANS_SITE|JAMAIS_VERIFIE,,
msss-hopital-montreal-villa-medica,Villa Medica,Montréal,QC,sante,514-934-0354,,,,,,,,,SANS_SITE|JAMAIS_VERIFIE,,
msss-chsld-rouyn-noranda-maison-des-aines-et-alternative-de-rouyn-noranda,Maison Des Aînés Et Alternative De Rouyn-Noranda,Rouyn-Noranda,QC,sante,819-764-5131,,,,,,,,,SANS_SITE|JAMAIS_VERIFIE,,
msss-clsc-montreal-aire-ouverte-de-l-est-de-montreal,Aire Ouverte De L'Est De Montréal,Montréal,QC,sante,514-934-0354,,,,,,,,,SANS_SITE|JAMAIS_VERIFIE,,
msss-hopital-montreal-centre-de-services-ambulatoires-de-maisonneuve-est,Centre De Services Ambulatoires De Maisonneuve-Est,Montréal,QC,sante,514-934-0354,,,,,,,,,SANS_SITE|JAMAIS_VERIFIE,,
msss-hopital-levis-centre-de-services-ambulatoires-de-chaudiere-appalaches,Centre De Services Ambulatoires De Chaudière-Appalaches,Lévis,QC,sante,418-380-8993,,,,,,,,,SANS_SITE|JAMAIS_VERIFIE,,
msss-chsld-salaberry-de-valleyfield-maison-des-aines-et-alternative-de-salaberry-de-valleyfield,Maison Des Aînés Et Alternative De Salaberry-De-Valleyfield,Salaberry-de-Valleyfield,QC,sante,450-371-9920,,,,,,,,,SANS_SITE|JAMAIS_VERIFIE,,
msss-clsc-victoriaville-groupe-de-medecine-de-famille-universitaire-et-clsc-de-victo,Groupe De Médecine De Famille Universitaire Et CLSC De Victoriaville,Victoriaville,QC,sante,819-758-7281,,,,,,,,,SANS_SITE|JAMAIS_VERIFIE,,
msss-hopital-saint-eustache-centre-de-services-ambulatoires-de-la-rue-bibeau,Centre De Services Ambulatoires De La Rue Bibeau,Saint-Eustache,QC,sante,450-473-6811,,,,,,,,,SANS_SITE|JAMAIS_VERIFIE,,
msss-chsld-val-d-or-maison-des-aines-et-alternative-de-val-d-or,Maison Des Aînés Et Alternative De Val-D'Or,Val-d'Or,QC,sante,819-825-5858,,,,,,,,,SANS_SITE|JAMAIS_VERIFIE,,
msss-chsld-longueuil-maison-des-aines-et-alternative-de-longueuil,Maison Des Aînés Et Alternative De Longueuil,Longueuil,QC,sante,450-466-5000,,,,,,,,,SANS_SITE|JAMAIS_VERIFIE,,
msss-chsld-saint-hilarion-maison-des-aines-et-alternative-de-saint-hilarion,Maison Des Aînés Et Alternative De Saint-Hilarion,Saint-Hilarion,QC,sante,418-457-2143,,,,,,,,,SANS_SITE|JAMAIS_VERIFIE,,
msss-chsld-pont-rouge-maison-des-aines-et-alternative-de-pont-rouge,Maison Des Aînés Et Alternative De Pont-Rouge,Pont-Rouge,QC,sante,418-873-2371,,,,,,,,,SANS_SITE|JAMAIS_VERIFIE,,
msss-clsc-quebec-aire-ouverte-de-loretteville,Aire Ouverte De Loretteville,Québec,QC,sante,418-525-4444,,,,,,,,,SANS_SITE|JAMAIS_VERIFIE,,
msss-clsc-rouyn-noranda-clsc-du-terminus,CLSC Du Terminus,Rouyn-Noranda,QC,sante,819-764-5131,,,,,,,,,SANS_SITE|JAMAIS_VERIFIE,,
msss-clsc-sherbrooke-aire-ouverte-de-sherbrooke,Aire Ouverte De Sherbrooke,Sherbrooke,QC,sante,819-346-1110,,,,,,,,,SANS_SITE|JAMAIS_VERIFIE,,
msss-hopital-mont-laurier-centre-de-services-ambulatoires-de-mont-laurier,Centre De Services Ambulatoires De Mont-Laurier,Mont-Laurier,QC,sante,819-623-1234,,,,,,,,,SANS_SITE|JAMAIS_VERIFIE,,
msss-hopital-montreal-groupe-de-medecine-de-famille-universitaire-de-verdun-de-l-e,Groupe De Médecine De Famille Universitaire De Verdun-De-L'Église,Montréal,QC,sante,514-934-0354,,,,,,,,,SANS_SITE|JAMAIS_VERIFIE,,
msss-chsld-maniwaki-maison-des-aines-et-alternative-de-maniwaki,Maison Des Aînés Et Alternative De Maniwaki,Maniwaki,QC,sante,819-449-4690,,,,,,,,,SANS_SITE|JAMAIS_VERIFIE,,
msss-chsld-pointe-claire-chsld-stillview,CHSLD Stillview,Pointe-Claire,QC,sante,514-630-2000,,,,,,,,,SANS_SITE|JAMAIS_VERIFIE,,
msss-chsld-saint-eustache-centre-d-hebergement-de-sainte-eustache,Centre D’hébergement De Sainte-Eustache,Saint-Eustache,QC,sante,450-473-6811,,,,,,,,,SANS_SITE|JAMAIS_VERIFIE,,
msss-hopital-quebec-hopital-boulevard-laurier,Hôpital Boulevard Laurier,Québec,QC,sante,418-525-4444,,,,,,,,,SANS_SITE|JAMAIS_VERIFIE,,
msss-clsc-montreal-clinique-ips-snowdon,Clinique Ips+ Snowdon,Montréal,QC,sante,514-934-0354,,,,,,,,,SANS_SITE|JAMAIS_VERIFIE,,
msss-clsc-sorel-tracy-aire-ouverte-de-sorel-tracy,Aire Ouverte De Sorel-Tracy,Sorel-Tracy,QC,sante,450-746-6000,,,,,,,,,SANS_SITE|JAMAIS_VERIFIE,,
msss-clsc-saint-come-clsc-de-saint-come,CLSC De Saint-Côme,Saint-Côme,QC,sante,450-759-8222,,,,,,,,,SANS_SITE|JAMAIS_VERIFIE,,
msss-chsld-montreal-centre-d-hebergement-de-la-maison-saint-joseph,Centre D'Hébergement De La Maison-Saint-Joseph,Montréal,QC,sante,514-934-0354,,,,,,,,,SANS_SITE|JAMAIS_VERIFIE,,
msss-chsld-quebec-centre-d-hebergement-maizerets,Centre D'Hébergement Maizerets,Québec,QC,sante,418-525-4444,,,,,,,,,SANS_SITE|JAMAIS_VERIFIE,,
msss-chsld-saguenay-centre-d-hebergement-deschenes,Centre D'Hébergement Deschênes,Saguenay,QC,sante,418-541-1000,,,,,,,,,SANS_SITE|JAMAIS_VERIFIE,,
msss-clsc-val-d-or-maison-de-naissance-et-de-la-petite-enfance-des-grands-pins,Maison De Naissance Et De La Petite Enfance Des Grands Pins,Val-d'Or,QC,sante,819-825-5858,,,,,,,,,SANS_SITE|JAMAIS_VERIFIE,,
msss-hopital-vaudreuil-dorion-centre-de-services-ambulatoires-en-sante-mentale-et-de-reada,Centre De Services Ambulatoires En Santé Mentale Et De Réadaptation En Dépendance Du Boulevard De La Cité-Des-Jeunes,Vaudreuil-Dorion,QC,sante,450-455-6171,,,,,,,,,SANS_SITE|JAMAIS_VERIFIE,,
msss-clsc-mont-joli-aire-ouverte-de-mont-joli,Aire Ouverte De Mont-Joli,Mont-Joli,QC,sante,418-775-7261,,,,,,,,,SANS_SITE|JAMAIS_VERIFIE,,
msss-clsc-montreal-aire-ouverte-de-lasalle,Aire Ouverte De Lasalle,Montréal,QC,sante,514-934-0354,,,,,,,,,SANS_SITE|JAMAIS_VERIFIE,,
msss-clsc-montreal-aire-ouverte-du-metro-lionel-groulx,Aire Ouverte Du Métro-Lionel-Groulx,Montréal,QC,sante,514-934-0354,,,,,,,,,SANS_SITE|JAMAIS_VERIFIE,,
msss-chsld-saint-jean-sur-richelieu-chsld-gertrude-lafrance,CHSLD Gertrude-Lafrance,Saint-Jean-sur-Richelieu,QC,sante,450-359-5000,,,,,,,,,SANS_SITE|JAMAIS_VERIFIE,,
msss-chsld-sainte-elisabeth-centre-d-hebergement-de-sainte-elisabeth,Centre D'Hébergement De Sainte-Élisabeth,Sainte-Élisabeth,QC,sante,450-759-8222,,,,,,,,,SANS_SITE|JAMAIS_VERIFIE,,
msss-chsld-laval-centre-d-hebergement-la-piniere,Centre D'Hébergement La Pinière,Laval,QC,sante,450-668-1010,,,,,,,,,SANS_SITE|JAMAIS_VERIFIE,,
msss-clsc-laval-clsc-et-chsld-idola-saint-jean,CLSC Et CHSLD Idola-Saint-Jean,Laval,QC,sante,450-668-1010,,,,,,,,,SANS_SITE|JAMAIS_VERIFIE,,
msss-clsc-val-des-bois-clsc-de-val-des-bois,CLSC De Val-Des-Bois,Val-des-Bois,QC,sante,819-278-3993,,,,,,,,,SANS_SITE|JAMAIS_VERIFIE,,
msss-hopital-montreal-hopital-en-sante-mentale-albert-prevost,Hôpital En Santé Mentale Albert-Prévost,Montréal,QC,sante,514-934-0354,,,,,,,,,SANS_SITE|JAMAIS_VERIFIE,,
msss-chsld-montreal-centre-d-hebergement-alfred-desrochers,Centre D'Hébergement Alfred-Desrochers,Montréal,QC,sante,514-934-0354,,,,,,,,,SANS_SITE|JAMAIS_VERIFIE,,
msss-clsc-l-isle-aux-allumettes-clsc-de-chapeau,CLSC De Chapeau,L'Isle-aux-Allumettes,QC,sante,819-648-2336,,,,,,,,,SANS_SITE|JAMAIS_VERIFIE,,
msss-clsc-les-hauteurs-clsc-de-les-hauteurs,CLSC De Les Hauteurs,Les Hauteurs,QC,sante,418-798-4112,,,,,,,,,SANS_SITE|JAMAIS_VERIFIE,,
msss-chsld-montreal-chsld-de-la-petite-patrie,CHSLD De La Petite-Patrie,Montréal,QC,sante,514-934-0354,,,,,,,,,SANS_SITE|JAMAIS_VERIFIE,,
msss-chsld-montreal-centre-d-hebergement-ernest-routhier,Centre D'Hébergement Ernest-Routhier,Montréal,QC,sante,514-934-0354,,,,,,,,,SANS_SITE|JAMAIS_VERIFIE,,
msss-clsc-perce-clsc-de-perce,CLSC De Percé,Percé,QC,sante,418-782-2572,,,,,,,,,SANS_SITE|JAMAIS_VERIFIE,,
msss-chsld-montreal-chsld-francois-seguenot,CHSLD François-Séguenot,Montréal,QC,sante,514-934-0354,,,,,,,,,SANS_SITE|JAMAIS_VERIFIE,,
msss-clsc-montreal-clsc-parthenais-et-groupe-de-medecine-de-famille-universitai,CLSC Parthenais Et Groupe De Médecine De Famille Universitaire Des Faubourgs,Montréal,QC,sante,514-934-0354,,,,,,,,,SANS_SITE|JAMAIS_VERIFIE,,
msss-clsc-kangiqsualujjuaq-dispensaire-de-kangiqsualujjuaq,Dispensaire De Kangiqsualujjuaq,Kangiqsualujjuaq,QC,sante,819 337-9777,,,,,,,,,SANS_SITE|JAMAIS_VERIFIE,,
msss-clsc-saint-augustin-clsc-de-saint-augustin,CLSC De Saint-Augustin,Saint-Augustin,QC,sante,418-947-2426,,,,,,,,,SANS_SITE|JAMAIS_VERIFIE,,
msss-clsc-kangirsuk-dispensaire-de-kangirsuk,Dispensaire De Kangirsuk,Kangirsuk,QC,sante,819-935-4277,,,,,,,,,SANS_SITE|JAMAIS_VERIFIE,,
msss-clsc-port-daniel-gascons-clsc-de-gascons,CLSC De Gascons,Port-Daniel--Gascons,QC,sante,418-396-2572,,,,,,,,,SANS_SITE|JAMAIS_VERIFIE,,
msss-chsld-montreal-chsld-robert-cliche,CHSLD Robert-Cliche,Montréal,QC,sante,514-934-0354,,,,,,,,,SANS_SITE|JAMAIS_VERIFIE,,
msss-chsld-quebec-centre-d-hebergement-yvonne-sylvain,Centre D'Hébergement Yvonne-Sylvain,Québec,QC,sante,418-525-4444,,,,,,,,,SANS_SITE|JAMAIS_VERIFIE,,
msss-clsc-kuujjuarapik-dispensaire-de-kuujjuarapik,Dispensaire De Kuujjuarapik,Kuujjuarapik,QC,sante,819-929-3222,,,,,,,,,SANS_SITE|JAMAIS_VERIFIE,,
msss-chsld-quebec-centre-d-hebergement-des-chutes,Centre D'Hébergement Des Chutes,Québec,QC,sante,418-525-4444,,,,,,,,,SANS_SITE|JAMAIS_VERIFIE,,
msss-clsc-quaqtaq-dispensaire-de-quaqtaq,Dispensaire De Quaqtaq,Quaqtaq,QC,sante,819-492-9902,,,,,,,,,SANS_SITE|JAMAIS_VERIFIE,,
msss-chsld-saint-cesaire-chsld-val-joli,CHSLD Val-Joli,Saint-Césaire,QC,sante,450-375-8000,,,,,,,,,SANS_SITE|JAMAIS_VERIFIE,,
msss-clsc-quebec-clsc-de-maizerets,CLSC De Maizerets,Québec,QC,sante,418-525-4444,,,,,,,,,SANS_SITE|JAMAIS_VERIFIE,,
msss-clsc-sherbrooke-clsc-et-groupe-de-medecine-de-famille-universitaire-speid,CLSC Et Groupe De Médecine De Famille Universitaire Speid,Sherbrooke,QC,sante,819-346-1110,,,,,,,,,SANS_SITE|JAMAIS_VERIFIE,,
msss-clsc-saint-donat-clsc-de-saint-donat,CLSC De Saint-Donat,Saint-Donat,QC,sante,819-324-4000,,,,,,,,,SANS_SITE|JAMAIS_VERIFIE,,
msss-chsld-montreal-centre-d-hebergement-henri-bradet,Centre D'Hébergement Henri-Bradet,Montréal,QC,sante,514-934-0354,,,,,,,,,SANS_SITE|JAMAIS_VERIFIE,,
msss-chsld-victoriaville-centre-d-hebergement-et-de-readaptation-en-deficience-physiq,Centre D'Hébergement Et De Réadaptation En Déficience Physique Du Roseau,Victoriaville,QC,sante,819-758-7281,,,,,,,,,SANS_SITE|JAMAIS_VERIFIE,,
msss-chsld-montreal-centre-d-hebergement-paul-bruchesi,Centre D'Hébergement Paul-Bruchési,Montréal,QC,sante,514-934-0354,,,,,,,,,SANS_SITE|JAMAIS_VERIFIE,,
msss-chsld-montreal-chsld-judith-jasmin,CHSLD Judith-Jasmin,Montréal,QC,sante,514-934-0354,,,,,,,,,SANS_SITE|JAMAIS_VERIFIE,,
msss-clsc-lac-des-aigles-clsc-de-lac-des-aigles,CLSC De Lac-Des-Aigles,Lac-des-Aigles,QC,sante,418-779-2123,,,,,,,,,SANS_SITE|JAMAIS_VERIFIE,,
msss-clsc-napierville-clsc-de-napierville,CLSC De Napierville,Napierville,QC,sante,450-454-4671,,,,,,,,,SANS_SITE|JAMAIS_VERIFIE,,
msss-clsc-saint-clement-clsc-de-saint-clement,CLSC De Saint-Clément,Saint-Clément,QC,sante,418-963-2234,,,,,,,,,SANS_SITE|JAMAIS_VERIFIE,,
msss-clsc-salluit-dispensaire-de-salluit,Dispensaire De Salluit,Salluit,QC,sante,819-255-8328,,,,,,,,,SANS_SITE|JAMAIS_VERIFIE,,
msss-chsld-montreal-chsld-paul-gouin,CHSLD Paul-Gouin,Montréal,QC,sante,514-934-0354,,,,,,,,,SANS_SITE|JAMAIS_VERIFIE,,
msss-clsc-preissac-clsc-de-preissac,CLSC De Preissac,Preissac,QC,sante,819-797-3463,,,,,,,,,SANS_SITE|JAMAIS_VERIFIE,,
msss-chsld-laval-la-residence-du-bonheur,La Résidence Du Bonheur,Laval,QC,sante,450-668-1010,,,,,,,,,SANS_SITE|JAMAIS_VERIFIE,,
msss-chsld-quebec-centre-d-hebergement-paul-triquet,Centre D'Hébergement Paul-Triquet,Québec,QC,sante,418-525-4444,,,,,,,,,SANS_SITE|JAMAIS_VERIFIE,,
msss-clsc-saint-michel-des-saints-clsc-de-saint-michel-des-saints,CLSC De Saint-Michel-Des-Saints,Saint-Michel-des-Saints,QC,sante,450-759-8222,,,,,,,,,SANS_SITE|JAMAIS_VERIFIE,,
msss-clsc-lambton-clsc-et-chsld-de-lambton,CLSC Et CHSLD De Lambton,Lambton,QC,sante,418-486-7017,,,,,,,,,SANS_SITE|JAMAIS_VERIFIE,,
msss-clsc-sainte-agathe-des-monts-clsc-et-centre-de-readaptation-en-deficience-physique-du-cen,CLSC Et Centre De Réadaptation En Déficience Physique Du Centre-Ville-De-Sainte-Agathe,Sainte-Agathe-des-Monts,QC,sante,819-324-4000,,,,,,,,,SANS_SITE|JAMAIS_VERIFIE,,
msss-clsc-les-iles-de-la-madeleine-clsc-de-l-ile-d-entree,CLSC De L'Île D'Entrée,Les Îles-de-la-Madeleine,QC,sante,418-986-2121,,,,,,,,,SANS_SITE|JAMAIS_VERIFIE,,
msss-clsc-natashquan-clsc-de-natashquan,CLSC De Natashquan,Natashquan,QC,sante,418-726-3426,,,,,,,,,SANS_SITE|JAMAIS_VERIFIE,,
msss-clsc-notre-dame-des-sept-douleurs-clsc-de-notre-dame-des-sept-douleurs,CLSC De Notre-Dame-Des-Sept-Douleurs,Notre-Dame-des-Sept-Douleurs,QC,sante,418-986-2121,,,,,,,,,SANS_SITE|JAMAIS_VERIFIE,,
msss-clsc-normandin-clsc-et-centre-d-hebergement-de-normandin,CLSC Et Centre D'Hébergement De Normandin,Normandin,QC,sante,418-274-2961,,,,,,,,,SANS_SITE|JAMAIS_VERIFIE,,
msss-clsc-notre-dame-du-laus-clsc-de-notre-dame-du-laus,CLSC De Notre-Dame-Du-Laus,Notre-Dame-du-Laus,QC,sante,819-623-1234,,,,,,,,,SANS_SITE|JAMAIS_VERIFIE,,
msss-chsld-lanoraie-centre-d-hebergement-alphonse-rondeau,Centre D'Hébergement Alphonse-Rondeau,Lanoraie,QC,sante,450-759-8222,,,,,,,,,SANS_SITE|JAMAIS_VERIFIE,,
msss-chsld-ormstown-chsld-d-ormstown-ormstown-chsld,CHSLD D'Ormstown / Ormstown CHSLD,Ormstown,QC,sante,450-264-6111,,,,,,,,,SANS_SITE|JAMAIS_VERIFIE,,
msss-chsld-quebec-centre-d-hebergement-saint-augustin,Centre D'Hébergement Saint-Augustin,Québec,QC,sante,418-525-4444,,,,,,,,,SANS_SITE|JAMAIS_VERIFIE,,
msss-clsc-quebec-clsc-de-charlesbourg,CLSC De Charlesbourg,Québec,QC,sante,418-525-4444,,,,,,,,,SANS_SITE|JAMAIS_VERIFIE,,
msss-clsc-l-isle-aux-coudres-clsc-de-l-isle-aux-coudres,CLSC De L'Isle-Aux-Coudres,L'Isle-aux-Coudres,QC,sante,418-438-2931,,,,,,,,,SANS_SITE|JAMAIS_VERIFIE,,
msss-clsc-lavaltrie-clsc-de-lavaltrie,CLSC De Lavaltrie,Lavaltrie,QC,sante,450-654-7525,,,,,,,,,SANS_SITE|JAMAIS_VERIFIE,,
msss-clsc-montreal-clsc-de-ville-emard-cote-saint-paul,CLSC De Ville-Émard-Côte-Saint-Paul,Montréal,QC,sante,514-934-0354,,,,,,,,,SANS_SITE|JAMAIS_VERIFIE,,
msss-chsld-saguenay-centre-d-hebergement-des-pensees,Centre D'Hébergement Des Pensées,Saguenay,QC,sante,418-541-1000,,,,,,,,,SANS_SITE|JAMAIS_VERIFIE,,
msss-clsc-umiujaq-dispensaire-d-umiujaq,Dispensaire D'Umiujaq,Umiujaq,QC,sante,819-331-7200,,,,,,,,,SANS_SITE|JAMAIS_VERIFIE,,
msss-chsld-trois-rivieres-centre-d-hebergement-louis-denoncourt,Centre D'Hébergement Louis-Denoncourt,Trois-Rivières,QC,sante,819-370-2100,,,,,,,,,SANS_SITE|JAMAIS_VERIFIE,,
msss-clsc-rouyn-noranda-clsc-de-beaudry,CLSC De Beaudry,Rouyn-Noranda,QC,sante,819-764-5131,,,,,,,,,SANS_SITE|JAMAIS_VERIFIE,,
msss-clsc-schefferville-clsc-de-schefferville,CLSC De Schefferville,Schefferville,QC,sante,418-585-2576,,,,,,,,,SANS_SITE|JAMAIS_VERIFIE,,
msss-hopital-saint-hyacinthe-centre-d-hebergement-de-l-hotel-dieu-de-saint-hyacinthe,Centre D'Hébergement De L'Hôtel-Dieu-De-Saint-Hyacinthe,Saint-Hyacinthe,QC,sante,450-771-3333,,,,,,,,,SANS_SITE|JAMAIS_VERIFIE,,
msss-chsld-mashteuiatsh-centre-tshishemishk,Centre Tshishemishk,Mashteuiatsh,QC,sante,418-275-5386,,,,,,,,,SANS_SITE|JAMAIS_VERIFIE,,
msss-clsc-montreal-clsc-et-groupe-de-medecine-de-famille-universitaire-bordeaux,CLSC Et Groupe De Médecine De Famille Universitaire Bordeaux-Cartierville,Montréal,QC,sante,514-934-0354,,,,,,,,,SANS_SITE|JAMAIS_VERIFIE,,
msss-chsld-montreal-chsld-auclair,CHSLD Auclair,Montréal,QC,sante,514-934-0354,,,,,,,,,SANS_SITE|JAMAIS_VERIFIE,,
msss-chsld-montreal-centre-d-hebergement-des-seigneurs,Centre D'Hébergement Des Seigneurs,Montréal,QC,sante,514-934-0354,,,,,,,,,SANS_SITE|JAMAIS_VERIFIE,,
msss-chsld-montreal-chsld-nicolet,CHSLD Nicolet,Montréal,QC,sante,514-934-0354,,,,,,,,,SANS_SITE|JAMAIS_VERIFIE,,
msss-chsld-sainte-croix-chsld-de-sainte-croix,CHSLD De Sainte-Croix,Sainte-Croix,QC,sante,418-831-2101,,,,,,,,,SANS_SITE|JAMAIS_VERIFIE,,
msss-hopital-montreal-chsld-jeanne-le-ber,CHSLD Jeanne-Le Ber,Montréal,QC,sante,514-934-0354,,,,,,,,,SANS_SITE|JAMAIS_VERIFIE,,
msss-clsc-palmarolle-chsld-et-clsc-de-palmarolle,CHSLD Et CLSC De Palmarolle,Palmarolle,QC,sante,819-787-2231,,,,,,,,,SANS_SITE|JAMAIS_VERIFIE,,
msss-chsld-sorel-tracy-centre-d-hebergement-j-arsene-parenteau,Centre D'Hébergement J.-Arsène-Parenteau,Sorel-Tracy,QC,sante,450-746-6000,,,,,,,,,SANS_SITE|JAMAIS_VERIFIE,,
msss-clsc-sorel-tracy-clsc-gaston-belanger,CLSC Gaston-Bélanger,Sorel-Tracy,QC,sante,450-746-6000,,,,,,,,,SANS_SITE|JAMAIS_VERIFIE,,
msss-hopital-kahnawake-centre-hospitalier-kateri-memorial-tehsakotitsen-tha,Centre Hospitalier Kateri Memorial Tehsakotitsen : Tha,Kahnawake,QC,sante,450-638-3930,,,,,,,,,SANS_SITE|JAMAIS_VERIFIE,,
h-clpp-mtl,Comité logement du Plateau Mont-Royal,Montréal,QC,logement,514-527-3495,,https://clpmr.com,,OK_200,,,,,JAMAIS_VERIFIE,,
msss-clsc-montreal-clsc-de-lasalle,CLSC De Lasalle,Montréal,QC,sante,514-934-0354,,,,,,,,,SANS_SITE|JAMAIS_VERIFIE,,
msss-chsld-longueuil-centre-d-hebergement-et-de-soins-de-longue-duree-vigi-de-mon,Centre D'Hébergement Et De Soins De Longue Durée Vigi De Montérégie,Longueuil,QC,sante,450-466-5000,,,,,,,,,SANS_SITE|JAMAIS_VERIFIE,,
msss-chsld-saint-flavien-chsld-de-saint-flavien,CHSLD De Saint-Flavien,Saint-Flavien,QC,sante,418-728-2090,,,,,,,,,SANS_SITE|JAMAIS_VERIFIE,,
msss-hopital-gatineau-centre-hospitalier-pierre-janet,Centre Hospitalier Pierre-Janet,Gatineau,QC,sante,819-966-6530,,,,,,,,,SANS_SITE|JAMAIS_VERIFIE,,
msss-chsld-l-ile-perrot-chsld-laurent-bergevin,CHSLD Laurent-Bergevin,L'Île-Perrot,QC,sante,450-455-6171,,,,,,,,,SANS_SITE|JAMAIS_VERIFIE,,
msss-clsc-montreal-clsc-de-saint-laurent,CLSC De Saint-Laurent,Montréal,QC,sante,514-934-0354,,,,,,,,,SANS_SITE|JAMAIS_VERIFIE,,
msss-clsc-saint-jerome-centre-multiservices-de-sante-et-de-services-sociaux-de-la-r,Centre Multiservices De Santé Et De Services Sociaux De La Rivière-Du-Nord,Saint-Jérôme,QC,sante,450-432-2777,,,,,,,,,SANS_SITE|JAMAIS_VERIFIE,,
msss-chsld-mont-royal-centre-d-hebergement-et-de-soins-de-longue-duree-vigi-de-mon,Centre D'Hébergement Et De Soins De Longue Durée Vigi De Mont-Royal,Mont-Royal,QC,sante,514-340-8222,,,,,,,,,SANS_SITE|JAMAIS_VERIFIE,,
msss-clsc-potton-clsc-de-mansonville,CLSC De Mansonville,Potton,QC,sante,819-292-3376,,,,,,,,,SANS_SITE|JAMAIS_VERIFIE,,
msss-chsld-saint-jacques-centre-d-hebergement-de-saint-jacques,Centre D'Hébergement De Saint-Jacques,Saint-Jacques,QC,sante,450-759-8222,,,,,,,,,SANS_SITE|JAMAIS_VERIFIE,,
msss-clsc-repentigny-clsc-meilleur-d-iberville,CLSC Meilleur D'Iberville,Repentigny,QC,sante,450-654-7525,,,,,,,,,SANS_SITE|JAMAIS_VERIFIE,,
msss-chsld-wendake-residence-marcel-sioui,Résidence Marcel Sioui,Wendake,QC,sante,418-843-3381,,,,,,,,,SANS_SITE|JAMAIS_VERIFIE,,
msss-chsld-westmount-chateau-westmount,CHâteau Westmount,Westmount,QC,sante,514-934-0354,,,,,,,,,SANS_SITE|JAMAIS_VERIFIE,,
msss-chsld-saint-raymond-centre-d-hebergement-de-saint-raymond,Centre D'Hébergement De Saint-Raymond,Saint-Raymond,QC,sante,418-337-4611,,,,,,,,,SANS_SITE|JAMAIS_VERIFIE,,
msss-chsld-vaudreuil-dorion-chsld-manoir-harwood,CHSLD Manoir Harwood,Vaudreuil-Dorion,QC,sante,450-455-6171,,,,,,,,,SANS_SITE|JAMAIS_VERIFIE,,
msss-clsc-montreal-centre-de-services-ambulatoires-et-maison-de-naissance-louva,Centre De Services Ambulatoires Et Maison De Naissance Louvain,Montréal,QC,sante,514-934-0354,,,,,,,,,SANS_SITE|JAMAIS_VERIFIE,,
msss-chsld-saint-bruno-de-montarville-centre-d-hebergement-de-montarville,Centre D'Hébergement De Montarville,Saint-Bruno-de-Montarville,QC,sante,450-466-5000,,,,,,,,,SANS_SITE|JAMAIS_VERIFIE,,
msss-clsc-saint-hyacinthe-clsc-des-cascades,CLSC Des Cascades,Saint-Hyacinthe,QC,sante,450-771-3333,,,,,,,,,SANS_SITE|JAMAIS_VERIFIE,,
msss-clsc-valcourt-clsc-et-chsld-de-valcourt,CLSC Et CHSLD De Valcourt,Valcourt,QC,sante,450-532-3748,,,,,,,,,SANS_SITE|JAMAIS_VERIFIE,,
baq-moisson-estrie,Moisson Estrie,Sherbrooke,QC,alimentation,819-823-7423,,https://moissonestrie.com,,OK_200,,,,,JAMAIS_VERIFIE,,
msss-chsld-longueuil-centre-d-hebergement-rene-levesque,Centre D'Hébergement René-Lévesque,Longueuil,QC,sante,450-466-5000,,,,,,,,,SANS_SITE|JAMAIS_VERIFIE,,
msss-chsld-montreal-chsld-legare,CHSLD Légaré,Montréal,QC,sante,514-934-0354,,,,,,,,,SANS_SITE|JAMAIS_VERIFIE,,
msss-chsld-sainte-henedine-chsld-de-sainte-henedine,CHSLD De Sainte-Hénédine,Sainte-Hénédine,QC,sante,418-935-7111,,,,,,,,,SANS_SITE|JAMAIS_VERIFIE,,
msss-hopital-trois-rivieres-centre-de-services-ambulatoires-en-sante-mentale-de-trois-ri,Centre De Services Ambulatoires En Santé Mentale De Trois-Rivières,Trois-Rivières,QC,sante,819-370-2100,,,,,,,,,SANS_SITE|JAMAIS_VERIFIE,,
msss-chsld-richmond-chsld-de-richmond,CHSLD De Richmond,Richmond,QC,sante,819-826-3781,,,,,,,,,SANS_SITE|JAMAIS_VERIFIE,,
msss-clsc-ouje-bougoumou-ouje-bougoumou-healing-centre,Ouje-Bougoumou Healing Centre,Oujé-Bougoumou,QC,sante,418-745-2441,,,,,,,,,SANS_SITE|JAMAIS_VERIFIE,,
msss-clsc-sainte-thecle-centre-d-hebergement-et-clsc-de-sainte-thecle,Centre D'Hébergement Et CLSC De Sainte-Thècle,Sainte-Thècle,QC,sante,819-365-7555,,,,,,,,,SANS_SITE|JAMAIS_VERIFIE,,
msss-chsld-longueuil-centre-d-hebergement-de-monseigneur-coderre,Centre D'Hébergement De Monseigneur-Coderre,Longueuil,QC,sante,450-466-5000,,,,,,,,,SANS_SITE|JAMAIS_VERIFIE,,
msss-chsld-saint-tite-centre-d-hebergement-mgr-paquin,Centre D'Hébergement Mgr Paquin,Saint-Tite,QC,sante,819-365-7555,,,,,,,,,SANS_SITE|JAMAIS_VERIFIE,,
msss-chsld-mirabel-centre-d-hebergement-de-saint-benoit,Centre D'Hébergement De Saint-Benoît,Mirabel,QC,sante,450-432-2777,,,,,,,,,SANS_SITE|JAMAIS_VERIFIE,,
msss-chsld-saint-eustache-centre-d-hebergement-de-saint-eustache,Centre D'Hébergement De Saint-Eustache,Saint-Eustache,QC,sante,450-473-6811,,,,,,,,,SANS_SITE|JAMAIS_VERIFIE,,
msss-centre-hospitalier-psychiatrique-montreal-centre-de-services-ambulatoires-de-soins-psychiatriques-craw,Centre De Services Ambulatoires De Soins Psychiatriques Crawford,Montréal,QC,santemental,514-934-0354,,,,,,,,,SANS_SITE|JAMAIS_VERIFIE,,
msss-chsld-saint-narcisse-centre-d-hebergement-de-saint-narcisse,Centre D'Hébergement De Saint-Narcisse,Saint-Narcisse,QC,sante,819-328-3388,,,,,,,,,SANS_SITE|JAMAIS_VERIFIE,,
msss-chsld-sainte-anne-de-la-perade-centre-d-hebergement-de-sainte-anne-de-la-perade,Centre D'Hébergement De Sainte-Anne-De-La-Pérade,Sainte-Anne-de-la-Pérade,QC,sante,418-325-2763,,,,,,,,,SANS_SITE|JAMAIS_VERIFIE,,
msss-centre-hospitalier-psychiatrique-montreal-centre-de-services-ambulatoires-en-sante-mentale-papineau,Centre De Services Ambulatoires En Santé Mentale Papineau,Montréal,QC,santemental,514-934-0354,,,,,,,,,SANS_SITE|JAMAIS_VERIFIE,,
msss-centre-hospitalier-psychiatrique-montreal-centre-multiservices-de-sante-et-de-services-sociaux-riviere,Centre Multiservices De Santé Et De Services Sociaux Rivière-Des-Prairies,Montréal,QC,santemental,514-934-0354,,,,,,,,,SANS_SITE|JAMAIS_VERIFIE,,
msss-centre-hospitalier-psychiatrique-quebec-institut-universitaire-en-sante-mentale-de-quebec,Institut Universitaire En Santé Mentale De Québec,Québec,QC,santemental,418-525-4444,,,,,,,,,SANS_SITE|JAMAIS_VERIFIE,,
msss-clsc-gatineau-centre-de-readaptation-en-deficience-physique-et-aire-ouvert,Centre De Réadaptation En Déficience Physique Et Aire Ouverte Saint-Raymond,Gatineau,QC,sante,819-966-6530,,,,,,,,,SANS_SITE|JAMAIS_VERIFIE,,
mh-acsm-mtl,ACSM – Filiale de Montréal,Montréal,QC,santemental,514-849-3291,,https://acsmmontreal.qc.ca,,OK_200,,,,,JAMAIS_VERIFIE,,
mh-acsm-quebec,ACSM – Filiale Québec,Québec,QC,santemental,418-529-1979,,https://acsmquebec.org,,OK_200,,,,,JAMAIS_VERIFIE,,
h-frapru,FRAPRU – Front d'action populaire en réaménagement urbain,Montréal,QC,logement,514-522-1010,,https://frapru.qc.ca,,OK_200,,,,,JAMAIS_VERIFIE,,
h-rclalq,RCLALQ – Regroupement des comités logement et associations de locataires du Québec,Montréal,QC,logement,514-521-7114,,https://rclalq.qc.ca,,OK_200,,,,,JAMAIS_VERIFIE,,
h-rqoh,RQOH – Réseau québécois des OSBL d'habitation,Montréal,QC,logement,1-866-846-9276,,https://rqoh.com,,OK_200,,,,,JAMAIS_VERIFIE,,
h-rohq,ROHQ – Regroupement des offices d'habitation du Québec,Québec,QC,logement,418-527-6228,,https://rohq.qc.ca,,OK_200,,,,,JAMAIS_VERIFIE,,
h-fohm,FOHM – Fédération des OSBL d'habitation de Montréal,Montréal,QC,logement,514-527-6668,,https://fohm.org,,OK_200,,,,,JAMAIS_VERIFIE,,
h-comite-logement-rosemont,Comité logement Rosemont,Montréal,QC,logement,514-597-2581,,https://comitelogement.org,,OK_200,,,,,JAMAIS_VERIFIE,,
h-omh-quebec,Office municipal d'habitation de Québec (OMHQ),Québec,QC,logement,418-780-5211,,https://omhq.qc.ca,,OK_200,,,,,JAMAIS_VERIFIE,,
h-omh-laval,Office municipal d'habitation de Laval,Laval,QC,logement,450-682-9272,,https://omhlaval.ca,,OK_200,,,,,JAMAIS_VERIFIE,,
msss-chsld-saint-donat-centre-d-hebergement-de-saint-donat,Centre D'Hébergement De Saint-Donat,Saint-Donat,QC,sante,819-324-4000,,,,,,,,,SANS_SITE|JAMAIS_VERIFIE,,
msss-chsld-saint-michel-des-saints-centre-d-hebergement-brassard,Centre D'Hébergement Brassard,Saint-Michel-des-Saints,QC,sante,450-759-8222,,,,,,,,,SANS_SITE|JAMAIS_VERIFIE,,
msss-clsc-murdochville-clsc-et-centre-de-services-ambulatoires-de-murdochville,CLSC Et Centre De Services Ambulatoires De Murdochville,Murdochville,QC,sante,418-784-2572,,,,,,,,,SANS_SITE|JAMAIS_VERIFIE,,
msss-hopital-saguenay-hopital-de-la-baie,Hôpital De La Baie,Saguenay,QC,sante,418-541-1000,,,,,,,,,SANS_SITE|JAMAIS_VERIFIE,,
msss-clsc-saguenay-clsc-du-fjord-a-la-baie,CLSC Du Fjord-À-La Baie,Saguenay,QC,sante,418-541-1000,,,,,,,,,SANS_SITE|JAMAIS_VERIFIE,,
msss-chsld-laval-centre-d-hebergement-et-de-soins-de-longue-duree-vigi-l-orch,Centre D'Hébergement Et De Soins De Longue Durée Vigi L'Orchidée Blanche,Laval,QC,sante,450-668-1010,,,,,,,,,SANS_SITE|JAMAIS_VERIFIE,,
msss-chsld-varennes-centre-d-hebergement-de-lajemmerais,Centre D'Hébergement De Lajemmerais,Varennes,QC,sante,450-466-5000,,,,,,,,,SANS_SITE|JAMAIS_VERIFIE,,
msss-chsld-mascouche-centre-d-hebergement-et-de-soins-de-longue-duree-vigi-yves-b,Centre D'Hébergement Et De Soins De Longue Durée Vigi Yves-Blais,Mascouche,QC,sante,450-759-8222,,,,,,,,,SANS_SITE|JAMAIS_VERIFIE,,
msss-clsc-lac-brome-clsc-de-lac-brome,CLSC De Lac-Brome,Lac-Brome,QC,sante,450-243-4007,,,,,,,,,SANS_SITE|JAMAIS_VERIFIE,,
msss-hopital-montreal-hopital-de-lasalle,Hôpital De Lasalle,Montréal,QC,sante,514-934-0354,,,,,,,,,SANS_SITE|JAMAIS_VERIFIE,,
msss-chsld-levis-centre-d-hebergement-champlain-chanoine-audet,Centre D'Hébergement Champlain - Chanoine-Audet,Lévis,QC,sante,418-380-8993,,,,,,,,,SANS_SITE|JAMAIS_VERIFIE,,
msss-chsld-sherbrooke-chsld-saint-vincent-de-paul,CHSLD Saint-Vincent-De-Paul,Sherbrooke,QC,sante,819-346-1110,,,,,,,,,SANS_SITE|JAMAIS_VERIFIE,,
msss-hopital-levis-hotel-dieu-de-levis,Hôtel-Dieu De Lévis,Lévis,QC,sante,418-380-8993,,,,,,,,,SANS_SITE|JAMAIS_VERIFIE,,
msss-chsld-montreal-chsld-saint-georges,CHSLD Saint-Georges,Montréal,QC,sante,514-934-0354,,,,,,,,,SANS_SITE|JAMAIS_VERIFIE,,
msss-clsc-montreal-clsc-et-centre-de-services-ambulatoires-de-verdun,CLSC Et Centre De Services Ambulatoires De Verdun,Montréal,QC,sante,514-934-0354,,,,,,,,,SANS_SITE|JAMAIS_VERIFIE,,
msss-clsc-montreal-clsc-de-villeray,CLSC De Villeray,Montréal,QC,sante,514-934-0354,,,,,,,,,SANS_SITE|JAMAIS_VERIFIE,,
msss-clsc-laval-clsc-des-mille-iles,CLSC Des Mille-Îles,Laval,QC,sante,450-668-1010,,,,,,,,,SANS_SITE|JAMAIS_VERIFIE,,
msss-clsc-rouyn-noranda-hopital-de-rouyn-noranda,Hôpital De Rouyn-Noranda,Rouyn-Noranda,QC,sante,819-764-5131,,,,,,,,,SANS_SITE|JAMAIS_VERIFIE,,
msss-hopital-rouyn-noranda-chsld-de-rouyn-noranda,CHSLD De Rouyn-Noranda,Rouyn-Noranda,QC,sante,819-764-5131,,,,,,,,,SANS_SITE|JAMAIS_VERIFIE,,
msss-chsld-marieville-chsld-sainte-croix,CHSLD Sainte-Croix,Marieville,QC,sante,450-375-8000,,,,,,,,,SANS_SITE|JAMAIS_VERIFIE,,
msss-clsc-longueuil-centre-de-services-ambulatoires-clsc-et-groupe-de-medecine-d,"Centre De Services Ambulatoires, CLSC Et Groupe De Médecine De Famille Universitaire De Saint-Hubert",Longueuil,QC,sante,450-466-5000,,,,,,,,,SANS_SITE|JAMAIS_VERIFIE,,
msss-chsld-rigaud-chsld-de-rigaud,CHSLD De Rigaud,Rigaud,QC,sante,450-455-6171,,,,,,,,,SANS_SITE|JAMAIS_VERIFIE,,
msss-clsc-rigaud-clsc-de-rigaud,CLSC De Rigaud,Rigaud,QC,sante,450-455-6171,,,,,,,,,SANS_SITE|JAMAIS_VERIFIE,,
msss-hopital-saint-hyacinthe-hopital-honore-mercier,Hôpital Honoré-Mercier,Saint-Hyacinthe,QC,sante,450-771-3333,,,,,,,,,SANS_SITE|JAMAIS_VERIFIE,,
msss-chsld-montreal-centre-de-crise-emile-nelligan,Centre De Crise Émile-Nelligan,Montréal,QC,sante,514-934-0354,,,,,,,,,SANS_SITE|JAMAIS_VERIFIE,,
msss-clsc-saint-hyacinthe-clsc-des-maskoutains,CLSC Des Maskoutains,Saint-Hyacinthe,QC,sante,450-771-3333,,,,,,,,,SANS_SITE|JAMAIS_VERIFIE,,
msss-clsc-saint-jude-clsc-de-saint-jude,CLSC De Saint-Jude,Saint-Jude,QC,sante,450-792-2490,,,,,,,,,SANS_SITE|JAMAIS_VERIFIE,,
msss-chsld-saint-georges-centre-d-hebergement-champlain-de-l-assomption,Centre D'Hébergement Champlain-De-L'Assomption,Saint-Georges,QC,sante,418-228-2031,,,,,,,,,SANS_SITE|JAMAIS_VERIFIE,,
msss-hopital-quebec-institut-universitaire-de-cardiologie-et-de-pneumologie-de-q,Institut Universitaire De Cardiologie Et De Pneumologie De Québec,Québec,QC,sante,418-525-4444,,,,,,,,,SANS_SITE|JAMAIS_VERIFIE,,
msss-chsld-l-islet-chsld-de-saint-eugene,CHSLD De Saint-Eugène,L'Islet,QC,sante,418-247-5001,,,,,,,,,SANS_SITE|JAMAIS_VERIFIE,,
msss-chsld-sainte-perpetue-chsld-de-sainte-perpetue,CHSLD De Sainte-Perpétue,Sainte-Perpétue,QC,sante,819-336-2222,,,,,,,,,SANS_SITE|JAMAIS_VERIFIE,,
msss-clsc-mirabel-clsc-de-mirabel,CLSC De Mirabel,Mirabel,QC,sante,450-432-2777,,,,,,,,,SANS_SITE|JAMAIS_VERIFIE,,
msss-clsc-montreal-clsc-de-rosemont,CLSC De Rosemont,Montréal,QC,sante,514-934-0354,,,,,,,,,SANS_SITE|JAMAIS_VERIFIE,,
msss-chsld-malartic-chsld-de-malartic,CHSLD De Malartic,Malartic,QC,sante,819-757-6205,,,,,,,,,SANS_SITE|JAMAIS_VERIFIE,,
msss-chsld-pont-rouge-centre-d-hebergement-de-pont-rouge,Centre D'Hébergement De Pont-Rouge,Pont-Rouge,QC,sante,418-873-2371,,,,,,,,,SANS_SITE|JAMAIS_VERIFIE,,
msss-chsld-montreal-chsld-de-la-belle-rive,CHSLD De La Belle-Rive,Montréal,QC,sante,514-934-0354,,,,,,,,,SANS_SITE|JAMAIS_VERIFIE,,
msss-clsc-rouyn-noranda-clsc-de-montbeillard,CLSC De Montbeillard,Rouyn-Noranda,QC,sante,819-764-5131,,,,,,,,,SANS_SITE|JAMAIS_VERIFIE,,
msss-chsld-repentigny-chsld-emile-mcduff,CHSLD Émile-Mcduff,Repentigny,QC,sante,450-654-7525,,,,,,,,,SANS_SITE|JAMAIS_VERIFIE,,
msss-chsld-saint-lambert-chsld-argyle-saint-lambert,CHSLD Argyle - Saint-Lambert,Saint-Lambert,QC,sante,450-466-5000,,,,,,,,,SANS_SITE|JAMAIS_VERIFIE,,
msss-clsc-plessisville-centre-multiservices-de-sante-et-de-services-sociaux-de-ples,Centre Multiservices De Santé Et De Services Sociaux De Plessisville,Plessisville,QC,sante,819-362-6301,,,,,,,,,SANS_SITE|JAMAIS_VERIFIE,,
msss-clsc-waswanipi-cmc-waswanipi,Cmc Waswanipi,Waswanipi,QC,sante,819-753-2544,,,,,,,,,SANS_SITE|JAMAIS_VERIFIE,,
msss-hopital-montreal-hopital-shriners-pour-enfants-quebec,Hôpital Shriners Pour Enfants (Québec),Montréal,QC,sante,514-934-0354,,,,,,,,,SANS_SITE|JAMAIS_VERIFIE,,
msss-clsc-richelieu-centre-de-services-ambulatoires-et-clsc-du-richelieu,Centre De Services Ambulatoires Et CLSC Du Richelieu,Richelieu,QC,sante,450-359-5000,,,,,,,,,SANS_SITE|JAMAIS_VERIFIE,,
msss-hopital-montreal-centre-hospitalier-de-l-universite-de-montreal,Centre Hospitalier De L'Université De Montréal,Montréal,QC,sante,514-934-0354,,,,,,,,,SANS_SITE|JAMAIS_VERIFIE,,
msss-hopital-montreal-groupe-de-medecine-de-famille-universitaire-sacre-c-ur,Groupe De Médecine De Famille Universitaire Sacré-Cœur,Montréal,QC,sante,514-934-0354,,,,,,,,,SANS_SITE|JAMAIS_VERIFIE,,
msss-chsld-montreal-chsld-des-berges-de-lachine,CHSLD Des Berges-De-Lachine,Montréal,QC,sante,514-934-0354,,,,,,,,,SANS_SITE|JAMAIS_VERIFIE,,
msss-hopital-longueuil-centre-de-services-ambulatoires-de-greenfield-park,Centre De Services Ambulatoires De Greenfield Park,Longueuil,QC,sante,450-466-5000,,,,,,,,,SANS_SITE|JAMAIS_VERIFIE,,
msss-clsc-la-peche-centre-multiservices-de-sante-et-de-services-sociaux-de-la-p,Centre Multiservices De Santé Et De Services Sociaux De La Pêche,La Pêche,QC,sante,819-459-1112,,,,,,,,,SANS_SITE|JAMAIS_VERIFIE,,
msss-clsc-mansfield-et-pontefract-centre-multiservices-de-sante-et-de-services-sociaux-de-mans,Centre Multiservices De Santé Et De Services Sociaux De Mansfield-Et-Pontefract,Mansfield-et-Pontefract,QC,sante,819-683-3000,,,,,,,,,SANS_SITE|JAMAIS_VERIFIE,,
msss-hopital-levis-chsld-et-hopital-paul-gilbert,CHSLD Et Hôpital Paul-Gilbert,Lévis,QC,sante,418-380-8993,,,,,,,,,SANS_SITE|JAMAIS_VERIFIE,,
msss-hopital-montmagny-hopital-de-montmagny,Hôpital De Montmagny,Montmagny,QC,sante,418-248-0630,,,,,,,,,SANS_SITE|JAMAIS_VERIFIE,,
msss-clsc-shawinigan-clsc-et-centre-de-readaptation-en-deficience-physique-de-la-,CLSC Et Centre De Réadaptation En Déficience Physique De La Pointe,Shawinigan,QC,sante,819-536-7500,,,,,,,,,SANS_SITE|JAMAIS_VERIFIE,,
msss-clsc-laval-clsc-et-centre-de-services-ambulatoires-chomedey,CLSC Et Centre De Services Ambulatoires Chomedey,Laval,QC,sante,450-668-1010,,,,,,,,,SANS_SITE|JAMAIS_VERIFIE,,
msss-clsc-nicolet-centre-multiservices-de-sante-et-de-services-sociaux-christ-,Centre Multiservices De Santé Et De Services Sociaux Christ-Roi,Nicolet,QC,sante,819-293-2071,,,,,,,,,SANS_SITE|JAMAIS_VERIFIE,,
msss-chsld-mont-laurier-centre-multiservices-de-sante-et-de-services-sociaux-sainte-,Centre Multiservices De Santé Et De Services Sociaux Sainte-Anne,Mont-Laurier,QC,sante,819-623-1234,,,,,,,,,SANS_SITE|JAMAIS_VERIFIE,,
msss-chsld-levis-maison-des-aines-et-alternative-de-saint-etienne-de-lauzon,Maison Des Aînés Et Alternative De Saint-Étienne-De-Lauzon,Lévis,QC,sante,418-380-8993,,,,,,,,,SANS_SITE|JAMAIS_VERIFIE,,
msss-chsld-thetford-mines-maison-des-aines-et-alternative-de-black-lake,Maison Des Aînés Et Alternative De Black Lake,Thetford Mines,QC,sante,418-338-7777,,,,,,,,,SANS_SITE|JAMAIS_VERIFIE,,
msss-chsld-l-assomption-maison-des-aines-de-l-assomption,Maison Des Aînés De L'Assomption,L'Assomption,QC,sante,450-654-7525,,,,,,,,,SANS_SITE|JAMAIS_VERIFIE,,
msss-chsld-mascouche-maison-des-aines-de-mascouche,Maison Des Aînés De Mascouche,Mascouche,QC,sante,450-759-8222,,,,,,,,,SANS_SITE|JAMAIS_VERIFIE,,
msss-clsc-temiscaming-centre-multiservices-de-sante-et-de-services-sociaux-de-temi,Centre Multiservices De Santé Et De Services Sociaux De Témiscaming-Kipawa,Témiscaming,QC,sante,819-627-3385,,,,,,,,,SANS_SITE|JAMAIS_VERIFIE,,
msss-chsld-trois-rivieres-maison-des-aines-et-alternative-de-trois-rivieres,Maison Des Aînés Et Alternative De Trois-Rivières,Trois-Rivières,QC,sante,819-370-2100,,,,,,,,,SANS_SITE|JAMAIS_VERIFIE,,
msss-chsld-victoriaville-maison-des-aines-et-alternative-de-victoriaville,Maison Des Aînés Et Alternative De Victoriaville,Victoriaville,QC,sante,819-758-7281,,,,,,,,,SANS_SITE|JAMAIS_VERIFIE,,
msss-clsc-quebec-aire-ouverte-de-quebec,Aire Ouverte De Québec,Québec,QC,sante,418-525-4444,,,,,,,,,SANS_SITE|JAMAIS_VERIFIE,,
msss-chsld-pointe-claire-chsld-bayview,CHSLD Bayview,Pointe-Claire,QC,sante,514-630-2000,,,,,,,,,SANS_SITE|JAMAIS_VERIFIE,,
msss-chsld-saint-amable-maison-des-aines-de-saint-amable,Maison Des Aînés De Saint-Amable,Saint-Amable,QC,sante,450-466-5000,,,,,,,,,SANS_SITE|JAMAIS_VERIFIE,,
msss-clsc-saint-jerome-aire-ouverte-de-saint-jerome,Aire Ouverte De Saint-Jérôme,Saint-Jérôme,QC,sante,450-432-2777,,,,,,,,,SANS_SITE|JAMAIS_VERIFIE,,
msss-chsld-montreal-residence-berthiaume-du-tremblay,Résidence Berthiaume-Du Tremblay,Montréal,QC,sante,514-934-0354,,,,,,,,,SANS_SITE|JAMAIS_VERIFIE,,
msss-hopital-montreal-hopital-marie-clarac,Hôpital Marie-Clarac,Montréal,QC,sante,514-934-0354,,,,,,,,,SANS_SITE|JAMAIS_VERIFIE,,
msss-chsld-sorel-tracy-residence-sorel-tracy,Résidence Sorel-Tracy,Sorel-Tracy,QC,sante,450-746-6000,,,,,,,,,SANS_SITE|JAMAIS_VERIFIE,,
msss-hopital-montreal-institut-de-cardiologie-de-montreal,Institut De Cardiologie De Montréal,Montréal,QC,sante,514-934-0354,,,,,,,,,SANS_SITE|JAMAIS_VERIFIE,,
msss-chsld-saint-jean-sur-richelieu-maison-des-aines-de-saint-jean-sur-richelieu,Maison Des Aînés De Saint-Jean-Sur-Richelieu,Saint-Jean-sur-Richelieu,QC,sante,450-359-5000,,,,,,,,,SANS_SITE|JAMAIS_VERIFIE,,
msss-clsc-montreal-clsc-montreal-nord-est,CLSC Montréal-Nord-Est,Montréal,QC,sante,514-934-0354,,,,,,,,,SANS_SITE|JAMAIS_VERIFIE,,
msss-hopital-quebec-hopital-1re-avenue,Hôpital 1re Avenue,Québec,QC,sante,418-525-4444,,,,,,,,,SANS_SITE|JAMAIS_VERIFIE,,
msss-hopital-pointe-claire-centre-de-services-ambulatoires-stillview,Centre De Services Ambulatoires Stillview,Pointe-Claire,QC,sante,514-630-2000,,,,,,,,,SANS_SITE|JAMAIS_VERIFIE,,
msss-hopital-quebec-hopital-chemin-sainte-foy,Hôpital Chemin Sainte-Foy,Québec,QC,sante,418-525-4444,,,,,,,,,SANS_SITE|JAMAIS_VERIFIE,,
msss-hopital-montreal-pavillon-rosemont,Pavillon Rosemont,Montréal,QC,sante,514-934-0354,,,,,,,,,SANS_SITE|JAMAIS_VERIFIE,,
msss-clsc-montreal-clinique-communautaire-de-pointe-st-charles-point-de-service,Clinique Communautaire De Pointe St-Charles (Point De Service),Montréal,QC,sante,514-934-0354,,,,,,,,,SANS_SITE|JAMAIS_VERIFIE,,
msss-clsc-saint-chrysostome-clsc-de-saint-chrysostome-saint-chrysostome-clsc,CLSC De Saint-Chrysostome / Saint-Chrysostome CLSC,Saint-Chrysostome,QC,sante,450-264-6111,,,,,,,,,SANS_SITE|JAMAIS_VERIFIE,,
msss-chsld-saguenay-centre-d-hebergement-mgr-victor-tremblay,Centre D'Hébergement Mgr-Victor-Tremblay,Saguenay,QC,sante,418-541-1000,,,,,,,,,SANS_SITE|JAMAIS_VERIFIE,,
msss-clsc-sayabec-clsc-de-sayabec,CLSC De Sayabec,Sayabec,QC,sante,418-536-5462,,,,,,,,,SANS_SITE|JAMAIS_VERIFIE,,
msss-clsc-kangiqsujuaq-dispensaire-de-kangiqsujuaq,Dispensaire De Kangiqsujuaq,Kangiqsujuaq,QC,sante,819-338-3356,,,,,,,,,SANS_SITE|JAMAIS_VERIFIE,,
msss-clsc-tasiujaq-dispensaire-de-tasiujaq,Dispensaire De Tasiujaq,Tasiujaq,QC,sante,819-633-5277,,,,,,,,,SANS_SITE|JAMAIS_VERIFIE,,
msss-clsc-montreal-clsc-william-c-van-horne,CLSC William C.-Van Horne,Montréal,QC,sante,514-934-0354,,,,,,,,,SANS_SITE|JAMAIS_VERIFIE,,
msss-clsc-waterloo-clsc-de-waterloo,CLSC De Waterloo,Waterloo,QC,sante,450-375-8000,,,,,,,,,SANS_SITE|JAMAIS_VERIFIE,,
msss-clsc-saint-antoine-de-l-isle-aux-grues-clsc-de-saint-antoine-de-l-isle-aux-grues,CLSC De Saint-Antoine-De-L'Isle-Aux-Grues,Saint-Antoine-de-l'Isle-aux-Grues,QC,sante,418-248-0630,,,,,,,,,SANS_SITE|JAMAIS_VERIFIE,,
msss-chsld-montreal-centre-d-hebergement-et-de-soins-de-longue-duree-du-manoir-d,Centre D'Hébergement Et De Soins De Longue Durée Du Manoir-De-L'Ouest-De-L'Île,Montréal,QC,sante,514-934-0354,,,,,,,,,SANS_SITE|JAMAIS_VERIFIE,,
msss-clsc-l-anse-saint-jean-clsc-du-fjord-a-l-anse-saint-jean,CLSC Du Fjord-À-L'Anse-Saint-Jean,L'Anse-Saint-Jean,QC,sante,418-272-2741,,,,,,,,,SANS_SITE|JAMAIS_VERIFIE,,
msss-clsc-normetal-clsc-de-normetal,CLSC De Normétal,Normétal,QC,sante,819-788-2726,,,,,,,,,SANS_SITE|JAMAIS_VERIFIE,,
msss-clsc-saint-ambroise-clsc-de-saint-ambroise,CLSC De Saint-Ambroise,Saint-Ambroise,QC,sante,418-672-2741,,,,,,,,,SANS_SITE|JAMAIS_VERIFIE,,
msss-chsld-montreal-centre-d-hebergement-et-de-soins-de-longue-duree-vigi-de-pie,Centre D'Hébergement Et De Soins De Longue Durée Vigi De Pierrefonds,Montréal,QC,sante,514-934-0354,,,,,,,,,SANS_SITE|JAMAIS_VERIFIE,,
msss-chsld-saint-augustin-de-desmaures-centre-d-hebergement-et-de-soins-de-longue-duree-vigi-de-sai,Centre D'Hébergement Et De Soins De Longue Durée Vigi De Saint-Augustin,Saint-Augustin-de-Desmaures,QC,sante,418-525-4444,,,,,,,,,SANS_SITE|JAMAIS_VERIFIE,,
msss-chsld-sorel-tracy-centre-d-hebergement-de-tracy,Centre D'Hébergement De Tracy,Sorel-Tracy,QC,sante,450-746-6000,,,,,,,,,SANS_SITE|JAMAIS_VERIFIE,,
msss-chsld-lac-au-saumon-centre-d-hebergement-marie-anne-ouellet,Centre D'Hébergement Marie-Anne-Ouellet,Lac-au-Saumon,QC,sante,418-778-3112,,,,,,,,,SANS_SITE|JAMAIS_VERIFIE,,
msss-chsld-saint-casimir-centre-d-hebergement-de-saint-casimir,Centre D'Hébergement De Saint-Casimir,Saint-Casimir,QC,sante,418-339-2030,,,,,,,,,SANS_SITE|JAMAIS_VERIFIE,,
msss-chsld-montreal-chsld-pierre-joseph-triest,CHSLD Pierre-Joseph-Triest,Montréal,QC,sante,514-934-0354,,,,,,,,,SANS_SITE|JAMAIS_VERIFIE,,
msss-clsc-saint-epiphane-clsc-de-saint-epiphane,CLSC De Saint-Épiphane,Saint-Épiphane,QC,sante,418-862-2020,,,,,,,,,SANS_SITE|JAMAIS_VERIFIE,,
msss-centre-hospitalier-psychiatrique-montreal-centre-de-services-ambulatoires-bois-de-boulogne,Centre De Services Ambulatoires Bois-De-Boulogne,Montréal,QC,santemental,514-934-0354,,,,,,,,,SANS_SITE|JAMAIS_VERIFIE,,
msss-centre-hospitalier-psychiatrique-montreal-centre-de-services-ambulatoires-de-soins-psychiatriques-well,Centre De Services Ambulatoires De Soins Psychiatriques Wellington,Montréal,QC,santemental,514-934-0354,,,,,,,,,SANS_SITE|JAMAIS_VERIFIE,,
msss-centre-hospitalier-psychiatrique-montreal-institut-universitaire-en-sante-mentale-de-montreal,Institut Universitaire En Santé Mentale De Montréal,Montréal,QC,santemental,514-934-0354,,,,,,,,,SANS_SITE|JAMAIS_VERIFIE,,
msss-centre-hospitalier-psychiatrique-montreal-pavillon-fernand-seguin,Pavillon Fernand-Séguin,Montréal,QC,santemental,514-934-0354,,,,,,,,,SANS_SITE|JAMAIS_VERIFIE,,
maisondupere-mtl,Maison du Père,Montréal,QC,alimentation,514-845-0168,,https://maisondupere.org,,OK_200,,,,,JAMAIS_VERIFIE,,
missionbonaccueil-mtl,Mission Bon Accueil (Welcome Hall Mission),Montréal,QC,alimentation,514-523-5288,,https://missionbonaccueil.com,,OK_200,,,,,JAMAIS_VERIFIE,,
missionoldbrewery-mtl,Mission Old Brewery,Montréal,QC,alimentation,514-866-6591,,https://missionoldbrewery.ca,,OK_200,,,,,JAMAIS_VERIFIE,,
resto-plateau-mtl,Resto Plateau,Montréal,QC,alimentation,514-527-5997,,https://restoplateau.com,,OK_200,,,,,JAMAIS_VERIFIE,,
stmichaels-mtl,Mission Saint-Michael,Montréal,QC,alimentation,514-393-1554,,https://stmichaelsmission.ca,,OK_200,,,,,JAMAIS_VERIFIE,,
imm-collectif-iberoam,Centre social d'aide aux immigrants (CSAI),Montréal,QC,immigration,514-932-2953,,https://centrecsai.org,,OK_200,,,,,JAMAIS_VERIFIE,,
imm-wmc-mtl,Welcome Collective,Montréal,QC,immigration,514-507-5685,,https://welcomecollective.org,,OK_200,,,,,JAMAIS_VERIFIE,,
emp-cje-hochelaga,Carrefour jeunesse-emploi Hochelaga-Maisonneuve,Montréal,QC,emploi,514-251-0832,,https://cjehm.org,,OK_200,,,,,JAMAIS_VERIFIE,,