province,id,name,category,subcategory,city,phone,website,address,lat,lng,sans_adresse,sans_gps,sans_telephone,tel_suspect,verifie_par,is_province_wide
QC,imm-sii-rive-sud,Maison Internationale de la Rive-Sud (MIRS),immigration,Accueil – nouveaux arrivants,Brossard,(450) 445-8777,https://mirs.qc.ca/,"2500 Boul. Lapinière, Brossard, QC J4Z 3V1",,,,X,,,admin,f
QC,chat-fa1,L'Équilibre – Châteauguay,family,Violence conjugale,Châteauguay,450-691-2101,,,45.3821,-73.7458,X,,,,admin,f
QC,incendie-chateauguay,Service de sécurité incendie de Châteauguay,social,Service des incendies,Châteauguay,450-698-3200,,,45.3812,-73.7528,X,,,,admin,f
QC,drum-garde-2205-rue-bertrand,2205 rue bertrand,childcare,Milieu familial subventionné,Drummondville,1-844-270-5055,,,45.85881,-72.48767,X,,,,admin,f
QC,drum-garde-andrea-duquette,Andrea Duquette,childcare,Milieu familial subventionné,Drummondville,1-844-270-5055,,,45.88115,-72.4494,X,,,,admin,f
QC,drum-garde-anny-gelinas,Anny Gelinas,childcare,Milieu familial subventionné,Drummondville,1-844-270-5055,,,45.8664,-72.46853,X,,,,admin,f
QC,drum-garde-bousquet-lyn,Bousquet Lyn,childcare,Milieu familial subventionné,Drummondville,1-844-270-5055,,,45.89525,-72.47361,X,,,,admin,f
QC,drum-garde-cpe-cooperatif-les-p-tites-abeilles-inst-2,CPE COOPÉRATIF LES P'TITES ABEILLES - INST. DUNKIN,childcare,CPE subventionné,Drummondville,1-844-270-5055,,,45.88736,-72.4795,X,,,,admin,f
QC,drum-garde-cpe-cooperatif-les-p-tites-abeilles-inst,CPE COOPÉRATIF LES P'TITES ABEILLES - INST. LINDSAY,childcare,CPE subventionné,Drummondville,1-844-270-5055,,,45.88589,-72.478,X,,,,admin,f
QC,drum-garde-cpe-fardoche-inst-du-moulin,CPE FARDOCHE - INST. DU MOULIN,childcare,CPE subventionné,Drummondville,1-844-270-5055,,,45.87639,-72.48031,X,,,,admin,f
QC,drum-garde-cpe-fardoche-inst-rajotte,CPE FARDOCHE - INST. RAJOTTE,childcare,CPE subventionné,Drummondville,1-844-270-5055,,,45.89817,-72.48599,X,,,,admin,f
QC,drum-garde-cpe-fardoche-inst-saint-alfred,CPE FARDOCHE - INST. SAINT-ALFRED,childcare,CPE subventionné,Drummondville,1-844-270-5055,,,45.87784,-72.46665,X,,,,admin,f
QC,drum-garde-cpe-grand-mere-douceur-inst-drummond,CPE GRAND-MÈRE DOUCEUR - INST. DRUMMOND,childcare,CPE subventionné,Drummondville,1-844-270-5055,,,45.88392,-72.47497,X,,,,admin,f
QC,drum-garde-cpe-grand-mere-douceur-inst-le-quartier,CPE GRAND-MÈRE DOUCEUR - INST. LE QUARTIER,childcare,CPE subventionné,Drummondville,1-844-270-5055,,,45.87744,-72.49844,X,,,,admin,f
QC,drum-garde-cpe-grand-mere-douceur-inst-st-charles,CPE GRAND-MÈRE DOUCEUR - INST. ST-CHARLES,childcare,CPE subventionné,Drummondville,1-844-270-5055,,,45.86953,-72.46817,X,,,,admin,f
QC,drum-garde-cpe-la-maison-de-becassine-inst-1,CPE LA MAISON DE BÉCASSINE - INST 1,childcare,CPE subventionné,Drummondville,1-844-270-5055,,,45.8833,-72.51493,X,,,,admin,f
QC,drum-garde-cpe-le-papillon-enchante-inst-1,CPE LE PAPILLON ENCHANTÉ - INST. 1,childcare,CPE subventionné,Drummondville,1-844-270-5055,,,45.89699,-72.49738,X,,,,admin,f
QC,drum-garde-cpe-les-petits-lutins-de-drum-inst-de-dr,CPE LES PETITS LUTINS DE DRUM. - INST. DE DRUMMONDVILLE,childcare,CPE subventionné,Drummondville,1-844-270-5055,,,45.88218,-72.47874,X,,,,admin,f
QC,drum-garde-cpe-les-petits-lutins-de-drum-inst-du-fr,CPE LES PETITS LUTINS DE DRUM. - INST. DU FRAISIER,childcare,CPE subventionné,Drummondville,1-844-270-5055,,,45.88326,-72.49076,X,,,,admin,f
QC,drum-garde-cpe-plumeau-soleil,CPE PLUMEAU-SOLEIL,childcare,CPE subventionné,Drummondville,1-844-270-5055,,,45.86594,-72.47834,X,,,,admin,f
QC,drum-garde-cpe-plumeau-soleil-inst-la-ribambelle,CPE PLUMEAU-SOLEIL - INST. LA RIBAMBELLE,childcare,CPE subventionné,Drummondville,1-844-270-5055,,,45.87267,-72.46764,X,,,,admin,f
QC,drum-garde-cpe-plumeau-soleil-inst-uqtr,CPE PLUMEAU-SOLEIL - INST. UQTR,childcare,CPE subventionné,Drummondville,1-844-270-5055,,,45.89084,-72.47006,X,,,,admin,f
QC,drum-garde-cpe-sur-une-patte-inst-celanese,CPE SUR UNE PATTE - INST. CELANESE,childcare,CPE subventionné,Drummondville,1-844-270-5055,,,45.88049,-72.50031,X,,,,admin,f
QC,drum-garde-cpe-a-tire-d-aile-inst-av-des-lilas,CPE À TIRE D'AILE - INST. AV. DES LILAS,childcare,CPE subventionné,Drummondville,1-844-270-5055,,,45.88955,-72.50411,X,,,,admin,f
QC,drum-garde-cpe-a-tire-d-aile-inst-boul-des-pins,CPE À TIRE D'AILE - INST. BOUL. DES PINS,childcare,CPE subventionné,Drummondville,1-844-270-5055,,,45.8896,-72.50394,X,,,,admin,f
QC,drum-garde-carmen-cinthya-romero-espinoza,Carmen Cinthya Romero Espinoza,childcare,Milieu familial subventionné,Drummondville,1-844-270-5055,,,45.89862,-72.46005,X,,,,admin,f
QC,drum-garde-claudie-trottier,Claudie Trottier,childcare,Milieu familial subventionné,Drummondville,1-844-270-5055,,,45.87556,-72.4915,X,,,,admin,f
QC,drum-garde-france-munger,France Munger,childcare,Milieu familial subventionné,Drummondville,1-844-270-5055,,,45.87717,-72.47322,X,,,,admin,f
QC,drum-garde-g-au-chateau-des-amis,G. AU CHÂTEAU DES AMIS,childcare,Garderie subventionné,Drummondville,1-844-270-5055,,,45.88515,-72.46256,X,,,,admin,f
QC,drum-garde-g-l-atelier-des-frimousses,G. L'ATELIER DES FRIMOUSSES,childcare,Garderie subventionné,Drummondville,1-844-270-5055,,,45.87799,-72.51233,X,,,,admin,f
QC,drum-garde-g-l-univers-enchante-lemire,G. L'UNIVERS ENCHANTÉ (LEMIRE),childcare,Garderie non subventionné,Drummondville,1-844-270-5055,,,45.86487,-72.47434,X,,,,admin,f
QC,drum-garde-g-la-petite-ecole-vision-drummondville,G. LA PETITE ÉCOLE VISION DRUMMONDVILLE,childcare,Garderie non subventionné,Drummondville,1-844-270-5055,,,45.88609,-72.48001,X,,,,admin,f
QC,drum-garde-g-pomme-aventure-drummondville,G. POMME AVENTURE DRUMMONDVILLE,childcare,Garderie subventionné,Drummondville,1-844-270-5055,,,45.90336,-72.4776,X,,,,admin,f
QC,drum-garde-ikram,Ikram,childcare,Milieu familial subventionné,Drummondville,1-844-270-5055,,,45.87592,-72.4679,X,,,,admin,f
QC,drum-garde-josee-gauthier,Josée Gauthier,childcare,Milieu familial subventionné,Drummondville,1-844-270-5055,,,45.88053,-72.50506,X,,,,admin,f
QC,drum-garde-julie-cloutier,Julie Cloutier,childcare,Milieu familial subventionné,Drummondville,1-844-270-5055,,,45.87454,-72.45492,X,,,,admin,f
QC,drum-garde-karine-beaupre,Karine Beaupré,childcare,Milieu familial subventionné,Drummondville,1-844-270-5055,,,45.89848,-72.47997,X,,,,admin,f
QC,drum-garde-l-envol-des-nuances,L'envol des nuances,childcare,Milieu familial subventionné,Drummondville,1-844-270-5055,,,45.87606,-72.50938,X,,,,admin,f
QC,drum-garde-l-envolee-des-papillons,L'envolée des papillons,childcare,Milieu familial subventionné,Drummondville,1-844-270-5055,,,45.89138,-72.51243,X,,,,admin,f
QC,drum-garde-le-petit-monde-de-nancy,Le Petit Monde de Nancy,childcare,Milieu familial subventionné,Drummondville,1-844-270-5055,,,45.87539,-72.50435,X,,,,admin,f
QC,drum-garde-les-petits-renards-futes,Les Petits Renards futés,childcare,Milieu familial subventionné,Drummondville,1-844-270-5055,,,45.87443,-72.48326,X,,,,admin,f
QC,drum-garde-les-pommettes-rouges,Les Pommettes Rouges,childcare,Milieu familial subventionné,Drummondville,1-844-270-5055,,,45.86529,-72.49793,X,,,,admin,f
QC,drum-garde-les-p-tites-grenouilles,Les P’tites Grenouilles,childcare,Milieu familial subventionné,Drummondville,1-844-270-5055,,,45.88871,-72.49078,X,,,,admin,f
QC,drum-garde-les-amis-de-vanessa,Les amis de Vanessa,childcare,Milieu familial subventionné,Drummondville,1-844-270-5055,,,45.86994,-72.48838,X,,,,admin,f
QC,drum-garde-les-oisillons-du-bonheur,Les oisillons du bonheur,childcare,Milieu familial subventionné,Drummondville,1-844-270-5055,,,45.89944,-72.46797,X,,,,admin,f
QC,drum-garde-les-troubadoux,Les troubadoux,childcare,Milieu familial subventionné,Drummondville,1-844-270-5055,,,45.85986,-72.49648,X,,,,admin,f
QC,drum-garde-louise-beland,Louise Beland,childcare,Milieu familial subventionné,Drummondville,1-844-270-5055,,,45.86592,-72.4766,X,,,,admin,f
QC,drum-garde-maison-d-amour,Maison d’amour,childcare,Milieu familial subventionné,Drummondville,1-844-270-5055,,,45.88164,-72.51564,X,,,,admin,f
QC,drum-garde-marie-helene-st-louis,Marie-Helene St-louis,childcare,Milieu familial subventionné,Drummondville,1-844-270-5055,,,45.86442,-72.49917,X,,,,admin,f
QC,drum-garde-marinela-sirca,Marinela Sirca,childcare,Milieu familial subventionné,Drummondville,1-844-270-5055,,,45.87562,-72.46817,X,,,,admin,f
QC,drum-garde-milieux-familial-chez-cindy,Milieux familial chez cindy,childcare,Milieu familial subventionné,Drummondville,1-844-270-5055,,,45.89161,-72.49222,X,,,,admin,f
QC,drum-garde-mme-guylaine-mercier,Mme Guylaine Mercier,childcare,Milieu familial subventionné,Drummondville,1-844-270-5055,,,45.87929,-72.50773,X,,,,admin,f
QC,drum-garde-mme-ivonn-sanchez-cruz,Mme Ivonn Sanchez Cruz,childcare,Milieu familial subventionné,Drummondville,1-844-270-5055,,,45.88894,-72.45868,X,,,,admin,f
QC,drum-garde-mme-maria-alejandra-silva-gonzalez,Mme Maria Alejandra Silva Gonzalez,childcare,Milieu familial subventionné,Drummondville,1-844-270-5055,,,45.87547,-72.48897,X,,,,admin,f
QC,drum-garde-mme-marie-joane-theodore,Mme Marie Joane Théodore,childcare,Milieu familial subventionné,Drummondville,1-844-270-5055,,,45.88597,-72.47292,X,,,,admin,f
QC,drum-garde-mme-marilyn-bousquet,Mme Marilyn Bousquet,childcare,Milieu familial subventionné,Drummondville,1-844-270-5055,,,45.90328,-72.47526,X,,,,admin,f
QC,drum-garde-mme-mery-catalina-ruiz-reyes,Mme Mery Catalina Ruiz Reyes,childcare,Milieu familial subventionné,Drummondville,1-844-270-5055,,,45.90314,-72.47004,X,,,,admin,f
QC,drum-garde-mme-najlae-medni,Mme Najlae Medni,childcare,Milieu familial subventionné,Drummondville,1-844-270-5055,,,45.88895,-72.47625,X,,,,admin,f
QC,drum-garde-mme-pierrette-beaulieu-salvas,Mme Pierrette Beaulieu Salvas,childcare,Milieu familial subventionné,Drummondville,1-844-270-5055,,,45.8664,-72.45907,X,,,,admin,f
QC,drum-garde-mon-beau-petit-cocon,Mon Beau Petit Cocon,childcare,Milieu familial subventionné,Drummondville,1-844-270-5055,,,45.89358,-72.47146,X,,,,admin,f
QC,drum-garde-mylene-duff,Mylene Duff,childcare,Milieu familial subventionné,Drummondville,1-844-270-5055,,,45.88748,-72.45371,X,,,,admin,f
QC,drum-garde-nathalie-beaudoin,Nathalie Beaudoin,childcare,Milieu familial subventionné,Drummondville,1-844-270-5055,,,45.86711,-72.46449,X,,,,admin,f
QC,drum-garde-paola-stela-kamga-kaptche-epse-fokou,Paola stela Kamga kaptche Epse Fokou,childcare,Milieu familial subventionné,Drummondville,1-844-270-5055,,,45.86347,-72.47213,X,,,,admin,f
QC,drum-garde-petits-genies,Petits Génies,childcare,Milieu familial subventionné,Drummondville,1-844-270-5055,,,45.90016,-72.47696,X,,,,admin,f
QC,drum-garde-princesses-et-dragons,Princesses et Dragons,childcare,Milieu familial subventionné,Drummondville,1-844-270-5055,,,45.85832,-72.48233,X,,,,admin,f
QC,drum-garde-rhode-flavienne-mbatchou-piengue,Rhode Flavienne Mbatchou Piengue,childcare,Milieu familial subventionné,Drummondville,1-844-270-5055,,,45.89744,-72.48835,X,,,,admin,f
QC,drum-garde-service-de-garde-chez-lyne,Service de garde chez Lyne,childcare,Milieu familial subventionné,Drummondville,1-844-270-5055,,,45.90628,-72.48573,X,,,,admin,f
QC,drum-garde-service-de-garde-chez-yaya,Service de garde chez Yaya,childcare,Milieu familial subventionné,Drummondville,1-844-270-5055,,,45.8694,-72.46984,X,,,,admin,f
QC,drum-garde-service-de-garde-les-pitchoux,Service de garde les pitchoux,childcare,Milieu familial subventionné,Drummondville,1-844-270-5055,,,45.90474,-72.47549,X,,,,admin,f
QC,drum-garde-milieu-familial,Services de garde en milieu familial — Drummondville (1),childcare,Milieu familial subventionné,Drummondville,1-844-270-5055,,,45.88107,-72.47664,X,,,,admin,f
QC,drum-garde-milieu-familial-2,Services de garde en milieu familial — Drummondville (2),childcare,Milieu familial subventionné,Drummondville,1-844-270-5055,,,45.88942,-72.47547,X,,,,admin,f
QC,drum-garde-milieu-familial-3,Services de garde en milieu familial — Drummondville (3),childcare,Milieu familial subventionné,Drummondville,1-844-270-5055,,,45.8924,-72.47044,X,,,,admin,f
QC,drum-garde-milieu-familial-4,Services de garde en milieu familial — Drummondville (4),childcare,Milieu familial non subventionné,Drummondville,1-844-270-5055,,,45.90351,-72.4885,X,,,,admin,f
QC,drum-garde-milieu-familial-5,Services de garde en milieu familial — Drummondville (5),childcare,Milieu familial subventionné,Drummondville,1-844-270-5055,,,45.9042,-72.49332,X,,,,admin,f
QC,drum-garde-stephanie,Stephanie,childcare,Milieu familial subventionné,Drummondville,1-844-270-5055,,,45.88441,-72.51706,X,,,,admin,f
QC,drum-garde-valerie-auclair,valerie auclair,childcare,Milieu familial subventionné,Drummondville,1-844-270-5055,,,45.89363,-72.51286,X,,,,admin,f
QC,bureau-emploi-drummondville,Bureau emploi Drummondville,employment,Centre d'emploi,Drummondville,819-478-2000,,,45.8792,-72.494,X,,,,admin,f
QC,emp-cje-drummondville,Carrefour Jeunesse-Emploi Drummond,employment,Carrefour jeunesse-emploi (CJE),Drummondville,819-475-4646,https://www.cjedrummond.qc.ca,"150, rue Marchand, bureau 260, Drummondville, QC J2C 4N1",,,,X,,,curated-mauricie-update,f
QC,drum-emp1,Carrefour Jeunesse-Emploi Drummond (CJE),employment,Aide à l'emploi,Drummondville,819-474-1463,,,45.8833,-72.4833,X,,,,,f
QC,drum-cavac,CAVAC Centre-du-Québec — Drummondville,family,Aide aux victimes,Drummondville,819-477-5311,,,45.8833,-72.4833,X,,,,admin,f
QC,drum-fam1,Centre-femmes l'Essentielle – Drummondville,family,Soutien aux femmes,Drummondville,819-474-2381,,,45.8833,-72.4833,X,,,,admin,f
QC,ba-drummondville,Banque alimentaire Drummond,food,Banque alimentaire,Drummondville,819-478-4243,https://www.comptoiralimentairedrummond.com/fr,"1655, rue Corriveau Drummondville (Québec) J2C 1Y9",,,,X,,,curated-baq-network,f
QC,v-comptoir-alim-drummond,Comptoir alimentaire Drummond,food,Banque alimentaire,Drummondville,819-474-7474,,,45.883,-72.4842,X,,,,,f
QC,drum-food2,L'Armoire du Placard – Épicerie communautaire Drummondville,food,Épicerie communautaire,Drummondville,819-478-7678,,,45.8833,-72.4833,X,,,,,f
QC,drum-f1,Moisson Centre-du-Québec – Drummondville,food,Banque alimentaire,Drummondville,819-477-4700,,,45.8851,-72.4951,X,,,,,f
QC,popote-roulante-drummondville,Popote roulante Drummondville,food,Aide alimentaire,Drummondville,819-474-1144,,,45.8832,-72.4878,X,,,,,f
QC,drum-ambu1,CAM — Coopérative ambulancière Centre-du-Québec,health,Service ambulancier,Drummondville,819-478-2323,,,45.8833,-72.4833,X,,,,admin,f
QC,drum-health1,CLSC Drummond — CIUSSS MCQ,health,CLSC / Soins de santé,Drummondville,819-474-2572,,,45.8833,-72.4833,X,,,,admin,f
QC,clinique-medicale-drummond,Clinique médicale Drummond,health,Clinique sans rendez-vous,Drummondville,819-477-8000,,,45.8795,-72.492,X,,,,,f
QC,drum-hop1,Hôpital Sainte-Croix — Drummondville,health,Urgence hospitalière,Drummondville,819-478-6464,,,45.887,-72.491,X,,,,,f
QC,v-piaule-cdq,La Piaule du Centre-du-Québec,housing,Refuge jeunes,Drummondville,819-475-4357,,,45.882,-72.4872,X,,,,,f
QC,v-tribut-drummond,Le Tribut — Hébergement Drummond,housing,Refuge urgence,Drummondville,819-477-5510,,,45.8835,-72.487,X,,,,,f
QC,drum-h2,Les Escales de Drummond – Hébergement transitoire,housing,Logement transitoire,Drummondville,819-474-1991,,,45.8833,-72.4833,X,,,,,f
QC,drum-h1,Maison Coup d'Éclat – Violence conjugale Drummondville,housing,Violence conjugale,Drummondville,819-477-8644,,,45.8833,-72.4833,X,,,,,f
QC,h-omh-drummondville,Office municipal d'habitation Drummond,housing,Office municipal d'habitation,Drummondville,819-477-1620,https://omhd.ca,"750, rue des Forges, Drummondville, QC J2B 6K6",,,,X,,,curated-housing-network,f
QC,ressource-hebergement-temp,Ressource d'hébergement temporaire,housing,Logement transitoire,Drummondville,819-474-8811,,,45.8808,-72.4888,X,,,,,f
QC,drum-immig1,Carrefour d'aide aux immigrants de Drummond (CAID),immigration,Intégration immigrants,Drummondville,819-474-0961,,,45.8833,-72.4833,X,,,,,f
QC,soutien-immigrants-drummondville,Soutien aux immigrants Drummondville,immigration,Intégration immigrants,Drummondville,819-477-4600,,,45.8815,-72.4895,X,,,,,f
QC,drum-mh1,Centre de Crise Centre-du-Québec,mentalHealth,Crise psychologique,Drummondville,819-477-2433,,,45.8833,-72.4833,X,,,,,f
QC,v-tel-aide-drummond,Tel-Aide Drummond,mentalHealth,Écoute téléphonique,Drummondville,819-474-3666,,,,,X,X,,,,f
QC,drum-legal1,Bureau d'aide juridique de Drummondville,social,Aide juridique,Drummondville,819-478-0540,,,45.8833,-72.4833,X,,,,admin,f
QC,drum-social1,Centraide Centre-du-Québec,social,Soutien communautaire,Drummondville,819-472-6444,,,45.8833,-72.4833,X,,,,,f
QC,centre911-centreduqc,Centre 911 — Centre-du-Québec,social,Centre 911,Drummondville,911,,,45.8833,-72.4833,X,,,,,f
QC,v-rose-des-vents,La Rose des Vents,social,Violence conjugale,Drummondville,819-472-5444,,,,,X,X,,,,f
QC,drum-siuc,Service d'Intervention d'Urgence Civil du Québec (SIUCQ),social,Aide aux sinistrés,Drummondville,819-474-7777,,,45.8833,-72.4833,X,,,,,f
QC,police-drummondville,Service de police de Drummondville,social,Service de police,Drummondville,819-478-6444,,,45.8833,-72.4833,X,,,,,f
QC,incendie-drummondville,Service de sécurité incendie de Drummondville,social,Service des incendies,Drummondville,819-478-6550,,,45.8833,-72.4833,X,,,,,f
QC,baq-moisson-haut-st-francois,Moisson Haut-Saint-François,food,Banque alimentaire régionale,East Angus,819-832-2515,https://moissonhsf.com,"275, rue Saint-Jean Ouest, East Angus, QC J0B 1R0",,,,X,,,curated-baq-network,f
QC,gasp-fa1,Maison d'hébergement La Résidence – Gaspé,family,Violence conjugale,Gaspé,418-368-1599,,,48.8349,-64.4818,X,,,,admin,f
QC,ambulance-gaspesie,Services ambulanciers — Gaspésie / Îles-de-la-Madeleine,health,Service ambulancier,Gaspé,418-368-3301,,,48.8349,-64.4818,X,,,,,f
QC,centre911-gaspesie,Centre 911 — Gaspésie / Îles-de-la-Madeleine,social,Centre 911,Gaspé,911,,,48.8349,-64.4818,X,,,,,f
QC,incendie-gaspé,Service de sécurité incendie de Gaspé,social,Service des incendies,Gaspé,418-368-2000,,,48.8349,-64.4818,X,,,,,f
QC,cpe-gat1,CPE Les Petits Poucets – Gatineau,childcare,CPE subventionné,Gatineau,819-595-0055,,,45.4765,-75.7013,X,,,,,f
QC,cpe-gat2,Regroupement des CPE de l'Outaouais,childcare,Information et orientation,Gatineau,819-561-2000,,,45.427,-75.7016,X,,,,,f
QC,emp-cje-gatineau,Carrefour jeunesse-emploi Outaouais,employment,Carrefour jeunesse-emploi (CJE),Gatineau,819-771-4391,https://cjeo.qc.ca,"92, boul. Saint-Raymond, Gatineau, QC J8Y 1S7",,,,X,,,curated-employment-network,f
QC,gat-fa1,La Maison Espoir – Gatineau,family,Violence conjugale,Gatineau,819-770-6677,,,45.4765,-75.7013,X,,,,admin,f
QC,gat-f1,Moisson Outaouais,food,Banque alimentaire,Gatineau,819-771-4111,,,45.449,-75.7261,X,,,,,f
QC,baq-moisson-outaouais,Moisson Outaouais,food,Banque alimentaire régionale,Gatineau,819-669-2000,https://moissonoutaouais.com,"37 rue Bombardier, Gatineau, QC J8R 0G4",,,,X,,,curated-baq-network,f
QC,msss-clsc-gatineau-clsc-de-vallee-de-la-lievre,CLSC De Vallée-De-La-Lièvre,health,CLSC,Gatineau,,,"578, rue Maclaren Est, Gatineau, QC J8L 2W1",45.5880012512207,-75.40270233154297,,,X,,donnees-quebec.ca/MSSS,f
QC,msss-clsc-gatineau-clsc-et-centre-de-protection-de-l-enfance-et-de-la-jeunesse-,CLSC Et Centre De Protection De L'Enfance Et De La Jeunesse De L'Outaouais,health,CLSC,Gatineau,,,"105, boulevard Sacré-Coeur, Édifice Marc, Gatineau, QC J8X 1C5",45.43769836425781,-75.71510314941406,,,X,,donnees-quebec.ca/MSSS,f
QC,msss-clsc-gatineau-clsc-leguerrier,CLSC Leguerrier,health,CLSC,Gatineau,,,"425, rue Leguerrier, Gatineau, QC J9H 6N8",45.399600982666016,-75.83599853515625,,,X,,donnees-quebec.ca/MSSS,f
QC,msss-clsc-gatineau-clsc-saint-redempteur,CLSC Saint-Rédempteur,health,CLSC,Gatineau,,,"85, rue Saint-Rédempteur, Gatineau, QC J8X 4E6",45.427101135253906,-75.7218017578125,,,X,,donnees-quebec.ca/MSSS,f
QC,msss-chsld-gatineau-centre-d-hebergement-champlain-de-gatineau,Centre D'Hébergement Champlain-De-Gatineau,health,CHSLD,Gatineau,,,"510, boulevard La Vérendrye Est, Gatineau, QC J8P 8B4",45.5005989074707,-75.63749694824219,,,X,,donnees-quebec.ca/MSSS,f
QC,msss-chsld-gatineau-centre-d-hebergement-d-aylmer,Centre D'Hébergement D'Aylmer,health,CHSLD,Gatineau,,,"445, boulevard Wilfrid-Lavigne, Gatineau, QC J9H 6H9",45.39910125732422,-75.83830261230469,,,X,,donnees-quebec.ca/MSSS,f
QC,msss-chsld-gatineau-centre-d-hebergement-de-vallee-de-la-lievre,Centre D'Hébergement De Vallée-De-La-Lièvre,health,CHSLD,Gatineau,,,"111, rue Gérard-Gauthier, Gatineau, QC J8L 3C9",45.58039855957031,-75.42279815673828,,,X,,donnees-quebec.ca/MSSS,f
QC,msss-chsld-gatineau-centre-d-hebergement-ernest-brisson,Centre D'Hébergement Ernest-Brisson,health,CHSLD,Gatineau,,,"134, rue Jean-René-Monette, Gatineau, QC J8P 7C3",45.48160171508789,-75.64739990234375,,,X,,donnees-quebec.ca/MSSS,f
QC,msss-chsld-gatineau-centre-d-hebergement-et-de-soins-de-longue-duree-vigi-de-l-o,Centre D'Hébergement Et De Soins De Longue Durée Vigi De L'Outaouais,health,CHSLD,Gatineau,,,"565, boulevard de l'Hôpital, Gatineau, QC J8V 3T4",45.49470138549805,-75.69219970703125,,,X,,donnees-quebec.ca/MSSS,f
QC,msss-chsld-gatineau-centre-d-hebergement-la-pieta,Centre D'Hébergement La Pietà,health,CHSLD,Gatineau,,,"273, rue Laurier, Gatineau, QC J8X 3W8",45.43920135498047,-75.70880126953125,,,X,,donnees-quebec.ca/MSSS,f
QC,msss-chsld-gatineau-centre-d-hebergement-lionel-emond,Centre D'Hébergement Lionel-Émond,health,CHSLD,Gatineau,,,"125, boulevard Lionel-Émond, Gatineau, QC J8Y 5S8",45.4453010559082,-75.74849700927734,,,X,,donnees-quebec.ca/MSSS,f
QC,msss-clsc-gatineau-centre-de-readaptation-en-deficience-physique-et-aire-ouvert,Centre De Réadaptation En Déficience Physique Et Aire Ouverte Saint-Raymond,health,CLSC,Gatineau,,,"92, boulevard Saint-Raymond, Gatineau, QC J8Y 1S7",45.44729995727539,-75.74199676513672,,,X,,donnees-quebec.ca/MSSS,f
QC,msss-hopital-gatineau-centre-de-services-ambulatoires-corbeil,Centre De Services Ambulatoires Corbeil,health,Hôpital,Gatineau,,,"63, rue Corbeil, Gatineau, QC J8Y 5W8",45.45100021362305,-75.75090026855469,,,X,,donnees-quebec.ca/MSSS,f
QC,msss-hopital-gatineau-centre-de-services-ambulatoires-en-sante-mentale-mont-bleu,Centre De Services Ambulatoires En Santé Mentale Mont-Bleu,health,Hôpital,Gatineau,,,"207, boulevard du Mont-Bleu, Gatineau, QC J8Z 3G3",45.46030044555664,-75.7666015625,,,X,,donnees-quebec.ca/MSSS,f
QC,msss-hopital-gatineau-centre-de-services-ambulatoires-en-sante-mentale-moussette,Centre De Services Ambulatoires En Santé Mentale Moussette,health,Hôpital,Gatineau,,,"73, boulevard Moussette, Gatineau, QC J8Y 5J8",45.43960189819336,-75.7437973022461,,,X,,donnees-quebec.ca/MSSS,f
QC,msss-clsc-gatineau-centre-de-services-ambulatoires-et-clsc-de-l-oasis,Centre De Services Ambulatoires Et CLSC De L'Oasis,health,CLSC,Gatineau,,,"160, Suite 20, boulevard de l'Hôpital, Gatineau, QC J8T 8J1",45.49330139160156,-75.6886978149414,,,X,,donnees-quebec.ca/MSSS,f
QC,msss-hopital-gatineau-centre-de-services-ambulatoires-pierre-janet,Centre De Services Ambulatoires Pierre-Janet,health,Hôpital,Gatineau,,,"20, rue Laferrière, Gatineau, QC J8T 3C1",45.4734992980957,-75.69190216064453,,,X,,donnees-quebec.ca/MSSS,f
QC,msss-chsld-gatineau-centre-de-services-externes-pour-les-aines-de-gatineau,Centre De Services Externes Pour Les Aînés De Gatineau,health,CHSLD,Gatineau,,,"455, Montée Paiement, Gatineau, QC J8P 0B1",45.49319839477539,-75.6771011352539,,,X,,donnees-quebec.ca/MSSS,f
QC,msss-hopital-gatineau-centre-hospitalier-pierre-janet,Centre Hospitalier Pierre-Janet,health,Hôpital,Gatineau,,,"46, rue Lucien Brault, Gatineau, QC J8Z 1H8",45.46289825439453,-75.74919891357422,,,X,,donnees-quebec.ca/MSSS,f
QC,msss-clsc-gatineau-centre-multiservices-de-sante-et-de-services-sociaux-de-gati,Centre Multiservices De Santé Et De Services Sociaux De Gatineau,health,CLSC,Gatineau,,,"777, boulevard de la Gappe, Gatineau, QC J8T 8R2",45.483299255371094,-75.68569946289062,,,X,,donnees-quebec.ca/MSSS,f
QC,msss-hopital-gatineau-hopital-de-gatineau,Hôpital De Gatineau,health,Hôpital,Gatineau,,,"909, boulevard La Vérendrye Ouest, Gatineau, QC J8P 7H2",45.49330139160156,-75.69110107421875,,,X,,donnees-quebec.ca/MSSS,f
QC,msss-hopital-gatineau-hopital-de-hull,Hôpital De Hull,health,Hôpital,Gatineau,,,"116, boulevard Lionel-Émond, Gatineau, QC J8Y 1W7",45.44490051269531,-75.74600219726562,,,X,,donnees-quebec.ca/MSSS,f
QC,msss-hopital-gatineau-hopital-de-jour-pavillon-marcel-d-amour,Hôpital De Jour - Pavillon Marcel D'Amour,health,Hôpital,Gatineau,,,"30, rue Pharand, Gatineau, QC J9A 1K7",45.424800872802734,-75.7406005859375,,,X,,donnees-quebec.ca/MSSS,f
QC,msss-hopital-gatineau-hopital-en-sante-mentale-pierre-janet,Hôpital En Santé Mentale Pierre-Janet,health,Hôpital,Gatineau,,,"20, rue Pharand, Gatineau, QC J9A 1K7",45.42530059814453,-75.73989868164062,,,X,,donnees-quebec.ca/MSSS,f
QC,msss-hopital-gatineau-hopital-et-chsld-de-papineau,Hôpital Et CHSLD De Papineau,health,Hôpital,Gatineau,,,"155, rue Maclaren Est, Gatineau, QC J8L 0C2",45.588600158691406,-75.4114990234375,,,X,,donnees-quebec.ca/MSSS,f
QC,msss-clsc-gatineau-maison-de-naissance-de-l-outaouais,Maison De Naissance De L'Outaouais,health,CLSC,Gatineau,,,"76, avenue Gatineau, Gatineau, QC J8T 4J4",45.479000091552734,-75.72250366210938,,,X,,donnees-quebec.ca/MSSS,f
QC,msss-chsld-gatineau-maison-des-aines-et-alternative-masson-anger,Maison Des Aînés Et Alternative Masson-Anger,health,CHSLD,Gatineau,,,"100, rue de la Papetière, Gatineau, QC J8M 1P5",45.52399826049805,-75.48419952392578,,,X,,donnees-quebec.ca/MSSS,f
QC,msss-chsld-gatineau-maison-des-aines-et-alternative-parc-de-la-montagne,Maison Des Aînés Et Alternative Parc-De-La-Montagne,health,CHSLD,Gatineau,,,"155, boulevard Lionel-Émond, Gatineau, QC J8Y 5S8",45.44599914550781,-75.74859619140625,,,X,,donnees-quebec.ca/MSSS,f
QC,ambulance-outaouais,Services ambulanciers — Outaouais,health,Service ambulancier,Gatineau,819-771-7444,,,45.4766,-75.7013,X,,,,,f
QC,gat-h1,Maison d'hébergement Montcalm,housing,Hébergement d'urgence,Gatineau,819-771-2227,,,45.4765,-75.7013,X,,,,,f
QC,h-omh-gatineau,Office municipal d'habitation de Gatineau,housing,Office municipal d'habitation,Gatineau,819-771-5862,https://omhg.ca,"151, boul. Mont-Bleu, Gatineau, QC J8Z 1J3",,,,X,,,curated-housing-network,f
QC,imm-acet,Accueil parrainage Outaouais (APO),immigration,Accueil – nouveaux arrivants,Gatineau,819-777-2960,https://apo-qc.org,"298, rue Notre-Dame-de-l'Île, Gatineau, QC J8X 3T6",,,,X,,,curated-immigration-network,f
QC,imm-cana-gatineau,Service Intégration Travail Outaouais (SITO),immigration,Employabilité immigrants,Gatineau,819-595-9444,https://sito-outaouais.com,"75, rue d'Edmonton, Gatineau, QC J8Y 6X3",,,,X,,,curated-immigration-network,f
QC,mh-crise-outaouais,Centre 24/7 – Outaouais,mentalHealth,Centre de crise,Gatineau,819-595-3267,https://centre24-7.ca,,,,X,X,,,curated-mh-network,f
QC,gat-m1,Centre de Crise de l'Outaouais,mentalHealth,Crise psychologique,Gatineau,819-966-6552,,,45.4765,-75.7013,X,,,,,f
QC,centre911-gatineau,Centre 911 de Gatineau — Outaouais,social,Centre 911,Gatineau,911,,,45.4766,-75.7013,X,,,,,f
QC,saaq-gatineau,SAAQ — Bureau de Gatineau,social,Services gouvernementaux,Gatineau,1-800-361-7620,,,45.4765,-75.7013,X,,,,,f
QC,police-gatineau,Service de police de Gatineau (SPG),social,Service de police,Gatineau,819-246-0222,,,45.4766,-75.7013,X,,,,,f
QC,incendie-gatineau,Service des incendies de Gatineau (SIG),social,Service des incendies,Gatineau,819-595-7777,,,45.4766,-75.7013,X,,,,,f
QC,msss-clsc-godbout-clsc-de-godbout,CLSC De Godbout,health,CLSC,Godbout,,,"101, rue Levack, Godbout, QC G0H 1G0",49.319801330566406,-67.59860229492188,,,X,,donnees-quebec.ca/MSSS,f
QC,msss-clsc-gracefield-clsc-de-gracefield,CLSC De Gracefield,health,CLSC,Gracefield,,,"12A, rue Principale, Gracefield, QC J0X 1W0",46.091800689697266,-76.0519027709961,,,X,,donnees-quebec.ca/MSSS,f
QC,msss-chsld-gracefield-centre-d-hebergement-de-gracefield,Centre D'Hébergement De Gracefield,health,CHSLD,Gracefield,,,"1, rue du Foyer, Gracefield, QC J0X 1W0",46.092201232910156,-76.05030059814453,,,X,,donnees-quebec.ca/MSSS,f
QC,grb-f1,Moisson Estrie – Antenne Granby,food,Banque alimentaire,Granby,450-372-4241,,,45.4003,-72.7284,X,,,,,f
QC,baq-sos-depannage-granby,SOS Dépannage – Moisson Granby,food,Banque alimentaire régionale,Granby,450-378-3026,https://sosdepannage.org,"775, rue Principale, Granby, QC J2G 2Y6",,,,X,,,curated-baq-network,f
QC,msss-chsld-granby-chsld-de-granby,CHSLD De Granby,health,CHSLD,Granby,,,"80, rue Godue, Granby, QC J2J 2Z7",45.407501220703125,-72.76219940185547,,,X,,donnees-quebec.ca/MSSS,f
QC,msss-chsld-granby-chsld-leclerc,CHSLD Leclerc,health,CHSLD,Granby,,,"250, rue Déragon, Granby, QC J2G 5J5",45.40950012207031,-72.72760009765625,,,X,,donnees-quebec.ca/MSSS,f
QC,msss-chsld-granby-chsld-marie-berthe-couture,CHSLD Marie-Berthe-Couture,health,CHSLD,Granby,,,"230, rue Davignon, Granby, QC J2G 9B1",45.41239929199219,-72.72260284423828,,,X,,donnees-quebec.ca/MSSS,f
QC,msss-chsld-granby-chsld-villa-bonheur,CHSLD Villa-Bonheur,health,CHSLD,Granby,,,"71, rue Court, Granby, QC J2G 4Y7",45.40140151977539,-72.72329711914062,,,X,,donnees-quebec.ca/MSSS,f
QC,msss-clsc-granby-clsc-et-maison-de-naissance-de-laurier,CLSC Et Maison De Naissance De Laurier,health,CLSC,Granby,,,"261, rue Laurier, Granby, QC J2G 5K8",45.41059875488281,-72.72779846191406,,,X,,donnees-quebec.ca/MSSS,f
QC,msss-clsc-granby-clsc-notre-dame,CLSC Notre-Dame,health,CLSC,Granby,,,"363, rue Notre-Dame, Granby, QC J2G 3L4",45.40060043334961,-72.73400115966797,,,X,,donnees-quebec.ca/MSSS,f
QC,msss-clsc-granby-clsc-robinson-sud,CLSC Robinson-Sud,health,CLSC,Granby,,,"90, rue Robinson Sud, bureau 101, Granby, QC J2G 7L4",45.40480041503906,-72.74400329589844,,,X,,donnees-quebec.ca/MSSS,f
QC,msss-clsc-granby-clsc-yvan-duquette,CLSC Yvan-Duquette,health,CLSC,Granby,,,"294, rue Déragon, Granby, QC J2G 5J5",45.4109001159668,-72.72709655761719,,,X,,donnees-quebec.ca/MSSS,f
QC,msss-hopital-granby-centre-de-services-ambulatoires-providence,Centre De Services Ambulatoires Providence,health,Hôpital,Granby,,,"279, rue de la Providence, Granby, QC J2G 4S7",45.410400390625,-72.71659851074219,,,X,,donnees-quebec.ca/MSSS,f
QC,msss-hopital-granby-centre-de-services-ambulatoires-saint-jacques,Centre De Services Ambulatoires Saint-Jacques,health,Hôpital,Granby,,,"155, rue Saint-Jacques, Granby, QC J2G 9A7",45.39799880981445,-72.72660064697266,,,X,,donnees-quebec.ca/MSSS,f
QC,msss-hopital-granby-hopital-de-granby,Hôpital De Granby,health,Hôpital,Granby,,,"205, boulevard Leclerc Ouest, Granby, QC J2G 1T7",45.41059875488281,-72.7229995727539,,,X,,donnees-quebec.ca/MSSS,f
QC,msss-chsld-granby-maison-des-aines-et-alternative-de-granby,Maison Des Aînés Et Alternative De Granby,health,CHSLD,Granby,,,"301, rue de la Providence, Granby, QC J2G 4S7",45.41170120239258,-72.71600341796875,,,X,,donnees-quebec.ca/MSSS,f
QC,police-granby,Service de police de Granby (SPGranby),social,Service de police,Granby,450-776-8000,,,45.4003,-72.7284,X,,,,,f
QC,incendie-granby,Service de sécurité incendie de Granby,social,Service des incendies,Granby,450-776-8240,,,45.4003,-72.7284,X,,,,,f
QC,v-cab-grand-mere,Centre d'action bénévole de Grand-Mère,social,Aide générale,Grand-Mère,819-538-7689,,,46.6097,-72.6849,X,,,,,f
QC,msss-clsc-grande-riviere-aire-ouverte-de-grande-riviere,Aire Ouverte De Grande-Rivière,health,CLSC,Grande-Rivière,,,"36-B, Grande-Allée Ouest, Grande-Rivière, QC G0C 1W0",48.39390182495117,-64.51270294189453,,,X,,donnees-quebec.ca/MSSS,f
QC,msss-clsc-grande-vallee-centre-multiservices-de-sante-et-de-services-sociaux-de-gran,Centre Multiservices De Santé Et De Services Sociaux De Grande-Vallée,health,CLSC,Grande-Vallée,,,"71, rue Saint-François-Xavier Ouest, Grande-Vallée, QC G0E 1K0",49.22719955444336,-65.10440063476562,,,X,,donnees-quebec.ca/MSSS,f
QC,msss-clsc-grenville-clsc-de-grenville,CLSC De Grenville,health,CLSC,Grenville,,,"199, rue Principale, Grenville, QC J0V 1J0",45.62730026245117,-74.58920288085938,,,X,,donnees-quebec.ca/MSSS,f
QC,msss-clsc-gros-mecatina-clsc-de-la-tabatiere,CLSC De La Tabatière,health,CLSC,Gros-Mécatina,,,"40, route Mécatina, La Tabatière, Gros-Mécatina, QC G0G 1T0",50.82270050048828,-58.96580123901367,,,X,,donnees-quebec.ca/MSSS,f
QC,msss-clsc-gros-mecatina-clsc-de-mutton-bay,CLSC De Mutton Bay,health,CLSC,Gros-Mécatina,,,"46, route Mécatina, Mutton Bay, Gros-Mécatina, QC G0G 2C0",50.774898529052734,-59.02799987792969,,,X,,donnees-quebec.ca/MSSS,f
QC,msss-clsc-grosse-ile-clsc-de-l-est,CLSC De L'Est,health,CLSC,Grosse-Île,,,"773, chemin Principal (Grosse-Île), Grosse-Île, QC G4T 6B5",47.5713005065918,-61.47890090942383,,,X,,donnees-quebec.ca/MSSS,f
QC,msss-chsld-ham-nord-foyer-saints-anges-de-ham-nord,Foyer Saints-Anges De Ham-Nord,health,CHSLD,Ham-Nord,,,"493, rue Principale, Ham-Nord, QC G0P 1A0",45.90380096435547,-71.64779663085938,,,X,,donnees-quebec.ca/MSSS,f
QC,msss-chsld-havre-saint-pierre-chsld-de-havre-saint-pierre,CHSLD De Havre-Saint-Pierre,health,CHSLD,Havre-Saint-Pierre,,,"933, rue Boréale, Havre-Saint-Pierre, QC G0G 1P0",50.237998962402344,-63.60770034790039,,,X,,donnees-quebec.ca/MSSS,f
QC,msss-clsc-havre-saint-pierre-centre-multiservices-de-sante-et-de-services-sociaux-de-la-m,Centre Multiservices De Santé Et De Services Sociaux De La Minganie,health,CLSC,Havre-Saint-Pierre,,,"1035, promenade des Anciens, Havre-Saint-Pierre, QC G0G 1P0",50.237701416015625,-63.604698181152344,,,X,,donnees-quebec.ca/MSSS,f
QC,msss-clsc-henryville-clsc-de-henryville,CLSC De Henryville,health,CLSC,Henryville,,,"125, rue de l'Église, Henryville, QC J0J 1E0",45.13890075683594,-73.19229888916016,,,X,,donnees-quebec.ca/MSSS,f
QC,msss-clsc-huntingdon-aire-ouverte-de-huntingdon,Aire Ouverte De Huntingdon,health,CLSC,Huntingdon,,,"2-E, rue Hendersen, suite 1, Huntingdon, QC J0S 1H0",45.08720016479492,-74.17169952392578,,,X,,donnees-quebec.ca/MSSS,f
QC,msss-chsld-huntingdon-chsld-du-comte-de-huntingdon-huntingdon-county-chsld,CHSLD Du Comté-De-Huntingdon / Huntingdon County CHSLD,health,CHSLD,Huntingdon,,,"198, rue Châteauguay, Huntingdon, QC J0S 1H0",45.08250045776367,-74.17759704589844,,,X,,donnees-quebec.ca/MSSS,f
QC,msss-clsc-huntingdon-clsc-de-huntingdon-huntingdon-clsc,CLSC De Huntingdon / Huntingdon CLSC,health,CLSC,Huntingdon,,,"10, rue King, bureau 200, Huntingdon, QC J0S 1H0",45.08879852294922,-74.17359924316406,,,X,,donnees-quebec.ca/MSSS,f
QC,msss-clsc-inukjuak-dispensaire-d-inukjuak,Dispensaire D'Inukjuak,health,CLSC,Inukjuak,,,"Inukjuak, Inukjuak, QC J0M 1M0",58.45289993286133,-78.1050033569336,,,X,,donnees-quebec.ca/MSSS,f
QC,msss-clsc-ivujivik-dispensaire-d-ivujivik,Dispensaire D'Ivujivik,health,CLSC,Ivujivik,,,"Ivujivik, Ivujivik, QC J0M 1H0",62.41640090942383,-77.91410064697266,,,X,,donnees-quebec.ca/MSSS,f
QC,jol-f1,Moisson Lanaudière,food,Banque alimentaire,Joliette,450-759-8777,,,46.01,-73.425,X,,,,,f
QC,msss-clsc-joliette-aire-ouverte-de-joliette,Aire Ouverte De Joliette,health,CLSC,Joliette,,,"107, Place Bourget Nord, Joliette, QC J6E 5E6",46.047298431396484,-73.42500305175781,,,X,,donnees-quebec.ca/MSSS,f
QC,msss-clsc-joliette-clsc-de-joliette,CLSC De Joliette,health,CLSC,Joliette,,,"380, boulevard Base-de-Roc, Joliette, QC J6E 9J6",46.019100189208984,-73.43720245361328,,,X,,donnees-quebec.ca/MSSS,f
QC,msss-chsld-joliette-centre-d-hebergement-saint-eusebe,Centre D'Hébergement Saint-Eusèbe,health,CHSLD,Joliette,,,"585, boulevard Manseau, Joliette, QC J6E 3E5",46.02330017089844,-73.44149780273438,,,X,,donnees-quebec.ca/MSSS,f
QC,ambulance-lanaudiere,Services ambulanciers — Lanaudière,health,Service ambulancier,Joliette,450-759-8222,,,46.0233,-73.4323,X,,,,,f
QC,jol-h1,Centre d'hébergement de Joliette,housing,Hébergement d'urgence,Joliette,450-759-5525,,,46.0233,-73.4323,X,,,,,f
QC,centre911-lanaudiere,Centre 911 — Lanaudière,social,Centre 911,Joliette,911,,,46.0233,-73.4323,X,,,,,f
QC,police-joliette,Service de police de Joliette,social,Service de police,Joliette,450-753-8151,,,46.0233,-73.4323,X,,,,,f
QC,incendie-joliette,Service de sécurité incendie de Joliette,social,Service des incendies,Joliette,450-759-1811,,,46.0233,-73.4323,X,,,,,f
QC,msss-hopital-kahnawake-centre-hospitalier-kateri-memorial-tehsakotitsen-tha,Centre Hospitalier Kateri Memorial Tehsakotitsen : Tha,health,Hôpital,Kahnawake,,,"Case postale 10, Kahnawake, QC J0L 1B0",45.41550064086914,-73.68289947509766,,,X,,donnees-quebec.ca/MSSS,f
QC,msss-clsc-kangiqsualujjuaq-dispensaire-de-kangiqsualujjuaq,Dispensaire De Kangiqsualujjuaq,health,CLSC,Kangiqsualujjuaq,,,"Kangiqsualujjuaq, Kangiqsualujjuaq, QC J0M 1N0",58.69490051269531,-65.95429992675781,,,X,,donnees-quebec.ca/MSSS,f
QC,msss-clsc-kangiqsujuaq-dispensaire-de-kangiqsujuaq,Dispensaire De Kangiqsujuaq,health,CLSC,Kangiqsujuaq,,,"Kangiqsujuaq, Kangiqsujuaq, QC J0M 1K0",61.5989990234375,-71.95700073242188,,,X,,donnees-quebec.ca/MSSS,f
QC,msss-clsc-kangirsuk-dispensaire-de-kangirsuk,Dispensaire De Kangirsuk,health,CLSC,Kangirsuk,,,"Kangirsuk, Kangirsuk, QC J0M 1A0",60.01750183105469,-70.01399993896484,,,X,,donnees-quebec.ca/MSSS,f
QC,msss-clsc-kawawachikamach-clsc-naskapi,CLSC Naskapi,health,CLSC,Kawawachikamach,,,"1016, rue Mohannis, Kawawachikamach, QC G0G 2Z0",54.86119842529297,-66.76429748535156,,,X,,donnees-quebec.ca/MSSS,f
QC,msss-clsc-kirkland-centre-de-services-ambulatoires-en-sante-mentale-saint-charl,Centre De Services Ambulatoires En Santé Mentale Saint-Charles,health,CLSC,Kirkland,,,"2840, boulevard Saint-Charles, Kirkland, QC H9H 3B6",45.446800231933594,-73.85379791259766,,,X,,donnees-quebec.ca/MSSS,f
QC,msss-clsc-kuujjuaq-centre-de-sante-tulattavik-de-l-ungava,Centre De Santé Tulattavik De L'Ungava,health,CLSC,Kuujjuaq,,,"Kuujjuaq, Kuujjuaq, QC J0M 1C0",58.106998443603516,-68.4052963256836,,,X,,donnees-quebec.ca/MSSS,f
QC,msss-hopital-kuujjuaq-maison-de-transit-centre-de-sante-tulattavik-de-l-ungava,Maison De Transit (Centre De Santé Tulattavik De L'Ungava),health,Hôpital,Kuujjuaq,,,"Kuujuuaq, Kuujjuaq, QC J0M 1C0",58.106998443603516,-68.4052963256836,,,X,,donnees-quebec.ca/MSSS,f
QC,centre911-nunavik,Centre 911 — Nunavik,social,Centre 911,Kuujjuaq,911,,,58.1072,-68.389,X,,,,,f
QC,msss-clsc-kuujjuarapik-dispensaire-de-kuujjuarapik,Dispensaire De Kuujjuarapik,health,CLSC,Kuujjuarapik,,,"Kuujjuarapik, Kuujjuarapik, QC J0M 1G0",55.27840042114258,-77.76360321044922,,,X,,donnees-quebec.ca/MSSS,f
QC,msss-clsc-l-ancienne-lorette-clsc-de-l-ancienne-lorette,CLSC De L'Ancienne-Lorette,health,CLSC,L'Ancienne-Lorette,,,"1320, rue Saint-Paul, L'Ancienne-Lorette, QC G2E 1Z4",46.79790115356445,-71.35179901123047,,,X,,donnees-quebec.ca/MSSS,f
QC,msss-chsld-l-ancienne-lorette-hopital-ste-monique,Hôpital Ste-Monique,health,CHSLD,L'Ancienne-Lorette,,,"6125, boulevard Wilfrid-Hamel, L'Ancienne-Lorette, QC G2E 5W2",46.79819869995117,-71.34239959716797,,,X,,donnees-quebec.ca/MSSS,f
QC,msss-clsc-l-anse-saint-jean-clsc-du-fjord-a-l-anse-saint-jean,CLSC Du Fjord-À-L'Anse-Saint-Jean,health,CLSC,L'Anse-Saint-Jean,,,"29, rue Saint-Jean-Baptiste, L'Anse-Saint-Jean, QC G0V 1J0",48.19919967651367,-70.24019622802734,,,X,,donnees-quebec.ca/MSSS,f
QC,msss-clsc-l-ascension-de-notre-seigneur-clsc-de-l-ascension-de-notre-seigneur,CLSC De L'Ascension-De-Notre-Seigneur,health,CLSC,L'Ascension-de-Notre-Seigneur,,,"3815, 3e Avenue Ouest, L'Ascension-de-Notre-Seigneur, QC G0W 1Y0",48.691898345947266,-71.67250061035156,,,X,,donnees-quebec.ca/MSSS,f
QC,baq-moisson-lanaudiere,Moisson Lanaudière,food,Banque alimentaire régionale,L'Assomption,450-654-1414,https://moissonlanaudiere.org,"270, boul. de l'Ange-Gardien Nord, L'Assomption, QC J5W 1R7",,,,X,,,curated-baq-network,f
QC,msss-chsld-l-assomption-centre-d-hebergement-et-de-readaptation-en-deficience-physiq,Centre D'Hébergement Et De Réadaptation En Déficience Physique De L'Assomption,health,CHSLD,L'Assomption,,,"410, boulevard de l'Ange-Gardien, L'Assomption, QC J5W 1S7",45.82500076293945,-73.42539978027344,,,X,,donnees-quebec.ca/MSSS,f
QC,msss-chsld-l-assomption-maison-des-aines-de-l-assomption,Maison Des Aînés De L'Assomption,health,CHSLD,L'Assomption,,,"220, boulevard Hector-Papin, L'Assomption, QC J5W 0P4",45.821998596191406,-73.43509674072266,,,X,,donnees-quebec.ca/MSSS,f
QC,msss-clsc-l-isle-verte-clsc-de-l-isle-verte,CLSC De L'Isle-Verte,health,CLSC,L'Isle-Verte,,,"150, rue Saint-Jean-Baptiste, L'Isle-Verte, QC G0L 1K0",48.01470184326172,-69.33679962158203,,,X,,donnees-quebec.ca/MSSS,f
QC,msss-clsc-l-isle-aux-allumettes-clsc-de-chapeau,CLSC De Chapeau,health,CLSC,L'Isle-aux-Allumettes,,,"72, rue Saint-Patrick, L'Isle-aux-Allumettes, QC J0X 1M0",45.910400390625,-77.0728988647461,,,X,,donnees-quebec.ca/MSSS,f
QC,msss-clsc-l-isle-aux-coudres-clsc-de-l-isle-aux-coudres,CLSC De L'Isle-Aux-Coudres,health,CLSC,L'Isle-aux-Coudres,,,"25, chemin de la Traverse, L'Isle-aux-Coudres, QC G0A 3J0",47.420501708984375,-70.38240051269531,,,X,,donnees-quebec.ca/MSSS,f
QC,msss-chsld-l-islet-chsld-de-saint-eugene,CHSLD De Saint-Eugène,health,CHSLD,L'Islet,,,"2, rue de la Madone, L'Islet, QC G0R 1X0",47.084598541259766,-70.33660125732422,,,X,,donnees-quebec.ca/MSSS,f
QC,msss-clsc-l-epiphanie-clsc-meilleur-de-l-epiphanie,CLSC Meilleur De L'Épiphanie,health,CLSC,L'Épiphanie,,,"131, rue Amireault, L'Épiphanie, QC J5X 2T2",45.847599029541016,-73.48470306396484,,,X,,donnees-quebec.ca/MSSS,f
QC,msss-chsld-l-ile-perrot-chsld-laurent-bergevin,CHSLD Laurent-Bergevin,health,CHSLD,L'Île-Perrot,,,"200, boulevard Perrot, L'Île-Perrot, QC J7V 7M7",45.3927001953125,-73.9529037475586,,,X,,donnees-quebec.ca/MSSS,f
QC,msss-clsc-l-ile-d-anticosti-clsc-de-port-menier,CLSC De Port-Menier,health,CLSC,L'Île-d'Anticosti,,,"2A, ch. Rivière-aux-Canards, Port-Menier, L'Île-d'Anticosti, QC G0G 2Y0",49.81660079956055,-64.35030364990234,,,X,,donnees-quebec.ca/MSSS,f
QC,msss-clsc-la-guadeloupe-clsc-de-la-guadeloupe,CLSC De La Guadeloupe,health,CLSC,La Guadeloupe,,,"437, 15e rue Ouest, La Guadeloupe, QC G0M 1G0",45.9650993347168,-70.94180297851562,,,X,,donnees-quebec.ca/MSSS,f
QC,msss-clsc-la-malbaie-clsc-et-centre-de-readaptation-en-dependance-de-la-malbaie,CLSC Et Centre De Réadaptation En Dépendance De La Malbaie,health,CLSC,La Malbaie,,,"535, boulevard de Comporte, La Malbaie, QC G5A 1S8",47.65299987792969,-70.14910125732422,,,X,,donnees-quebec.ca/MSSS,f
QC,msss-chsld-la-malbaie-centre-d-hebergement-bellerive,Centre D'Hébergement Bellerive,health,CHSLD,La Malbaie,,,"555, boulevard de Comporté, La Malbaie, QC G5A 1W3",47.653900146484375,-70.14900207519531,,,X,,donnees-quebec.ca/MSSS,f
QC,msss-clsc-la-malbaie-hopital-et-clsc-de-la-malbaie,Hôpital Et CLSC De La Malbaie,health,CLSC,La Malbaie,,,"303, rue Saint-Étienne, La Malbaie, QC G5A 1T1",47.65620040893555,-70.15170288085938,,,X,,donnees-quebec.ca/MSSS,f
QC,msss-clsc-la-morandiere-rochebaucourt-clsc-de-rochebaucourt,CLSC De Rochebaucourt,health,CLSC,La Morandière-Rochebaucourt,,,"20, rue du Chanoine-Girard, La Morandière-Rochebaucourt, QC J0Y 2J0",48.676700592041016,-77.50039672851562,,,X,,donnees-quebec.ca/MSSS,f
QC,msss-clsc-la-patrie-clsc-de-la-patrie,CLSC De La Patrie,health,CLSC,La Patrie,,,"40, rue du Moulin, La Patrie, QC J0B 1Y0",45.39939880371094,-71.25140380859375,,,X,,donnees-quebec.ca/MSSS,f
QC,baq-moisson-kamouraska,Moisson Kamouraska,food,Banque alimentaire régionale,La Pocatière,418-856-3325,https://moissonkamouraska.org,"608, 4e Avenue Painchaud, La Pocatière, QC G0R 1Z0",,,,X,,,curated-baq-network,f
QC,msss-clsc-la-pocatiere-hopital-notre-dame-de-fatima,Hôpital Notre-Dame-De-Fatima,health,CLSC,La Pocatière,,,"1201, 6e Avenue Pilote, La Pocatière, QC G0R 1Z0",47.37179946899414,-70.02619934082031,,,X,,donnees-quebec.ca/MSSS,f
QC,msss-chsld-la-prairie-chsld-de-la-prairie,CHSLD De La Prairie,health,CHSLD,La Prairie,,,"500, avenue Balmoral, La Prairie, QC J5R 4N5",45.42110061645508,-73.49130249023438,,,X,,donnees-quebec.ca/MSSS,f
QC,msss-clsc-la-peche-centre-multiservices-de-sante-et-de-services-sociaux-de-la-p,Centre Multiservices De Santé Et De Services Sociaux De La Pêche,health,CLSC,La Pêche,,,"9, chemin Passe-Partout, La Pêche, QC J0X 2W0",45.6416015625,-76.04000091552734,,,X,,donnees-quebec.ca/MSSS,f
QC,msss-hopital-la-peche-hopital-et-chsld-memorial-de-wakefield-wakefield-memorial-ho,Hôpital Et CHSLD Mémorial De Wakefield / Wakefield Memorial Hospital,health,Hôpital,La Pêche,,,"101, chemin Burnside, La Pêche, QC J0X 3G0",45.64860153198242,-75.93260192871094,,,X,,donnees-quebec.ca/MSSS,f
QC,msss-chsld-la-sarre-chsld-de-la-sarre,CHSLD De La Sarre,health,CHSLD,La Sarre,,,"22, 1e Avenue Est, La Sarre, QC J9Z 1C4",48.81039810180664,-79.20369720458984,,,X,,donnees-quebec.ca/MSSS,f
QC,msss-clsc-la-sarre-clsc-en-sante-mentale-de-la-sarre,CLSC En Santé Mentale De La Sarre,health,CLSC,La Sarre,,,"299-A, rue Principale, La Sarre, QC J9Z 1Z1",48.80329895019531,-79.20500183105469,,,X,,donnees-quebec.ca/MSSS,f
QC,msss-clsc-la-sarre-clsc-et-centre-de-protection-de-l-enfance-et-de-la-jeunesse-,CLSC Et Centre De Protection De L'Enfance Et De La Jeunesse De La Sarre,health,CLSC,La Sarre,,,"261, 1e Rue Est, La Sarre, QC J9Z 2B7",48.80459976196289,-79.20259857177734,,,X,,donnees-quebec.ca/MSSS,f
QC,msss-clsc-la-sarre-centre-multiservices-de-sante-et-de-services-sociaux-de-la-s,Centre Multiservices De Santé Et De Services Sociaux De La Sarre,health,CLSC,La Sarre,,,"679, 2e Rue Est, La Sarre, QC J9Z 2X7",48.786399841308594,-79.19850158691406,,,X,,donnees-quebec.ca/MSSS,f
QC,v-asperimowin-latuque,Centre Asperimowin — Femmes autochtones,family,Violence conjugale,La Tuque,819-523-8600,https://www.atikamekwsipi.com/fr/services/service-sociaux-atikamekw-onikam/services/centre-asperimowin,,47.438,-72.788,X,,,,admin,f
QC,v-toit-amitie-latuque,Le Toit de l'Amitié — La Tuque,family,Violence conjugale,La Tuque,819-523-7829,https://www.letoitdelamitie.ca/,,47.438,-72.788,X,,,,admin,f
QC,msss-clsc-la-tuque-clsc-de-parent,CLSC De Parent,health,CLSC,La Tuque,,,"9, rue de l'Hôtel-de-Ville, La Tuque, QC G0X 3P0",47.921600341796875,-74.61309814453125,,,X,,donnees-quebec.ca/MSSS,f
QC,msss-clsc-la-tuque-centre-multiservices-de-sante-et-de-services-sociaux-du-haut,Centre Multiservices De Santé Et De Services Sociaux Du Haut-Saint-Maurice,health,CLSC,La Tuque,,,"885, boulevard Ducharme, La Tuque, QC G9X 3C1",47.42850112915039,-72.78569793701172,,,X,,donnees-quebec.ca/MSSS,f
QC,msss-clsc-labelle-clsc-de-labelle,CLSC De Labelle,health,CLSC,Labelle,,,"17, rue du Couvent, Labelle, QC J0T 1H0",46.2781982421875,-74.73400115966797,,,X,,donnees-quebec.ca/MSSS,f
QC,msss-chsld-labelle-centre-d-hebergement-de-labelle,Centre D'Hébergement De Labelle,health,CHSLD,Labelle,,,"50, rue de l'Église, Labelle, QC J0T 1H0",46.27730178833008,-74.73570251464844,,,X,,donnees-quebec.ca/MSSS,f
QC,msss-clsc-lac-brome-clsc-de-lac-brome,CLSC De Lac-Brome,health,CLSC,Lac-Brome,,,"270, rue Victoria, Lac-Brome, QC J0E 1V0",45.21799850463867,-72.52970123291016,,,X,,donnees-quebec.ca/MSSS,f
QC,msss-clsc-lac-etchemin-centre-multiservices-de-sante-et-de-services-sociaux-de-lac-,Centre Multiservices De Santé Et De Services Sociaux De Lac-Etchemin,health,CLSC,Lac-Etchemin,,,"331, place du Sanatorium, Lac-Etchemin, QC G0R 1S0",46.4005012512207,-70.49810028076172,,,X,,donnees-quebec.ca/MSSS,f
QC,msss-clsc-lac-megantic-centre-multiservices-de-sante-et-de-services-sociaux-du-gran,Centre Multiservices De Santé Et De Services Sociaux Du Granit,health,CLSC,Lac-Mégantic,,,"3569, rue Laval, Lac-Mégantic, QC G6B 1A5",45.588600158691406,-70.90579986572266,,,X,,donnees-quebec.ca/MSSS,f
QC,msss-chsld-lac-au-saumon-centre-d-hebergement-marie-anne-ouellet,Centre D'Hébergement Marie-Anne-Ouellet,health,CHSLD,Lac-au-Saumon,,,"6, rue Turbide, Lac-au-Saumon, QC G0J 1M0",48.417999267578125,-67.34660339355469,,,X,,donnees-quebec.ca/MSSS,f
QC,msss-clsc-lac-des-aigles-clsc-de-lac-des-aigles,CLSC De Lac-Des-Aigles,health,CLSC,Lac-des-Aigles,,,"69, rue Principale, Lac-des-Aigles, QC G0K 1V0",47.988399505615234,-68.67669677734375,,,X,,donnees-quebec.ca/MSSS,f
QC,msss-clsc-lachute-clsc-et-centre-de-services-ambulatoires-en-pedopsychiatrie-d,CLSC Et Centre De Services Ambulatoires En Pédopsychiatrie De La Rue Mary,health,CLSC,Lachute,,,"189, rue Mary, Lachute, QC J8H 2C3",45.65250015258789,-74.339599609375,,,X,,donnees-quebec.ca/MSSS,f
QC,msss-clsc-lachute-centre-multiservices-de-sante-et-de-services-sociaux-d-argen,Centre Multiservices De Santé Et De Services Sociaux D'Argenteuil,health,CLSC,Lachute,,,"145, avenue de la Providence, Lachute, QC J8H 4C7",45.66189956665039,-74.35209655761719,,,X,,donnees-quebec.ca/MSSS,f
QC,msss-chsld-lachute-la-residence-de-lachute,La Résidence De Lachute,health,CHSLD,Lachute,,,"377, rue Principale, Lachute, QC J8H 1Y1",45.65660095214844,-74.33930206298828,,,X,,donnees-quebec.ca/MSSS,f
QC,msss-clsc-laforce-clsc-de-laforce,CLSC De Laforce,health,CLSC,Laforce,,,"711, chemin du Village, Laforce, QC J0Z 2J0",47.536598205566406,-78.7249984741211,,,X,,donnees-quebec.ca/MSSS,f
QC,msss-clsc-lambton-clsc-et-chsld-de-lambton,CLSC Et CHSLD De Lambton,health,CLSC,Lambton,,,"310-A, rue Principale, Lambton, QC G0M 1H0",45.829498291015625,-71.09609985351562,,,X,,donnees-quebec.ca/MSSS,f
QC,msss-chsld-lanoraie-centre-d-hebergement-alphonse-rondeau,Centre D'Hébergement Alphonse-Rondeau,health,CHSLD,Lanoraie,,,"419, rue Faust, Lanoraie, QC J0K 1E0",45.96379852294922,-73.2239990234375,,,X,,donnees-quebec.ca/MSSS,f
QC,msss-clsc-latulipe-et-gaboury-clsc-de-latulipe,CLSC De Latulipe,health,CLSC,Latulipe-et-Gaboury,,,"5, rue du carrefour Nord, Latulipe-et-Gaboury, QC J0Z 2N0",47.42940139770508,-79.03189849853516,,,X,,donnees-quebec.ca/MSSS,f
QC,msss-clsc-laurier-station-clsc-et-centre-de-services-externes-pour-les-aines-de-laurie,CLSC Et Centre De Services Externes Pour Les Aînés De Laurier-Station,health,CLSC,Laurier-Station,,,"135, rue de la Station, Laurier-Station, QC G0S 1N0",46.53990173339844,-71.62969970703125,,,X,,donnees-quebec.ca/MSSS,f
QC,cpe-lav1,CPE Les Petits Amis – Laval,childcare,CPE subventionné,Laval,450-686-5252,,,45.6066,-73.7124,X,,,,,f
QC,cpe-lav2,Garderie La Petite Étoile – Laval (non subventionné),childcare,Garderie non subventionnée,Laval,450-662-9191,,,45.5724,-73.7254,X,,,,,f
QC,emp-cje-laval,Carrefour jeunesse-emploi de Laval,employment,Carrefour jeunesse-emploi (CJE),Laval,450-967-9009,https://cje-laval.qc.ca,"440, boul. Saint-Martin Ouest, bureau 100, Laval, QC H7M 3L1",,,,X,,,curated-employment-network,f
QC,lav-fa1,Maison d'Haïti – Laval,family,Soutien familial,Laval,450-680-7860,,,45.5905,-73.72,X,,,,admin,f
QC,baq-moisson-laval,Moisson Laval,food,Banque alimentaire régionale,Laval,450-622-0668,https://moissonlaval.org,"3500, boul. Industriel, Laval, QC H7L 4S3",,,,X,,,curated-baq-network,f
QC,lav-f1,Moisson Laval,food,Banque alimentaire,Laval,450-629-8683,,,45.5731,-73.7567,X,,,,,f
QC,msss-chsld-laval-chsld-de-laval,CHSLD De Laval,health,CHSLD,Laval,,,"2805, boulevard Chomedey, Laval, QC H7P 0C2",45.570899963378906,-73.7666015625,,,X,,donnees-quebec.ca/MSSS,f
QC,msss-chsld-laval-chsld-val-des-brises,CHSLD Val-Des-Brises,health,CHSLD,Laval,,,"3155, boulevard Michel-Ange, Laval, QC H7E 0J1",45.61470031738281,-73.68499755859375,,,X,,donnees-quebec.ca/MSSS,f
QC,msss-clsc-laval-clsc-de-l-ouest-de-l-ile,CLSC De L'Ouest-De-L'Île,health,CLSC,Laval,,,"4250, rue Dagenais Ouest, Laval, QC H7R 1L4",45.55889892578125,-73.83740234375,,,X,,donnees-quebec.ca/MSSS,f
QC,msss-clsc-laval-clsc-des-mille-iles,CLSC Des Mille-Îles,health,CLSC,Laval,,,"775, rue Montrose, Laval, QC H7E 0H6",45.607200622558594,-73.64550018310547,,,X,,donnees-quebec.ca/MSSS,f
QC,msss-clsc-laval-clsc-et-chsld-idola-saint-jean,CLSC Et CHSLD Idola-Saint-Jean,health,CLSC,Laval,,,"250, boulevard Cartier Ouest, Laval, QC H7N 5S5",45.557701110839844,-73.69419860839844,,,X,,donnees-quebec.ca/MSSS,f
QC,msss-clsc-laval-clsc-et-chsld-sainte-rose,CLSC Et CHSLD Sainte-Rose,health,CLSC,Laval,,,"280, boulevard du Roi-du-Nord, Laval, QC H7L 4L2",45.6078987121582,-73.78939819335938,,,X,,donnees-quebec.ca/MSSS,f
QC,msss-clsc-laval-clsc-et-centre-de-services-ambulatoires-chomedey,CLSC Et Centre De Services Ambulatoires Chomedey,health,CLSC,Laval,,,"800, boulevard Chomedey, tour A, B et C, Laval, QC H7V 3Y4",45.544498443603516,-73.74099731445312,,,X,,donnees-quebec.ca/MSSS,f
QC,msss-clsc-laval-clsc-et-centre-de-services-ambulatoires-ruisseau-papineau,CLSC Et Centre De Services Ambulatoires Ruisseau-Papineau,health,CLSC,Laval,,,"1665, rue du Couvent, Laval, QC H7W 3A8",45.54970169067383,-73.76210021972656,,,X,,donnees-quebec.ca/MSSS,f
QC,msss-clsc-laval-clsc-et-groupe-de-medecine-de-famille-universitaire-du-marig,CLSC Et Groupe De Médecine De Famille Universitaire Du Marigot,health,CLSC,Laval,,,"1351, boulevard des Laurentides, Laval, QC H7M 2Y2",45.58689880371094,-73.71019744873047,,,X,,donnees-quebec.ca/MSSS,f
QC,msss-chsld-laval-centre-d-hebergement-champlain-de-saint-francois,Centre D'Hébergement Champlain-De-Saint-François,health,CHSLD,Laval,,,"8520-8528, boulevard Lévesque Est, Laval, QC H7A 1W6",45.68560028076172,-73.62740325927734,,,X,,donnees-quebec.ca/MSSS,f
QC,msss-chsld-laval-centre-d-hebergement-de-la-rive,Centre D'Hébergement De La Rive,health,CHSLD,Laval,,,"1050, 15e avenue, Laval, QC H7R 4N9",45.562198638916016,-73.85890197753906,,,X,,donnees-quebec.ca/MSSS,f
QC,msss-chsld-laval-centre-d-hebergement-et-de-soins-de-longue-duree-saint-jude,Centre D'Hébergement Et De Soins De Longue Durée Saint-Jude,health,CHSLD,Laval,,,"4410, boulevard Saint-Martin Ouest, Laval, QC H7T 1C3",45.547000885009766,-73.7677001953125,,,X,,donnees-quebec.ca/MSSS,f
QC,msss-chsld-laval-centre-d-hebergement-et-de-soins-de-longue-duree-vigi-l-orch,Centre D'Hébergement Et De Soins De Longue Durée Vigi L'Orchidée Blanche,health,CHSLD,Laval,,,"2577, boulevard René-Laennec, Laval, QC H7K 3V4",45.61949920654297,-73.72250366210938,,,X,,donnees-quebec.ca/MSSS,f
QC,msss-chsld-laval-centre-d-hebergement-fernand-larocque,Centre D'Hébergement Fernand-Larocque,health,CHSLD,Laval,,,"5436, boulevard Lévesque Est, Laval, QC H7C 1N7",45.615501403808594,-73.64399719238281,,,X,,donnees-quebec.ca/MSSS,f
QC,msss-chsld-laval-centre-d-hebergement-la-piniere,Centre D'Hébergement La Pinière,health,CHSLD,Laval,,,"4895, rue Saint-Joseph, Laval, QC H7C 1H6",45.61130142211914,-73.64949798583984,,,X,,donnees-quebec.ca/MSSS,f
QC,msss-chsld-laval-centre-d-hebergement-sainte-dorothee,Centre D'Hébergement Sainte-Dorothée,health,CHSLD,Laval,,,"350, boulevard Samson, Laval, QC H7X 1J4",45.523799896240234,-73.80470275878906,,,X,,donnees-quebec.ca/MSSS,f
QC,msss-hopital-laval-centre-de-services-ambulatoires-de-laval,Centre De Services Ambulatoires De Laval,health,Hôpital,Laval,,,"1515, boulevard Chomedey, Laval, QC H7V 3Y7",45.55229949951172,-73.74620056152344,,,X,,donnees-quebec.ca/MSSS,f
QC,msss-hopital-laval-centre-de-services-ambulatoires-en-sante-mentale-rene-laenne,Centre De Services Ambulatoires En Santé Mentale René-Laennec,health,Hôpital,Laval,,,"2008, boulevard René-Laennec, Laval, QC H7M 4J8",45.608699798583984,-73.72029876708984,,,X,,donnees-quebec.ca/MSSS,f
QC,msss-clsc-laval-centre-multiservices-de-sante-et-de-services-sociaux-de-lava,Centre Multiservices De Santé Et De Services Sociaux De Laval,health,CLSC,Laval,,,"308, boulevard Cartier Ouest, Laval, QC H7N 2J2",45.554100036621094,-73.69950103759766,,,X,,donnees-quebec.ca/MSSS,f
QC,msss-hopital-laval-hopital-de-la-cite-de-la-sante,Hôpital De La Cité-De-La-Santé,health,Hôpital,Laval,,,"1755, boulevard René-Laennec, Laval, QC H7M 3L9",45.60329818725586,-73.71080017089844,,,X,,donnees-quebec.ca/MSSS,f
QC,msss-hopital-laval-hopital-juif-de-readaptation,Hôpital Juif De Réadaptation,health,Hôpital,Laval,,,"3205, place Alton-Goldbloom, Laval, QC H7V 1R2",45.54869842529297,-73.73760223388672,,,X,,donnees-quebec.ca/MSSS,f
QC,msss-chsld-laval-la-residence-du-bonheur,La Résidence Du Bonheur,health,CHSLD,Laval,,,"5855, rue Boulard, Laval, QC H7B 1A3",45.68659973144531,-73.64739990234375,,,X,,donnees-quebec.ca/MSSS,f
QC,msss-chsld-laval-maison-des-aines-de-chomedey,Maison Des Aînés De Chomedey,health,CHSLD,Laval,,,"540, boulevard des Prairies, Laval, QC H7V 1B5",45.540000915527344,-73.71920013427734,,,X,,donnees-quebec.ca/MSSS,f
QC,msss-chsld-laval-manoir-st-patrice,Manoir St-Patrice,health,CHSLD,Laval,,,"3615, boulevard Perron, Laval, QC H7V 1P4",45.54180145263672,-73.74099731445312,,,X,,donnees-quebec.ca/MSSS,f
QC,msss-chsld-laval-residence-riviera,Résidence Riviera,health,CHSLD,Laval,,,"2999, boulevard Notre-Dame, Laval, QC H7V 4C4",45.54869842529297,-73.7343978881836,,,X,,donnees-quebec.ca/MSSS,f
QC,msss-chsld-laval-sante-courville-de-laval,Santé Courville De Laval,health,CHSLD,Laval,,,"5200, 80e Rue, Laval, QC H7R 5T6",45.54330062866211,-73.8550033569336,,,X,,donnees-quebec.ca/MSSS,f
QC,h-cl-laval,Comité logement de Laval,housing,Comité logement,Laval,450-967-3138,https://comitelogementlaval.org,"295, boul. Cartier Ouest, bureau 5, Laval, QC H7N 2J5",,,,X,,,curated-housing-network,f
QC,lav-h1,La Maison de Jonathan – Laval,housing,Hébergement d'urgence,Laval,450-975-9997,,,45.6066,-73.7124,X,,,,,f
QC,h-omh-laval,Office municipal d'habitation de Laval,housing,Office municipal d'habitation,Laval,450-682-9272,https://omhlaval.ca,"1015, place Théodore-Robitaille, Laval, QC H7V 4R6",,,,X,,,curated-housing-network,f
QC,imm-cito-laval,Carrefour d'intercultures de Laval (CIL),immigration,Accueil – nouveaux arrivants,Laval,450-686-5871,https://cilaval.com,"1536, boul. Le Corbusier, bureau 210, Laval, QC H7S 2K1",,,,X,,,curated-immigration-network,f
QC,v-ssvp-st-justin,Centre d'aide et d'accueil aux nouveaux arrivants,immigration,Aide aux réfugiés,Laval,450-686-3115,,,45.5621,-73.7421,X,,,,,f
QC,lav-m1,Centre de Crise de Laval,mentalHealth,Crise psychologique,Laval,450-689-5580,,,45.6036,-73.7028,X,,,,,f
QC,mh-crise-laval,Centre de crise et de prévention du suicide de Laval,mentalHealth,Centre de crise,Laval,450-686-1992,https://centredecriselaval.com,,,,X,X,,,curated-mh-network,f
QC,lav-s1,Centraide Nord-de-l'Île / Laval,social,Références communautaires,Laval,450-686-2400,,,45.6066,-73.7124,X,,,,,f
QC,centre911-laval,Centre 911 de Laval,social,Centre 911,Laval,911,,,45.6066,-73.7124,X,,,,,f
QC,v-cab-laval,Centre d'action bénévole Laval,social,Aînés,Laval,450-681-6164,,,45.5775,-73.7232,X,,,,,f
QC,s-violence-laval,L'Aviron de Laval,social,Maison d'hébergement – violence conjugale,Laval,450-682-3050,https://aviron-laval.com,,,,X,X,,,curated-social-network,f
QC,v-maison-de-lina,Maison de Lina,social,Violence conjugale,Laval,450-682-3050,,,,,X,X,,,,f
QC,v-mira-bel,Mira-Bel,social,Violence conjugale,Laval,450-628-3457,,,,,X,X,,,,f
QC,saaq-laval,SAAQ — Bureau de Laval,social,Services gouvernementaux,Laval,1-800-361-7620,,,45.6066,-73.7124,X,,,,,f
QC,police-laval,Service de police de Laval (SPL),social,Service de police,Laval,450-662-4636,,,45.6066,-73.7124,X,,,,,f
QC,incendie-laval,Service de sécurité incendie de Laval (SSIL),social,Service des incendies,Laval,450-662-4900,,,45.6066,-73.7124,X,,,,,f
QC,msss-clsc-lavaltrie-clsc-de-lavaltrie,CLSC De Lavaltrie,health,CLSC,Lavaltrie,,,"1400, rue Notre-Dame, Lavaltrie, QC J5T 1M6",45.885101318359375,-73.27629852294922,,,X,,donnees-quebec.ca/MSSS,f
QC,msss-clsc-lebel-sur-quevillon-centre-de-sante-lebel,Centre De Santé Lebel,health,CLSC,Lebel-sur-Quévillon,,,"950, boulevard Quévillon Nord, Lebel-sur-Quévillon, QC J0Y 1X0",49.05609893798828,-76.9832992553711,,,X,,donnees-quebec.ca/MSSS,f
QC,msss-chsld-les-bergeronnes-chsld-des-bergeronnes,CHSLD Des Bergeronnes,health,CHSLD,Les Bergeronnes,,,"450, rue de la Mer, Les Bergeronnes, QC G0T 1G0",48.238800048828125,-69.54460144042969,,,X,,donnees-quebec.ca/MSSS,f
QC,msss-clsc-les-escoumins-centre-multiservices-de-sante-et-de-services-sociaux-des-esc,Centre Multiservices De Santé Et De Services Sociaux Des Escoumins,health,CLSC,Les Escoumins,,,"4, rue de l'Hôpital, Les Escoumins, QC G0T 1K0",48.35210037231445,-69.40709686279297,,,X,,donnees-quebec.ca/MSSS,f
QC,msss-clsc-les-hauteurs-clsc-de-les-hauteurs,CLSC De Les Hauteurs,health,CLSC,Les Hauteurs,,,"54, rue de l'Église, Les Hauteurs, QC G0K 1C0",48.377601623535156,-68.11289978027344,,,X,,donnees-quebec.ca/MSSS,f
QC,msss-clsc-les-mechins-clsc-les-mechins,CLSC Les Méchins,health,CLSC,Les Méchins,,,"110, rue Pelletier, Les Méchins, QC G0J 1T0",49.0005989074707,-66.97979736328125,,,X,,donnees-quebec.ca/MSSS,f
QC,msss-clsc-les-iles-de-la-madeleine-aire-ouverte-des-iles,Aire Ouverte Des Îles,health,CLSC,Les Îles-de-la-Madeleine,,,"333, chemin Principal, Les Îles-de-la-Madeleine, QC G4T 1E2",47.37620162963867,-61.86790084838867,,,X,,donnees-quebec.ca/MSSS,f
QC,msss-chsld-les-iles-de-la-madeleine-chsld-eudore-labrie,CHSLD Eudore-Labrie,health,CHSLD,Les Îles-de-la-Madeleine,,,"424, chemin Principal, Les Îles-de-la-Madeleine, QC G4T 1C9",47.375701904296875,-61.86759948730469,,,X,,donnees-quebec.ca/MSSS,f
QC,msss-chsld-les-iles-de-la-madeleine-chsld-plaisance,CHSLD Plaisance,health,CHSLD,Les Îles-de-la-Madeleine,,,"596, chemin Principal, Les Îles-de-la-Madeleine, QC G4T 1G1",47.37350082397461,-61.87300109863281,,,X,,donnees-quebec.ca/MSSS,f
QC,msss-clsc-les-iles-de-la-madeleine-clsc-de-bassin,CLSC De Bassin,health,CLSC,Les Îles-de-la-Madeleine,,,"599, chemin du Bassin (Bassin), Les Îles-de-la-Madeleine, QC G4T 0C8",47.22159957885742,-61.93349838256836,,,X,,donnees-quebec.ca/MSSS,f
QC,msss-clsc-les-iles-de-la-madeleine-clsc-de-cap-aux-meules,CLSC De Cap-Aux-Meules,health,CLSC,Les Îles-de-la-Madeleine,,,"420, chemin Principal (Cap-aux-Meules), Les Îles-de-la-Madeleine, QC G4T 1S1",47.37620162963867,-61.86790084838867,,,X,,donnees-quebec.ca/MSSS,f
QC,msss-clsc-les-iles-de-la-madeleine-clsc-de-l-ile-d-entree,CLSC De L'Île D'Entrée,health,CLSC,Les Îles-de-la-Madeleine,,,"124, chemin Big Hill, Les Îles-de-la-Madeleine, QC G4T 1Z2",47.273799896240234,-61.701698303222656,,,X,,donnees-quebec.ca/MSSS,f
QC,msss-hopital-les-iles-de-la-madeleine-hopital-de-l-archipel,Hôpital De L'Archipel,health,Hôpital,Les Îles-de-la-Madeleine,,,"430, chemin Principal, Les Îles-de-la-Madeleine, QC G4T 1R9",47.3755989074707,-61.86880111694336,,,X,,donnees-quebec.ca/MSSS,f
QC,msss-clsc-longue-pointe-de-mingan-clsc-de-longue-pointe-de-mingan,CLSC De Longue-Pointe-De-Mingan,health,CLSC,Longue-Pointe-de-Mingan,,,"870, chemin du Roi, Longue-Pointe-de-Mingan, QC G0G 1V0",50.27050018310547,-64.14129638671875,,,X,,donnees-quebec.ca/MSSS,f
QC,cpe-lng1,CPE Les Petits Loups – Longueuil,childcare,CPE subventionné,Longueuil,450-677-3323,,,45.5314,-73.5185,X,,,,,f
QC,lng-f1,Moisson Rive-Sud,food,Banque alimentaire,Longueuil,450-651-6893,,,45.5185,-73.4793,X,,,,,f
QC,ambulance-cetam,CETAM — Services ambulanciers Montérégie,health,Service ambulancier,Longueuil,450-677-4411,,,45.5313,-73.5185,X,,,,,f
QC,msss-chsld-longueuil-chsld-argyle-longueuil,CHSLD Argyle - Longueuil,health,CHSLD,Longueuil,,,"1205, chemin Du Tremblay, Longueuil, QC J4N 1R4",45.53730010986328,-73.46399688720703,,,X,,donnees-quebec.ca/MSSS,f
QC,msss-chsld-longueuil-chsld-henriette-cere,CHSLD Henriette-Céré,health,CHSLD,Longueuil,,,"6435, chemin de Chambly, Longueuil, QC J3Y 3R6",45.49660110473633,-73.40399932861328,,,X,,donnees-quebec.ca/MSSS,f
QC,msss-chsld-longueuil-chsld-marguerite-rocheleau,CHSLD Marguerite-Rocheleau,health,CHSLD,Longueuil,,,"8105, boulevard Cousineau, Longueuil, QC J3Z 0G6",45.47710037231445,-73.38249969482422,,,X,,donnees-quebec.ca/MSSS,f
QC,msss-clsc-longueuil-clsc-cousineau,CLSC Cousineau,health,CLSC,Longueuil,,,"5928, boulevard Cousineau, Longueuil, QC J3Y 7R9",45.49729919433594,-73.40910339355469,,,X,,donnees-quebec.ca/MSSS,f
QC,msss-clsc-longueuil-clsc-de-longueuil-ouest,CLSC De Longueuil-Ouest,health,CLSC,Longueuil,,,"201, boulevard Curé-Poirier Ouest, Longueuil, QC J4J 2G4",45.5275993347168,-73.48320007324219,,,X,,donnees-quebec.ca/MSSS,f
QC,hlth-aim1,CLSC Samuel-de-Champlain – Brossard,health,CLSC,Longueuil,450-445-4452,,,45.4456,-73.46,X,,,,,f
QC,msss-clsc-longueuil-clsc-simonne-monet-chartrand,CLSC Simonne-Monet-Chartrand,health,CLSC,Longueuil,,,"1303, boulevard Jacques-Cartier Est, Longueuil, QC J4M 2Y8",45.53609848022461,-73.45850372314453,,,X,,donnees-quebec.ca/MSSS,f
QC,msss-chsld-longueuil-centre-d-hebergement-de-monseigneur-coderre,Centre D'Hébergement De Monseigneur-Coderre,health,CHSLD,Longueuil,,,"2761, rue Beauvais, Longueuil, QC J4M 2A4",45.535499572753906,-73.45210266113281,,,X,,donnees-quebec.ca/MSSS,f
QC,msss-chsld-longueuil-centre-d-hebergement-du-chevalier-de-levis,Centre D'Hébergement Du Chevalier-De Lévis,health,CHSLD,Longueuil,,,"40, rue Lévis, Longueuil, QC J4H 1S5",45.538700103759766,-73.50260162353516,,,X,,donnees-quebec.ca/MSSS,f
QC,msss-chsld-longueuil-centre-d-hebergement-du-manoir-trinite,Centre D'Hébergement Du Manoir-Trinité,health,CHSLD,Longueuil,,,"1275, boulevard Jacques-Cartier Est, Longueuil, QC J4M 2Y8",45.535400390625,-73.45939636230469,,,X,,donnees-quebec.ca/MSSS,f
QC,msss-chsld-longueuil-centre-d-hebergement-et-de-soins-de-longue-duree-vigi-de-mon,Centre D'Hébergement Et De Soins De Longue Durée Vigi De Montérégie,health,CHSLD,Longueuil,,,"2042, boulevard Marie, Longueuil, QC J4T 2B4",45.498600006103516,-73.48139953613281,,,X,,donnees-quebec.ca/MSSS,f
QC,msss-chsld-longueuil-centre-d-hebergement-rene-levesque,Centre D'Hébergement René-Lévesque,health,CHSLD,Longueuil,,,"1901, rue Claude, Longueuil, QC J4G 1Y5",45.567501068115234,-73.47949981689453,,,X,,donnees-quebec.ca/MSSS,f
QC,msss-hopital-longueuil-centre-de-services-ambulatoires-de-greenfield-park,Centre De Services Ambulatoires De Greenfield Park,health,Hôpital,Longueuil,,,"5000, boulevard Taschereau, bureau 502, Longueuil, QC J4V 3M3",45.48189926147461,-73.4657974243164,,,X,,donnees-quebec.ca/MSSS,f
QC,msss-hopital-longueuil-centre-de-services-ambulatoires-de-la-rue-beauregard,Centre De Services Ambulatoires De La Rue Beauregard,health,Hôpital,Longueuil,,,"1255, rue Beauregard, Longueuil, QC J4K 2M3",45.510501861572266,-73.48729705810547,,,X,,donnees-quebec.ca/MSSS,f
QC,msss-hopital-longueuil-centre-de-services-ambulatoires-en-sante-mentale-de-l-avenue,Centre De Services Ambulatoires En Santé Mentale De L'Avenue Victoria,health,Hôpital,Longueuil,,,"1406, avenue Victoria, Longueuil, QC J4V 1M1",45.489898681640625,-73.49250030517578,,,X,,donnees-quebec.ca/MSSS,f
QC,msss-hopital-longueuil-centre-de-services-ambulatoires-en-sante-mentale-de-la-rue-l,Centre De Services Ambulatoires En Santé Mentale De La Rue Labonté,health,Hôpital,Longueuil,,,"190, rue Labonté, Longueuil, QC J4H 2P7",45.534000396728516,-73.51129913330078,,,X,,donnees-quebec.ca/MSSS,f
QC,msss-hopital-longueuil-centre-de-services-ambulatoires-en-sante-mentale-de-longueui,Centre De Services Ambulatoires En Santé Mentale De Longueuil,health,Hôpital,Longueuil,,,"1225, rue Saint-Charles Ouest, bureau 17, Longueuil, QC J4K 0B9",45.522701263427734,-73.52050018310547,,,X,,donnees-quebec.ca/MSSS,f
QC,msss-hopital-longueuil-centre-de-services-ambulatoires-en-sante-mentale-du-boulevar,Centre De Services Ambulatoires En Santé Mentale Du Boulevard Taschereau,health,Hôpital,Longueuil,,,"2924, boulevard Taschereau, Longueuil, QC J4V 2G8",45.499900817871094,-73.48760223388672,,,X,,donnees-quebec.ca/MSSS,f
QC,msss-hopital-longueuil-centre-de-services-ambulatoires-et-institut-nazareth-et-loui,Centre De Services Ambulatoires Et Institut Nazareth Et Louis-Braille Saint-Charles Ouest,health,Hôpital,Longueuil,,,"1111, rue Saint-Charles Ouest, Longueuil, QC J4K 5G4",45.52640151977539,-73.5197982788086,,,X,,donnees-quebec.ca/MSSS,f
QC,msss-clsc-longueuil-centre-de-services-ambulatoires-clsc-et-groupe-de-medecine-d,"Centre De Services Ambulatoires, CLSC Et Groupe De Médecine De Famille Universitaire De Saint-Hubert",health,CLSC,Longueuil,,,"6800, boulevard Cousineau, Longueuil, QC J3Y 8Z4",45.492801666259766,-73.4032974243164,,,X,,donnees-quebec.ca/MSSS,f
QC,msss-hopital-longueuil-hopital-charles-le-moyne,Hôpital Charles-Le Moyne,health,Hôpital,Longueuil,,,"3120, boulevard Taschereau, Longueuil, QC J4V 2H1",45.49729919433594,-73.48639678955078,,,X,,donnees-quebec.ca/MSSS,f
QC,msss-clsc-longueuil-hopital-pierre-boucher,Hôpital Pierre-Boucher,health,CLSC,Longueuil,,,"1333, boulevard Jacques-Cartier Est, Longueuil, QC J4M 2A5",45.538299560546875,-73.45880126953125,,,X,,donnees-quebec.ca/MSSS,f
QC,msss-chsld-longueuil-maison-des-aines-et-alternative-de-longueuil,Maison Des Aînés Et Alternative De Longueuil,health,CHSLD,Longueuil,,,"1225, boulevard Jacques-Cartier Est, Longueuil, QC J4M 2Y8",45.5359992980957,-73.46009826660156,,,X,,donnees-quebec.ca/MSSS,f
QC,msss-hopital-longueuil-pole-de-l-hopital-pierre-boucher-bellagio,Pôle De L'Hôpital Pierre-Boucher - Bellagio,health,Hôpital,Longueuil,,,"1205, chemin du Tremblay, Longueuil, QC J4N 1R4",45.53730010986328,-73.46399688720703,,,X,,donnees-quebec.ca/MSSS,f
QC,v-tournant-rive-sud,L'Auberge du cœur Le Tournant,housing,Refuge jeunes,Longueuil,450-651-1901,,,45.5388,-73.518,X,,,,,f
QC,lng-h1,Maison Marguerite – Longueuil,housing,Hébergement femmes,Longueuil,450-679-4774,,,45.5313,-73.5185,X,,,,,f
QC,h-omh-longueuil,Office municipal d'habitation de Longueuil,housing,Office municipal d'habitation,Longueuil,450-670-1278,https://omhl.ca,"300, rue Saint-Jean, Longueuil, QC J4H 2X4",,,,X,,,curated-housing-network,f
QC,lng-m1,Centre de Crise de la Montérégie,mentalHealth,Crise psychologique,Longueuil,450-443-0478,,,45.5313,-73.5185,X,,,,,f
QC,mh-crise-rive-sud,Centre de crise Rive-Sud (L'Accolade),mentalHealth,Centre de crise,Longueuil,450-679-8689,https://accolade.qc.ca,,,,X,X,,,curated-mh-network,f
QC,centre911-longueuil,Centre 911 — Agglomération de Longueuil,social,Centre 911,Longueuil,911,,,45.5313,-73.5185,X,,,,,f
QC,s-rive-femmes-longueuil,Centre de femmes l'Essentielle,social,Centre de femmes,Longueuil,450-651-3032,https://lessentielle.org,,,,X,X,,,curated-social-network,f
QC,v-avant-garde,L'Avant-Garde,social,Violence conjugale,Longueuil,450-442-0007,,,,,X,X,,,,f
QC,saaq-longueuil,SAAQ — Bureau de Longueuil,social,Services gouvernementaux,Longueuil,1-800-361-7620,,,45.5315,-73.5189,X,,,,,f
QC,police-longueuil,Service de police de l'agglomération de Longueuil (SPAL),social,Service de police,Longueuil,450-463-7211,,,45.5313,-73.5185,X,,,,,f
QC,incendie-longueuil,Service de sécurité incendie de Longueuil,social,Service des incendies,Longueuil,450-646-8800,,,45.5313,-73.5185,X,,,,,f
QC,emp-cremauricie-louiseville,Coopérative de remplacement de la Mauricie – MRC de Maskinongé,employment,Agence de placement,Louiseville,819-370-3660,https://cremauricie.com,"760, boulevard Saint-Laurent Est, Louiseville, QC J5V 1H9",,,,X,,,curated-mauricie,f
QC,emp-sit-mauricie-louiseville,SIT Mauricie – Service d'intégration au travail (Louiseville),employment,Insertion socioprofessionnelle,Louiseville,819-228-5832,https://www.sitmauricie.com,"44, rue Saint-François-Xavier, Louiseville, QC J5V 2B7",,,,X,,,curated-mauricie,f
QC,msss-clsc-louiseville-centre-multiservices-de-sante-et-de-services-sociaux-avellin,Centre Multiservices De Santé Et De Services Sociaux Avellin-Dalcourt,health,CLSC,Louiseville,,,"450, 2e Rue, Louiseville, QC J5V 1V3",46.254600524902344,-72.92900085449219,,,X,,donnees-quebec.ca/MSSS,f
QC,msss-clsc-louiseville-centre-multiservices-de-sante-et-de-services-sociaux-comtois,Centre Multiservices De Santé Et De Services Sociaux Comtois,health,CLSC,Louiseville,,,"41, boulevard Comtois, Louiseville, QC J5V 2H8",46.255001068115234,-72.95189666748047,,,X,,donnees-quebec.ca/MSSS,f
QC,msss-clsc-low-clsc-de-low,CLSC De Low,health,CLSC,Low,,,"334, route 105, Low, QC J0X 2C0",45.809200286865234,-75.94969940185547,,,X,,donnees-quebec.ca/MSSS,f
QC,msss-chsld-lyster-centre-d-hebergement-de-lyster,Centre D'Hébergement De Lyster,health,CHSLD,Lyster,,,"2180, rue Bécancour, Lyster, QC G0S 1V0",46.37070083618164,-71.62049865722656,,,X,,donnees-quebec.ca/MSSS,f
QC,lev-f1,Moisson Chaudière-Appalaches,food,Banque alimentaire,Lévis,418-839-8088,,,46.8,-71.18,X,,,,,f
QC,msss-hopital-levis-chsld-et-hopital-paul-gilbert,CHSLD Et Hôpital Paul-Gilbert,health,Hôpital,Lévis,,,"9330, boulevard du Centre-Hospitalier, Lévis, QC G6X 1L6",46.725399017333984,-71.2593994140625,,,X,,donnees-quebec.ca/MSSS,f
QC,msss-clsc-levis-clsc-de-saint-romuald,CLSC De Saint-Romuald,health,CLSC,Lévis,,,"200-1205, boulevard Guillaume-Couture, Lévis, QC G6W 0J6",46.73540115356445,-71.26349639892578,,,X,,donnees-quebec.ca/MSSS,f
QC,msss-chsld-levis-centre-d-accueil-saint-joseph-de-levis,Centre D'Accueil Saint-Joseph De Lévis,health,CHSLD,Lévis,,,"5445, rue Saint-Louis, Lévis, QC G6V 4G9",46.79909896850586,-71.1886978149414,,,X,,donnees-quebec.ca/MSSS,f
QC,msss-chsld-levis-centre-d-hebergement-champlain-chanoine-audet,Centre D'Hébergement Champlain - Chanoine-Audet,health,CHSLD,Lévis,,,"2155, chemin du Sault, Lévis, QC G6W 2K7",46.75529861450195,-71.23770141601562,,,X,,donnees-quebec.ca/MSSS,f
QC,msss-hopital-levis-centre-de-services-ambulatoires-de-chaudiere-appalaches,Centre De Services Ambulatoires De Chaudière-Appalaches,health,Hôpital,Lévis,,,"950, rue de la Concorde, Lévis, QC G6W 8A8",46.72710037231445,-71.27239990234375,,,X,,donnees-quebec.ca/MSSS,f
QC,msss-hopital-levis-centre-de-services-ambulatoires-de-levis,Centre De Services Ambulatoires De Lévis,health,Hôpital,Lévis,,,"106, rue Jean-XXIII, Lévis, QC G6V 2K1",46.81570053100586,-71.17489624023438,,,X,,donnees-quebec.ca/MSSS,f
QC,msss-hopital-levis-centre-de-services-ambulatoires-en-pedopsychiatrie-de-levis,Centre De Services Ambulatoires En Pédopsychiatrie De Lévis,health,Hôpital,Lévis,,,"6550, rue Saint-Georges, Lévis, QC G6V 6X2",46.8129997253418,-71.17369842529297,,,X,,donnees-quebec.ca/MSSS,f
QC,msss-hopital-levis-centre-de-services-ambulatoires-en-sante-mentale-de-levis,Centre De Services Ambulatoires En Santé Mentale De Lévis,health,Hôpital,Lévis,,,"101, rue Saint-Dominique, Lévis, QC G6V 2M8",46.8213005065918,-71.1791000366211,,,X,,donnees-quebec.ca/MSSS,f
QC,msss-chsld-levis-centre-de-services-externes-pour-les-aines-de-saint-romuald,Centre De Services Externes Pour Les Aînés De Saint-Romuald,health,CHSLD,Lévis,,,"2157, chemin du Sault, Lévis, QC G6W 2K7",46.75529861450195,-71.23770141601562,,,X,,donnees-quebec.ca/MSSS,f
QC,msss-clsc-levis-centre-multiservices-de-sante-et-de-services-sociaux-de-levi,Centre Multiservices De Santé Et De Services Sociaux De Lévis,health,CLSC,Lévis,,,"99, rue du Mont-Marie, Lévis, QC G6V 0M4",46.81340026855469,-71.17669677734375,,,X,,donnees-quebec.ca/MSSS,f
QC,msss-clsc-levis-centre-multiservices-de-sante-et-de-services-sociaux-monseig,Centre Multiservices De Santé Et De Services Sociaux Monseigneur-Bourget,health,CLSC,Lévis,,,"100, rue Monseigneur-Bourget, Lévis, QC G6V 2Y9",46.81769943237305,-71.15689849853516,,,X,,donnees-quebec.ca/MSSS,f
QC,msss-hopital-levis-groupe-de-medecine-de-famille-universitaire-de-levis,Groupe De Médecine De Famille Universitaire De Lévis,health,Hôpital,Lévis,,,"100-1205, boulevard Guillaume-Couture, Lévis, QC G6W 0J4",46.73540115356445,-71.26349639892578,,,X,,donnees-quebec.ca/MSSS,f
QC,msss-hopital-levis-hotel-dieu-de-levis,Hôtel-Dieu De Lévis,health,Hôpital,Lévis,,,"143, rue Wolfe, Lévis, QC G6V 3Z1",46.814998626708984,-71.17729949951172,,,X,,donnees-quebec.ca/MSSS,f
QC,msss-clsc-levis-maison-de-naissance-mimosa,Maison De Naissance Mimosa,health,CLSC,Lévis,,,"182, rue de Saint-Romuald, Lévis, QC G6W 3G9",46.75579833984375,-71.23789978027344,,,X,,donnees-quebec.ca/MSSS,f
QC,msss-chsld-levis-maison-des-aines-et-alternative-de-saint-etienne-de-lauzon,Maison Des Aînés Et Alternative De Saint-Étienne-De-Lauzon,health,CHSLD,Lévis,,,"540, avenue Albert-Rousseau, Lévis, QC G6J 2C7",46.65869903564453,-71.30390167236328,,,X,,donnees-quebec.ca/MSSS,f
QC,msss-chsld-levis-pavillon-bellevue,Pavillon Bellevue,health,CHSLD,Lévis,,,"99, rue Monseigneur-Bourget, Lévis, QC G6V 9V2",46.81909942626953,-71.15670013427734,,,X,,donnees-quebec.ca/MSSS,f
QC,ambulance-chaudiere,Services ambulanciers — Chaudière-Appalaches,health,Service ambulancier,Lévis,418-380-8996,,,46.8036,-71.1759,X,,,,,f
QC,lev-h1,Maison Revivre – Lévis,housing,Hébergement d'urgence,Lévis,418-833-0422,,,46.8036,-71.1759,X,,,,,f
QC,h-omh-levis,Office municipal d'habitation de Lévis,housing,Office municipal d'habitation,Lévis,418-833-1531,https://omhlevis.com,"1700, av. Taniata, Lévis, QC G6Z 0G3",,,,X,,,curated-housing-network,f
QC,mh-cps-cdq,Centre de prévention du suicide les Deux-Rives,mentalHealth,Centre de prévention du suicide,Lévis,1-866-277-3553,https://cps2rives.ca,,,,X,X,,,curated-mh-network,f
QC,centre911-levis,Centre 911 de Lévis — Chaudière-Appalaches,social,Centre 911,Lévis,911,,,46.8036,-71.1759,X,,,,,f
QC,police-levis,Service de police de Lévis (SPLévis),social,Service de police,Lévis,418-835-0404,,,46.8036,-71.1759,X,,,,,f
QC,incendie-levis,Service de sécurité incendie de Lévis,social,Service des incendies,Lévis,418-833-7777,,,46.8036,-71.1759,X,,,,,f
QC,msss-clsc-macamic-centre-multiservices-de-sante-et-de-services-sociaux-de-maca,Centre Multiservices De Santé Et De Services Sociaux De Macamic,health,CLSC,Macamic,,,"169, 7e Avenue Est, Macamic, QC J0Z 2S0",48.75699996948242,-78.98539733886719,,,X,,donnees-quebec.ca/MSSS,f
QC,msss-clsc-magog-clsc-de-magog,CLSC De Magog,health,CLSC,Magog,,,"200-1700, rue Sherbrooke, Magog, QC J1X 5B4",45.276100158691406,-72.13040161132812,,,X,,donnees-quebec.ca/MSSS,f
QC,msss-clsc-magog-centre-multiservices-de-sante-et-de-services-sociaux-de-memp,Centre Multiservices De Santé Et De Services Sociaux De Memphrémagog,health,CLSC,Magog,,,"50, rue Saint-Patrice Est, Magog, QC J1X 3X3",45.265098571777344,-72.14510345458984,,,X,,donnees-quebec.ca/MSSS,f
QC,msss-chsld-magog-maison-des-aines-et-alternative-de-magog,Maison Des Aînés Et Alternative De Magog,health,CHSLD,Magog,,,"15, chemin Southière, Magog, QC J1X 0P1",45.27859878540039,-72.18119812011719,,,X,,donnees-quebec.ca/MSSS,f
QC,msss-chsld-malartic-chsld-de-malartic,CHSLD De Malartic,health,CHSLD,Malartic,,,"987, rue des Pins, Malartic, QC J0Y 1Z0",48.14189910888672,-78.12889862060547,,,X,,donnees-quebec.ca/MSSS,f
QC,msss-clsc-malartic-hopital-en-sante-mentale-et-clsc-de-malartic,Hôpital En Santé Mentale Et CLSC De Malartic,health,CLSC,Malartic,,,"1141, rue Royale, Malartic, QC J0Y 1Z0",48.14149856567383,-78.12840270996094,,,X,,donnees-quebec.ca/MSSS,f
QC,msss-clsc-maniwaki-clsc-de-maniwaki,CLSC De Maniwaki,health,CLSC,Maniwaki,,,"149, rue Principale Nord, Maniwaki, QC J9E 2B7",46.3838996887207,-75.9845962524414,,,X,,donnees-quebec.ca/MSSS,f
QC,msss-hopital-maniwaki-hopital-de-maniwaki,Hôpital De Maniwaki,health,Hôpital,Maniwaki,,,"309, boulevard Desjardins, Maniwaki, QC J9E 2E7",46.390899658203125,-75.97940063476562,,,X,,donnees-quebec.ca/MSSS,f
QC,msss-chsld-maniwaki-maison-des-aines-et-alternative-de-maniwaki,Maison Des Aînés Et Alternative De Maniwaki,health,CHSLD,Maniwaki,,,"321, boulevard Desjardins, Maniwaki, QC J9E 2E6",46.39120101928711,-75.97720336914062,,,X,,donnees-quebec.ca/MSSS,f
QC,msss-chsld-mansfield-et-pontefract-centre-d-hebergement-de-mansfield-et-pontefract,Centre D'Hébergement De Mansfield-Et-Pontefract,health,CHSLD,Mansfield-et-Pontefract,,,"230, chemin de la Chute, Mansfield-et-Pontefract, QC J0X 1R0",45.85390090942383,-76.7219009399414,,,X,,donnees-quebec.ca/MSSS,f
QC,msss-clsc-mansfield-et-pontefract-centre-multiservices-de-sante-et-de-services-sociaux-de-mans,Centre Multiservices De Santé Et De Services Sociaux De Mansfield-Et-Pontefract,health,CLSC,Mansfield-et-Pontefract,,,"160, Chemin de la Chute, Mansfield-et-Pontefract, QC J0X 1R0",45.84749984741211,-76.72969818115234,,,X,,donnees-quebec.ca/MSSS,f
QC,baq-moisson-gaspesie,Moisson Gaspésie–Les Îles,food,Banque alimentaire régionale,Maria,418-759-3300,https://moissongaspesielesiles.com,"475, boul. Perron Ouest, Maria, QC G0C 1Y0",,,,X,,,curated-baq-network,f
QC,msss-chsld-maria-centre-d-hebergement-et-de-readaptation-de-maria,Centre D'Hébergement Et De Réadaptation De Maria,health,CHSLD,Maria,,,"491, boulevard Perron, Maria, QC G0C 1Y0",48.17359924316406,-65.98580169677734,,,X,,donnees-quebec.ca/MSSS,f
QC,msss-hopital-maria-hopital-et-groupe-de-medecine-de-famille-universitaire-de-ma,Hôpital Et Groupe De Médecine De Famille Universitaire De Maria,health,Hôpital,Maria,,,"419, boulevard Perron, Maria, QC G0C 1Y0",48.1692008972168,-65.99349975585938,,,X,,donnees-quebec.ca/MSSS,f
QC,msss-chsld-marieville-chsld-sainte-croix,CHSLD Sainte-Croix,health,CHSLD,Marieville,,,"300, rue du Docteur-Poulin, Marieville, QC J3M 1L7",45.43519973754883,-73.1593017578125,,,X,,donnees-quebec.ca/MSSS,f
QC,msss-clsc-marsoui-clsc-de-marsoui,CLSC De Marsoui,health,CLSC,Marsoui,,,"8, rue Principale Est, Marsoui, QC G0E 1S0",49.21500015258789,-66.06700134277344,,,X,,donnees-quebec.ca/MSSS,f
QC,msss-chsld-mascouche-centre-d-hebergement-et-de-soins-de-longue-duree-vigi-yves-b,Centre D'Hébergement Et De Soins De Longue Durée Vigi Yves-Blais,health,CHSLD,Mascouche,,,"2893, avenue des Ancêtres, Mascouche, QC J7K 1X6",45.74509811401367,-73.60569763183594,,,X,,donnees-quebec.ca/MSSS,f
QC,msss-chsld-mascouche-maison-des-aines-de-mascouche,Maison Des Aînés De Mascouche,health,CHSLD,Mascouche,,,"1500, rue Prudent-Beaudry, Mascouche, QC J7K 0Z4",45.72529983520508,-73.61470031738281,,,X,,donnees-quebec.ca/MSSS,f
QC,incendie-mascouche,Service de sécurité incendie de Mascouche,social,Service des incendies,Mascouche,450-474-4133,,,45.7523,-73.6007,X,,,,,f
QC,msss-chsld-mashteuiatsh-centre-tshishemishk,Centre Tshishemishk,health,CHSLD,Mashteuiatsh,,,"1823, rue Amishk, Mashteuiatsh, QC G0W 2H0",48.580101013183594,-72.2332992553711,,,X,,donnees-quebec.ca/MSSS,f
QC,msss-clsc-matagami-centre-de-sante-isle-dieu,Centre De Santé Isle-Dieu,health,CLSC,Matagami,,,"130, boulevard  Matagami, Matagami, QC J0Y 2A0",49.75680160522461,-77.62830352783203,,,X,,donnees-quebec.ca/MSSS,f
QC,mat-f1,Dépannage alimentaire Matane,food,Dépannage alimentaire,Matane,418-562-4444,,,48.8503,-67.531,X,,,,,f
QC,msss-clsc-matane-clsc-de-matane,CLSC De Matane,health,CLSC,Matane,,,"349, avenue Saint-Jérôme, Édifice Bon-Pa, Matane, QC G4W 3A8",48.84600067138672,-67.52999877929688,,,X,,donnees-quebec.ca/MSSS,f
QC,msss-chsld-matane-centre-d-hebergement-de-matane,Centre D'Hébergement De Matane,health,CHSLD,Matane,,,"150, avenue Saint-Jérôme, Matane, QC G4W 3A2",48.84090042114258,-67.53199768066406,,,X,,donnees-quebec.ca/MSSS,f
QC,msss-hopital-matane-hopital-de-matane,Hôpital De Matane,health,Hôpital,Matane,,,"333, rue Thibault, Matane, QC G4W 2W5",48.84360122680664,-67.52439880371094,,,X,,donnees-quebec.ca/MSSS,f
QC,incendie-matane,Service de sécurité incendie de Matane,social,Service des incendies,Matane,418-562-2333,,,48.8456,-67.5319,X,,,,,f
QC,msss-clsc-matapedia-centre-multiservices-de-sante-et-de-services-sociaux-malauze,Centre Multiservices De Santé Et De Services Sociaux Malauze,health,CLSC,Matapédia,,,"14, boulevard Perron, Matapédia, QC G0J 1V0",47.977901458740234,-66.93669891357422,,,X,,donnees-quebec.ca/MSSS,f
QC,msss-clsc-mirabel-clsc-de-mirabel,CLSC De Mirabel,health,CLSC,Mirabel,,,"8467, rue Saint-Jacques, Mirabel, QC J7N 2A3",45.6338005065918,-73.98300170898438,,,X,,donnees-quebec.ca/MSSS,f
QC,msss-chsld-mirabel-centre-d-hebergement-de-saint-benoit,Centre D'Hébergement De Saint-Benoît,health,CHSLD,Mirabel,,,"9100, rue Dumouchel, Mirabel, QC J7N 5A1",45.56520080566406,-74.0969009399414,,,X,,donnees-quebec.ca/MSSS,f
QC,msss-chsld-mirabel-maison-des-aines-de-saint-canut,Maison Des Aînés De Saint-Canut,health,CHSLD,Mirabel,,,"9525, rue Magloire-Lavallée, Mirabel, QC J7N 3C7",45.69889831542969,-74.09459686279297,,,X,,donnees-quebec.ca/MSSS,f
QC,police-mirabel,Service de police de Mirabel,social,Service de police,Mirabel,450-476-7979,,,45.65,-74.0833,X,,,,,f
QC,msss-clsc-mistissini-cmc-mistissini,Cmc Mistissini,health,CLSC,Mistissini,,,"302, rue Queen, Mistissini, QC G0W 1C0",50.413299560546875,-73.86589813232422,,,X,,donnees-quebec.ca/MSSS,f
QC,msss-clsc-mistissini-msdc-mistissini,Msdc Mistissini,health,CLSC,Mistissini,,,"304, rue Queen, Mistissini, QC G0W 1C0",50.41270065307617,-73.86620330810547,,,X,,donnees-quebec.ca/MSSS,f
QC,msss-clsc-moffet-clsc-de-moffet,CLSC De Moffet,health,CLSC,Moffet,,,"14-A, rue Principale, Moffet, QC J0Z 2W0",47.54330062866211,-78.9520034790039,,,X,,donnees-quebec.ca/MSSS,f
QC,baq-moisson-mitis,Moisson Mitis,food,Banque alimentaire régionale,Mont-Joli,418-775-4144,https://moissonmitis.org,"39, av. Ross, Mont-Joli, QC G5H 1T2",,,,X,,,curated-baq-network,f
QC,msss-clsc-mont-joli-aire-ouverte-de-mont-joli,Aire Ouverte De Mont-Joli,health,CLSC,Mont-Joli,,,"19, avenue Lebel, Mont-Joli, QC G5H 1K3",48.5890998840332,-68.19419860839844,,,X,,donnees-quebec.ca/MSSS,f
QC,msss-clsc-mont-joli-centre-de-sante-et-de-services-sociaux-de-la-mitis,Centre De Santé Et De Services Sociaux De La Mitis,health,CLSC,Mont-Joli,,,"800, avenue du Sanatorium, Mont-Joli, QC G5H 3L6",48.5723991394043,-68.21620178222656,,,X,,donnees-quebec.ca/MSSS,f
QC,msss-clsc-mont-joli-maison-de-naissance-colette-julien,Maison De Naissance Colette-Julien,health,CLSC,Mont-Joli,,,"40, avenue Saint-Paul, Mont-Joli, QC G5H 1B9",48.593101501464844,-68.19740295410156,,,X,,donnees-quebec.ca/MSSS,f
QC,msss-clsc-mont-laurier-clsc-de-mont-laurier,CLSC De Mont-Laurier,health,CLSC,Mont-Laurier,,,"767, rue de la Madone, Mont-Laurier, QC J9L 1T3",46.55670166015625,-75.49449920654297,,,X,,donnees-quebec.ca/MSSS,f
QC,msss-hopital-mont-laurier-centre-de-services-ambulatoires-de-mont-laurier,Centre De Services Ambulatoires De Mont-Laurier,health,Hôpital,Mont-Laurier,,,"942, boulevard Albiny-Paquette, Mont-Laurier, QC J9L 1L4",46.55059814453125,-75.48699951171875,,,X,,donnees-quebec.ca/MSSS,f
QC,msss-clsc-mont-laurier-centre-multiservices-de-sante-et-de-services-sociaux-de-mont,Centre Multiservices De Santé Et De Services Sociaux De Mont-Laurier,health,CLSC,Mont-Laurier,,,"757, rue de la Madone, Mont-Laurier, QC J9L 1T3",46.556400299072266,-75.49490356445312,,,X,,donnees-quebec.ca/MSSS,f
QC,msss-chsld-mont-laurier-centre-multiservices-de-sante-et-de-services-sociaux-sainte-,Centre Multiservices De Santé Et De Services Sociaux Sainte-Anne,health,CHSLD,Mont-Laurier,,,"411, rue de la Madone, Mont-Laurier, QC J9L 1S1",46.551700592041016,-75.50189971923828,,,X,,donnees-quebec.ca/MSSS,f
QC,msss-hopital-mont-laurier-hopital-de-mont-laurier,Hôpital De Mont-Laurier,health,Hôpital,Mont-Laurier,,,"2561, chemin de la Lièvre Sud, Mont-Laurier, QC J9L 3G3",46.549198150634766,-75.5177001953125,,,X,,donnees-quebec.ca/MSSS,f
QC,msss-chsld-mont-royal-centre-d-hebergement-et-de-soins-de-longue-duree-vigi-de-mon,Centre D'Hébergement Et De Soins De Longue Durée Vigi De Mont-Royal,health,CHSLD,Mont-Royal,,,"275, avenue Brittany, Mont-Royal, QC H3P 3C2",45.525001525878906,-73.6510009765625,,,X,,donnees-quebec.ca/MSSS,f
QC,msss-clsc-mont-tremblant-clsc-de-mont-tremblant,CLSC De Mont-Tremblant,health,CLSC,Mont-Tremblant,,,"635, rue Léonard, Mont-Tremblant, QC J8E 3H9",46.11539840698242,-74.59539794921875,,,X,,donnees-quebec.ca/MSSS,f
QC,msss-chsld-mont-tremblant-centre-d-hebergement-de-mont-tremblant,Centre D'Hébergement De Mont-Tremblant,health,CHSLD,Mont-Tremblant,,,"925, rue de Saint-Jovite, Mont-Tremblant, QC J8E 3J8",46.11790084838867,-74.59380340576172,,,X,,donnees-quebec.ca/MSSS,f
QC,msss-hopital-mont-tremblant-centre-de-services-externes-pour-les-aines-et-services-ambul,Centre De Services Externes Pour Les Aînés Et Services Ambulatoires De Mont-Tremblant,health,Hôpital,Mont-Tremblant,,,"2450-2555, rue de l'Aulnaie, suites 104,, Mont-Tremblant, QC J8E 0E5",46.1161994934082,-74.5823974609375,,,X,,donnees-quebec.ca/MSSS,f
QC,msss-clsc-montmagny-clsc-et-chsld-de-montmagny,CLSC Et CHSLD De Montmagny,health,CLSC,Montmagny,,,"168, rue Saint-Joseph, Montmagny, QC G5V 1H8",46.982200622558594,-70.55400085449219,,,X,,donnees-quebec.ca/MSSS,f
QC,msss-hopital-montmagny-hopital-de-montmagny,Hôpital De Montmagny,health,Hôpital,Montmagny,,,"350, boulevard Taché Ouest, Montmagny, QC G5V 3R8",46.97639846801758,-70.5967025756836,,,X,,donnees-quebec.ca/MSSS,f
QC,cpe-mtl2,CPE La Ruche – Rosemont,childcare,CPE subventionné,Montréal,514-524-3867,,,45.5462,-73.5827,X,,,,,f
QC,cpe-mtl1,CPE Les Coccinelles – Montréal,childcare,CPE subventionné,Montréal,514-722-1234,,,45.5647,-73.6821,X,,,,,f
QC,cpe-mtl3,Garderie non subventionnée – Programme place à 0 $,childcare,Garderie non subventionnée,Montréal,514-729-7000,,,45.5017,-73.5673,X,,,,,f
QC,cpe-mtl4,YMCA Services de garde – Montréal,childcare,Garderie non subventionnée,Montréal,514-849-5331,,,45.505,-73.5674,X,,,,,f
QC,emp-axtra,AXTRA – Alliance des centres-conseils en emploi,employment,Aide CV et entrevue,Montréal,514-721-3051,https://axtra.ca,"533, rue Ontario Est, bureau 202, Montréal, QC H2L 1N8",,,,X,,,curated-mauricie,t
QC,emp-cje-cdv,Carrefour jeunesse-emploi Centre-Sud / Plateau Mont-Royal / Mile-End,employment,Carrefour jeunesse-emploi (CJE),Montréal,514-528-6838,https://cjecsplateau.org,"4321, av. Papineau, Montréal, QC H2H 1T3",,,,X,,,curated-employment-network,f
QC,emp-cje-hochelaga,Carrefour jeunesse-emploi Hochelaga-Maisonneuve,employment,Carrefour jeunesse-emploi (CJE),Montréal,514-251-0832,https://cjehm.org,"4068, rue Sainte-Catherine Est, Montréal, QC H1V 1Y1",,,,X,,,curated-employment-network,f
QC,emp-cje-rosemont,Carrefour jeunesse-emploi Rosemont/Petite-Patrie,employment,Carrefour jeunesse-emploi (CJE),Montréal,514-524-6826,https://cje-rpp.org,"5095, 9e av., Montréal, QC H1Y 2J3",,,,X,,,curated-employment-network,f
QC,emp-cje-st-laurent,Carrefour jeunesse-emploi de Saint-Laurent,employment,Carrefour jeunesse-emploi (CJE),Montréal,514-744-5237,https://cjestlaurent.qc.ca,"1055, boul. Marcel-Laurin, bureau 230, Saint-Laurent, QC H4R 1J4",,,,X,,,curated-employment-network,f
QC,emp-mtl1,Compétences Montréal – Comité sectoriel,employment,Formation professionnelle,Montréal,514-878-9717,,,45.5001,-73.5568,X,,,,,f
QC,emp-competences-montreal,Compétences Montréal – Comité sectoriel de main-d'œuvre,employment,Comité sectoriel,Montréal,,https://www.cpmt.gouv.qc.ca/la-cpmt-et-ses-partenaires/partenaires/comites-sectoriels-de-main-doeuvre/,,,,X,X,X,,curated-cpmt,f
QC,emp-mtl2,Interaction Emploi – Côte-des-Neiges,employment,Centre d'emploi,Montréal,514-737-9481,,,45.4957,-73.6143,X,,,,,f
QC,emp-mtl3,Promo-Travail – Emploi quartiers défavorisés,employment,Insertion professionnelle,Montréal,514-523-0835,,,45.546,-73.535,X,,,,,f
QC,emp-equitas-mtl,Promotion Intégration Société Nouvelle (PROMIS) – volet emploi,employment,Employabilité immigrants,Montréal,514-345-1615,https://promis.qc.ca,"3333, ch. de la Côte-Sainte-Catherine, bureau 201, Montréal, QC H3T 1C8",,,,X,,,curated-employment-network,f
QC,emp-rocaq,RGPAQ – Regroupement des groupes populaires en alphabétisation du Québec,employment,Alphabétisation,Montréal,514-523-2046,https://rgpaq.qc.ca,"5040, boul. Saint-Laurent, bureau 100, Montréal, QC H2T 1R7",,,,X,,,curated-employment-network,t
QC,emp-semo-mtl,SEMO – Action main-d'œuvre,employment,Service spécialisé main-d'œuvre,Montréal,514-721-4941,https://actionmaindoeuvre.ca,"55, av. du Mont-Royal Ouest, bureau 800, Montréal, QC H2T 2S6",,,,X,,,curated-employment-network,f
QC,emp-semo-tetes,Têtes en l'air – SEMO santé mentale,employment,Service spécialisé main-d'œuvre,Montréal,514-484-9889,https://tetesenlair.org,"5165, rue Sherbrooke Ouest, bureau 480, Montréal, QC H4A 1T6",,,,X,,,curated-employment-network,f
QC,v-jeunesse-lambda,Jeunesse Lambda,family,LGBTQ+ jeunesse,Montréal,514-528-7535,,,45.5202,-73.5739,X,,,,admin,f
QC,mtl-fa1,Maison des femmes de Montréal,family,Soutien femmes,Montréal,514-872-1115,,,45.5176,-73.5585,X,,,,admin,f
QC,v-projet-10,Projet 10,family,LGBTQ+ jeunesse,Montréal,514-989-4585,,,45.5141,-73.5618,X,,,,admin,f
QC,v-banque-alim-st-laurent,Centre des aînés de Saint-Laurent — Aide alimentaire,food,Aide alimentaire,Montréal,514-744-1553,,,45.5128,-73.6707,X,,,,,f
QC,cchm-mtl,Cuisine Collective Hochelaga-Maisonneuve (CCHM),food,Cuisine collective,Montréal,514-529-0789,https://cchm.qc.ca,"4565, rue Hochelaga, Montréal, QC H1V 1C7",,,,X,,,curated-baq-network,f
QC,lacorbeille-quebec,La Corbeille Bordeaux-Cartierville,food,Banque alimentaire,Montréal,514-856-0838,https://lacorbeille.org,"12013, rue Lachapelle, Montréal, QC H4J 2R7",,,,X,,,curated-baq-network,f
QC,v-magasin-partage-mtl,Magasin-Partage de Montréal,food,Aide alimentaire saisonnière,Montréal,514-385-6499,,,,,X,X,,,,f
QC,magasin-partage-mtl,Magasin-Partage de Montréal,food,Magasin-partage,Montréal,514-385-6499,https://magasinpartage.com,"1751, rue Richardson, Montréal, QC H3K 1G6",,,,X,,,curated-baq-network,f
QC,maisondupere-mtl,Maison du Père,food,Mission – aide d'urgence,Montréal,514-845-0168,https://maisondupere.org,"550, boul. René-Lévesque Est, Montréal, QC H2L 2L3",,,,X,,,curated-baq-network,f
QC,missionbonaccueil-mtl,Mission Bon Accueil (Welcome Hall Mission),food,Mission – aide d'urgence,Montréal,514-523-5288,https://missionbonaccueil.com,"1490, av. de l'Hôtel-de-Ville, Montréal, QC H2X 3K3",,,,X,,,curated-baq-network,f
QC,missionoldbrewery-mtl,Mission Old Brewery,food,Mission – aide d'urgence,Montréal,514-866-6591,https://missionoldbrewery.ca,"915, rue Clark, Montréal, QC H2Z 1J9",,,,X,,,curated-baq-network,f
QC,stmichaels-mtl,Mission Saint-Michael,food,Mission – aide d'urgence,Montréal,514-393-1554,https://stmichaelsmission.ca,"105, rue Anderson, Montréal, QC H2X 3R5",,,,X,,,curated-baq-network,f
QC,mtl-f1,Moisson Montréal,food,Banque alimentaire,Montréal,514-344-4494,,,45.5491,-73.6213,X,,,,,f
QC,baq-moisson-montreal,Moisson Montréal,food,Banque alimentaire régionale,Montréal,514-344-4494,https://moissonmontreal.org,"6880, ch. de la Côte-de-Liesse, Saint-Laurent, QC H4T 2A1",,,,X,,,curated-baq-network,f
QC,v-popote-mtl,Popote roulante Montréal,food,Repas livrés aînés,Montréal,514-419-1230,,,,,X,X,,,,f
QC,rccq-qc,Regroupement des cuisines collectives du Québec (RCCQ),food,Cuisines collectives – réseau,Montréal,514-529-3448,https://rccq.org,"1605, rue de Champlain, Montréal, QC H2L 2S5",,,,X,,,curated-baq-network,f
QC,resto-plateau-mtl,Resto Plateau,food,Cuisine communautaire,Montréal,514-527-5997,https://restoplateau.com,"4450, rue Saint-Hubert, Montréal, QC H2J 2X1",,,,X,,,curated-baq-network,f
QC,mtl-f2,Resto Pop,food,Café communautaire,Montréal,514-527-1401,,,45.53,-73.575,X,,,,,f
QC,sunyouth-mtl,Sun Youth / Jeunesse au Soleil,food,Aide d'urgence multiservice,Montréal,514-842-6822,https://sunyouthorg.com,"4251, rue Saint-Urbain, Montréal, QC H2W 1V6",,,,X,,,curated-baq-network,f
QC,msss-clsc-montreal-aire-ouverte-de-cote-des-neiges,Aire Ouverte De Côte-Des-Neiges,health,CLSC,Montréal,,,"5245, chemin de la Côte-des-Neiges, Montréal, QC H3T 1Y1",45.49610137939453,-73.62100219726562,,,X,,donnees-quebec.ca/MSSS,f
QC,msss-clsc-montreal-aire-ouverte-de-l-est-de-montreal,Aire Ouverte De L'Est De Montréal,health,CLSC,Montréal,,,"12125, rue Notre-Dame Est, Montréal, QC H1B 2Y9",45.64080047607422,-73.4905014038086,,,X,,donnees-quebec.ca/MSSS,f
QC,msss-clsc-montreal-aire-ouverte-de-lasalle,Aire Ouverte De Lasalle,health,CLSC,Montréal,,,"7580, rue Centrale, Montréal, QC H8P 1K5",45.43299865722656,-73.5969009399414,,,X,,donnees-quebec.ca/MSSS,f
QC,msss-clsc-montreal-aire-ouverte-du-metro-berri,Aire Ouverte Du Métro-Berri,health,CLSC,Montréal,,,"1015, rue Robin, Montréal, QC H2L 4M1",45.51890182495117,-73.56109619140625,,,X,,donnees-quebec.ca/MSSS,f
QC,msss-clsc-montreal-aire-ouverte-du-metro-lionel-groulx,Aire Ouverte Du Métro-Lionel-Groulx,health,CLSC,Montréal,,,"3181, rue Saint-Jacques, Montréal, QC H4C 1G7",45.48350143432617,-73.58059692382812,,,X,,donnees-quebec.ca/MSSS,f
QC,msss-clsc-montreal-aire-ouverte-montreal-nord,Aire Ouverte Montréal-Nord,health,CLSC,Montréal,,,"12415, boulevard Lacordaire, Montréal, QC H1G 4L5",45.615699768066406,-73.62899780273438,,,X,,donnees-quebec.ca/MSSS,f
QC,msss-clsc-montreal-aire-ouverte-sauriol,Aire Ouverte Sauriol,health,CLSC,Montréal,,,"2169, rue Sauriol E, Montréal, QC H2B 1G1",45.570899963378906,-73.64779663085938,,,X,,donnees-quebec.ca/MSSS,f
QC,msss-chsld-montreal-chsld-angelica,CHSLD Angelica,health,CHSLD,Montréal,,,"3435, boulevard Gouin Est, Montréal, QC H1H 1B1",45.589900970458984,-73.65129852294922,,,X,,donnees-quebec.ca/MSSS,f
QC,msss-chsld-montreal-chsld-angus,CHSLD Angus,health,CHSLD,Montréal,,,"3200, rue Omer-Lavallée, Montréal, QC H1Y 3P5",45.54650115966797,-73.56060028076172,,,X,,donnees-quebec.ca/MSSS,f
QC,msss-chsld-montreal-chsld-auclair,CHSLD Auclair,health,CHSLD,Montréal,,,"6910, rue Boyer, Montréal, QC H2S 2J7",45.539398193359375,-73.60859680175781,,,X,,donnees-quebec.ca/MSSS,f
QC,msss-chsld-montreal-chsld-benjamin-victor-rousselot,CHSLD Benjamin-Victor-Rousselot,health,CHSLD,Montréal,,,"5655, rue Sherbrooke Est, Montréal, QC H1N 1A4",45.572898864746094,-73.55079650878906,,,X,,donnees-quebec.ca/MSSS,f
QC,msss-chsld-montreal-chsld-bourget,CHSLD Bourget,health,CHSLD,Montréal,,,"11570, rue Notre-Dame Est, Montréal, QC H1B 2X4",45.6338005065918,-73.4927978515625,,,X,,donnees-quebec.ca/MSSS,f
QC,msss-chsld-montreal-chsld-dante,CHSLD Dante,health,CHSLD,Montréal,,,"6887, rue Châtelain, Montréal, QC H1T 3X7",45.580101013183594,-73.57330322265625,,,X,,donnees-quebec.ca/MSSS,f
QC,msss-chsld-montreal-chsld-de-cartierville,CHSLD De Cartierville,health,CHSLD,Montréal,,,"12235, rue Grenet, Montréal, QC H4J 2N9",45.53150177001953,-73.71720123291016,,,X,,donnees-quebec.ca/MSSS,f
QC,msss-chsld-montreal-chsld-de-la-belle-rive,CHSLD De La Belle-Rive,health,CHSLD,Montréal,,,"5320, boulevard Gouin Est, Montréal, QC H1G 1B4",45.61360168457031,-73.63569641113281,,,X,,donnees-quebec.ca/MSSS,f
QC,msss-chsld-montreal-chsld-de-la-petite-patrie,CHSLD De La Petite-Patrie,health,CHSLD,Montréal,,,"6767, rue Cartier, Montréal, QC H2G 3G2",45.546199798583984,-73.60060119628906,,,X,,donnees-quebec.ca/MSSS,f
QC,msss-chsld-montreal-chsld-de-saint-laurent,CHSLD De Saint-Laurent,health,CHSLD,Montréal,,,"1275, boulevard de la Côte-Vertu, Montréal, QC H4L 4V2",45.516998291015625,-73.67990112304688,,,X,,donnees-quebec.ca/MSSS,f
QC,msss-hopital-montreal-chsld-de-saint-michel,CHSLD De Saint-Michel,health,Hôpital,Montréal,,,"3130, rue Jarry Est, Montréal, QC H1Z 4N8",45.5620002746582,-73.61029815673828,,,X,,donnees-quebec.ca/MSSS,f
QC,msss-chsld-montreal-chsld-des-berges-de-lachine,CHSLD Des Berges-De-Lachine,health,CHSLD,Montréal,,,"3320, rue Notre-Dame, Montréal, QC H8T 1W8",45.43510055541992,-73.69309997558594,,,X,,donnees-quebec.ca/MSSS,f
QC,msss-chsld-montreal-chsld-francois-seguenot,CHSLD François-Séguenot,health,CHSLD,Montréal,,,"13950, rue Notre-Dame Est, Montréal, QC H1A 1T5",45.666900634765625,-73.49349975585938,,,X,,donnees-quebec.ca/MSSS,f
QC,msss-chsld-montreal-chsld-hope,CHSLD Hope,health,CHSLD,Montréal,,,"5725, avenue Victoria, Montréal, QC H3W 3H6",45.49300003051758,-73.63379669189453,,,X,,donnees-quebec.ca/MSSS,f
QC,msss-chsld-montreal-chsld-jean-hubert-biermans,CHSLD Jean-Hubert-Biermans,health,CHSLD,Montréal,,,"7905, rue Sherbrooke Est, Montréal, QC H1L 1A4",45.59629821777344,-73.5364990234375,,,X,,donnees-quebec.ca/MSSS,f
QC,msss-hopital-montreal-chsld-jeanne-le-ber,CHSLD Jeanne-Le Ber,health,Hôpital,Montréal,,,"7445, rue Hochelaga, Montréal, QC H1N 3V2",45.589500427246094,-73.52770233154297,,,X,,donnees-quebec.ca/MSSS,f
QC,msss-chsld-montreal-chsld-joseph-francois-perreault,CHSLD Joseph-François-Perreault,health,CHSLD,Montréal,,,"7400, boulevard Saint-Michel, Montréal, QC H2A 2Z8",45.55939865112305,-73.60179901123047,,,X,,donnees-quebec.ca/MSSS,f
QC,msss-chsld-montreal-chsld-judith-jasmin,CHSLD Judith-Jasmin,health,CHSLD,Montréal,,,"8850, rue Bisaillon, Montréal, QC H1K 4N2",45.60639953613281,-73.52970123291016,,,X,,donnees-quebec.ca/MSSS,f
QC,msss-chsld-montreal-chsld-kastner,CHSLD Kastner,health,CHSLD,Montréal,,,"5750, rue Lavoie, Montréal, QC H3W 3H5",45.49420166015625,-73.63259887695312,,,X,,donnees-quebec.ca/MSSS,f
QC,msss-chsld-montreal-chsld-laurendeau,CHSLD Laurendeau,health,CHSLD,Montréal,,,"1725, boulevard Gouin Est, Montréal, QC H2C 3H6",45.56809997558594,-73.66200256347656,,,X,,donnees-quebec.ca/MSSS,f
QC,msss-chsld-montreal-chsld-le-royer,CHSLD Le Royer,health,CHSLD,Montréal,,,"7351, rue Jean-Desprez, Montréal, QC H1K 5A6",45.61750030517578,-73.54759979248047,,,X,,donnees-quebec.ca/MSSS,f
QC,msss-chsld-montreal-chsld-legare,CHSLD Légaré,health,CHSLD,Montréal,,,"1615, avenue Émile-Journault, Montréal, QC H2M 2G3",45.55870056152344,-73.63529968261719,,,X,,donnees-quebec.ca/MSSS,f
QC,msss-chsld-montreal-chsld-marie-rollet,CHSLD Marie-Rollet,health,CHSLD,Montréal,,,"5003, rue Saint-Zotique Est, Montréal, QC H1T 1N6",45.573299407958984,-73.57579803466797,,,X,,donnees-quebec.ca/MSSS,f
QC,msss-chsld-montreal-chsld-nicolet,CHSLD Nicolet,health,CHSLD,Montréal,,,"2300, rue Nicolet, Montréal, QC H1W 3L4",45.54750061035156,-73.54859924316406,,,X,,donnees-quebec.ca/MSSS,f
QC,msss-chsld-montreal-chsld-paul-gouin,CHSLD Paul-Gouin,health,CHSLD,Montréal,,,"5900, rue de Saint-Vallier, Montréal, QC H2S 2P3",45.53219985961914,-73.59980010986328,,,X,,donnees-quebec.ca/MSSS,f
QC,msss-chsld-montreal-chsld-paul-lizotte,CHSLD Paul-Lizotte,health,CHSLD,Montréal,,,"6850, boulevard Gouin Est, Montréal, QC H1G 6L7",45.627498626708984,-73.62049865722656,,,X,,donnees-quebec.ca/MSSS,f
QC,msss-chsld-montreal-chsld-pierre-joseph-triest,CHSLD Pierre-Joseph-Triest,health,CHSLD,Montréal,,,"4900, boulevard Lapointe, Montréal, QC H1K 4W9",45.60049819946289,-73.53579711914062,,,X,,donnees-quebec.ca/MSSS,f
QC,msss-chsld-montreal-chsld-polonais-marie-curie-sklodowska,CHSLD Polonais Marie-Curie-Sklodowska,health,CHSLD,Montréal,,,"5655, rue Bélanger, Montréal, QC H1T 1G2",45.58100128173828,-73.57430267333984,,,X,,donnees-quebec.ca/MSSS,f
QC,msss-chsld-montreal-chsld-providence-notre-dame-de-lourdes,CHSLD Providence Notre-Dame De Lourdes,health,CHSLD,Montréal,,,"1870, boulevard Pie-IX, Montréal, QC H1V 2C6",45.549800872802734,-73.54070281982422,,,X,,donnees-quebec.ca/MSSS,f
QC,msss-chsld-montreal-chsld-robert-cliche,CHSLD Robert-Cliche,health,CHSLD,Montréal,,,"3730, rue de Bellechasse, Montréal, QC H1X 3E5",45.55759811401367,-73.57879638671875,,,X,,donnees-quebec.ca/MSSS,f
QC,msss-chsld-montreal-chsld-saint-georges,CHSLD Saint-Georges,health,CHSLD,Montréal,,,"3550, rue Saint-Urbain, Montréal, QC H2X 4C5",45.51219940185547,-73.5728988647461,,,X,,donnees-quebec.ca/MSSS,f
QC,msss-chsld-montreal-chsld-saint-joseph-de-la-providence,CHSLD Saint-Joseph-De-La-Providence,health,CHSLD,Montréal,,,"11844, avenue du Bois-de-Boulogne, Montréal, QC H3M 2X7",45.54100036621094,-73.69029998779297,,,X,,donnees-quebec.ca/MSSS,f
QC,msss-chsld-montreal-chsld-vigi-marie-claret,CHSLD Vigi Marie-Claret,health,CHSLD,Montréal,,,"3345, boulevard Henri-Bourassa Est, Montréal, QC H1H 1H6",45.58649826049805,-73.64969635009766,,,X,,donnees-quebec.ca/MSSS,f
QC,msss-chsld-montreal-chsld-eloria-lepage,CHSLD Éloria-Lepage,health,CHSLD,Montréal,,,"3090, avenue de la Pépinière, Montréal, QC H1N 3N4",45.576900482177734,-73.54199981689453,,,X,,donnees-quebec.ca/MSSS,f
QC,msss-chsld-montreal-chateau-sur-le-lac,CHâteau Sur Le Lac,health,CHSLD,Montréal,,,"16289, boulevard Gouin Ouest, Montréal, QC H9H 1E2",45.47800064086914,-73.87449645996094,,,X,,donnees-quebec.ca/MSSS,f
QC,msss-clsc-montreal-clsc-d-ahuntsic,CLSC D'Ahuntsic,health,CLSC,Montréal,,,"1165, boulevard Henri-Bourassa Est, Montréal, QC H2C 3K2",45.5614013671875,-73.66590118408203,,,X,,donnees-quebec.ca/MSSS,f
QC,msss-clsc-montreal-clsc-de-benny-farm,CLSC De Benny Farm,health,CLSC,Montréal,,,"6484, avenue de Monkland, Montréal, QC H4B 1H3",45.46549987792969,-73.63140106201172,,,X,,donnees-quebec.ca/MSSS,f
QC,msss-clsc-montreal-clsc-de-dorval-lachine,CLSC De Dorval-Lachine,health,CLSC,Montréal,,,"3320, rue Notre-Dame, Montréal, QC H8T 1W8",45.43539810180664,-73.68150329589844,,,X,,donnees-quebec.ca/MSSS,f
QC,msss-clsc-montreal-clsc-de-l-est-de-montreal,CLSC De L'Est-De-Montréal,health,CLSC,Montréal,,,"13926, rue Notre-Dame Est, Montréal, QC H1A 1T5",45.66640090942383,-73.49359893798828,,,X,,donnees-quebec.ca/MSSS,f
QC,msss-clsc-montreal-clsc-de-la-petite-patrie,CLSC De La Petite-Patrie,health,CLSC,Montréal,,,"6520, rue de Saint-Vallier, Montréal, QC H2S 2P7",45.5348014831543,-73.6052017211914,,,X,,donnees-quebec.ca/MSSS,f
QC,msss-clsc-montreal-clsc-de-la-visitation-et-groupe-de-medecine-de-famille-unive,CLSC De La Visitation Et Groupe De Médecine De Famille Universitaire Des Faubourgs,health,CLSC,Montréal,,,"1705, rue de la Visitation, Montréal, QC H2L 3C3",45.52109909057617,-73.55889892578125,,,X,,donnees-quebec.ca/MSSS,f
QC,msss-clsc-montreal-clsc-de-lasalle,CLSC De Lasalle,health,CLSC,Montréal,,,"8550, boulevard Newman, Montréal, QC H8N 1Y5",45.43119812011719,-73.63150024414062,,,X,,donnees-quebec.ca/MSSS,f
QC,msss-clsc-montreal-clsc-de-mercier-est,CLSC De Mercier-Est,health,CLSC,Montréal,,,"9503, rue Sherbrooke Est, Montréal, QC H1L 6P2",45.611698150634766,-73.52660369873047,,,X,,donnees-quebec.ca/MSSS,f
QC,msss-clsc-montreal-clsc-de-montreal-nord,CLSC De Montréal-Nord,health,CLSC,Montréal,,,"11441, boulevard Lacordaire, Montréal, QC H1G 4J9",45.6072998046875,-73.62000274658203,,,X,,donnees-quebec.ca/MSSS,f
QC,msss-clsc-montreal-clsc-de-pierrefonds,CLSC De Pierrefonds,health,CLSC,Montréal,,,"13800, boulevard Gouin Ouest, Montréal, QC H8Z 3H6",45.49720001220703,-73.84839630126953,,,X,,donnees-quebec.ca/MSSS,f
QC,msss-clsc-montreal-clsc-de-riviere-des-prairies,CLSC De Rivière-Des-Prairies,health,CLSC,Montréal,,,"8655, boulevard Perras, Montréal, QC H1E 4M7",45.644798278808594,-73.58599853515625,,,X,,donnees-quebec.ca/MSSS,f
QC,msss-clsc-montreal-clsc-de-rosemont,CLSC De Rosemont,health,CLSC,Montréal,,,"2909, rue Rachel Est, Montréal, QC H1W 0A9",45.54249954223633,-73.56210327148438,,,X,,donnees-quebec.ca/MSSS,f
QC,msss-clsc-montreal-clsc-de-saint-henri,CLSC De Saint-Henri,health,CLSC,Montréal,,,"3833, rue Notre-Dame Ouest, Montréal, QC H4C 1P8",45.47880172729492,-73.58370208740234,,,X,,donnees-quebec.ca/MSSS,f
QC,msss-clsc-montreal-clsc-de-saint-laurent,CLSC De Saint-Laurent,health,CLSC,Montréal,,,"1055, avenue Sainte-Croix, Montréal, QC H4L 3Z2",45.5172004699707,-73.68090057373047,,,X,,donnees-quebec.ca/MSSS,f
QC,msss-clsc-montreal-clsc-de-saint-leonard,CLSC De Saint-Léonard,health,CLSC,Montréal,,,"5540, rue Jarry Est, Montréal, QC H1P 1T9",45.58530044555664,-73.58989715576172,,,X,,donnees-quebec.ca/MSSS,f
QC,msss-clsc-montreal-clsc-de-saint-michel,CLSC De Saint-Michel,health,CLSC,Montréal,,,"3355, rue Jarry Est, Montréal, QC H1Z 2E5",45.56560134887695,-73.6082992553711,,,X,,donnees-quebec.ca/MSSS,f
QC,msss-clsc-montreal-clsc-de-ville-emard-cote-saint-paul,CLSC De Ville-Émard-Côte-Saint-Paul,health,CLSC,Montréal,,,"6161, rue Laurendeau, Montréal, QC H4E 3X6",45.457298278808594,-73.58910369873047,,,X,,donnees-quebec.ca/MSSS,f
QC,msss-clsc-montreal-clsc-de-villeray,CLSC De Villeray,health,CLSC,Montréal,,,"1425, rue Jarry Est, Montréal, QC H2E 1A7",45.551300048828125,-73.62110137939453,,,X,,donnees-quebec.ca/MSSS,f
QC,msss-clsc-montreal-clsc-du-plateau-mont-royal,CLSC Du Plateau-Mont-Royal,health,CLSC,Montréal,,,"4625, avenue de Lorimier, Montréal, QC H2H 2B4",45.53620147705078,-73.5739974975586,,,X,,donnees-quebec.ca/MSSS,f
QC,msss-clsc-montreal-clsc-et-centre-de-services-ambulatoires-de-verdun,CLSC Et Centre De Services Ambulatoires De Verdun,health,CLSC,Montréal,,,"400, rue de l'Église, Montréal, QC H4G 2M4",45.46260070800781,-73.56939697265625,,,X,,donnees-quebec.ca/MSSS,f
QC,msss-clsc-montreal-clsc-et-groupe-de-medecine-de-famille-universitaire-bordeaux,CLSC Et Groupe De Médecine De Famille Universitaire Bordeaux-Cartierville,health,CLSC,Montréal,,,"11822, avenue du Bois-de-Boulogne, Montréal, QC H3M 2X6",45.54079818725586,-73.68930053710938,,,X,,donnees-quebec.ca/MSSS,f
QC,msss-clsc-montreal-clsc-et-groupe-de-medecine-de-famille-universitaire-cote-des,CLSC Et Groupe De Médecine De Famille Universitaire Côte-Des-Neiges,health,CLSC,Montréal,,,"5700, chemin de la Côte-des-Neiges, Montréal, QC H3T 2A8",45.498199462890625,-73.6272964477539,,,X,,donnees-quebec.ca/MSSS,f
QC,msss-clsc-montreal-clsc-et-groupe-de-medecine-de-famille-universitaire-de-hoche,CLSC Et Groupe De Médecine De Famille Universitaire De Hochelaga-Maisonneuve,health,CLSC,Montréal,,,"4201, rue Ontario Est, Montréal, QC H1V 1K2",45.551300048828125,-73.54090118408203,,,X,,donnees-quebec.ca/MSSS,f
QC,msss-clsc-montreal-clsc-et-groupe-de-medecine-de-famille-universitaire-metro,CLSC Et Groupe De Médecine De Famille Universitaire Métro,health,CLSC,Montréal,,,"1801, boulevard de Maisonneuve Ouest, Montréal, QC H3H 1J9",45.494598388671875,-73.58100128173828,,,X,,donnees-quebec.ca/MSSS,f
QC,msss-clsc-montreal-clsc-montreal-nord-est,CLSC Montréal-Nord-Est,health,CLSC,Montréal,,,"12345, boulevard Albert-Hudon, Montréal, QC H1G 3L1",45.623600006103516,-73.61599731445312,,,X,,donnees-quebec.ca/MSSS,f
QC,msss-clsc-montreal-clsc-olivier-guimond,CLSC Olivier-Guimond,health,CLSC,Montréal,,,"5810, rue Sherbrooke Est, Montréal, QC H1N 1B2",45.57500076293945,-73.54750061035156,,,X,,donnees-quebec.ca/MSSS,f
QC,msss-clsc-montreal-clsc-parthenais-et-groupe-de-medecine-de-famille-universitai,CLSC Parthenais Et Groupe De Médecine De Famille Universitaire Des Faubourgs,health,CLSC,Montréal,,,"2260, rue Parthenais, Montréal, QC H2K 3T5",45.53099822998047,-73.56009674072266,,,X,,donnees-quebec.ca/MSSS,f
QC,msss-clsc-montreal-clsc-saint-urbain,CLSC Saint-Urbain,health,CLSC,Montréal,,,"55, avenue du Mont-Royal Ouest, Montréal, QC H2T 2S5",45.519500732421875,-73.5873031616211,,,X,,donnees-quebec.ca/MSSS,f
QC,msss-clsc-montreal-clsc-sainte-catherine-et-groupe-de-medecine-de-famille-unive,CLSC Sainte-Catherine Et Groupe De Médecine De Famille Universitaire Des Faubourgs,health,CLSC,Montréal,,,"66, rue Sainte-Catherine Est, Montréal, QC H2X 1K6",45.510501861572266,-73.56269836425781,,,X,,donnees-quebec.ca/MSSS,f
QC,msss-clsc-montreal-clsc-william-c-van-horne,CLSC William C.-Van Horne,health,CLSC,Montréal,,,"1271, avenue Van Horne, Montréal, QC H2V 1K5",45.52190017700195,-73.61399841308594,,,X,,donnees-quebec.ca/MSSS,f
QC,hlth-mtl1,CLSC des Faubourgs – Montréal,health,CLSC,Montréal,514-527-2361,,,45.5246,-73.5579,X,,,,,f
QC,msss-clsc-montreal-clsc-ile-des-s-urs,CLSC Île-Des-Sœurs,health,CLSC,Montréal,,,"1, Place du Commerce, Montréal, QC H3E 1A1",45.46849822998047,-73.54570007324219,,,X,,donnees-quebec.ca/MSSS,f
QC,msss-chsld-montreal-centre-d-hebergement-alfred-desrochers,Centre D'Hébergement Alfred-Desrochers,health,CHSLD,Montréal,,,"5325, avenue Victoria, Montréal, QC H3W 2P2",45.490699768066406,-73.62750244140625,,,X,,donnees-quebec.ca/MSSS,f
QC,msss-chsld-montreal-centre-d-hebergement-armand-lavergne,Centre D'Hébergement Armand-Lavergne,health,CHSLD,Montréal,,,"3500, rue Chapleau, Montréal, QC H2K 4N3",45.535701751708984,-73.5634994506836,,,X,,donnees-quebec.ca/MSSS,f
QC,msss-hopital-montreal-centre-d-hebergement-camille-lefebvre,Centre D'Hébergement Camille-Lefebvre,health,Hôpital,Montréal,,,"637, 13e Avenue, Montréal, QC H8S 4K4",45.441200256347656,-73.67659759521484,,,X,,donnees-quebec.ca/MSSS,f
QC,msss-chsld-montreal-centre-d-hebergement-champlain-marie-victorin,Centre D'Hébergement Champlain - Marie-Victorin,health,CHSLD,Montréal,,,"7150, rue Marie-Victorin, Montréal, QC H1G 2J5",45.6161003112793,-73.60369873046875,,,X,,donnees-quebec.ca/MSSS,f
QC,msss-chsld-montreal-centre-d-hebergement-champlain-de-gouin,Centre D'Hébergement Champlain-De-Gouin,health,CHSLD,Montréal,,,"4445, boulevard Henri-Bourassa Est, Montréal, QC H1H 5M4",45.59960174560547,-73.63999938964844,,,X,,donnees-quebec.ca/MSSS,f
QC,msss-chsld-montreal-centre-d-hebergement-de-la-maison-saint-joseph,Centre D'Hébergement De La Maison-Saint-Joseph,health,CHSLD,Montréal,,,"5605, rue Beaubien Est, Montréal, QC H1T 1X4",45.57889938354492,-73.56749725341797,,,X,,donnees-quebec.ca/MSSS,f
QC,msss-chsld-montreal-centre-d-hebergement-de-la-maree,Centre D'Hébergement De La Marée,health,CHSLD,Montréal,,,"7015, boulevard Gouin Est, Montréal, QC H1E 5N2",45.63010025024414,-73.61900329589844,,,X,,donnees-quebec.ca/MSSS,f
QC,msss-chsld-montreal-centre-d-hebergement-de-lachine,Centre D'Hébergement De Lachine,health,CHSLD,Montréal,,,"650, place d'Accueil, Montréal, QC H8S 3Z5",45.44060134887695,-73.68949890136719,,,X,,donnees-quebec.ca/MSSS,f
QC,msss-chsld-montreal-centre-d-hebergement-de-lasalle,Centre D'Hébergement De Lasalle,health,CHSLD,Montréal,,,"8686, rue Centrale, Montréal, QC H8P 3N4",45.41640090942383,-73.62059783935547,,,X,,donnees-quebec.ca/MSSS,f
QC,msss-chsld-montreal-centre-d-hebergement-de-verdun,Centre D'Hébergement De Verdun,health,CHSLD,Montréal,,,"5500, boulevard Lasalle, Montréal, QC H4H 1N9",45.45240020751953,-73.56600189208984,,,X,,donnees-quebec.ca/MSSS,f
QC,msss-chsld-montreal-centre-d-hebergement-denis-benjamin-viger,Centre D'Hébergement Denis-Benjamin-Viger,health,CHSLD,Montréal,,,"3292, rue Cherrier, Montréal, QC H9C 1E4",45.4906005859375,-73.87000274658203,,,X,,donnees-quebec.ca/MSSS,f
QC,msss-chsld-montreal-centre-d-hebergement-des-seigneurs,Centre D'Hébergement Des Seigneurs,health,CHSLD,Montréal,,,"1800, rue Saint-Jacques, Montréal, QC H3J 2R5",45.489498138427734,-73.57099914550781,,,X,,donnees-quebec.ca/MSSS,f
QC,msss-chsld-montreal-centre-d-hebergement-ernest-routhier,Centre D'Hébergement Ernest-Routhier,health,CHSLD,Montréal,,,"2110, rue Wolfe, Montréal, QC H2L 4V4",45.52119827270508,-73.56439971923828,,,X,,donnees-quebec.ca/MSSS,f
QC,msss-hopital-montreal-centre-d-hebergement-et-de-services-ambulatoires-champlain,Centre D'Hébergement Et De Services Ambulatoires Champlain,health,Hôpital,Montréal,,,"1325, rue Crawford, Montréal, QC H4H 2N6",45.43880081176758,-73.58679962158203,,,X,,donnees-quebec.ca/MSSS,f
QC,msss-chsld-montreal-centre-d-hebergement-et-de-soins-de-longue-duree-bussey-queb,Centre D'Hébergement Et De Soins De Longue Durée Bussey (Québec),health,CHSLD,Montréal,,,"2069, boulevard Saint-Joseph, Montréal, QC H8S 4B7",45.433101654052734,-73.68329620361328,,,X,,donnees-quebec.ca/MSSS,f
QC,msss-chsld-montreal-centre-d-hebergement-et-de-soins-de-longue-duree-du-manoir-d,Centre D'Hébergement Et De Soins De Longue Durée Du Manoir-De-L'Ouest-De-L'Île,health,CHSLD,Montréal,,,"17725, boulevard de Pierrefonds, Montréal, QC H9J 3L1",45.46289825439453,-73.8855972290039,,,X,,donnees-quebec.ca/MSSS,f
QC,msss-chsld-montreal-centre-d-hebergement-et-de-soins-de-longue-duree-vigi-de-pie,Centre D'Hébergement Et De Soins De Longue Durée Vigi De Pierrefonds,health,CHSLD,Montréal,,,"14775, boulevard de Pierrefonds, Montréal, QC H9H 4Y1",45.48550033569336,-73.85870361328125,,,X,,donnees-quebec.ca/MSSS,f
QC,msss-chsld-montreal-centre-d-hebergement-et-de-soins-de-longue-duree-vigi-reine-,Centre D'Hébergement Et De Soins De Longue Durée Vigi Reine-Élizabeth,health,CHSLD,Montréal,,,"2055, avenue Northcliffe, Montréal, QC H4A 3K6",45.474098205566406,-73.6061019897461,,,X,,donnees-quebec.ca/MSSS,f
QC,msss-chsld-montreal-centre-d-hebergement-father-dowd,Centre D'Hébergement Father-Dowd,health,CHSLD,Montréal,,,"6565, chemin Hudson, Montréal, QC H3S 2T7",45.50709915161133,-73.63069915771484,,,X,,donnees-quebec.ca/MSSS,f
QC,msss-chsld-montreal-centre-d-hebergement-henri-bradet,Centre D'Hébergement Henri-Bradet,health,CHSLD,Montréal,,,"6465, avenue Chester, Montréal, QC H4V 2Z8",45.47200012207031,-73.64510345458984,,,X,,donnees-quebec.ca/MSSS,f
QC,msss-hopital-montreal-centre-d-hebergement-j-henri-charbonneau,Centre D'Hébergement J.-Henri-Charbonneau,health,Hôpital,Montréal,,,"3095, rue Sherbrooke Est, Montréal, QC H1W 1B2",45.542701721191406,-73.55879974365234,,,X,,donnees-quebec.ca/MSSS,f
QC,msss-chsld-montreal-centre-d-hebergement-jean-de-la-lande,Centre D'Hébergement Jean-De-La-Lande,health,CHSLD,Montréal,,,"4255, avenue Papineau, Montréal, QC H2H 2P6",45.53129959106445,-73.56990051269531,,,X,,donnees-quebec.ca/MSSS,f
QC,msss-chsld-montreal-centre-d-hebergement-jeanne-mance,Centre D'Hébergement Jeanne-Mance,health,CHSLD,Montréal,,,"3430, rue Jeanne-Mance, Montréal, QC H2X 2J9",45.509498596191406,-73.5718994140625,,,X,,donnees-quebec.ca/MSSS,f
QC,msss-chsld-montreal-centre-d-hebergement-louis-riel,Centre D'Hébergement Louis-Riel,health,CHSLD,Montréal,,,"2120, rue Augustin-Cantin, Montréal, QC H3K 3G3",45.481998443603516,-73.56629943847656,,,X,,donnees-quebec.ca/MSSS,f
QC,msss-chsld-montreal-centre-d-hebergement-nazaire-piche,Centre D'Hébergement Nazaire-Piché,health,CHSLD,Montréal,,,"150, 15e Avenue, Montréal, QC H8S 3L9",45.43410110473633,-73.6769027709961,,,X,,donnees-quebec.ca/MSSS,f
QC,msss-hopital-montreal-centre-d-hebergement-notre-dame-de-la-merci,Centre D'Hébergement Notre-Dame-De-La-Merci,health,Hôpital,Montréal,,,"555, boulevard Gouin Ouest, Montréal, QC H3L 1K5",45.54759979248047,-73.68769836425781,,,X,,donnees-quebec.ca/MSSS,f
QC,msss-chsld-montreal-centre-d-hebergement-paul-bruchesi,Centre D'Hébergement Paul-Bruchési,health,CHSLD,Montréal,,,"2225, rue Rachel Est, Montréal, QC H2H 1R4",45.53450012207031,-73.56620025634766,,,X,,donnees-quebec.ca/MSSS,f
QC,msss-chsld-montreal-centre-d-hebergement-paul-emile-leger,Centre D'Hébergement Paul-Émile-Léger,health,CHSLD,Montréal,,,"66, boulevard René-Lévesque Est, Montréal, QC H2X 1N3",45.509300231933594,-73.55999755859375,,,X,,donnees-quebec.ca/MSSS,f
QC,msss-chsld-montreal-centre-d-hebergement-real-morel,Centre D'Hébergement Réal-Morel,health,CHSLD,Montréal,,,"3500, rue Wellington, Montréal, QC H4G 1T3",45.46849822998047,-73.5647964477539,,,X,,donnees-quebec.ca/MSSS,f
QC,msss-chsld-montreal-centre-d-hebergement-saint-andrew,Centre D'Hébergement Saint-Andrew,health,CHSLD,Montréal,,,"3350, boulevard Cavendish, Montréal, QC H4B 2M7",45.4630012512207,-73.62889862060547,,,X,,donnees-quebec.ca/MSSS,f
QC,msss-chsld-montreal-centre-d-hebergement-st-vincent-marie,Centre D'Hébergement St-Vincent-Marie,health,CHSLD,Montréal,,,"1175, boulevard de la Côte-Vertu, Montréal, QC H4L 5J1",45.517601013183594,-73.67919921875,,,X,,donnees-quebec.ca/MSSS,f
QC,msss-chsld-montreal-centre-d-hebergement-yvon-brunet,Centre D'Hébergement Yvon-Brunet,health,CHSLD,Montréal,,,"6250, avenue Newman, Montréal, QC H4E 4K4",45.453800201416016,-73.60350036621094,,,X,,donnees-quebec.ca/MSSS,f
QC,msss-chsld-montreal-centre-d-hebergement-emilie-gamelin,Centre D'Hébergement Émilie-Gamelin,health,CHSLD,Montréal,,,"1440, rue Dufresne, Montréal, QC H2K 3J3",45.52840042114258,-73.54810333251953,,,X,,donnees-quebec.ca/MSSS,f
QC,msss-chsld-montreal-centre-de-crise-emile-nelligan,Centre De Crise Émile-Nelligan,health,CHSLD,Montréal,,,"6705, suite 211 rue Jean-Talon Est, Montréal, QC H1S 1N2",45.60309982299805,-73.52580261230469,,,X,,donnees-quebec.ca/MSSS,f
QC,msss-hopital-montreal-centre-de-recherche-du-centre-hospitalier-de-l-universite-de,Centre De Recherche Du Centre Hospitalier De L'Université De Montréal,health,Hôpital,Montréal,,,"900, rue Saint-Denis, Montréal, QC H2X 0A9",45.510799407958984,-73.55590057373047,,,X,,donnees-quebec.ca/MSSS,f
QC,msss-chsld-montreal-centre-de-readaptation-marie-enfant,Centre De Réadaptation Marie Enfant,health,CHSLD,Montréal,,,"5200, rue Bélanger, Montréal, QC H1T 1C9",45.57529830932617,-73.57720184326172,,,X,,donnees-quebec.ca/MSSS,f
QC,msss-hopital-montreal-centre-de-services-ambulatoires-allan-memorial,Centre De Services Ambulatoires Allan Memorial,health,Hôpital,Montréal,,,"1025, avenue des Pins, Montréal, QC H3A 1A1",45.50590133666992,-73.58260345458984,,,X,,donnees-quebec.ca/MSSS,f
QC,msss-hopital-montreal-centre-de-services-ambulatoires-bois-de-boulogne,Centre De Services Ambulatoires Bois-De-Boulogne,health,Hôpital,Montréal,,,"1575, boulevard Henri-Bourassa Ouest, Montréal, QC H3M 3A9",45.537601470947266,-73.67970275878906,,,X,,donnees-quebec.ca/MSSS,f
QC,msss-hopital-montreal-centre-de-services-ambulatoires-de-dialyse-de-la-rue-de-gasp,Centre De Services Ambulatoires De Dialyse De La Rue De Gaspé,health,Hôpital,Montréal,,,"5455, avenue de Gaspé, Montréal, QC H2T 3B3",45.52750015258789,-73.59639739990234,,,X,,donnees-quebec.ca/MSSS,f
QC,msss-hopital-montreal-centre-de-services-ambulatoires-de-maisonneuve,Centre De Services Ambulatoires De Maisonneuve,health,Hôpital,Montréal,,,"5252, boulevard de Maisonneuve, Montréal, QC H4A 3S9",45.4734001159668,-73.60459899902344,,,X,,donnees-quebec.ca/MSSS,f
QC,msss-hopital-montreal-centre-de-services-ambulatoires-de-maisonneuve-est,Centre De Services Ambulatoires De Maisonneuve-Est,health,Hôpital,Montréal,,,"1001, boulevard de Maisonneuve-Est, Montréal, QC H2L 4P9",45.51810073852539,-73.5593032836914,,,X,,donnees-quebec.ca/MSSS,f
QC,msss-hopital-montreal-centre-de-services-ambulatoires-en-sante-mentale-papineau,Centre De Services Ambulatoires En Santé Mentale Papineau,health,Hôpital,Montréal,,,"10345, avenue Papineau, 3e étage, Montréal, QC H2B 2A3",45.56850051879883,-73.65360260009766,,,X,,donnees-quebec.ca/MSSS,f
QC,msss-clsc-montreal-centre-de-services-ambulatoires-et-maison-de-naissance-louva,Centre De Services Ambulatoires Et Maison De Naissance Louvain,health,CLSC,Montréal,,,"9600, rue Saint-Denis, Montréal, QC H2M 1P2",45.548500061035156,-73.65409851074219,,,X,,donnees-quebec.ca/MSSS,f
QC,msss-chsld-montreal-centre-de-services-externes-pour-les-aines-angelica,Centre De Services Externes Pour Les Aînés Angelica,health,CHSLD,Montréal,,,"3395, boulevard Gouin Est, Montréal, QC H1H 5L8",45.589298248291016,-73.65160369873047,,,X,,donnees-quebec.ca/MSSS,f
QC,msss-chsld-montreal-centre-de-soins-prolonges-grace-dart,Centre De Soins Prolongés Grace Dart,health,CHSLD,Montréal,,,"5155, rue Sainte-Catherine Est, Montréal, QC H1V 2A5",45.55950164794922,-73.52890014648438,,,X,,donnees-quebec.ca/MSSS,f
QC,msss-hopital-montreal-centre-hospitalier-de-l-universite-de-montreal,Centre Hospitalier De L'Université De Montréal,health,Hôpital,Montréal,,,"1000, rue Saint-Denis, Montréal, QC H2X 0A9",45.51179885864258,-73.5562973022461,,,X,,donnees-quebec.ca/MSSS,f
QC,msss-hopital-montreal-centre-hospitalier-de-st-mary,Centre Hospitalier De St. Mary,health,Hôpital,Montréal,,,"3830, avenue Lacombe, Montréal, QC H3T 1M5",45.49489974975586,-73.62409973144531,,,X,,donnees-quebec.ca/MSSS,f
QC,msss-hopital-montreal-centre-hospitalier-universitaire-sainte-justine,Centre Hospitalier Universitaire Sainte-Justine,health,Hôpital,Montréal,,,"5757, avenue Decelles, Montréal, QC H3S 2C3",45.5010986328125,-73.6260986328125,,,X,,donnees-quebec.ca/MSSS,f
QC,msss-chsld-montreal-centre-le-cardinal,Centre Le Cardinal,health,CHSLD,Montréal,,,"12900, rue Notre-Dame Est, Montréal, QC H1A 1R9",45.65250015258789,-73.48829650878906,,,X,,donnees-quebec.ca/MSSS,f
QC,msss-hopital-montreal-centre-multiservice-de-sante-et-de-services-sociaux-de-saint,Centre Multiservice De Santé Et De Services Sociaux De Saint-Henri,health,Hôpital,Montréal,,,"5205, rue Notre-Dame Ouest, Montréal, QC H4C 3L2",45.46969985961914,-73.59400177001953,,,X,,donnees-quebec.ca/MSSS,f
QC,msss-clsc-montreal-centre-multiservices-de-sante-et-de-services-sociaux-de-parc,Centre Multiservices De Santé Et De Services Sociaux De Parc-Extension,health,CLSC,Montréal,,,"7085, rue Hutchison, Montréal, QC H3N 1Y9",45.529598236083984,-73.62100219726562,,,X,,donnees-quebec.ca/MSSS,f
QC,msss-clsc-montreal-centre-multiservices-de-sante-et-de-services-sociaux-de-sain,Centre Multiservices De Santé Et De Services Sociaux De Saint-Louis-Du-Parc,health,CLSC,Montréal,,,"15, avenue du Mont-Royal Ouest, Montréal, QC H2T 2R9",45.52000045776367,-73.58689880371094,,,X,,donnees-quebec.ca/MSSS,f
QC,msss-hopital-montreal-centre-multiservices-de-sante-et-de-services-sociaux-riviere,Centre Multiservices De Santé Et De Services Sociaux Rivière-Des-Prairies,health,Hôpital,Montréal,,,"7070, boulevard Perras, Montréal, QC H1E 1A4",45.62310028076172,-73.61139678955078,,,X,,donnees-quebec.ca/MSSS,f
QC,msss-hopital-montreal-centre-metropolitain-de-chirurgie-plastique,Centre Métropolitain De Chirurgie Plastique,health,Hôpital,Montréal,,,"999, rue de Salaberry, Montréal, QC H3L 1L2",45.545501708984375,-73.69290161132812,,,X,,donnees-quebec.ca/MSSS,f
QC,msss-hopital-montreal-chu-sainte-justine,Chu Sainte-Justine,health,Hôpital,Montréal,,,"3175, chemin de la Côte-Sainte-Catherine, Montréal, QC H3T 1C5",45.50320053100586,-73.6249008178711,,,X,,donnees-quebec.ca/MSSS,f
QC,msss-clsc-montreal-clinique-communautaire-de-pointe-st-charles,Clinique Communautaire De Pointe St-Charles,health,CLSC,Montréal,,,"500, avenue Ash, Montréal, QC H3K 2R4",45.47840118408203,-73.55690002441406,,,X,,donnees-quebec.ca/MSSS,f
QC,msss-clsc-montreal-clinique-communautaire-de-pointe-st-charles-point-de-service,Clinique Communautaire De Pointe St-Charles (Point De Service),health,CLSC,Montréal,,,"1955, rue Centre, Montréal, QC H3K 1J1",45.482398986816406,-73.5634994506836,,,X,,donnees-quebec.ca/MSSS,f
QC,msss-clsc-montreal-clinique-ips-snowdon,Clinique Ips+ Snowdon,health,CLSC,Montréal,,,"5165, chemin Queen Mary, Montréal, QC H3W 1X7",45.485198974609375,-73.62850189208984,,,X,,donnees-quebec.ca/MSSS,f
QC,hlth-qc2,Clinique SPOT – Centre de santé sexuelle,health,Clinique spécialisée,Montréal,514-529-4440,,,45.525,-73.5695,X,,,,,f
QC,hlth-mtl2,Clinique communautaire de Pointe-Saint-Charles,health,Clinique communautaire,Montréal,514-937-9251,,,45.4837,-73.5671,X,,,,,f
QC,hlth-hand1,Ex aequo – Services aux personnes handicapées,health,Personnes handicapées,Montréal,514-270-7550,,,45.5312,-73.6184,X,,,,,f
QC,hlth-mtl3,GMF-U Saint-Michel – Montréal,health,Clinique sans rendez-vous,Montréal,514-374-1717,,,45.5666,-73.6054,X,,,,,f
QC,msss-hopital-montreal-groupe-de-medecine-de-famille-universitaire-de-verdun,Groupe De Médecine De Famille Universitaire De Verdun,health,Hôpital,Montréal,,,"3950, boulevard LaSalle, Montréal, QC H4G 2A2",45.4640998840332,-73.56400299072266,,,X,,donnees-quebec.ca/MSSS,f
QC,msss-hopital-montreal-groupe-de-medecine-de-famille-universitaire-de-verdun-de-l-e,Groupe De Médecine De Famille Universitaire De Verdun-De-L'Église,health,Hôpital,Montréal,,,"55, rue de l'Église, Montréal, QC H4G 3E7",45.46289825439453,-73.56449890136719,,,X,,donnees-quebec.ca/MSSS,f
QC,msss-hopital-montreal-groupe-de-medecine-de-famille-universitaire-et-centre-de-ser,Groupe De Médecine De Famille Universitaire Et Centre De Services Ambulatoires De St. Mary,health,Hôpital,Montréal,,,"3777, rue Jean-Brillant, Montréal, QC H3T 1M5",45.494998931884766,-73.6238021850586,,,X,,donnees-quebec.ca/MSSS,f
QC,msss-hopital-montreal-groupe-de-medecine-de-famille-universitaire-notre-dame,Groupe De Médecine De Famille Universitaire Notre-Dame,health,Hôpital,Montréal,,,"2120, rue Sherbrooke Est, 6e étage, Montréal, QC H2K 1C3",45.53099822998047,-73.5625991821289,,,X,,donnees-quebec.ca/MSSS,f
QC,msss-hopital-montreal-groupe-de-medecine-de-famille-universitaire-sacre-c-ur,Groupe De Médecine De Famille Universitaire Sacré-Cœur,health,Hôpital,Montréal,,,"1575, boulevard Henri-Bourassa Ouest, 2e, Montréal, QC H3M 3A9",45.537601470947266,-73.67970275878906,,,X,,donnees-quebec.ca/MSSS,f
QC,msss-hopital-montreal-hopital-catherine-booth,Hôpital Catherine-Booth,health,Hôpital,Montréal,,,"4375, avenue Montclair, Montréal, QC H4B 2J5",45.46390151977539,-73.6355972290039,,,X,,donnees-quebec.ca/MSSS,f
QC,msss-hopital-montreal-hopital-de-lachine,Hôpital De Lachine,health,Hôpital,Montréal,,,"650, 16e Avenue, Montréal, QC H8S 3N5",45.440799713134766,-73.677001953125,,,X,,donnees-quebec.ca/MSSS,f
QC,msss-hopital-montreal-hopital-de-lasalle,Hôpital De Lasalle,health,Hôpital,Montréal,,,"8585, terrasse Champlain, Montréal, QC H8P 1C1",45.420799255371094,-73.62339782714844,,,X,,donnees-quebec.ca/MSSS,f
QC,msss-hopital-montreal-hopital-de-verdun,Hôpital De Verdun,health,Hôpital,Montréal,,,"4000, boulevard LaSalle, Montréal, QC H4G 2A3",45.4640998840332,-73.56400299072266,,,X,,donnees-quebec.ca/MSSS,f
QC,msss-hopital-montreal-hopital-du-sacre-coeur-de-montreal,Hôpital Du Sacré-Coeur-De-Montréal,health,Hôpital,Montréal,,,"5400, boulevard Gouin Ouest, Montréal, QC H4J 1C5",45.53260040283203,-73.71399688720703,,,X,,donnees-quebec.ca/MSSS,f
QC,msss-hopital-montreal-hopital-en-sante-mentale-albert-prevost,Hôpital En Santé Mentale Albert-Prévost,health,Hôpital,Montréal,,,"6555, boulevard Gouin Ouest, Montréal, QC H4K 1B3",45.52899932861328,-73.72899627685547,,,X,,donnees-quebec.ca/MSSS,f
QC,msss-hopital-montreal-hopital-et-centre-de-readaptation-en-deficience-physique-irg,Hôpital Et Centre De Réadaptation En Déficience Physique Irglm-Charles W. Lindsay,health,Hôpital,Montréal,,,"6363, chemin Hudson, Montréal, QC H3S 1M9",45.50709915161133,-73.62950134277344,,,X,,donnees-quebec.ca/MSSS,f
QC,msss-hopital-montreal-hopital-et-centre-de-readaptation-en-deficience-physique-irg-2,Hôpital Et Centre De Réadaptation En Déficience Physique Irglm-Gustave-Gingras,health,Hôpital,Montréal,,,"6300, avenue Darlington, Montréal, QC H3S 2J4",45.50809860229492,-73.62879943847656,,,X,,donnees-quebec.ca/MSSS,f
QC,msss-hopital-montreal-hopital-fleury,Hôpital Fleury,health,Hôpital,Montréal,,,"2180, rue Fleury Est, Montréal, QC H2B 1K3",45.571800231933594,-73.65039825439453,,,X,,donnees-quebec.ca/MSSS,f
QC,msss-hopital-montreal-hopital-glen,Hôpital Glen,health,Hôpital,Montréal,,,"1001, boulevard Décarie, Montréal, QC H4A 3J1",45.4734001159668,-73.60089874267578,,,X,,donnees-quebec.ca/MSSS,f
QC,msss-chsld-montreal-hopital-grace-dart,Hôpital Grace Dart,health,CHSLD,Montréal,,,"6085, rue Sherbrooke Est, Montréal, QC H1N 1C2",45.57849884033203,-73.54660034179688,,,X,,donnees-quebec.ca/MSSS,f
QC,msss-hopital-montreal-hopital-general-de-montreal,Hôpital Général De Montréal,health,Hôpital,Montréal,,,"1650, avenue Cedar, Montréal, QC H3G 1A4",45.49700164794922,-73.58899688720703,,,X,,donnees-quebec.ca/MSSS,f
QC,msss-hopital-montreal-hopital-general-juif-2,Hôpital Général Juif,health,Hôpital,Montréal,,,"3755, chemin de la Côte-Sainte-Catherine, Montréal, QC H3T 1E2",45.497798919677734,-73.62879943847656,,,X,,donnees-quebec.ca/MSSS,f
QC,msss-hopital-montreal-hopital-general-juif,Hôpital Général Juif,health,Hôpital,Montréal,,,"4335, chemin de la Côte-Sainte-Catherine, Montréal, QC H3T 1E4",45.49580001831055,-73.63059997558594,,,X,,donnees-quebec.ca/MSSS,f
QC,msss-hopital-montreal-hopital-jean-talon,Hôpital Jean-Talon,health,Hôpital,Montréal,,,"1385, rue Jean-Talon Est, Montréal, QC H2E 1S6",45.5458984375,-73.6094970703125,,,X,,donnees-quebec.ca/MSSS,f
QC,msss-hopital-montreal-hopital-maisonneuve-rosemont,Hôpital Maisonneuve-Rosemont,health,Hôpital,Montréal,,,"5415, boulevard de l'Assomption, Montréal, QC H1T 2M4",45.57419967651367,-73.55850219726562,,,X,,donnees-quebec.ca/MSSS,f
QC,msss-hopital-montreal-hopital-marie-clarac,Hôpital Marie-Clarac,health,Hôpital,Montréal,,,"3530, boulevard Gouin Est, Montréal, QC H1H 1B7",45.59080123901367,-73.64969635009766,,,X,,donnees-quebec.ca/MSSS,f
QC,msss-hopital-montreal-hopital-neurologique-de-montreal,Hôpital Neurologique De Montréal,health,Hôpital,Montréal,,,"3801, rue University, Montréal, QC H3A 2B4",45.50899887084961,-73.5813980102539,,,X,,donnees-quebec.ca/MSSS,f
QC,msss-hopital-montreal-hopital-notre-dame,Hôpital Notre-Dame,health,Hôpital,Montréal,,,"1560, rue Sherbrooke Est, Montréal, QC H2L 4M1",45.52539825439453,-73.5635986328125,,,X,,donnees-quebec.ca/MSSS,f
QC,msss-hopital-montreal-hopital-richardson,Hôpital Richardson,health,Hôpital,Montréal,,,"5425, avenue Bessborough, Montréal, QC H4V 2S7",45.47200012207031,-73.6458969116211,,,X,,donnees-quebec.ca/MSSS,f
QC,msss-hopital-montreal-hopital-santa-cabrini,Hôpital Santa Cabrini,health,Hôpital,Montréal,,,"5655, rue Saint-Zotique Est, Montréal, QC H1T 1P7",45.580101013183594,-73.57170104980469,,,X,,donnees-quebec.ca/MSSS,f
QC,msss-hopital-montreal-hopital-shriners-pour-enfants-quebec,Hôpital Shriners Pour Enfants (Québec),health,Hôpital,Montréal,,,"1003, boulevard Décarie, Montréal, QC H4A 0A9",45.4718017578125,-73.60199737548828,,,X,,donnees-quebec.ca/MSSS,f
QC,msss-hopital-montreal-hotel-dieu-de-montreal,Hôtel-Dieu De Montréal,health,Hôpital,Montréal,,,"3840, rue Saint-Urbain, Montréal, QC H2W 1T8",45.51390075683594,-73.5781021118164,,,X,,donnees-quebec.ca/MSSS,f
QC,msss-hopital-montreal-institut-de-cardiologie-de-montreal,Institut De Cardiologie De Montréal,health,Hôpital,Montréal,,,"5000, rue Bélanger, Montréal, QC H1T 1C8",45.57379913330078,-73.57779693603516,,,X,,donnees-quebec.ca/MSSS,f
QC,msss-hopital-montreal-institut-universitaire-de-geriatrie-de-montreal,Institut Universitaire De Gériatrie De Montréal,health,Hôpital,Montréal,,,"4565, chemin Queen-Mary, Montréal, QC H3W 1W5",45.49100112915039,-73.6238021850586,,,X,,donnees-quebec.ca/MSSS,f
QC,msss-chsld-montreal-institut-universitaire-en-sante-mentale-de-montreal,Institut Universitaire En Santé Mentale De Montréal,health,CHSLD,Montréal,,,"7401, rue Hochelaga, Montréal, QC H1N 3M5",45.588600158691406,-73.52899932861328,,,X,,donnees-quebec.ca/MSSS,f
QC,msss-chsld-montreal-l-hopital-chinois-de-montreal-1963,L'Hôpital Chinois De Montréal (1963),health,CHSLD,Montréal,,,"189, avenue Viger Est, Montréal, QC H2X 3Y9",45.509498596191406,-73.55809783935547,,,X,,donnees-quebec.ca/MSSS,f
QC,msss-chsld-montreal-les-cedres-centre-d-accueil-pour-personnes-agees,Les Cèdres - Centre D'Accueil Pour Personnes Âgées,health,CHSLD,Montréal,,,"1275, boulevard de la Côte-Vertu, Montréal, QC H4L 4V2",45.516998291015625,-73.67990112304688,,,X,,donnees-quebec.ca/MSSS,f
QC,msss-chsld-montreal-maison-alternative-de-riviere-des-prairies,Maison Alternative De Rivière-Des-Prairies,health,CHSLD,Montréal,,,"7099, boulevard Maurice-Duplessis, Montréal, QC H1G 0A6",45.62099838256836,-73.60919952392578,,,X,,donnees-quebec.ca/MSSS,f
QC,msss-clsc-montreal-maison-de-naissance-anne-courtemanche,Maison De Naissance Anne-Courtemanche,health,CLSC,Montréal,,,"4500, rue de Contrecoeur, Montréal, QC H1K 0L1",45.61180114746094,-73.527099609375,,,X,,donnees-quebec.ca/MSSS,f
QC,msss-clsc-montreal-maison-de-naissance-de-cote-des-neiges,Maison De Naissance De Côte-Des-Neiges,health,CLSC,Montréal,,,"6560, chemin de la Côte-des-Neiges, Montréal, QC H3S 2A7",45.50189971923828,-73.6353988647461,,,X,,donnees-quebec.ca/MSSS,f
QC,msss-clsc-montreal-maison-de-naissance-jeanne-mance,Maison De Naissance Jeanne-Mance,health,CLSC,Montréal,,,"1822-1828, rue Ontario Est, Montréal, QC H2K 1T7",45.526100158691406,-73.55870056152344,,,X,,donnees-quebec.ca/MSSS,f
QC,mtl-he1,Médecins du Monde – Montréal,health,Soins sans papiers,Montréal,514-281-7658,,,45.5205,-73.58,X,,,,,f
QC,msss-hopital-montreal-pavillon-rachel-tourigny,Pavillon Rachel-Tourigny,health,Hôpital,Montréal,,,"5305, boulevard de l'Assomption, Montréal, QC H1T 2M4",45.57400131225586,-73.55680084228516,,,X,,donnees-quebec.ca/MSSS,f
QC,msss-hopital-montreal-pavillon-rosemont,Pavillon Rosemont,health,Hôpital,Montréal,,,"5689, boulevard Rosemont, Montréal, QC H1T 2H1",45.57749938964844,-73.56210327148438,,,X,,donnees-quebec.ca/MSSS,f
QC,msss-hopital-montreal-pavillon-edouard-asselin,Pavillon Édouard-Asselin,health,Hôpital,Montréal,,,"264, boulevard René-Lévesque Est, Montréal, QC H2X 1P1",45.51110076904297,-73.55860137939453,,,X,,donnees-quebec.ca/MSSS,f
QC,msss-hopital-montreal-programme-de-recherche-clinique-chum-ircm,Programme De Recherche Clinique Chum-Ircm,health,Hôpital,Montréal,,,"120 avenue des Pins Ouest, Montréal, QC H2W 2T2",45.51340103149414,-73.57620239257812,,,X,,donnees-quebec.ca/MSSS,f
QC,msss-chsld-montreal-residence-berthiaume-du-tremblay,Résidence Berthiaume-Du Tremblay,health,CHSLD,Montréal,,,"1635, boulevard Gouin Est, Montréal, QC H2C 1C2",45.56740188598633,-73.66300201416016,,,X,,donnees-quebec.ca/MSSS,f
QC,ambulance-urgences-sante,Urgences-santé — Montréal et Laval,health,Service ambulancier,Montréal,514-842-4242,,,45.5048,-73.5772,X,,,,,f
QC,msss-hopital-montreal-villa-medica,Villa Medica,health,Hôpital,Montréal,,,"225, rue Sherbrooke Est, Montréal, QC H2X 1C9",45.51499938964844,-73.5687026977539,,,X,,donnees-quebec.ca/MSSS,f
QC,h-clos-mtl,CLOS – Comité logement Centre-Sud,housing,Comité logement,Montréal,514-525-0399,https://clos-mtl.org,"2349, rue de Rouen, bureau 210, Montréal, QC H2K 1L8",,,,X,,,curated-housing-network,f
QC,mtl-h4,Chez Doris,housing,Hébergement femmes,Montréal,514-937-2341,,,45.4846,-73.5762,X,,,,,f
QC,h-comite-logement-rosemont,Comité logement Rosemont,housing,Comité logement,Montréal,514-597-2581,https://comitelogement.org,"5350, rue Lafond, Montréal, QC H1X 2X2",,,,X,,,curated-housing-network,f
QC,h-cl-villeray,Comité logement de Villeray,housing,Comité logement,Montréal,514-270-6703,https://clvillerays.com,"660, rue Villeray, Montréal, QC H2R 1J1",,,,X,,,curated-housing-network,f
QC,v-comite-logement-mtl,Comité logement de la Petite-Patrie,housing,Droits locataires,Montréal,514-272-9006,,,45.544,-73.604,X,,,,,f
QC,h-cl-petite-patrie,Comité logement de la Petite-Patrie,housing,Comité logement,Montréal,514-272-9006,https://comitelogementpp.org,"6839, rue Drolet, Montréal, QC H2S 2T1",,,,X,,,curated-housing-network,f
QC,h-clpp-mtl,Comité logement du Plateau Mont-Royal,housing,Comité logement,Montréal,514-527-3495,https://clpmr.com,"4450, rue Saint-Hubert, bureau 328, Montréal, QC H2J 2W9",,,,X,,,curated-housing-network,f
QC,v-en-marge-1216,En Marge 12-17,housing,Refuge jeunes,Montréal,514-849-7117,,,45.5234,-73.5697,X,,,,,f
QC,h-fohm,FOHM – Fédération des OSBL d'habitation de Montréal,housing,Fédération OSBL Montréal,Montréal,514-527-6668,https://fohm.org,"1000, rue Amherst, bureau 200, Montréal, QC H2L 3K5",,,,X,,,curated-housing-network,f
QC,h-frapru,FRAPRU – Front d'action populaire en réaménagement urbain,housing,Réseau provincial – défense logement,Montréal,514-522-1010,https://frapru.qc.ca,"1431, rue Fullum, bureau 102, Montréal, QC H2K 0B5",,,,X,,,curated-housing-network,t
QC,mtl-h1,Maison du Père,housing,Hébergement d'urgence hommes,Montréal,514-845-0168,,,45.5095,-73.5607,X,,,,,f
QC,mtl-h5,OMHM – Logement social,housing,Logement subventionné,Montréal,514-872-6442,,,45.5255,-73.573,X,,,,,f
QC,h-omh-mtl,Office municipal d'habitation de Montréal (OMHM),housing,Office municipal d'habitation,Montréal,514-872-6646,https://omhm.qc.ca,"415, rue Saint-Antoine Ouest, Montréal, QC H2Z 1H8",,,,X,,,curated-housing-network,f
QC,mtl-h3,Old Brewery Mission,housing,Hébergement d'urgence,Montréal,514-866-3921,,,45.5058,-73.5545,X,,,,,f
QC,v-passages,Passages,housing,Refuge jeunes femmes,Montréal,514-875-8119,,,,,X,X,,,,f
QC,h-rclalq,RCLALQ – Regroupement des comités logement et associations de locataires du Québec,housing,Défense des locataires,Montréal,514-521-7114,https://rclalq.qc.ca,"920, rue Sherbrooke Est, bureau 200, Montréal, QC H2L 1L2",,,,X,,,curated-housing-network,t
QC,h-rqoh,RQOH – Réseau québécois des OSBL d'habitation,housing,Réseau OSBL d'habitation,Montréal,1-866-846-9276,https://rqoh.com,"533, rue Ontario Est, bureau 202, Montréal, QC H2L 1N8",,,,X,,,curated-housing-network,t
QC,mtl-h2,Welcome Hall Mission,housing,Hébergement d'urgence,Montréal,514-935-6661,,,45.4871,-73.5809,X,,,,,f
QC,imm-asfc-mtl,Action Réfugiés Montréal,immigration,Aide aux réfugiés,Montréal,514-935-7799,https://actionr.org,"1439, av. Union, bureau 401, Montréal, QC H3A 2B5",,,,X,,,curated-immigration-network,f
QC,imm-accueil2,BINA – Bureau Intégration Nouveaux Arrivants,immigration,Intégration immigrants,Montréal,514-382-0735,,,45.5634,-73.6745,X,,,,,f
QC,imm-fr2,CACI – Cours de français communautaires,immigration,Cours de français,Montréal,514-271-8207,,,45.5266,-73.6176,X,,,,,f
QC,mtl-im1,CARI Saint-Laurent,immigration,Intégration immigrants,Montréal,514-748-2007,,,45.5128,-73.6854,X,,,,,f
QC,imm-cari-mtl,CARI Saint-Laurent (Centre d'accueil et de référence pour immigrants),immigration,Accueil – nouveaux arrivants,Montréal,514-748-2007,https://cari.qc.ca,"775, boul. Décarie, bureau 200, Saint-Laurent, QC H4L 3L9",,,,X,,,curated-immigration-network,f
QC,imm-accueil3,Carrefour d'aide aux nouvelles arrivantes (CANA),immigration,Intégration immigrants,Montréal,514-384-5959,,,45.5401,-73.6113,X,,,,,f
QC,imm-collectif-iberoam,Centre social d'aide aux immigrants (CSAI),immigration,Accueil – nouveaux arrivants,Montréal,514-932-2953,https://centrecsai.org,"6201, rue Laurendeau, Montréal, QC H4E 3X8",,,,X,,,curated-immigration-network,f
QC,imm-clic-mtl,Clinique pour la Justice migrante,immigration,Aide juridique – immigration,Montréal,514-987-8786,https://cliniquejusticemigrante.org,"1290, rue Saint-Denis, bureau 200, Montréal, QC H2X 3J7",,,,X,,,curated-immigration-network,f
QC,imm-collectif-mtl,Collectif des femmes immigrantes du Québec (CFIQ),immigration,Femmes immigrantes,Montréal,514-279-4246,https://cfiq.ca,"1255, rue Robert-Bourassa, bureau 906, Montréal, QC H3B 3W9",,,,X,,,curated-immigration-network,f
QC,imm-soc-asile-mtl,Foyer du monde,immigration,Hébergement réfugiés,Montréal,514-733-0554,https://foyerdumonde.org,"5765, av. McKenna, Montréal, QC H3W 1S1",,,,X,,,curated-immigration-network,f
QC,imm-himo-mtl,Hirondelle – Services d'accueil et d'intégration,immigration,Accueil – nouveaux arrivants,Montréal,514-281-2038,https://hirondelle.qc.ca,"4652, rue Jeanne-Mance, Montréal, QC H2V 4J4",,,,X,,,curated-immigration-network,f
QC,v-praida,PRAIDA — Programme régional d'accueil et d'intégration,immigration,Demandeurs d'asile,Montréal,514-484-7878,,,45.4789,-73.602,X,,,,,f
QC,imm-accueil1,PROMIS – Promotion Intégration Société Nouvelle,immigration,Intégration immigrants,Montréal,514-270-9386,,,45.4897,-73.6256,X,,,,,f
QC,imm-promis-mtl,PROMIS – Promotion-Intégration-Société nouvelle,immigration,Accueil – nouveaux arrivants,Montréal,514-345-1615,https://promis.qc.ca,"3333, ch. de la Côte-Sainte-Catherine, bureau 201, Montréal, QC H3T 1C8",,,,X,,,curated-immigration-network,f
QC,imm-tcri,TCRI – Table de concertation des organismes au service des personnes réfugiées et immigrantes,immigration,Réseau provincial,Montréal,514-272-6060,https://tcri.qc.ca,"518, rue Beaubien Est, bureau 200, Montréal, QC H2S 1S5",,,,X,,,curated-immigration-network,t
QC,imm-wmc-mtl,Welcome Collective,immigration,Aide aux demandeurs d'asile,Montréal,514-507-5685,https://welcomecollective.org,"5165, rue Sherbrooke Ouest, bureau 230, Montréal, QC H4A 1T6",,,,X,,,curated-immigration-network,f
QC,v-ymca-immigrants,YMCA Services aux immigrants,immigration,Intégration immigrants,Montréal,514-849-5331,,,45.4982,-73.5757,X,,,,,f
QC,mh-acsm-mtl,ACSM – Filiale de Montréal,mentalHealth,Santé mentale communautaire,Montréal,514-849-3291,https://acsmmontreal.qc.ca,"55, av. du Mont-Royal Ouest, bureau 605, Montréal, QC H2T 2S6",,,,X,,,curated-mh-network,f
QC,v-amisstrocymtl,AMI-Québec — Soutien à la famille,mentalHealth,Famille santé mentale,Montréal,514-486-1448,,,45.4825,-73.623,X,,,,,f
QC,msss-centre-hospitalier-psychiatrique-montreal-centre-de-services-ambulatoires-bois-de-boulogne,Centre De Services Ambulatoires Bois-De-Boulogne,mentalHealth,Centre hospitalier psychiatrique,Montréal,,,"1575, boulevard Henri-Bourassa Ouest, Montréal, QC H3M 3A9",45.537601470947266,-73.67970275878906,,,X,,donnees-quebec.ca/MSSS,f
QC,msss-centre-hospitalier-psychiatrique-montreal-centre-de-services-ambulatoires-de-soins-psychiatriques-craw,Centre De Services Ambulatoires De Soins Psychiatriques Crawford,mentalHealth,Centre hospitalier psychiatrique,Montréal,,,"7105, boulevard Lasalle, Montréal, QC H4H 1R2",45.43939971923828,-73.5813980102539,,,X,,donnees-quebec.ca/MSSS,f
QC,msss-centre-hospitalier-psychiatrique-montreal-centre-de-services-ambulatoires-de-soins-psychiatriques-well,Centre De Services Ambulatoires De Soins Psychiatriques Wellington,mentalHealth,Centre hospitalier psychiatrique,Montréal,,,"4932, rue Wellington, Montréal, QC H4G 1X6",45.456298828125,-73.56729888916016,,,X,,donnees-quebec.ca/MSSS,f
QC,msss-centre-hospitalier-psychiatrique-montreal-centre-de-services-ambulatoires-en-gerontopsychiatrie-grenet,Centre De Services Ambulatoires En Gérontopsychiatrie Grenet,mentalHealth,Centre hospitalier psychiatrique,Montréal,,,"12085, rue Grenet, Montréal, QC H4J 2J4",45.52989959716797,-73.71379852294922,,,X,,donnees-quebec.ca/MSSS,f
QC,msss-centre-hospitalier-psychiatrique-montreal-centre-de-services-ambulatoires-en-sante-mentale-papineau,Centre De Services Ambulatoires En Santé Mentale Papineau,mentalHealth,Centre hospitalier psychiatrique,Montréal,,,"10345, avenue Papineau, 3e étage, Montréal, QC H2B 2A3",45.56850051879883,-73.65360260009766,,,X,,donnees-quebec.ca/MSSS,f
QC,msss-centre-hospitalier-psychiatrique-montreal-centre-multiservices-de-sante-et-de-services-sociaux-riviere,Centre Multiservices De Santé Et De Services Sociaux Rivière-Des-Prairies,mentalHealth,Centre hospitalier psychiatrique,Montréal,,,"7070, boulevard Perras, Montréal, QC H1E 1A4",45.62310028076172,-73.61139678955078,,,X,,donnees-quebec.ca/MSSS,f
QC,mtl-m1,Centre de Crise de Montréal,mentalHealth,Crise psychologique,Montréal,514-338-4090,,,45.5275,-73.624,X,,,,,f
QC,mh-crise-iris-mtl,Centre de crise IRIS,mentalHealth,Centre de crise,Montréal,514-388-9233,https://centrescriseduquebec.com,"8205, rue Boyer, Montréal, QC H2R 2R8",,,,X,,,curated-mh-network,f
QC,mh-crise-rond-point-mtl,Centre de crise Le Tournant – Sud-Ouest,mentalHealth,Centre de crise,Montréal,514-935-4546,https://centredecrise.ca,"110, rue Sainte-Catherine Est, Montréal, QC H2X 1K6",,,,X,,,curated-mh-network,f
QC,msss-centre-hospitalier-psychiatrique-montreal-hopital-douglas,Hôpital Douglas,mentalHealth,Centre hospitalier psychiatrique,Montréal,,,"6875, boulevard Lasalle, Montréal, QC H4H 1R3",45.442100524902344,-73.58439636230469,,,X,,donnees-quebec.ca/MSSS,f
QC,msss-centre-hospitalier-psychiatrique-montreal-institut-national-de-psychiatrie-legale-philippe-pinel,Institut National De Psychiatrie Légale Philippe-Pinel,mentalHealth,Centre hospitalier psychiatrique,Montréal,,,"10905, boulevard Henri-Bourassa Est, Montréal, QC H1C 1H1",45.65599822998047,-73.53359985351562,,,X,,donnees-quebec.ca/MSSS,f
QC,msss-centre-hospitalier-psychiatrique-montreal-institut-universitaire-en-sante-mentale-de-montreal,Institut Universitaire En Santé Mentale De Montréal,mentalHealth,Centre hospitalier psychiatrique,Montréal,,,"7401, rue Hochelaga, Montréal, QC H1N 3M5",45.588600158691406,-73.52899932861328,,,X,,donnees-quebec.ca/MSSS,f
QC,mh-crise-ouest-mtl,L'Autre Maison – Centre de crise,mentalHealth,Centre de crise,Montréal,514-768-7225,https://lautremaison.com,"1190, rue de Bullion, Montréal, QC H2X 2Z6",,,,X,,,curated-mh-network,f
QC,v-grand-chemin,Le Grand Chemin,mentalHealth,Toxicomanie jeunes,Montréal,1-800-668-9210,,,,,X,X,,,,t
QC,v-maison-jean-lapointe,Maison Jean Lapointe,mentalHealth,Toxicomanie,Montréal,514-288-2611,,,45.5125,-73.555,X,,,,,f
QC,msss-centre-hospitalier-psychiatrique-montreal-pavillon-fernand-seguin,Pavillon Fernand-Séguin,mentalHealth,Centre hospitalier psychiatrique,Montréal,,,"7331, rue Hochelaga, Montréal, QC H1N 3V2",45.58620071411133,-73.52729797363281,,,X,,donnees-quebec.ca/MSSS,f
QC,mtl-m2,Phare Espoir,mentalHealth,Soutien communautaire,Montréal,514-382-6363,,,45.5523,-73.6478,X,,,,,f
QC,mh-revivre-qc,"Revivre – Aide aux troubles anxieux, dépressifs, bipolaires",mentalHealth,Soutien troubles mentaux,Montréal,1-866-738-4873,https://revivre.org,"5140, rue Saint-Hubert, bureau 100, Montréal, QC H2J 2Y3",,,,X,,,curated-mh-network,t
QC,v-suicide-action-mtl,Suicide Action Montréal,mentalHealth,Prévention suicide,Montréal,1-866-277-3553,,,45.54,-73.55,X,,,,,f
QC,mh-tracom-mtl,TRACOM – Centre de crise pour adultes,mentalHealth,Centre de crise,Montréal,514-483-3033,https://tracom.ca,"5800, ch. Côte-Saint-Antoine, Montréal, QC H4A 1R9",,,,X,,,curated-mh-network,f
QC,mh-tel-aide-mtl,Tel-Aide Montréal,mentalHealth,Ligne d'écoute,Montréal,514-935-1101,https://telaide.org,,,,X,X,,,curated-mh-network,f
QC,v-asm-quebec,ASMQ — Association des sourds du Québec,social,Personnes sourdes,Montréal,514-279-7609,,,45.526,-73.5765,X,,,,,f
QC,s-multifemmes-mtl,Auberge Madeleine,social,Maison d'hébergement – femmes,Montréal,514-597-1499,https://aubergemadeleine.org,,,,X,X,,,curated-social-network,f
QC,v-auberge-madeleine,Auberge Madeleine,social,Violence conjugale,Montréal,514-597-1499,,,,,X,X,,,,f
QC,v-auberge-transition,Auberge Transition,social,Violence conjugale,Montréal,514-481-0495,,,,,X,X,,,,f
QC,v-bouclier-athena,Bouclier d'Athéna,social,Violence conjugale,Montréal,514-274-8117,,,,,X,X,,,,f
QC,s-centraide-grand-mtl,Centraide du Grand Montréal,social,Centraide,Montréal,514-288-1261,https://centraide-mtl.org,"493, rue Sherbrooke Ouest, Montréal, QC H3A 1B6",,,,X,,,curated-social-network,f
QC,mtl-s1,Centraide du Grand Montréal,social,Services communautaires,Montréal,514-288-1261,,,45.5136,-73.5614,X,,,,,f
QC,centre911-montreal,Centre 911 de Montréal,social,Centre 911,Montréal,911,,,45.5048,-73.5772,X,,,,,f
QC,s-cab-mtl,Centre d'action bénévole de Montréal,social,Centre d'action bénévole,Montréal,514-842-3351,https://cabm.net,"1474, rue Fleury Est, Montréal, QC H2C 1S1",,,,X,,,curated-social-network,f
QC,v-clinique-juridique-mtl,Clinique juridique du Mile-End,social,Aide juridique,Montréal,514-507-5066,,,45.5237,-73.5942,X,,,,,f
QC,s-fcabq,FCABQ – Fédération des centres d'action bénévole du Québec,social,Réseau – bénévolat,Montréal,514-843-6312,https://fcabq.org,"1557, av. Papineau, bureau 200, Montréal, QC H2K 4H7",,,,X,,,curated-social-network,t
QC,v-gris-mtl,GRIS Montréal,social,LGBTQ+,Montréal,514-590-0016,,,45.535,-73.568,X,,,,,f
QC,s-violet-mtl,La Maison Violette,social,Maison d'hébergement – violence conjugale,Montréal,514-376-1750,https://maisonviolette.org,,,,X,X,,,curated-social-network,f
QC,s-bunker-mtl,Le Bunker – Hébergement jeunes,social,Hébergement – jeunes,Montréal,514-524-0029,https://en-marge.qc.ca,"1490, av. de l'Hôtel-de-Ville, Montréal, QC H2X 3K3",,,,X,,,curated-social-network,f
QC,v-maison-marguerite,Maison Marguerite,social,Violence conjugale,Montréal,514-932-2250,,,,,X,X,,,,f
QC,s-mj-hochelaga,Maison des jeunes Hochelaga-Maisonneuve,social,Maison de jeunes,Montréal,514-523-3593,https://mdjhm.com,"1755, rue Joliette, Montréal, QC H1W 3G8",,,,X,,,curated-social-network,f
QC,s-mj-pat,Maison des jeunes de Pointe-aux-Trembles,social,Maison de jeunes,Montréal,514-642-8546,https://mdjpat.com,"13 100, rue Notre-Dame Est, Montréal, QC H1A 3T6",,,,X,,,curated-social-network,f
QC,v-multi-femmes,Multi-Femmes,social,Violence conjugale,Montréal,514-523-1095,,,,,X,X,,,,f
QC,s-pas-rue-mtl,Pas de la rue,social,Itinérance – aînés,Montréal,514-525-1561,https://pasdelarue.org,"1575, boul. de Maisonneuve Est, Montréal, QC H2L 1Y6",,,,X,,,curated-social-network,f
QC,s-passages-mtl,Passages – Maison de transition pour jeunes femmes,social,Maison d'hébergement – jeunes femmes,Montréal,514-875-8119,https://passagesmtl.com,,,,X,X,,,curated-social-network,f
QC,s-stmichaels-shelter,Refuge des jeunes de Montréal,social,Hébergement – jeunes,Montréal,514-849-4221,https://refugedesjeunes.org,"1836, rue Sainte-Catherine Est, Montréal, QC H2K 2H3",,,,X,,,curated-social-network,f
QC,soc-trsp2,Roue de secours – Transport bénévole,social,Transport solidaire,Montréal,514-842-5558,,,45.5301,-73.5882,X,,,X,admin,f
QC,s-resilience-mtl,Résilience Montréal,social,Itinérance,Montréal,438-381-0222,https://resiliencemontreal.com,"1684, rue Sainte-Catherine Ouest, Montréal, QC H3H 1L7",,,,X,,,curated-social-network,f
QC,saaq-mtl,SAAQ — Bureau de Montréal (centre-ville),social,Services gouvernementaux,Montréal,1-800-361-7620,,,45.5088,-73.5878,X,,,,,f
QC,incendie-sim,SIM — Service de sécurité incendie de Montréal,social,Service des incendies,Montréal,514-872-3800,,,45.5048,-73.5772,X,,,,,f
QC,police-spvm,Service de police de Montréal (SPVM),social,Service de police,Montréal,514-280-2222,,,45.5048,-73.5772,X,,,,,f
QC,s-yslm-mtl,Y des femmes de Montréal (YWCA),social,Hébergement – femmes,Montréal,514-866-9941,https://ydesfemmesmtl.org,"1355, boul. René-Lévesque Ouest, Montréal, QC H3G 1T3",,,,X,,,curated-social-network,f
QC,msss-clsc-murdochville-clsc-et-centre-de-services-ambulatoires-de-murdochville,CLSC Et Centre De Services Ambulatoires De Murdochville,health,CLSC,Murdochville,,,"600, avenue William-May, Murdochville, QC G0E 1W0",48.961299896240234,-65.49349975585938,,,X,,donnees-quebec.ca/MSSS,f
QC,msss-clsc-metabetchouan-lac-a-la-croix-clsc-et-centre-d-hebergement-de-metabetchouan-lac-a-la-croix,CLSC Et Centre D'Hébergement De Métabetchouan-Lac-À-La-Croix,health,CLSC,Métabetchouan--Lac-à-la-Croix,,,"1895, Route 169, Métabetchouan--Lac-à-la-Croix, QC G8G 1B4",48.42580032348633,-71.86609649658203,,,X,,donnees-quebec.ca/MSSS,f
QC,msss-clsc-napierville-clsc-de-napierville,CLSC De Napierville,health,CLSC,Napierville,,,"509, rue Saint-Jacques, Napierville, QC J0J 1L0",45.19269943237305,-73.41339874267578,,,X,,donnees-quebec.ca/MSSS,f
QC,msss-clsc-natashquan-clsc-de-natashquan,CLSC De Natashquan,health,CLSC,Natashquan,,,"47, chemin d'en Haut, Natashquan, QC G0G 2E0",50.18600082397461,-61.82059860229492,,,X,,donnees-quebec.ca/MSSS,f
QC,msss-clsc-nemaska-cmc-nemaska,Cmc Nemaska,health,CLSC,Nemaska,,,"7, rue Lakeshore, Nemaska, QC J0Y 3B0",51.685298919677734,-76.25579833984375,,,X,,donnees-quebec.ca/MSSS,f
QC,msss-clsc-nemaska-msdc-nemaska,Msdc Nemaska,health,CLSC,Nemaska,,,"20, rue Bedabin, Nemaska, QC J0Y 3B0",51.67770004272461,-76.25890350341797,,,X,,donnees-quebec.ca/MSSS,f
QC,msss-chsld-new-carlisle-centre-d-hebergement-de-new-carlisle,Centre D'Hébergement De New Carlisle,health,CHSLD,New Carlisle,,,"108, boulevard Gérard-D.-Levesque, New Carlisle, QC G0C 1Z0",48.010398864746094,-65.32119750976562,,,X,,donnees-quebec.ca/MSSS,f
QC,msss-clsc-nicolet-centre-multiservices-de-sante-et-de-services-sociaux-christ-,Centre Multiservices De Santé Et De Services Sociaux Christ-Roi,health,CLSC,Nicolet,,,"675, rue Saint-Jean-Baptiste, Nicolet, QC J3T 1S4",46.23149871826172,-72.62650299072266,,,X,,donnees-quebec.ca/MSSS,f
QC,msss-clsc-nicolet-maison-de-naissance-et-clsc-des-filles-de-la-sagesse,Maison De Naissance Et CLSC Des Filles-De-La-Sagesse,health,CLSC,Nicolet,,,"1275, rue Saint-Jean-Baptiste, Nicolet, QC J3T 1W4",46.23429870605469,-72.63490295410156,,,X,,donnees-quebec.ca/MSSS,f
QC,msss-clsc-normandin-clsc-et-centre-d-hebergement-de-normandin,CLSC Et Centre D'Hébergement De Normandin,health,CLSC,Normandin,,,"1205, rue Saint-Cyrille, Normandin, QC G8M 4K1",48.83879852294922,-72.53099822998047,,,X,,donnees-quebec.ca/MSSS,f
QC,msss-clsc-normetal-clsc-de-normetal,CLSC De Normétal,health,CLSC,Normétal,,,"30, avenue du Docteur-Bigué, Normétal, QC J0Z 3A0",48.9989013671875,-79.36589813232422,,,X,,donnees-quebec.ca/MSSS,f
QC,msss-chsld-notre-dame-des-anges-centre-d-hebergement-hopital-general-de-quebec,Centre D'Hébergement Hôpital Général De Québec,health,CHSLD,Notre-Dame-des-Anges,,,"260, boulevard Langelier, Notre-Dame-des-Anges, QC G1K 5N1",46.814701080322266,-71.23280334472656,,,X,,donnees-quebec.ca/MSSS,f
QC,msss-clsc-notre-dame-des-sept-douleurs-clsc-de-notre-dame-des-sept-douleurs,CLSC De Notre-Dame-Des-Sept-Douleurs,health,CLSC,Notre-Dame-des-Sept-Douleurs,,,"6001, chemin de l'Île, Notre-Dame-des-Sept-Douleurs, QC G0L 1K0",48.011199951171875,-69.45330047607422,,,X,,donnees-quebec.ca/MSSS,f
QC,msss-chsld-notre-dame-du-bon-conseil-centre-d-hebergement-de-notre-dame-du-bon-conseil,Centre D'Hébergement De Notre-Dame-Du-Bon-Conseil,health,CHSLD,Notre-Dame-du-Bon-Conseil,,,"91, rue Saint-Thomas, Notre-Dame-du-Bon-Conseil, QC J0C 1A0",45.99909973144531,-72.34010314941406,,,X,,donnees-quebec.ca/MSSS,f
QC,msss-clsc-notre-dame-du-laus-clsc-de-notre-dame-du-laus,CLSC De Notre-Dame-Du-Laus,health,CLSC,Notre-Dame-du-Laus,,,"8, rue Saint-Denis, Notre-Dame-du-Laus, QC J0X 2M0",46.090301513671875,-75.62159729003906,,,X,,donnees-quebec.ca/MSSS,f
QC,msss-clsc-notre-dame-du-nord-clsc-de-notre-dame-du-nord,CLSC De Notre-Dame-Du-Nord,health,CLSC,Notre-Dame-du-Nord,,,"17-A, rue Principale Nord, Notre-Dame-du-Nord, QC J0Z 3B0",47.594398498535156,-79.4833984375,,,X,,donnees-quebec.ca/MSSS,f
QC,msss-chsld-notre-dame-du-nord-le-chsld-des-premieres-nations-du-timiskaming,Le CHSLD Des Premières Nations Du Timiskaming,health,CHSLD,Notre-Dame-du-Nord,,,"20, avenue Algonquin, Notre-Dame-du-Nord, QC J0Z 3B0",47.606998443603516,-79.47039794921875,,,X,,donnees-quebec.ca/MSSS,f
QC,msss-clsc-nedelec-clsc-de-nedelec,CLSC De Nédélec,health,CLSC,Nédélec,,,"68, rue Principale, Nédélec, QC J0Z 2Z0",47.694400787353516,-79.42389678955078,,,X,,donnees-quebec.ca/MSSS,f
QC,msss-chsld-ormstown-chsld-d-ormstown-ormstown-chsld,CHSLD D'Ormstown / Ormstown CHSLD,health,CHSLD,Ormstown,,,"65, rue Hector, Ormstown, QC J0S 1K0",45.129398345947266,-74.00289916992188,,,X,,donnees-quebec.ca/MSSS,f
QC,msss-hopital-ormstown-hopital-barrie-memorial-barrie-memorial-hospital,Hôpital Barrie Memorial / Barrie Memorial Hospital,health,Hôpital,Ormstown,,,"28, rue Gale, Ormstown, QC J0S 1K0",45.12630081176758,-73.9999008178711,,,X,,donnees-quebec.ca/MSSS,f
QC,msss-clsc-otter-lake-clsc-d-otter-lake,CLSC D'Otter Lake,health,CLSC,Otter Lake,,,"340, avenue Martineau, Otter Lake, QC J0X 2P0",45.84469985961914,-76.43340301513672,,,X,,donnees-quebec.ca/MSSS,f
QC,msss-clsc-ouje-bougoumou-msdc-ouje-bougoumou,Msdc Ouje-Bougoumou,health,CLSC,Oujé-Bougoumou,,,"7, rue Wastawshkootaw, Oujé-Bougoumou, QC G0W 3C0",49.92219924926758,-74.82530212402344,,,X,,donnees-quebec.ca/MSSS,f
QC,msss-clsc-ouje-bougoumou-ouje-bougoumou-healing-centre,Ouje-Bougoumou Healing Centre,health,CLSC,Oujé-Bougoumou,,,"68, rue Opatica, C. P. 37, Oujé-Bougoumou, QC G0W 3C0",49.92499923706055,-74.8228988647461,,,X,,donnees-quebec.ca/MSSS,f
QC,msss-clsc-palmarolle-chsld-et-clsc-de-palmarolle,CHSLD Et CLSC De Palmarolle,health,CLSC,Palmarolle,,,"136, rue Principale Nord, Palmarolle, QC J0Z 3C0",48.66569900512695,-79.20059967041016,,,X,,donnees-quebec.ca/MSSS,f
QC,msss-clsc-paspebiac-clsc-et-centre-de-services-ambulatoires-de-paspebiac,CLSC Et Centre De Services Ambulatoires De Paspébiac,health,CLSC,Paspébiac,,,"273, boulevard Gérard-D.-Levesque, Paspébiac, QC G0C 2K0",48.02199935913086,-65.28679656982422,,,X,,donnees-quebec.ca/MSSS,f
QC,msss-clsc-perce-clsc-de-barachois,CLSC De Barachois,health,CLSC,Percé,,,"1070, Route 132 Est, Percé, QC G0C 1A0",48.61800003051758,-64.27960205078125,,,X,,donnees-quebec.ca/MSSS,f
QC,msss-clsc-perce-clsc-de-perce,CLSC De Percé,health,CLSC,Percé,,,"98, Route 132, Percé, QC G0C 2L0",48.5265998840332,-64.2136001586914,,,X,,donnees-quebec.ca/MSSS,f
QC,msss-clsc-piedmont-clsc-de-piedmont,CLSC De Piedmont,health,CLSC,Piedmont,,,"694, chemin Avila, Piedmont, QC J0R 1R3",45.88840103149414,-74.14510345458984,,,X,,donnees-quebec.ca/MSSS,f
QC,msss-clsc-pierreville-centre-d-hebergement-et-clsc-lucien-shooner,Centre D'Hébergement Et CLSC Lucien-Shooner,health,CLSC,Pierreville,,,"50, rue du Lieut.-Gouverneur-Paul-Comtoi, Pierreville, QC J0G 1J0",46.068199157714844,-72.8113021850586,,,X,,donnees-quebec.ca/MSSS,f
QC,msss-chsld-plessisville-centre-d-hebergement-de-plessisville,Centre D'Hébergement De Plessisville,health,CHSLD,Plessisville,,,"1340, rue Cormier, Plessisville, QC G6L 0G1",46.216400146484375,-71.77850341796875,,,X,,donnees-quebec.ca/MSSS,f
QC,msss-clsc-plessisville-centre-multiservices-de-sante-et-de-services-sociaux-de-l-er,Centre Multiservices De Santé Et De Services Sociaux De L'Érable,health,CLSC,Plessisville,,,"1331, rue Saint-Calixte, Plessisville, QC G6L 1P4",46.215999603271484,-71.7782974243164,,,X,,donnees-quebec.ca/MSSS,f
QC,msss-clsc-plessisville-centre-multiservices-de-sante-et-de-services-sociaux-de-ples,Centre Multiservices De Santé Et De Services Sociaux De Plessisville,health,CLSC,Plessisville,,,"1450, avenue Trudelle, Plessisville, QC G6L 3K4",46.21630096435547,-71.7738037109375,,,X,,donnees-quebec.ca/MSSS,f
QC,msss-clsc-pohenegamook-clsc-de-pohenegamook,CLSC De Pohénégamook,health,CLSC,Pohénégamook,,,"1922, rue Saint-Vallier, Pohénégamook, QC G0L 1J0",47.48979949951172,-69.28130340576172,,,X,,donnees-quebec.ca/MSSS,f
QC,msss-chsld-pointe-claire-chsld-argyle-pointe-claire,CHSLD Argyle - Pointe-Claire,health,CHSLD,Pointe-Claire,,,"300, avenue Stilview, Pointe-Claire, QC H9R 0A1",45.45209884643555,-73.83580017089844,,,X,,donnees-quebec.ca/MSSS,f
QC,msss-chsld-pointe-claire-chsld-bayview,CHSLD Bayview,health,CHSLD,Pointe-Claire,,,"27, Lakeshore, Pointe-Claire, QC H9S 4H1",45.44860076904297,-73.7865982055664,,,X,,donnees-quebec.ca/MSSS,f
QC,msss-chsld-pointe-claire-chsld-stillview,CHSLD Stillview,health,CHSLD,Pointe-Claire,,,"300, avenue Stillview, Pointe-Claire, QC H9R 0A1",45.45209884643555,-73.83580017089844,,,X,,donnees-quebec.ca/MSSS,f
QC,msss-clsc-pointe-claire-clsc-du-lac-saint-louis,CLSC Du Lac-Saint-Louis,health,CLSC,Pointe-Claire,,,"180, avenue Cartier, Pointe-Claire, QC H9S 4S1",45.43899917602539,-73.82749938964844,,,X,,donnees-quebec.ca/MSSS,f
QC,msss-hopital-pointe-claire-centre-de-services-ambulatoires-stillview,Centre De Services Ambulatoires Stillview,health,Hôpital,Pointe-Claire,,,"175, avenue Stillview, Pointe-Claire, QC H9R 4S3",45.45069885253906,-73.8323974609375,,,X,,donnees-quebec.ca/MSSS,f
QC,msss-clsc-pointe-claire-hopital-general-du-lakeshore,Hôpital Général Du Lakeshore,health,CLSC,Pointe-Claire,,,"160, avenue Stillview, Pointe-Claire, QC H9R 2Y2",45.44860076904297,-73.83370208740234,,,X,,donnees-quebec.ca/MSSS,f
QC,msss-clsc-pointe-a-la-croix-clsc-et-centre-de-readaptation-en-deficience-physique-et-en-,CLSC Et Centre De Réadaptation En Déficience Physique Et En Déficience Intellectuelle Et En Troubles Du Spectre De L’autisme De Pointe-À-La-Croi,health,CLSC,Pointe-à-la-Croix,,,"48, boulevard Interprovincial, Pointe-à-la-Croix, QC G0C 1L0",48.019500732421875,-66.69309997558594,,,X,,donnees-quebec.ca/MSSS,f
QC,msss-clsc-pont-rouge-clsc-et-centre-de-readaptation-en-dependance-de-pont-rouge,CLSC Et Centre De Réadaptation En Dépendance De Pont-Rouge,health,CLSC,Pont-Rouge,,,"3, rue du Jardin, Pont-Rouge, QC G3H 0A8",46.74610137939453,-71.69139862060547,,,X,,donnees-quebec.ca/MSSS,f
QC,msss-chsld-pont-rouge-centre-d-hebergement-de-pont-rouge,Centre D'Hébergement De Pont-Rouge,health,CHSLD,Pont-Rouge,,,"5, rue du Jardin, Pont-Rouge, QC G3H 0H1",46.74639892578125,-71.69039916992188,,,X,,donnees-quebec.ca/MSSS,f
QC,msss-chsld-pont-rouge-maison-des-aines-et-alternative-de-pont-rouge,Maison Des Aînés Et Alternative De Pont-Rouge,health,CHSLD,Pont-Rouge,,,"157, rue Dupont, Pont-Rouge, QC G3H 1N1",46.75600051879883,-71.69390106201172,,,X,,donnees-quebec.ca/MSSS,f
QC,msss-clsc-pontiac-clsc-de-quyon,CLSC De Quyon,health,CLSC,Pontiac,,,"1164, rue Clarendon, Pontiac, QC J0X 2V0",45.520301818847656,-76.23059844970703,,,X,,donnees-quebec.ca/MSSS,f
QC,msss-clsc-port-cartier-centre-multiservices-de-sante-et-de-services-sociaux-de-port,Centre Multiservices De Santé Et De Services Sociaux De Port-Cartier,health,CLSC,Port-Cartier,,,"3, rue De Shelter Bay, Port-Cartier, QC G5B 2W9",50.023799896240234,-66.89399719238281,,,X,,donnees-quebec.ca/MSSS,f
QC,msss-clsc-port-daniel-gascons-clsc-de-gascons,CLSC De Gascons,health,CLSC,Port-Daniel--Gascons,,,"63, Route 132, Port-Daniel--Gascons, QC G0C 1P0",48.193599700927734,-64.8646011352539,,,X,,donnees-quebec.ca/MSSS,f
QC,msss-clsc-portneuf-clsc-de-portneuf,CLSC De Portneuf,health,CLSC,Portneuf,,,"289, 2e Avenue, Portneuf, QC G0A 2Y0",46.710201263427734,-71.88829803466797,,,X,,donnees-quebec.ca/MSSS,f
QC,msss-clsc-potton-clsc-de-mansonville,CLSC De Mansonville,health,CLSC,Potton,,,"314, rue Principale, Potton, QC J0E 1X0",45.052398681640625,-72.39189910888672,,,X,,donnees-quebec.ca/MSSS,f
QC,msss-chsld-potton-centre-de-services-externes-pour-les-aines-de-potton,Centre De Services Externes Pour Les Aînés De Potton,health,CHSLD,Potton,,,"2, rue de Vale Perkins, Potton, QC J0E 1X0",45.049598693847656,-72.39189910888672,,,X,,donnees-quebec.ca/MSSS,f
QC,msss-clsc-preissac-clsc-de-preissac,CLSC De Preissac,health,CLSC,Preissac,,,"6, rue des Rapides, Preissac, QC J0Y 2E0",48.40719985961914,-78.3655014038086,,,X,,donnees-quebec.ca/MSSS,f
QC,msss-chsld-princeville-centre-d-hebergement-de-saint-eusebe,Centre D'Hébergement De Saint-Eusèbe,health,CHSLD,Princeville,,,"435, rue Saint-Jacques Est, Princeville, QC G6L 5C5",46.177799224853516,-71.86930084228516,,,X,,donnees-quebec.ca/MSSS,f
QC,v-cab-princeville,Centre d'action bénévole de Princeville,social,Aide générale,Princeville,819-364-7041,,,46.1683,-71.877,X,,,,,f
QC,emp-camo-pi,CAMO-PI – Comité d'adaptation de la main-d'œuvre pour personnes immigrantes,employment,Employabilité immigrants,Province,,https://referencesfrancisation.immigration-quebec.gouv.qc.ca/moodle_ref/pluginfile.php/726/mod_resource/content/1/N8_CE_Int-05%201.pdf,,,,X,X,X,,curated-mauricie,t
QC,emp-aide-cv-entrevue,Centre d'aide CV et entrevue – Organismes d'aide à l'emploi,employment,Aide CV et entrevue,Province,1-877-644-4545,https://www.quebec.ca/emploi/trouver-emploi-stage/organismes-aide,,,,X,X,,,curated-quebec-gouv,t
QC,emp-centre-aide-travailleurs,Centre d'aide aux travailleurs – Québec,employment,Soutien aux travailleurs,Province,1-877-644-4545,https://www.quebec.ca/famille-et-soutien-aux-personnes/aide-sociale-et-solidarite-sociale,,,,X,X,,,curated-quebec-gouv,t
QC,emp-cfp-inforoute,Centres de formation professionnelle (CFP) – Inforoute FPT,employment,Formation professionnelle,Province,,https://www.inforoutefpt.org/joindre,,,,X,X,X,,curated-mauricie,t
QC,emp-emploi-quebec,Emploi-Québec,employment,Gouvernement – emploi,Province,1-888-643-4721,https://www.emploiquebec.gouv.qc.ca,,,,X,X,,,curated-employment-network,t
QC,emp-programme-aide-emploi,Programme d'aide à l'emploi – Services Québec (Renseignements généraux),employment,Gouvernement – emploi,Province,1-877-644-4545,https://www.quebec.ca/emploi,,,,X,X,,,curated-quebec-gouv,t
QC,emp-rseo,Réseau des SADC et CAE du Québec,employment,Développement économique régional,Province,418-687-1354,https://sadc-cae.ca,"1170, boul. Lebourgneuf, bureau 110, Québec, QC G2K 2E3",,,,X,,,curated-employment-network,t
QC,emp-rcjeq,Réseau des carrefours jeunesse-emploi du Québec (RCJEQ),employment,Réseau – emploi jeunes,Province,418-845-7222,https://rcjeq.org,"1135, Grande Allée Ouest, bureau 220, Québec, QC G1S 1E7",,,,X,,,curated-employment-network,t
QC,emp-service-canada-ae,Service Canada – Assurance-emploi (AE),employment,Assurance-emploi,Province,,https://www.canada.ca/fr/services/prestations/ae.html,,,,X,X,X,,curated-canada-gouv,t
QC,emp-services-quebec-centre,Services Québec – Centre de services,employment,Gouvernement – emploi,Province,1-877-644-4545,https://www.quebec.ca/services-quebec,,,,X,X,,,curated-quebec-gouv,t
QC,emp-services-quebec,Services Québec – Centres locaux d'emploi,employment,Gouvernement – emploi,Province,1-877-644-4545,https://www.quebec.ca/emploi,,,,X,X,,,curated-employment-network,t
QC,imm-arrima,Arrima – Portail du MIFI pour candidats à l'immigration,immigration,Portail gouvernemental,Province,1-877-864-9191,https://www.quebec.ca/immigration/arrima,,,,X,X,,,curated-immigration-network,t
QC,imm-mifi,"Ministère de l'Immigration, Francisation et Intégration (MIFI)",immigration,Gouvernement du Québec,Province,1-877-864-9191,https://www.quebec.ca/immigration,,,,X,X,,,curated-immigration-network,t
QC,mh-anebquebec,ANEB – Anorexie et boulimie Québec,mentalHealth,Troubles alimentaires,Province,1-800-630-0907,https://anebquebec.com,,,,X,X,,,curated-mh-network,t
QC,mh-drogue-aide,Drogue : aide et référence,mentalHealth,Dépendance substances,Province,1-800-265-2626,https://aidedrogue.ca,,,,X,X,,,curated-mh-network,t
QC,mh-info-social-qc,Info-Social 811 (option 2),mentalHealth,Ligne provinciale 24/7,Province,811,https://www.quebec.ca/sante/trouver-une-ressource/info-sante-811,,,,X,X,,,curated-mh-network,t
QC,mh-interligne-lgbtq,Interligne (LGBTQ+),mentalHealth,Soutien LGBTQ+,Province,1-888-505-1010,https://interligne.co,,,,X,X,,,curated-mh-network,t
QC,mh-jeu-aide,Jeu : aide et référence,mentalHealth,Dépendance jeu,Province,1-800-461-0140,https://aidejeu.ca,,,,X,X,,,curated-mh-network,t
QC,mh-aidants-qc,L'Appui pour les proches aidants,mentalHealth,Proches aidants,Province,1-855-852-7784,https://lappui.org,,,,X,X,,,curated-mh-network,t
QC,mh-suicide-action-qc,Ligne québécoise de prévention du suicide (1 866 APPELLE),mentalHealth,Ligne d'écoute 24/7,Province,1-866-277-3553,https://commentparlerdusuicide.com,,,,X,X,,,curated-mh-network,t
QC,mh-tel-jeunes-qc,Tel-jeunes,mentalHealth,Ligne d'écoute jeunes,Province,1-800-263-2266,https://teljeunes.com,,,,X,X,,,curated-mh-network,t
QC,mh-tel-ecoute-qc,Tel-Écoute / Le Deuil,mentalHealth,Ligne d'écoute,Province,514-493-4484,https://telecoute.org,,,,X,X,,,curated-mh-network,t
QC,s-211-qc,211 Grand Montréal,social,Information / référence,Province,211,https://www.211qc.ca,,,,X,X,,,curated-social-network,t
QC,s-cavac-qc,CAVAC – Centres d'aide aux victimes d'actes criminels,social,Aide victimes d'actes criminels,Province,1-866-532-2822,https://cavac.qc.ca,,,,X,X,,,curated-social-network,t
QC,s-fmhf,Fédération des maisons d'hébergement pour femmes (FMHF),social,Réseau – violence conjugale,Province,514-878-9134,https://fede.qc.ca,,,,X,X,,,curated-social-network,t
QC,s-info-aide-violence-sexuelle,Info-aide violence sexuelle,social,Ligne provinciale – agression sexuelle,Province,1-888-933-9007,https://infoaideviolencesexuelle.ca,,,,X,X,,,curated-social-network,t
QC,s-rmjq,RMJQ – Regroupement des maisons de jeunes du Québec,social,Réseau provincial – jeunes,Province,418-666-6663,https://rmjq.org,"2400, av. d'Estimauville, bureau 100, Québec, QC G1J 5N1",,,,X,,,curated-social-network,t
QC,s-rsiq,RSIQ – Réseau Solidarité Itinérance du Québec,social,Réseau – itinérance,Province,514-879-1949,https://rsiq.org,"1431, rue Fullum, bureau 102, Montréal, QC H2K 0B5",,,,X,,,curated-social-network,t
QC,s-rmfvvc,Regroupement des maisons pour femmes victimes de violence conjugale,social,Réseau – violence conjugale,Province,514-878-9134,https://maisons-femmes.qc.ca,,,,X,X,,,curated-social-network,t
QC,s-sos-violence-conjugale,SOS violence conjugale,social,Ligne provinciale 24/7 – violence,Province,1-800-363-9010,https://sosviolenceconjugale.ca,,,,X,X,,,curated-social-network,t
QC,etat-civil-qc,Directeur de l'état civil du Québec,administrative,Documents d'identité,Province de Québec,1-800-567-3900,,,46.8139,-71.2082,X,,,,admin,t
QC,passeport-canada,Passeport Canada – Service Canada,administrative,Documents d'identité,Province de Québec,1-800-567-6868,,,46.8139,-71.2082,X,,,,admin,t
QC,cpe-pw3,Garde en milieu familial (RSG) – Réseau provincial,childcare,Milieu familial subventionné,Province de Québec,1-877-644-4545,,,46.8139,-71.2082,X,,,,,t
QC,cpe-pw2,Ministère de la Famille – Aide financière garde,childcare,Aide financière,Province de Québec,1-877-644-4545,,,46.8139,-71.2082,X,,,,,t
QC,cpe-pw1,Mon Enfant – Liste d'attente CPE,childcare,CPE subventionné,Province de Québec,1-877-644-4545,,,46.8139,-71.2082,X,,,,,t
QC,cpe-pw0,Portail Services de garde – Gouvernement du Québec,childcare,Inscription officielle,Province de Québec,1-855-336-8568,,,46.8139,-71.2082,X,,,,,t
QC,cpe-urg1,SOS Garde – Dépannage urgence garde,childcare,Garde d'urgence,Province de Québec,514-876-1158,,,46.8139,-71.2082,X,,,,,t
QC,emp-pw3,AXTRA – Alliance des centres-conseils en emploi,employment,Aide CV et entrevue,Province de Québec,514-270-7617,,,45.5259,-73.6058,X,,,,,t
QC,emp-imm1,CAMO-PI – Emploi pour personnes immigrantes,employment,Insertion professionnelle,Province de Québec,514-845-5046,,,45.52,-73.5753,X,,,,,t
QC,emp-form1,CFP – Centres de formation professionnelle,employment,Formation professionnelle,Province de Québec,1-877-644-4545,,,46.8139,-71.2082,X,,,,,t
QC,emp-pw4,Carrefour Jeunesse-Emploi (CJE),employment,Services jeunesse,Province de Québec,514-721-4832,,,46.8139,-71.2082,X,,,,,t
QC,pw7,Emploi-Québec,employment,Services d'emploi,Province de Québec,1-888-643-4721,,,46.8139,-71.2082,X,,,,,t
QC,emp-pw1,Emploi-Québec – Services d'emploi,employment,Centre d'emploi,Province de Québec,1-877-644-4545,,,46.8139,-71.2082,X,,,,,t
QC,emp-pw2,Service Canada – Assurance-emploi (AE),employment,Aide financière,Province de Québec,1-800-206-7218,,,46.8139,-71.2082,X,,,,,t
QC,pw-servicesqc-emploi,Services Québec – Emploi,employment,Recherche d'emploi et formation,Province de Québec,1-877-644-4545,https://www.quebec.ca/emploi,,46.8139,-71.2082,X,,,,,t
QC,pw4,DPJ – Protection de la jeunesse,family,Protection enfance,Province de Québec,1-800-463-9019,,,46.8139,-71.2082,X,,,,admin,t
QC,urgent-aide-abus-aines,Ligne Aide Abus Aînés,family,Protection des aînés,Province de Québec,1-888-489-2287,,,46.8139,-71.2082,X,,,,admin,t
QC,urgent-traite-personnes,Ligne nationale contre la traite des personnes,family,Traite des personnes,Province de Québec,1-833-900-1010,,,45.5048,-73.5772,X,,,,admin,t
QC,pw-ligneparents-famille,LigneParents,family,Soutien aux parents,Province de Québec,1-800-361-5085,https://www.ligneparents.com/,,45.5017,-73.5673,X,,,,,t
QC,v-ligne-parents,LigneParents,family,Soutien parental,Province de Québec,1-800-361-5085,,,,,X,X,,,admin,t
QC,urgent-rqcalacs,RQCALACS — Agressions à caractère sexuel,family,Agression sexuelle,Province de Québec,1-888-933-9007,,,45.5048,-73.5772,X,,,,admin,t
QC,pw9,Regroupement maisons femmes battues,family,Maisons d'hébergement femmes,Province de Québec,514-879-9010,,,46.8139,-71.2082,X,,,,admin,t
QC,urgent-sos-grossesse,SOS Grossesse,family,Grossesse en crise,Province de Québec,1-800-463-5655,,,45.5048,-73.5772,X,,,,admin,t
QC,pw3,SOS Violence Conjugale,family,Violence conjugale,Province de Québec,1-800-363-9010,,,46.8139,-71.2082,X,,,,admin,t
QC,pw-baq-nourriture,Banques alimentaires du Québec,food,Aide alimentaire,Province de Québec,514-344-4494,https://www.banquesalimentaires.org/,,45.5017,-73.5673,X,,,,,t
QC,urgent-811-infosante,811 — Infosanté (Infirmière 24h/24),health,Consultation santé,Province de Québec,811,,,46.8139,-71.2082,X,,,,,t
QC,hlth-hand2,AQIS – Assoc. québécoise déficience intellectuelle,health,Déficience intellectuelle,Province de Québec,514-529-8816,,,45.5322,-73.5918,X,,,,,t
QC,pw2,Info-Santé / Info-Social,health,Consultation santé,Province de Québec,811,,,46.8139,-71.2082,X,,,,,t
QC,hlth-pw2,Médecins du Monde – Clinique sans papiers,health,Clinique sans papiers,Province de Québec,514-281-0011,,,45.5225,-73.5905,X,,,,,t
QC,hlth-pw3,OPHQ – Office des personnes handicapées,health,Personnes handicapées,Province de Québec,1-800-567-1465,,,46.8139,-71.2082,X,,,,,t
QC,hlth-pw4,Programme SAPA – Soins à domicile (CISSS/CIUSSS),health,Soins à domicile,Province de Québec,811,,,46.8139,-71.2082,X,,,,,t
QC,hlth-pw1,RAMQ – Régie de l'assurance maladie,health,Assurance maladie,Province de Québec,1-800-561-9749,,,46.8139,-71.2082,X,,,,,t
QC,hlth-aine1,Réseau FADOQ – Services aux aînés,health,Services aux aînés,Province de Québec,1-800-544-9058,,,46.8139,-71.2082,X,,,,,t
QC,v-flhlmq,FLHLMQ — Logements à loyer modique,housing,HLM,Province de Québec,514-521-1485,,,,,X,X,,,,t
QC,v-rclalq,RCLALQ — Locataires en action,housing,Droits locataires,Province de Québec,514-521-7114,,,,,X,X,,,,t
QC,pw10,RSIQ – Hébergement itinérance,housing,Ressources d'hébergement,Province de Québec,514-933-9373,,,46.8139,-71.2082,X,,,,,t
QC,pw-shq-logement,SHQ – Société d'habitation du Québec,housing,Logement social et abordable,Province de Québec,1-800-463-4315,https://www.habitation.gouv.qc.ca/,,46.8139,-71.2082,X,,,,,t
QC,imm-jurid1,Aide juridique – clinique immigration,immigration,Aide juridique,Province de Québec,1-800-842-2213,,,45.5088,-73.561,X,,,,,t
QC,imm-fr1,Francisation Québec – Cours de français gratuits,immigration,Cours de français,Province de Québec,514-864-9191,,,46.8139,-71.2082,X,,,,,t
QC,pw-mifi-immigration,MIFI – Ministère de l'Immigration,immigration,Démarches immigration,Province de Québec,1-877-864-9191,https://www.quebec.ca/immigration,,46.8139,-71.2082,X,,,,,t
QC,imm-pw1,MIFI – Ministère de l'Immigration du Québec,immigration,Services gouvernementaux,Province de Québec,514-864-9191,,,45.5088,-73.561,X,,,,,t
QC,imm-pw2,Service Canada – Statuts et documents fédéraux,immigration,Services fédéraux,Province de Québec,1-800-622-6232,,,46.8139,-71.2082,X,,,,,t
QC,pw8,TCRI – Réfugiés et demandeurs d'asile,immigration,Réfugiés et demandeurs d'asile,Province de Québec,514-272-6060,,,46.8139,-71.2082,X,,,,,t
QC,imm-pw3,TCRI – Table de concertation des réfugiés,immigration,Réfugiés et demandeurs d'asile,Province de Québec,514-272-6060,,,45.5288,-73.6218,X,,,,,t
QC,imm-interp1,Équipe de médiation interculturelle – CSSS,immigration,Services d'interprétation,Province de Québec,514-934-8088,,,45.4919,-73.5947,X,,,,,t
QC,pw-csj-juridique,Commission des services juridiques (Aide juridique),legal,Aide juridique gratuite,Province de Québec,1-800-842-2213,https://www.csj.qc.ca/,,45.5017,-73.5673,X,,,,,t
QC,pw-jb-juristes,Juripop – Cliniques juridiques,legal,Conseils juridiques,Province de Québec,1-855-587-4767,https://juripop.org/,,45.5017,-73.5673,X,,,,,t
QC,taq-qc,Tribunal administratif du Québec (TAQ),legal,Tribunal administratif,Province de Québec,1-800-567-0278,,,46.8139,-71.2082,X,,,,admin,t
QC,urgent-811-infosocial,811 — Info-Social (Travailleur social 24h/24),mentalHealth,Ligne d'écoute,Province de Québec,811,,,46.8139,-71.2082,X,,,,,t
QC,v-988-suicide,9-8-8 Ligne d'aide en cas de crise suicidaire,mentalHealth,Prévention suicide,Province de Québec,988,,,,,X,X,,,,t
QC,v-anebquebec,ANEB — Troubles alimentaires,mentalHealth,Troubles alimentaires,Province de Québec,1-800-630-0907,,,,,X,X,,,,t
QC,urgent-aa-quebec,Alcooliques Anonymes Québec,mentalHealth,Dépendance et addiction,Province de Québec,514-376-9230,,,45.5048,-73.5772,X,,,,,t
QC,urgent-drogue-aide,Drogue : aide et référence,mentalHealth,Dépendance et addiction,Province de Québec,1-800-265-2626,,,45.5048,-73.5772,X,,,,,t
QC,v-interligne,Interligne,mentalHealth,LGBTQ+,Province de Québec,1-888-505-1010,,,,,X,X,,,,t
QC,urgent-jeu-aide,Jeu : aide et référence,mentalHealth,Dépendance et addiction,Province de Québec,1-800-461-0140,,,45.5048,-73.5772,X,,,,,t
QC,urgent-kids-help,"Jeunesse, j'écoute / Kids Help Phone",mentalHealth,Crise psychologique,Province de Québec,1-800-668-6868,,,45.5048,-73.5772,X,,,,,t
QC,pw-msmq-santement,Mouvement Santé Mentale Québec,mentalHealth,Promotion santé mentale,Province de Québec,1-877-849-4621,https://mouvementsmq.ca/,,46.8139,-71.2082,X,,,,,t
QC,v-portage,Portage,mentalHealth,Toxicomanie,Province de Québec,1-866-893-3819,,,,,X,X,,,,t
QC,v-revivre,Revivre — Anxiété et dépression,mentalHealth,Anxiété/dépression,Province de Québec,1-866-738-4873,,,,,X,X,,,,t
QC,pw5,Suicide Action Montréal / Tel-Jeunes,mentalHealth,Prévention suicide,Province de Québec,1-866-APPELLE,,,46.8139,-71.2082,X,,,,,t
QC,pw6,Tel-Aide Québec,mentalHealth,Ligne d'écoute,Province de Québec,514-935-1101,,,46.8139,-71.2082,X,,,,,t
QC,v-tel-aines,Tel-Aînés,mentalHealth,Aînés,Province de Québec,514-353-2463,,,,,X,X,,,,t
QC,urgent-tel-jeunes,Tel-Jeunes (12–25 ans),mentalHealth,Crise psychologique,Province de Québec,1-800-263-2266,,,45.5048,-73.5772,X,,,,,t
QC,re-pw3,CELIAPP – Compte épargne libre d'impôt 1ère propriété,realestate,Programme gouvernemental,Province de Québec,1-800-959-8281,,,46.8139,-71.2082,X,,,,admin,t
QC,re-pw4,Centris.ca – Portail immobilier Québec,realestate,Recherche de propriété,Province de Québec,514-762-2440,,,46.8139,-71.2082,X,,,,admin,t
QC,re-assist2,Chambre des notaires du Québec,realestate,Service juridique,Province de Québec,1-800-263-1793,,,45.5015,-73.5711,X,,,,admin,t
QC,re-pw5,DuProprio – Vente sans courtier,realestate,Recherche de propriété,Province de Québec,1-866-387-7677,,,46.8139,-71.2082,X,,,,admin,t
QC,re-assist1,OACIQ – Organisme d'autoréglementation courtage immobilier,realestate,Encadrement professionnel,Province de Québec,1-800-440-7170,,,45.5548,-73.4568,X,,,,admin,t
QC,re-pw2,RAP – Régime d'accession à la propriété (REER),realestate,Programme gouvernemental,Province de Québec,1-800-959-8281,,,46.8139,-71.2082,X,,,,admin,t
QC,re-pw1,SCHL – Société canadienne d'hypothèques,realestate,Programme gouvernemental,Province de Québec,1-800-668-2642,,,46.8139,-71.2082,X,,,,admin,t
QC,pw1,211 Québec,social,Référence communautaire,Province de Québec,211,https://www.211qc.ca,,46.8139,-71.2082,X,,,,,t
QC,soc-acef1,ACEF – Aide budgétaire et dettes,social,Aide budgétaire,Province de Québec,514-273-2348,,,45.5322,-73.6162,X,,,,,t
QC,v-aqris,AQIS — Association du Québec pour l'intégration sociale,social,Déficience intellectuelle,Province de Québec,1-888-381-2300,,,,,X,X,,,,t
QC,v-aqrips,AQRIPH — Personnes handicapées,social,Handicap,Province de Québec,1-888-336-0967,,,,,X,X,,,,t
QC,v-aide-aux-trans,Aide aux Trans du Québec (ATQ),social,Personnes trans,Province de Québec,1-855-909-9038,,,,,X,X,,,,t
QC,soc-jurid1,Aide juridique du Québec,social,Aide juridique,Province de Québec,1-800-842-2213,,,45.5088,-73.557,X,,,,,t
QC,soc-mss1,Aide sociale – Ministère Emploi et Solidarité,social,Aide sociale,Province de Québec,1-877-767-8773,,,46.8139,-71.2082,X,,,,,t
QC,assurance-aviva,Aviva Canada,social,Assurance automobile,Province de Québec,1-866-692-8482,,,45.5048,-73.5772,X,,,,,t
QC,assurance-beneva,Beneva Assurance,social,Assurance automobile,Province de Québec,1-877-236-3827,,,46.8139,-71.2082,X,,,,,t
QC,v-cavac,CAVAC — Centre d'aide aux victimes d'actes criminels,social,Aide aux victimes,Province de Québec,1-866-532-2822,,,,,X,X,,,,t
QC,soc-jurid2,Centre de justice de proximité,social,Aide juridique,Province de Québec,514-878-4000,,,45.5,-73.567,X,,,,,t
QC,assurance-cooperators,Co-operators,social,Assurance automobile,Province de Québec,1-888-265-6444,,,45.5048,-73.5772,X,,,,,t
QC,soc-drt1,Commission des droits de la personne (CDPDJ),social,Défense des droits,Province de Québec,1-800-361-6477,,,45.5088,-73.5565,X,,,,,t
QC,urgent-croix-rouge,Croix-Rouge canadienne — Québec,social,Aide aux sinistrés,Province de Québec,1-800-418-1111,,,45.5048,-73.5772,X,,,,,t
QC,assurance-desjardins,Desjardins Assurances,social,Assurance automobile,Province de Québec,1-800-463-7843,,,45.423,-73.561,X,,,,,t
QC,pw-fc-francophone,Fédération culturelle canadienne-française,social,Services francophones hors Québec,Province de Québec,1-866-823-3322,https://fccf.ca/,,45.4215,-75.6972,X,,,,,t
QC,police-grc,GRC — Gendarmerie royale du Canada (Québec),social,Service de police,Province de Québec,514-939-8300,,,45.5048,-73.5772,X,,,,,t
QC,v-inca-canada,INCA — Institut national canadien pour les aveugles,social,Personnes aveugles,Province de Québec,1-800-465-4622,,,,,X,X,,,,t
QC,urgent-info-crime,Info-Crime Québec,social,Sécurité publique,Province de Québec,1-800-711-1800,,,45.5048,-73.5772,X,,,,,t
QC,v-info-aidant,Info-aidant,social,Proches aidants,Province de Québec,1-855-852-7784,,,,,X,X,,,,t
QC,assurance-intact,Intact Assurance,social,Assurance automobile,Province de Québec,1-866-464-2003,,,45.5048,-73.5772,X,,,,,t
QC,v-juripop,Juripop,social,Aide juridique,Province de Québec,1-855-587-4767,,,,,X,X,,,,t
QC,soc-opt1,Option Consommateurs – Droits des consommateurs,social,Défense des droits,Province de Québec,514-598-7288,,,45.5088,-73.5545,X,,,,,t
QC,assurance-promutuel,Promutuel Assurance,social,Assurance automobile,Province de Québec,1-888-466-6883,,,46.8139,-71.2082,X,,,,,t
QC,soc-drt2,Protecteur du citoyen,social,Défense des droits,Province de Québec,1-800-463-5070,,,46.8139,-71.2082,X,,,,,t
QC,soc-org1,Regroupement des organismes communautaires (ROC),social,Organismes communautaires,Province de Québec,514-876-1155,,,45.514,-73.5701,X,,,,,t
QC,soc-rev1,Revenu Québec – Aide aux personnes à faible revenu,social,Services gouvernementaux,Province de Québec,1-800-267-6299,,,46.8139,-71.2082,X,,,,,t
QC,urgent-securite-civile,Sécurité civile Québec,social,Aide aux sinistrés,Province de Québec,1-800-363-1363,,,46.8139,-71.2082,X,,,,,t
QC,police-sq,Sûreté du Québec (SQ),social,Service de police,Province de Québec,1-800-461-2131,,,46.8139,-71.2082,X,,,,,t
QC,assurance-td,TD Assurance,social,Assurance automobile,Province de Québec,1-888-788-0839,,,45.5048,-73.5772,X,,,,,t
QC,soc-trsp1,Transport adapté – Société de transport régionale,social,Transport solidaire,Province de Québec,514-280-8211,,,45.5088,-73.554,X,,,,,t
QC,assurance-wawanesa,Wawanesa Assurance,social,Assurance automobile,Province de Québec,1-844-929-2637,,,45.5048,-73.5772,X,,,,,t
QC,assurance-belairdirect,belairdirect,social,Assurance automobile,Province de Québec,1-888-270-3595,,,45.5048,-73.5772,X,,,,,t
QC,assurance-industrielle-alliance,iA Assurance,social,Assurance automobile,Province de Québec,1-800-463-6236,,,46.8139,-71.2082,X,,,,,t
QC,msss-chsld-prevost-maison-des-aines-de-prevost,Maison Des Aînés De Prévost,health,CHSLD,Prévost,,,"1050, rue Chopin, Prévost, QC J0R 1T0",45.85850143432617,-74.06169891357422,,,X,,donnees-quebec.ca/MSSS,f
QC,msss-clsc-puvirnituq-centre-de-sante-inuulitsivik,Centre De Santé Inuulitsivik,health,CLSC,Puvirnituq,,,"chemin Baie d'Hudson, Puvirnituq, QC J0M 1P0",60.03770065307617,-77.27580261230469,,,X,,donnees-quebec.ca/MSSS,f
QC,msss-clsc-quaqtaq-dispensaire-de-quaqtaq,Dispensaire De Quaqtaq,health,CLSC,Quaqtaq,,,"Quaqtaq, Quaqtaq, QC J0M 1J0",61.047000885009766,-69.63269805908203,,,X,,donnees-quebec.ca/MSSS,f
QC,cpe-qc1,CPE Pas à Pas – Québec,childcare,CPE subventionné,Québec,418-523-1313,,,46.8139,-71.2082,X,,,,,f
QC,cpe-qc2,Centre de la Famille Ste-Foy – Québec,childcare,CPE subventionné,Québec,418-651-8710,,,46.7736,-71.2926,X,,,,,f
QC,emp-cje-quebec,Carrefour jeunesse-emploi de la Capitale-Nationale,employment,Carrefour jeunesse-emploi (CJE),Québec,418-525-5526,https://cjecn.com,"275, rue de la Couronne, bureau 100, Québec, QC G1K 6E2",,,,X,,,curated-employment-network,f
QC,emp-qc1,Centre d'aide aux travailleurs – Québec,employment,Centre d'emploi,Québec,418-524-2111,,,46.8145,-71.2181,X,,,,,f
QC,qc-fa1,La Maison Myosotis – Québec,family,Violence conjugale,Québec,418-683-9859,,,46.781,-71.28,X,,,,admin,f
QC,qc-f2,La Corbeille – Québec,food,Épicerie solidaire,Québec,418-529-3700,,,46.825,-71.215,X,,,,,f
QC,qc-f1,Moisson Québec,food,Banque alimentaire,Québec,418-523-0454,,,46.8396,-71.298,X,,,,,f
QC,baq-moisson-quebec,Moisson Québec,food,Banque alimentaire régionale,Québec,418-682-5061,https://moissonquebec.com,"915, rue Saint-Vallier Ouest, Québec, QC G1N 1Z2",,,,X,,,curated-baq-network,f
QC,popotes-roulantes-qc,Popotes Roulantes du Québec (PRASAB),food,Popote roulante – portail provincial,Québec,1-877-953-2363,https://popotes.org,"150, René-Lévesque Est, Québec, QC G1R 2B2",,,,X,,,curated-baq-network,f
QC,msss-clsc-quebec-aire-ouverte-de-loretteville,Aire Ouverte De Loretteville,health,CLSC,Québec,,,"363, rue Racine, Québec, QC G2B 1E9",46.849998474121094,-71.36150360107422,,,X,,donnees-quebec.ca/MSSS,f
QC,msss-clsc-quebec-aire-ouverte-de-quebec,Aire Ouverte De Québec,health,CLSC,Québec,,,"260, boulevard Langelier, pavillon F, Québec, QC G1K 1H4",46.814701080322266,-71.23280334472656,,,X,,donnees-quebec.ca/MSSS,f
QC,msss-chsld-quebec-chsld-de-la-maison-legault,CHSLD De La Maison-Legault,health,CHSLD,Québec,,,"3035, chemin Saint-Louis, Québec, QC G1W 1R5",46.7578010559082,-71.2885971069336,,,X,,donnees-quebec.ca/MSSS,f
QC,msss-hopital-quebec-chsld-et-hopital-de-charlesbourg,CHSLD Et Hôpital De Charlesbourg,health,Hôpital,Québec,,,"7150, boulevard Cloutier, Québec, QC G1H 5V5",46.85139846801758,-71.27429962158203,,,X,,donnees-quebec.ca/MSSS,f
QC,msss-chsld-quebec-chsld-notre-dame,CHSLD Notre-Dame,health,CHSLD,Québec,,,"990, rue Gérard-Morisset, Québec, QC G1S 1X6",46.78810119628906,-71.25659942626953,,,X,,donnees-quebec.ca/MSSS,f
QC,msss-clsc-quebec-clsc-d-orsainville,CLSC D'Orsainville,health,CLSC,Québec,,,"791, rue de Sherwood, Québec, QC G2N 1X7",46.90510177612305,-71.32019805908203,,,X,,donnees-quebec.ca/MSSS,f
QC,msss-clsc-quebec-clsc-de-beauport,CLSC De Beauport,health,CLSC,Québec,,,"3666, chemin Royal, Québec, QC G1E 1X5",46.85369873046875,-71.20099639892578,,,X,,donnees-quebec.ca/MSSS,f
QC,msss-clsc-quebec-clsc-de-charlesbourg,CLSC De Charlesbourg,health,CLSC,Québec,,,"190, 76e Rue Est, Québec, QC G1H 7K4",46.859100341796875,-71.26509857177734,,,X,,donnees-quebec.ca/MSSS,f
QC,msss-clsc-quebec-clsc-de-limoilou,CLSC De Limoilou,health,CLSC,Québec,,,"1405, chemin de la Canardière, Québec, QC G1J 0A7",46.83639907836914,-71.22360229492188,,,X,,donnees-quebec.ca/MSSS,f
QC,msss-clsc-quebec-clsc-de-maizerets,CLSC De Maizerets,health,CLSC,Québec,,,"2480, chemin de la Canardière, Québec, QC G1J 2G1",46.84370040893555,-71.21829986572266,,,X,,donnees-quebec.ca/MSSS,f
QC,msss-clsc-quebec-clsc-de-montcalm,CLSC De Montcalm,health,CLSC,Québec,,,"383, chemin Sainte-Foy, Québec, QC G1S 2J1",46.803199768066406,-71.23300170898438,,,X,,donnees-quebec.ca/MSSS,f
QC,msss-clsc-quebec-clsc-de-sainte-foy,CLSC De Sainte-Foy,health,CLSC,Québec,,,"3108, chemin Sainte-Foy, Québec, QC G1X 1P8",46.77519989013672,-71.3124008178711,,,X,,donnees-quebec.ca/MSSS,f
QC,msss-clsc-quebec-clsc-et-centre-de-readaptation-en-deficience-intellectuelle-,CLSC Et Centre De Réadaptation En Déficience Intellectuelle Et En Troubles Du Spectre De L'Autisme Du Pavillon Arthur-Vallée,health,CLSC,Québec,,,"2400, avenue d'Estimauville, Québec, QC G1E 7G9",46.85210037231445,-71.22309875488281,,,X,,donnees-quebec.ca/MSSS,f
QC,msss-clsc-quebec-clsc-et-centre-de-readaptation-en-dependance-de-la-basse-vil,CLSC Et Centre De Réadaptation En Dépendance De La Basse-Ville,health,CLSC,Québec,,,"50, rue Saint-Joseph Est, Québec, QC G1K 3A5",46.812599182128906,-71.23030090332031,,,X,,donnees-quebec.ca/MSSS,f
QC,msss-clsc-quebec-clsc-et-centre-de-services-ambulatoires-de-la-haute-ville,CLSC Et Centre De Services Ambulatoires De La Haute-Ville,health,CLSC,Québec,,,"55, chemin Sainte-Foy, Québec, QC G1R 1S9",46.805999755859375,-71.22789764404297,,,X,,donnees-quebec.ca/MSSS,f
QC,msss-clsc-quebec-clsc-montmorency,CLSC Montmorency,health,CLSC,Québec,,,"33, avenue Ruel, Québec, QC G1C 2C8",46.877201080322266,-71.1572036743164,,,X,,donnees-quebec.ca/MSSS,f
QC,hlth-qc1,CLSC de la Haute-Ville – Québec,health,CLSC,Québec,418-641-2572,,,46.8132,-71.214,X,,,,,f
QC,msss-chsld-quebec-centre-d-hebergement-champlain-des-montagnes,Centre D'Hébergement Champlain-Des-Montagnes,health,CHSLD,Québec,,,"791, rue de Sherwood, Québec, QC G2N 1X7",46.90510177612305,-71.32019805908203,,,X,,donnees-quebec.ca/MSSS,f
QC,msss-chsld-quebec-centre-d-hebergement-de-limoilou,Centre D'Hébergement De Limoilou,health,CHSLD,Québec,,,"1401, chemin de la Canardière, Québec, QC G1J 0A6",46.83639907836914,-71.22360229492188,,,X,,donnees-quebec.ca/MSSS,f
QC,msss-chsld-quebec-centre-d-hebergement-de-loretteville,Centre D'Hébergement De Loretteville,health,CHSLD,Québec,,,"165, rue Lessard, Québec, QC G2B 2V9",46.85020065307617,-71.35040283203125,,,X,,donnees-quebec.ca/MSSS,f
QC,msss-chsld-quebec-centre-d-hebergement-des-chutes,Centre D'Hébergement Des Chutes,health,CHSLD,Québec,,,"700, boulevard des Chutes, Québec, QC G1E 2B7",46.85710144042969,-71.18779754638672,,,X,,donnees-quebec.ca/MSSS,f
QC,msss-chsld-quebec-centre-d-hebergement-du-boise,Centre D'Hébergement Du Boisé,health,CHSLD,Québec,,,"3690, boulevard Neilson, Québec, QC G1W 0A9",46.75400161743164,-71.32140350341797,,,X,,donnees-quebec.ca/MSSS,f
QC,msss-chsld-quebec-centre-d-hebergement-du-faubourg,Centre D'Hébergement Du Faubourg,health,CHSLD,Québec,,,"925, avenue Turnbull, Québec, QC G1R 2X6",46.80730056762695,-71.22429656982422,,,X,,donnees-quebec.ca/MSSS,f
QC,msss-chsld-quebec-centre-d-hebergement-et-de-soins-de-longue-duree-cote-jardin,Centre D'Hébergement Et De Soins De Longue Durée Côté-Jardin,health,CHSLD,Québec,,,"880, avenue Painchaud, Québec, QC G1S 0A3",46.78820037841797,-71.26100158691406,,,X,,donnees-quebec.ca/MSSS,f
QC,msss-chsld-quebec-centre-d-hebergement-maizerets,Centre D'Hébergement Maizerets,health,CHSLD,Québec,,,"2601, chemin de la Canardière, porte5, Québec, QC G1J 2G3",46.8473014831543,-71.22090148925781,,,X,,donnees-quebec.ca/MSSS,f
QC,msss-chsld-quebec-centre-d-hebergement-notre-dame-de-lourdes,Centre D'Hébergement Notre-Dame-De-Lourdes,health,CHSLD,Québec,,,"105, rue Hermine, Québec, QC G1K 1Y5",46.809898376464844,-71.2322998046875,,,X,,donnees-quebec.ca/MSSS,f
QC,msss-chsld-quebec-centre-d-hebergement-paul-triquet,Centre D'Hébergement Paul-Triquet,health,CHSLD,Québec,,,"789, rue de Belmont, Québec, QC G1V 4V2",46.789398193359375,-71.27249908447266,,,X,,donnees-quebec.ca/MSSS,f
QC,msss-chsld-quebec-centre-d-hebergement-saint-antoine,Centre D'Hébergement Saint-Antoine,health,CHSLD,Québec,,,"1451, boulevard Père-Lelièvre, Québec, QC G1M 1N8",46.809898376464844,-71.27839660644531,,,X,,donnees-quebec.ca/MSSS,f
QC,msss-chsld-quebec-centre-d-hebergement-saint-augustin,Centre D'Hébergement Saint-Augustin,health,CHSLD,Québec,,,"2135, rue de la Terrasse-Cadieux, Québec, QC G1C 1Z2",46.87770080566406,-71.16329956054688,,,X,,donnees-quebec.ca/MSSS,f
QC,msss-chsld-quebec-centre-d-hebergement-st-jean-eudes,Centre D'Hébergement St-Jean-Eudes,health,CHSLD,Québec,,,"6000, 3e Avenue Ouest, Québec, QC G1H 7J5",46.85049819946289,-71.2594985961914,,,X,,donnees-quebec.ca/MSSS,f
QC,msss-chsld-quebec-centre-d-hebergement-yvonne-sylvain,Centre D'Hébergement Yvonne-Sylvain,health,CHSLD,Québec,,,"3365, rue Guimont, Québec, QC G1E 2H1",46.85430145263672,-71.20970153808594,,,X,,donnees-quebec.ca/MSSS,f
QC,msss-clsc-quebec-centre-de-protection-de-l-enfance-et-de-la-jeunesse-et-clsc-,Centre De Protection De L'Enfance Et De La Jeunesse Et CLSC De Québec,health,CLSC,Québec,,,"1020, route de l'Église, 7e étage, Québec, QC G1V 3V9",46.77149963378906,-71.29609680175781,,,X,,donnees-quebec.ca/MSSS,f
QC,msss-clsc-quebec-centre-de-protection-de-l-enfance-et-de-la-jeunesse-mont-d-y,Centre De Protection De L'Enfance Et De La Jeunesse Mont-D'Youville,health,CLSC,Québec,,,"2915, avenue du Bourg-Royal, Québec, QC G1C 3S2",46.85660171508789,-71.21980285644531,,,X,,donnees-quebec.ca/MSSS,f
QC,msss-chsld-quebec-centre-d-hebergement-domaine-saint-dominique,Centre D’hébergement Domaine Saint-Dominique,health,CHSLD,Québec,,,"1045, boulevard René-Lévesque Ouest, Québec, QC G1S 1V3",46.79499816894531,-71.2416000366211,,,X,,donnees-quebec.ca/MSSS,f
QC,msss-hopital-quebec-centre-hospitalier-de-l-universite-laval,Centre Hospitalier De L'Université Laval,health,Hôpital,Québec,,,"2705, boulevard Laurier, Québec, QC G1V 4G2",46.76789855957031,-71.28230285644531,,,X,,donnees-quebec.ca/MSSS,f
QC,msss-clsc-quebec-centre-multiservices-de-sante-et-de-services-sociaux-chauvea,Centre Multiservices De Santé Et De Services Sociaux Chauveau,health,CLSC,Québec,,,"11999, rue de l'Hôpital, Québec, QC G2A 2T7",46.85319900512695,-71.37000274658203,,,X,,donnees-quebec.ca/MSSS,f
QC,msss-clsc-quebec-centre-multiservices-de-sante-et-de-services-sociaux-christ-,Centre Multiservices De Santé Et De Services Sociaux Christ-Roi,health,CLSC,Québec,,,"900, boulevard Wilfrid-Hamel, Québec, QC G1M 2R9",46.81079864501953,-71.2582015991211,,,X,,donnees-quebec.ca/MSSS,f
QC,msss-clsc-quebec-centre-multiservices-de-sante-et-de-services-sociaux-sacre-c,Centre Multiservices De Santé Et De Services Sociaux Sacré-Coeur,health,CLSC,Québec,,,"1, avenue du Sacré-Coeur, Québec, QC G1N 2W1",46.81330108642578,-71.24549865722656,,,X,,donnees-quebec.ca/MSSS,f
QC,msss-hopital-quebec-groupe-de-medecine-de-famille-universitaire-de-saint-francoi,Groupe De Médecine De Famille Universitaire De Saint-François D’assise,health,Hôpital,Québec,,,"10, rue de l'Espinay, Québec, QC G1L 3L5",46.82780075073242,-71.23660278320312,,,X,,donnees-quebec.ca/MSSS,f
QC,msss-hopital-quebec-hopital-1re-avenue,Hôpital 1re Avenue,health,Hôpital,Québec,,,"10, rue de l'Espinay, Québec, QC G1L 3L5",46.82780075073242,-71.23660278320312,,,X,,donnees-quebec.ca/MSSS,f
QC,msss-hopital-quebec-hopital-boulevard-laurier,Hôpital Boulevard Laurier,health,Hôpital,Québec,,,"2705, boulevard Laurier, Québec, QC G1V 4G2",46.76789855957031,-71.28230285644531,,,X,,donnees-quebec.ca/MSSS,f
QC,msss-hopital-quebec-hopital-chemin-sainte-foy,Hôpital Chemin Sainte-Foy,health,Hôpital,Québec,,,"1050, chemin Sainte-Foy, Québec, QC G1S 4L8",46.79899978637695,-71.24659729003906,,,X,,donnees-quebec.ca/MSSS,f
QC,msss-hopital-quebec-hopital-de-l-enfant-jesus,Hôpital De L'Enfant-Jésus,health,Hôpital,Québec,,,"1401, 18e Rue, Québec, QC G1J 1Z4",46.83720016479492,-71.22550201416016,,,X,,donnees-quebec.ca/MSSS,f
QC,msss-hopital-quebec-hopital-du-saint-sacrement,Hôpital Du Saint-Sacrement,health,Hôpital,Québec,,,"1050, chemin Sainte-Foy, Québec, QC G1S 4L8",46.799400329589844,-71.24639892578125,,,X,,donnees-quebec.ca/MSSS,f
QC,msss-hopital-quebec-hopital-jeffery-hale,Hôpital Jeffery Hale,health,Hôpital,Québec,,,"1250, chemin Sainte-Foy, Québec, QC G1S 2M6",46.796600341796875,-71.25309753417969,,,X,,donnees-quebec.ca/MSSS,f
QC,msss-hopital-quebec-hopital-saint-francois-d-assise,Hôpital Saint-François D'Assise,health,Hôpital,Québec,,,"10, rue de l'Espinay, Québec, QC G1L 3L5",46.82780075073242,-71.23660278320312,,,X,,donnees-quebec.ca/MSSS,f
QC,msss-hopital-quebec-institut-universitaire-de-cardiologie-et-de-pneumologie-de-q,Institut Universitaire De Cardiologie Et De Pneumologie De Québec,health,Hôpital,Québec,,,"2725, chemin Sainte-Foy, Québec, QC G1V 4G5",46.77909851074219,-71.29769897460938,,,X,,donnees-quebec.ca/MSSS,f
QC,msss-chsld-quebec-institut-universitaire-en-sante-mentale-de-quebec,Institut Universitaire En Santé Mentale De Québec,health,CHSLD,Québec,,,"2601, chemin de la Canardière, Québec, QC G1J 2G3",46.84769821166992,-71.22049713134766,,,X,,donnees-quebec.ca/MSSS,f
QC,msss-hopital-quebec-l-hotel-dieu-de-quebec,L'Hôtel-Dieu De Québec,health,Hôpital,Québec,,,"11, Côte du Palais, Québec, QC G1R 2J6",46.815399169921875,-71.21099853515625,,,X,,donnees-quebec.ca/MSSS,f
QC,msss-hopital-quebec-la-maison-michel-sarrazin,La Maison Michel-Sarrazin,health,Hôpital,Québec,,,"2101, chemin Saint-Louis, Québec, QC G1T 1P5",46.77349853515625,-71.25160217285156,,,X,,donnees-quebec.ca/MSSS,f
QC,msss-clsc-quebec-maison-de-naissance-de-la-capitale-nationale,Maison De Naissance De La Capitale-Nationale,health,CLSC,Québec,,,"1280, 1re Avenue, Québec, QC G1L 3K9",46.82699966430664,-71.2344970703125,,,X,,donnees-quebec.ca/MSSS,f
QC,msss-chsld-quebec-maison-des-aines-et-alternative-de-lebourgneuf,Maison Des Aînés Et Alternative De Lebourgneuf,health,CHSLD,Québec,,,"7400, rue de la Gandolière, Québec, QC G2J 0E2",46.84629821777344,-71.28959655761719,,,X,,donnees-quebec.ca/MSSS,f
QC,msss-chsld-quebec-maison-des-aines-et-alternative-de-sainte-foy,Maison Des Aînés Et Alternative De Sainte-Foy,health,CHSLD,Québec,,,"1576, route de l'Église, Québec, QC G1W 3P5",46.75960159301758,-71.27999877929688,,,X,,donnees-quebec.ca/MSSS,f
QC,msss-chsld-quebec-saint-brigid-s-home,Saint Brigid'S Home,health,CHSLD,Québec,,,"1645, chemin Saint-Louis, Québec, QC G1S 4M3",46.784400939941406,-71.24549865722656,,,X,,donnees-quebec.ca/MSSS,f
QC,ambulance-quebec-region,Services préhospitaliers — Région de Québec,health,Service ambulancier,Québec,418-529-4141,,,46.8139,-71.2082,X,,,,,f
QC,h-blu-quebec,Bureau d'animation et de leadership pour le logement (BAIL),housing,Comité logement,Québec,418-523-6177,https://lebail.qc.ca,"780, rue Saint-Vallier Est, Québec, QC G1K 3P9",,,,X,,,curated-housing-network,f
QC,qc-h2,La Boussole – Logement Québec,housing,Réinsertion logement,Québec,418-529-2153,,,46.8278,-71.229,X,,,,,f
QC,qc-h1,La Maison Lauberivière,housing,Hébergement d'urgence,Québec,418-694-9316,,,46.8088,-71.2176,X,,,,,f
QC,h-omh-quebec,Office municipal d'habitation de Québec (OMHQ),housing,Office municipal d'habitation,Québec,418-780-5211,https://omhq.qc.ca,"550, boul. Charest Est, bureau 200, Québec, QC G1K 3J3",,,,X,,,curated-housing-network,f
QC,h-rohq,ROHQ – Regroupement des offices d'habitation du Québec,housing,Réseau OMH,Québec,418-527-6228,https://rohq.qc.ca,"1135, Grande Allée Ouest, bureau 240, Québec, QC G1S 1E7",,,,X,,,curated-housing-network,t
QC,imm-qc1,CAMI – Centre d'accueil et intégration immigrants (Québec),immigration,Intégration immigrants,Québec,418-687-9771,,,46.8005,-71.2427,X,,,,,f
QC,imm-ccquebec,CCSI – Centre culturel et social pour les immigrants (Québec),immigration,Accueil – nouveaux arrivants,Québec,418-628-9889,https://ccquebec.ca,,,,X,X,,,curated-immigration-network,f
QC,imm-soit-quebec,Service d'orientation et d'intégration des immigrants au travail (SOIT),immigration,Employabilité immigrants,Québec,418-688-6311,https://soit.ca,"1010, rue Borne, Québec, QC G1N 1L9",,,,X,,,curated-immigration-network,f
QC,mh-acsm-quebec,ACSM – Filiale Québec,mentalHealth,Santé mentale communautaire,Québec,418-529-1979,https://acsmquebec.org,"2380, av. du Mont-Thabor, Québec, QC G1J 3W7",,,,X,,,curated-mh-network,f
QC,mh-aqps,Association québécoise de prévention du suicide (AQPS),mentalHealth,Réseau provincial – prévention suicide,Québec,418-614-9339,https://aqps.info,"8000, boul. Langelier, bureau 802, Montréal, QC H1P 3K2",,,,X,,,curated-mh-network,t
QC,msss-centre-hospitalier-psychiatrique-quebec-centre-de-services-ambulatoires-boulevard-laurier,Centre De Services Ambulatoires Boulevard Laurier,mentalHealth,Centre hospitalier psychiatrique,Québec,,,"2960, boulevard Laurier, suite 040, Québec, QC G1V 4S1",46.76599884033203,-71.2927017211914,,,X,,donnees-quebec.ca/MSSS,f
QC,msss-centre-hospitalier-psychiatrique-quebec-centre-de-services-ambulatoires-chanoine-morel,Centre De Services Ambulatoires Chanoine-Morel,mentalHealth,Centre hospitalier psychiatrique,Québec,,,"1212, avenue Chanoine-Morel, Québec, QC G1S 4A9",46.786598205566406,-71.25019836425781,,,X,,donnees-quebec.ca/MSSS,f
QC,qc-m1,Centre de Crise de Québec,mentalHealth,Crise psychologique,Québec,418-523-7529,,,46.8139,-71.2082,X,,,,,f
QC,mh-crise-quebec,Centre de crise de Québec,mentalHealth,Centre de crise,Québec,418-688-4240,https://centredecrise.com,"1027, rue Saint-Vallier Ouest, Québec, QC G1N 1Y4",,,,X,,,curated-mh-network,f
QC,mh-cps-cn,Centre de prévention du suicide de Québec,mentalHealth,Centre de prévention du suicide,Québec,418-683-4588,https://cpsquebec.ca,,,,X,X,,,curated-mh-network,f
QC,msss-centre-hospitalier-psychiatrique-quebec-hopital-de-maizerets,Hôpital De Maizerets,mentalHealth,Centre hospitalier psychiatrique,Québec,,,"1401, 18e Rue, Québec, QC G1J 1Z4",46.83720016479492,-71.22550201416016,,,X,,donnees-quebec.ca/MSSS,f
QC,msss-centre-hospitalier-psychiatrique-quebec-institut-universitaire-en-sante-mentale-de-quebec,Institut Universitaire En Santé Mentale De Québec,mentalHealth,Centre hospitalier psychiatrique,Québec,,,"2601, chemin de la Canardière, Québec, QC G1J 2G3",46.84769821166992,-71.22049713134766,,,X,,donnees-quebec.ca/MSSS,f
QC,s-centraide-quebec,Centraide Québec et Chaudière-Appalaches,social,Centraide,Québec,418-660-2000,https://centraide-quebec.com,"150, boul. René-Lévesque Est, bureau 200, Québec, QC G1R 2B2",,,,X,,,curated-social-network,f
QC,qc-s1,Centraide Québec et Chaudière-Appalaches,social,Ressources communautaires,Québec,418-660-2100,,,46.8139,-71.2082,X,,,,,f
QC,centre911-quebec,Centre 911 de Québec,social,Centre 911,Québec,911,,,46.8139,-71.2082,X,,,,,f
QC,s-cab-quebec,Centre d'action bénévole de Québec,social,Centre d'action bénévole,Québec,418-681-3501,https://cabquebec.org,"1453, rue de Bellechasse, Québec, QC G1L 1B7",,,,X,,,curated-social-network,f
QC,s-pavillon-marguerite-quebec,Maison Marie-Frédéric (Pavillon Marguerite),social,Maison d'hébergement – violence conjugale,Québec,418-688-1126,https://maisonmariefrederic.org,,,,X,X,,,curated-social-network,f
QC,s-mj-quebec,Maison des jeunes l'Évasion (Québec),social,Maison de jeunes,Québec,418-661-1230,https://mdjlevasion.com,,,,X,X,,,curated-social-network,f
QC,saaq-qc,SAAQ — Bureau de Québec,social,Services gouvernementaux,Québec,1-800-361-7620,,,46.8139,-71.2082,X,,,,,f
QC,police-spq,Service de police de Québec (SPQ),social,Service de police,Québec,418-641-6411,,,46.8139,-71.2082,X,,,,,f
QC,incendie-quebec,Service de protection contre les incendies de Québec,social,Service des incendies,Québec,418-641-6800,,,46.8139,-71.2082,X,,,,,f
QC,msss-clsc-rapides-des-joachims-clsc-de-rapides-des-joachims,CLSC De Rapides-Des-Joachims,health,CLSC,Rapides-des-Joachims,,,"48A, rue de l'Église, Rapides-des-Joachims, QC J0X 3M0",46.197898864746094,-77.6895980834961,,,X,,donnees-quebec.ca/MSSS,f
QC,msss-chsld-rawdon-chsld-heather-i,CHSLD Heather I,health,CHSLD,Rawdon,,,"3931, Lakeshore Drive, Rawdon, QC J0K 1S0",46.05080032348633,-73.70220184326172,,,X,,donnees-quebec.ca/MSSS,f
QC,msss-hopital-rawdon-centre-de-services-ambulatoires-en-sante-mentale-de-rawdon,Centre De Services Ambulatoires En Santé Mentale De Rawdon,health,Hôpital,Rawdon,,,"3570, rue Church, Rawdon, QC J0K 1S0",46.04169845581055,-73.70269775390625,,,X,,donnees-quebec.ca/MSSS,f
QC,msss-chsld-repentigny-chsld-emile-mcduff,CHSLD Émile-Mcduff,health,CHSLD,Repentigny,,,"1440, boulevard Iberville, Repentigny, QC J5Y 4G2",45.78799819946289,-73.40760040283203,,,X,,donnees-quebec.ca/MSSS,f
QC,msss-clsc-repentigny-clsc-meilleur-d-iberville,CLSC Meilleur D'Iberville,health,CLSC,Repentigny,,,"1124, boulevard Iberville, bureau 204, Repentigny, QC J5Y 3M6",45.77730178833008,-73.4175033569336,,,X,,donnees-quebec.ca/MSSS,f
QC,msss-clsc-repentigny-clsc-meilleur-de-repentigny,CLSC Meilleur De Repentigny,health,CLSC,Repentigny,,,"193, boulevard Lacombe, Repentigny, QC J5Z 3C4",45.74489974975586,-73.47989654541016,,,X,,donnees-quebec.ca/MSSS,f
QC,msss-chsld-repentigny-centre-d-hebergement-de-repentigny,Centre D'Hébergement De Repentigny,health,CHSLD,Repentigny,,,"250, boulevard Brien, Repentigny, QC J6A 7E9",45.74869918823242,-73.46520233154297,,,X,,donnees-quebec.ca/MSSS,f
QC,msss-hopital-repentigny-centre-de-services-ambulatoires-en-pedopsychiatrie-de-repent,Centre De Services Ambulatoires En Pédopsychiatrie De Repentigny,health,Hôpital,Repentigny,,,"465, rue Notre-Dame, bureau 204, Repentigny, QC J6A 2T3",45.73970031738281,-73.44619750976562,,,X,,donnees-quebec.ca/MSSS,f
QC,msss-clsc-repentigny-centre-multiservices-de-sante-et-de-services-sociaux-claude-,Centre Multiservices De Santé Et De Services Sociaux Claude-David,health,CLSC,Repentigny,,,"135, boulevard Claude-David, Repentigny, QC J6A 1N6",45.71879959106445,-73.47560119628906,,,X,,donnees-quebec.ca/MSSS,f
QC,msss-clsc-repentigny-maison-de-naissance-de-lanaudiere,Maison De Naissance De Lanaudière,health,CLSC,Repentigny,,,"145, rue Jacques-Plante, Repentigny, QC J5Y 0L6",45.78739929199219,-73.40709686279297,,,X,,donnees-quebec.ca/MSSS,f
QC,msss-chsld-repentigny-maison-des-aines-et-alternative-de-repentigny,Maison Des Aînés Et Alternative De Repentigny,health,CHSLD,Repentigny,,,"240, rue Jacques-Plante, Repentigny, QC J5Y 0L2",45.79100036621094,-73.41439819335938,,,X,,donnees-quebec.ca/MSSS,f
QC,police-repentigny,Service de police de Repentigny,social,Service de police,Repentigny,450-654-5252,,,45.7441,-73.4528,X,,,,,f
QC,incendie-repentigny,Service de sécurité incendie de Repentigny,social,Service des incendies,Repentigny,450-654-4474,,,45.7441,-73.4528,X,,,,,f
QC,msss-clsc-richelieu-centre-de-services-ambulatoires-et-clsc-du-richelieu,Centre De Services Ambulatoires Et CLSC Du Richelieu,health,CLSC,Richelieu,,,"300, chemin de Marieville, Richelieu, QC J3L 3V8",45.43769836425781,-73.24500274658203,,,X,,donnees-quebec.ca/MSSS,f
QC,msss-clsc-richelieu-maison-de-naissance-du-richelieu,Maison De Naissance Du Richelieu,health,CLSC,Richelieu,,,"700, rue Martel, Richelieu, QC J3L 5R6",45.44179916381836,-73.24420166015625,,,X,,donnees-quebec.ca/MSSS,f
QC,msss-chsld-richmond-chsld-de-richmond,CHSLD De Richmond,health,CHSLD,Richmond,,,"980, rue McGauran, Richmond, QC J0B 2H0",45.66809844970703,-72.14800262451172,,,X,,donnees-quebec.ca/MSSS,f
QC,msss-clsc-richmond-clsc-de-richmond,CLSC De Richmond,health,CLSC,Richmond,,,"110, rue Barlow, Richmond, QC J0B 2H0",45.66019821166992,-72.14009857177734,,,X,,donnees-quebec.ca/MSSS,f
QC,msss-chsld-rigaud-chsld-de-rigaud,CHSLD De Rigaud,health,CHSLD,Rigaud,,,"5, rue d'Amour, Rigaud, QC J0P 1P0",45.4739990234375,-74.30480194091797,,,X,,donnees-quebec.ca/MSSS,f
QC,msss-clsc-rigaud-clsc-de-rigaud,CLSC De Rigaud,health,CLSC,Rigaud,,,"59, rue Saint-Viateur, Rigaud, QC J0P 1P0",45.475799560546875,-74.29959869384766,,,X,,donnees-quebec.ca/MSSS,f
QC,emp-cje-rimouski,Carrefour jeunesse-emploi Rimouski-Neigette,employment,Carrefour jeunesse-emploi (CJE),Rimouski,418-722-7449,https://cje-rn.org,,,,X,X,,,curated-employment-network,f
QC,baq-moisson-rimouski,Moisson Rimouski-Neigette,food,Banque alimentaire régionale,Rimouski,418-722-6868,https://moissonrimouski.com,"118, rue Saint-Pierre, Rimouski, QC G5L 1T2",,,,X,,,curated-baq-network,f
QC,msss-clsc-rimouski-clsc-et-groupe-de-medecine-de-famille-universitaire-de-rimou,CLSC Et Groupe De Médecine De Famille Universitaire De Rimouski,health,CLSC,Rimouski,,,"165, rue des Gouverneurs, Rimouski, QC G5L 7R2",48.45479965209961,-68.52169799804688,,,X,,donnees-quebec.ca/MSSS,f
QC,msss-chsld-rimouski-centre-d-hebergement-de-rimouski,Centre D'Hébergement De Rimouski,health,CHSLD,Rimouski,,,"645, boulevard Saint-Germain, Rimouski, QC G5L 3S2",48.435001373291016,-68.5718994140625,,,X,,donnees-quebec.ca/MSSS,f
QC,msss-hopital-rimouski-hopital-regional-de-rimouski,Hôpital Régional De Rimouski,health,Hôpital,Rimouski,,,"150, avenue Rouleau, Rimouski, QC G5L 5T1",48.446998596191406,-68.53050231933594,,,X,,donnees-quebec.ca/MSSS,f
QC,msss-chsld-rimouski-maison-des-aines-et-alternative-de-rimouski,Maison Des Aînés Et Alternative De Rimouski,health,CHSLD,Rimouski,,,"490, avenue Léonidas Sud, Rimouski, QC G5M 0T8",48.44839859008789,-68.49440002441406,,,X,,donnees-quebec.ca/MSSS,f
QC,ambulance-bas-saint-laurent,Services ambulanciers — Bas-Saint-Laurent,health,Service ambulancier,Rimouski,418-724-5231,,,48.4501,-68.5202,X,,,,,f
QC,rim-h1,Maison l'Alcôve – Rimouski,housing,Hébergement femmes,Rimouski,418-723-0895,,,48.4502,-68.5306,X,,,,,f
QC,h-omh-rimouski,Office municipal d'habitation de Rimouski-Neigette,housing,Office municipal d'habitation,Rimouski,418-723-3115,https://omhrn.ca,"320, rue Saint-Germain Est, Rimouski, QC G5L 1B4",,,,X,,,curated-housing-network,f
QC,mh-acsm-bsl,ACSM – Bas-Saint-Laurent,mentalHealth,Santé mentale communautaire,Rimouski,418-723-6416,https://acsm-bsl.qc.ca,,,,X,X,,,curated-mh-network,f
QC,mh-cps-bsl,Centre de prévention du suicide et d'intervention de crise du Bas-Saint-Laurent,mentalHealth,Centre de prévention du suicide,Rimouski,418-724-2463,https://cps-bsl.ca,,,,X,X,,,curated-mh-network,f
QC,centre911-baslaurent,Centre 911 — Bas-Saint-Laurent,social,Centre 911,Rimouski,911,,,48.4501,-68.5202,X,,,,,f
QC,s-maison-grand-pas-rimouski,Maison des femmes de Rimouski,social,Centre de femmes,Rimouski,418-723-0333,https://maisondesfemmesderimouski.org,,,,X,X,,,curated-social-network,f
QC,incendie-rimouski,Service de sécurité incendie de Rimouski,social,Service des incendies,Rimouski,418-724-3157,,,48.4501,-68.5202,X,,,,,f
QC,msss-clsc-riviere-bleue-centre-d-hebergement-de-riviere-bleue,Centre D'Hébergement De Rivière-Bleue,health,CLSC,Rivière-Bleue,,,"45, rue du Foyer Sud, Rivière-Bleue, QC G0L 2B0",47.43239974975586,-69.03849792480469,,,X,,donnees-quebec.ca/MSSS,f
QC,msss-hopital-riviere-ouelle-centre-de-readaptation-en-deficience-intellectuelle-troubles,"Centre De Réadaptation En Déficience Intellectuelle, Troubles Du Spectre De L'Autisme Et En Déficience Physique Thérèse-Martin",health,Hôpital,Rivière-Ouelle,,,"100, chemin de la Petite-Anse, Rivière-Ouelle, QC G0L 2C0",47.455101013183594,-70.00070190429688,,,X,,donnees-quebec.ca/MSSS,f
QC,msss-clsc-riviere-rouge-centre-multiservices-de-sante-et-de-services-sociaux-de-rivi,Centre Multiservices De Santé Et De Services Sociaux De Rivière-Rouge,health,CLSC,Rivière-Rouge,,,"1525, rue de L'Annonciation Nord, Rivière-Rouge, QC J0T 1T0",46.420799255371094,-74.88469696044922,,,X,,donnees-quebec.ca/MSSS,f
QC,msss-clsc-riviere-saint-jean-clsc-de-riviere-saint-jean,CLSC De Rivière-Saint-Jean,health,CLSC,Rivière-Saint-Jean,,,"328, rue Saint-Jean, Rivière-Saint-Jean, QC G0G 2N0",50.29610061645508,-64.322998046875,,,X,,donnees-quebec.ca/MSSS,f
QC,msss-clsc-riviere-au-tonnerre-clsc-de-riviere-au-tonnerre,CLSC De Rivière-Au-Tonnerre,health,CLSC,Rivière-au-Tonnerre,,,"430, rue Jacques-Cartier, Rivière-au-Tonnerre, QC G0G 2L0",50.275299072265625,-64.77310180664062,,,X,,donnees-quebec.ca/MSSS,f
QC,msss-clsc-riviere-du-loup-aire-ouverte-de-riviere-du-loup,Aire Ouverte De Rivière-Du-Loup,health,CLSC,Rivière-du-Loup,,,"148A, rue Fraser, Rivière-du-Loup, QC G5R 1C8",47.833099365234375,-69.54920196533203,,,X,,donnees-quebec.ca/MSSS,f
QC,msss-chsld-riviere-du-loup-chsld-de-chauffailles,CHSLD De Chauffailles,health,CHSLD,Rivière-du-Loup,,,"60, rue De Chauffailles, Rivière-du-Loup, QC G5R 4E1",47.81719970703125,-69.53910064697266,,,X,,donnees-quebec.ca/MSSS,f
QC,msss-clsc-riviere-du-loup-clsc-de-riviere-du-loup,CLSC De Rivière-Du-Loup,health,CLSC,Rivière-du-Loup,,,"22, rue Saint-Laurent, Rivière-du-Loup, QC G5R 4W5",47.83060073852539,-69.53610229492188,,,X,,donnees-quebec.ca/MSSS,f
QC,msss-hopital-riviere-du-loup-centre-hospitalier-regional-du-grand-portage,Centre Hospitalier Régional Du Grand-Portage,health,Hôpital,Rivière-du-Loup,,,"75, rue Saint-Henri, Rivière-du-Loup, QC G5R 2A4",47.81869888305664,-69.54029846191406,,,X,,donnees-quebec.ca/MSSS,f
QC,msss-chsld-riviere-du-loup-maison-des-aines-et-alternative-de-riviere-du-loup,Maison Des Aînés Et Alternative De Rivière-Du-Loup,health,CHSLD,Rivière-du-Loup,,,"5, rue Sainte-Anne, Rivière-du-Loup, QC G5R 1N4",47.83259963989258,-69.53309631347656,,,X,,donnees-quebec.ca/MSSS,f
QC,rdl-h1,Hébergement d'urgence Rivière-du-Loup,housing,Hébergement d'urgence,Rivière-du-Loup,418-862-5533,,,47.8337,-69.5337,X,,,,,f
QC,incendie-riviere-du-loup,Service de sécurité incendie de Rivière-du-Loup,social,Service des incendies,Rivière-du-Loup,418-862-6427,,,47.8277,-69.5327,X,,,,,f
QC,msss-clsc-riviere-a-pierre-clsc-de-riviere-a-pierre,CLSC De Rivière-À-Pierre,health,CLSC,Rivière-à-Pierre,,,"830, rue Principale, Rivière-à-Pierre, QC G0A 3A0",46.997798919677734,-72.17849731445312,,,X,,donnees-quebec.ca/MSSS,f
QC,msss-clsc-roberval-clsc-et-centre-de-readaptation-en-dependance-saint-antoine,CLSC Et Centre De Réadaptation En Dépendance Saint-Antoine,health,CLSC,Roberval,,,"400, avenue Bergeron, Roberval, QC G8H 1K8",48.5171012878418,-72.22589874267578,,,X,,donnees-quebec.ca/MSSS,f
QC,msss-hopital-roberval-hopital-et-centre-d-hebergement-de-roberval,Hôpital Et Centre D'Hébergement De Roberval,health,Hôpital,Roberval,,,"450, rue Brassard, Roberval, QC G8H 1B9",48.5077018737793,-72.21900177001953,,,X,,donnees-quebec.ca/MSSS,f
QC,msss-chsld-roberval-maison-des-aines-et-alternative-de-roberval,Maison Des Aînés Et Alternative De Roberval,health,CHSLD,Roberval,,,"500, avenue Bergeron, Roberval, QC G8H 0E1",48.515098571777344,-72.22969818115234,,,X,,donnees-quebec.ca/MSSS,f
QC,incendie-roberval,Service de sécurité incendie de Roberval,social,Service des incendies,Roberval,418-275-1111,,,48.5218,-72.232,X,,,,,f
QC,msss-chsld-rosemere-centre-d-hebergement-hubert-maisonneuve,Centre D'Hébergement Hubert-Maisonneuve,health,CHSLD,Rosemère,,,"365, chemin de la Grande-Côte, Rosemère, QC J7A 1K4",45.63759994506836,-73.79119873046875,,,X,,donnees-quebec.ca/MSSS,f
QC,baq-moisson-abitibi,Moisson Abitibi-Témiscamingue,food,Banque alimentaire régionale,Rouyn-Noranda,819-762-3173,https://moissonat.com,"350, av. Richard, Rouyn-Noranda, QC J9X 4L3",,,,X,,,curated-baq-network,f
QC,rn-f1,Moisson Abitibi-Témiscamingue,food,Banque alimentaire,Rouyn-Noranda,819-762-0931,,,48.2374,-79.0145,X,,,,,f
QC,msss-hopital-rouyn-noranda-chsld-de-rouyn-noranda,CHSLD De Rouyn-Noranda,health,Hôpital,Rouyn-Noranda,,,"512, avenue Richard, Rouyn-Noranda, QC J9X 4M1",48.22869873046875,-79.0166015625,,,X,,donnees-quebec.ca/MSSS,f
QC,msss-clsc-rouyn-noranda-clsc-de-beaudry,CLSC De Beaudry,health,CLSC,Rouyn-Noranda,,,"6950, boulevard Témiscamingue, Rouyn-Noranda, QC J9Y 1S5",48.109500885009766,-79.15170288085938,,,X,,donnees-quebec.ca/MSSS,f
QC,msss-clsc-rouyn-noranda-clsc-de-cadillac,CLSC De Cadillac,health,CLSC,Rouyn-Noranda,,,"2-A, rue Dumont Est, Rouyn-Noranda, QC J0Y 1C0",48.22380065917969,-78.38390350341797,,,X,,donnees-quebec.ca/MSSS,f
QC,msss-clsc-rouyn-noranda-clsc-de-clericy,CLSC De Cléricy,health,CLSC,Rouyn-Noranda,,,"8290, Route d'Aiguebelle, Rouyn-Noranda, QC J0Z 1P0",48.36399841308594,-78.86270141601562,,,X,,donnees-quebec.ca/MSSS,f
QC,msss-clsc-rouyn-noranda-clsc-de-destor,CLSC De Destor,health,CLSC,Rouyn-Noranda,,,"7288, rang du Parc, Rouyn-Noranda, QC J9Y 0C8",48.45970153808594,-78.95580291748047,,,X,,donnees-quebec.ca/MSSS,f
QC,msss-clsc-rouyn-noranda-clsc-de-montbeillard,CLSC De Montbeillard,health,CLSC,Rouyn-Noranda,,,"9632, boulevard Rideau, Rouyn-Noranda, QC J0Z 2X0",48.04570007324219,-79.25959777832031,,,X,,donnees-quebec.ca/MSSS,f
QC,msss-clsc-rouyn-noranda-clsc-de-rouyn-noranda,CLSC De Rouyn-Noranda,health,CLSC,Rouyn-Noranda,,,"1, 9e Rue, Rouyn-Noranda, QC J9X 2A9",48.24340057373047,-79.02100372314453,,,X,,donnees-quebec.ca/MSSS,f
QC,msss-clsc-rouyn-noranda-clsc-du-terminus,CLSC Du Terminus,health,CLSC,Rouyn-Noranda,,,"8, rue du Terminus Est, Rouyn-Noranda, QC J9X 2M7",48.241600036621094,-79.01959991455078,,,X,,donnees-quebec.ca/MSSS,f
QC,msss-hopital-rouyn-noranda-centre-multiservices-de-sante-et-de-services-sociaux-de-rouy,Centre Multiservices De Santé Et De Services Sociaux De Rouyn-Noranda,health,Hôpital,Rouyn-Noranda,,,"3, 9e Rue, Rouyn-Noranda, QC J9X 2A9",48.24380111694336,-79.02059936523438,,,X,,donnees-quebec.ca/MSSS,f
QC,msss-clsc-rouyn-noranda-hopital-de-rouyn-noranda,Hôpital De Rouyn-Noranda,health,CLSC,Rouyn-Noranda,,,"4, 9e Rue, Rouyn-Noranda, QC J9X 2B2",48.24380111694336,-79.01930236816406,,,X,,donnees-quebec.ca/MSSS,f
QC,msss-chsld-rouyn-noranda-maison-des-aines-et-alternative-de-rouyn-noranda,Maison Des Aînés Et Alternative De Rouyn-Noranda,health,CHSLD,Rouyn-Noranda,,,"1155, rue Perreault Est, Rouyn-Noranda, QC J9X 0C4",48.23860168457031,-78.98880004882812,,,X,,donnees-quebec.ca/MSSS,f
QC,ambulance-abitibi,Services ambulanciers — Abitibi-Témiscamingue,health,Service ambulancier,Rouyn-Noranda,819-764-5131,,,48.2374,-79.0145,X,,,,,f
QC,rn-h1,Maison d'Hébertement Rouyn-Noranda,housing,Hébergement d'urgence,Rouyn-Noranda,819-797-7777,,,48.2374,-79.0145,X,,,,,f
QC,centre911-abitibi,Centre 911 — Abitibi-Témiscamingue,social,Centre 911,Rouyn-Noranda,911,,,48.2374,-79.0145,X,,,,,f
QC,incendie-rouyn,Service de sécurité incendie de Rouyn-Noranda,social,Service des incendies,Rouyn-Noranda,819-762-0771,,,48.2374,-79.0145,X,,,,,f
QC,msss-clsc-remigny-clsc-de-remigny,CLSC De Rémigny,health,CLSC,Rémigny,,,"1290, chemin de l'Église, Rémigny, QC J0Z 3H0",47.762001037597656,-79.20829772949219,,,X,,donnees-quebec.ca/MSSS,f
QC,msss-clsc-sacre-coeur-clsc-de-sacre-coeur,CLSC De Sacré-Coeur,health,CLSC,Sacré-Coeur,,,"55, rue Lévesque, Sacré-Coeur, QC G0T 1Y0",48.2317008972168,-69.80010223388672,,,X,,donnees-quebec.ca/MSSS,f
QC,cpe-sag1,CPE Le Pionnier – Saguenay,childcare,CPE subventionné,Saguenay,418-543-1234,,,48.4295,-71.0651,X,,,,,f
QC,emp-cje-saguenay,Carrefour jeunesse-emploi Saguenay,employment,Carrefour jeunesse-emploi (CJE),Saguenay,418-549-2470,https://cjesag.qc.ca,,,,X,X,,,curated-employment-network,f
QC,sag-f1,Moisson Saguenay-Lac-Saint-Jean,food,Banque alimentaire,Saguenay,418-690-0999,,,48.428,-71.06,X,,,,,f
QC,baq-moisson-saguenay,Moisson Saguenay-Lac-Saint-Jean,food,Banque alimentaire régionale,Saguenay,418-693-1591,https://moissonsaglac.com,"1611, rue Léopold-Belley, Chicoutimi, QC G7H 7Y1",,,,X,,,curated-baq-network,f
QC,msss-clsc-saguenay-clsc-aire-ouverte,CLSC - Aire Ouverte,health,CLSC,Saguenay,,,"2433, rue Saint-Dominique, Saguenay, QC G7X 6L1",48.405799865722656,-71.24549865722656,,,X,,donnees-quebec.ca/MSSS,f
QC,msss-clsc-saguenay-clsc-de-chicoutimi,CLSC De Chicoutimi,health,CLSC,Saguenay,,,"80, rue Racine Est, Saguenay, QC G7H 1P6",48.42770004272461,-71.05560302734375,,,X,,donnees-quebec.ca/MSSS,f
QC,msss-clsc-saguenay-clsc-de-chicoutimi-nord,CLSC De Chicoutimi-Nord,health,CLSC,Saguenay,,,"222, rue Saint-Éphrem, Saguenay, QC G7G 2W5",48.43899917602539,-71.0625,,,X,,donnees-quebec.ca/MSSS,f
QC,msss-clsc-saguenay-clsc-de-jonquiere,CLSC De Jonquière,health,CLSC,Saguenay,,,"3667, boulevard Harvey, Saguenay, QC G7X 3A9",48.41170120239258,-71.23780059814453,,,X,,donnees-quebec.ca/MSSS,f
QC,msss-clsc-saguenay-clsc-du-fjord-a-la-baie,CLSC Du Fjord-À-La Baie,health,CLSC,Saguenay,,,"800, rue Aimé-Gravel, Saguenay, QC G7B 2M4",48.337799072265625,-70.87950134277344,,,X,,donnees-quebec.ca/MSSS,f
QC,msss-chsld-saguenay-centre-d-hebergement-de-bagotville,Centre D'Hébergement De Bagotville,health,CHSLD,Saguenay,,,"562, rue Victoria, Saguenay, QC G7B 3M6",48.34080123901367,-70.87920379638672,,,X,,donnees-quebec.ca/MSSS,f
QC,msss-chsld-saguenay-centre-d-hebergement-de-la-colline,Centre D'Hébergement De La Colline,health,CHSLD,Saguenay,,,"150, rue Pinel, Saguenay, QC G7G 3N8",48.45000076293945,-71.07620239257812,,,X,,donnees-quebec.ca/MSSS,f
QC,msss-chsld-saguenay-centre-d-hebergement-des-pensees,Centre D'Hébergement Des Pensées,health,CHSLD,Saguenay,,,"3240, rue des Pensées, Saguenay, QC G7S 5T9",48.422000885009766,-71.20939636230469,,,X,,donnees-quebec.ca/MSSS,f
QC,msss-chsld-saguenay-centre-d-hebergement-deschenes,Centre D'Hébergement Deschênes,health,CHSLD,Saguenay,,,"1841, rue Deschênes, Saguenay, QC G7S 4K6",48.43069839477539,-71.19519805908203,,,X,,donnees-quebec.ca/MSSS,f
QC,msss-chsld-saguenay-centre-d-hebergement-georges-hebert,Centre D'Hébergement Georges-Hébert,health,CHSLD,Saguenay,,,"2841, rue Faraday, Saguenay, QC G7S 5C8",48.43149948120117,-71.18260192871094,,,X,,donnees-quebec.ca/MSSS,f
QC,msss-chsld-saguenay-centre-d-hebergement-jacques-cartier,Centre D'Hébergement Jacques-Cartier,health,CHSLD,Saguenay,,,"904, rue Jacques-Cartier Est, Saguenay, QC G7H 2A9",48.423301696777344,-71.04090118408203,,,X,,donnees-quebec.ca/MSSS,f
QC,msss-chsld-saguenay-centre-d-hebergement-mgr-victor-tremblay,Centre D'Hébergement Mgr-Victor-Tremblay,health,CHSLD,Saguenay,,,"1236, rue d'Angoulème, Saguenay, QC G7H 6P9",48.40850067138672,-71.0728988647461,,,X,,donnees-quebec.ca/MSSS,f
QC,msss-chsld-saguenay-centre-d-hebergement-saint-joseph,Centre D'Hébergement Saint-Joseph,health,CHSLD,Saguenay,,,"1893, rue Alexis-Simard, Saguenay, QC G7B 2K9",48.309898376464844,-70.85089874267578,,,X,,donnees-quebec.ca/MSSS,f
QC,msss-chsld-saguenay-centre-d-hebergement-sainte-marie,Centre D'Hébergement Sainte-Marie,health,CHSLD,Saguenay,,,"2184, rue Perrier, Saguenay, QC G7X 9C9",48.41469955444336,-71.2396011352539,,,X,,donnees-quebec.ca/MSSS,f
QC,msss-chsld-saguenay-centre-d-hebergement-st-francois,Centre D'Hébergement St-François,health,CHSLD,Saguenay,,,"912, rue Jacques-Cartier Est, Saguenay, QC G7H 2A9",48.423099517822266,-71.03949737548828,,,X,,donnees-quebec.ca/MSSS,f
QC,msss-hopital-saguenay-hopital-de-chicoutimi,Hôpital De Chicoutimi,health,Hôpital,Saguenay,,,"305, rue Saint-Vallier,, Saguenay, QC G7H 5H6",48.42599868774414,-71.04859924316406,,,X,,donnees-quebec.ca/MSSS,f
QC,msss-hopital-saguenay-hopital-de-la-baie,Hôpital De La Baie,health,Hôpital,Saguenay,,,"1000, rue du Docteur-Desgagné, Saguenay, QC G7B 2Y6",48.34389877319336,-70.8832015991211,,,X,,donnees-quebec.ca/MSSS,f
QC,msss-hopital-saguenay-hopital-et-centre-de-readaptation-de-jonquiere,Hôpital Et Centre De Réadaptation De Jonquière,health,Hôpital,Saguenay,,,"2230, rue de l'Hôpital, Saguenay, QC G7X 7X2",48.41360092163086,-71.23509979248047,,,X,,donnees-quebec.ca/MSSS,f
QC,msss-clsc-saguenay-maison-de-naissance-du-fjord-au-lac,Maison De Naissance Du Fjord-Au-Lac,health,CLSC,Saguenay,,,"282, rue Saint-Vallier, Saguenay, QC G7H 4J1",48.426998138427734,-71.05059814453125,,,X,,donnees-quebec.ca/MSSS,f
QC,msss-chsld-saguenay-maison-des-aines-et-alternative-de-la-riviere-saguenay,Maison Des Aînés Et Alternative De La Rivière-Saguenay,health,CHSLD,Saguenay,,,"431, rue Saint-Gérard, Saguenay, QC G7G 3N9",48.44879913330078,-71.07839965820312,,,X,,donnees-quebec.ca/MSSS,f
QC,ambulance-saguenay,Services ambulanciers — Saguenay-Lac-Saint-Jean,health,Service ambulancier,Saguenay,418-541-1000,,,48.4277,-71.0694,X,,,,,f
QC,sag-h1,Centre Le Havre – Saguenay,housing,Hébergement d'urgence,Saguenay,418-543-0928,,,48.4228,-71.0667,X,,,,,f
QC,h-omh-saguenay,Office municipal d'habitation de Saguenay,housing,Office municipal d'habitation,Saguenay,418-545-8362,https://omhsaguenay.ca,"555, rue Bersimis, Chicoutimi, QC G7K 1H8",,,,X,,,curated-housing-network,f
QC,imm-soit-saguenay,SEMO Saguenay-Lac-Saint-Jean,immigration,Employabilité immigrants,Saguenay,418-545-8061,https://semoslsj.qc.ca,,,,X,X,,,curated-immigration-network,f
QC,mh-acsm-saguenay,ACSM – Saguenay,mentalHealth,Santé mentale communautaire,Saguenay,418-549-0765,https://acsm-saguenay.ca,,,,X,X,,,curated-mh-network,f
QC,sag-m1,Centre de Crise du Saguenay,mentalHealth,Crise psychologique,Saguenay,418-545-1919,,,48.4228,-71.0667,X,,,,,f
QC,mh-cps-saguenay,Centre de prévention du suicide 02 – Saguenay-Lac-Saint-Jean,mentalHealth,Centre de prévention du suicide,Saguenay,418-545-1919,https://cps02.org,,,,X,X,,,curated-mh-network,f
QC,centre911-saguenay,Centre 911 de Saguenay — Lac-Saint-Jean,social,Centre 911,Saguenay,911,,,48.4277,-71.0694,X,,,,,f
QC,s-maison-isa-saguenay,Maison ISA – Saguenay,social,Maison d'hébergement – violence conjugale,Saguenay,418-549-0337,https://maisonisa.org,,,,X,X,,,curated-social-network,f
QC,saaq-saguenay,SAAQ — Bureau de Saguenay,social,Services gouvernementaux,Saguenay,1-800-361-7620,,,48.4277,-71.0694,X,,,,,f
QC,police-saguenay,Service de police de Saguenay (SPS),social,Service de police,Saguenay,418-545-5778,,,48.4277,-71.0694,X,,,,,f
QC,incendie-saguenay,Service de protection contre les incendies de Saguenay,social,Service des incendies,Saguenay,418-698-3000,,,48.4277,-71.0694,X,,,,,f
QC,msss-clsc-saint-alexandre-de-kamouraska-centre-d-hebergement-villa-maria,Centre D'Hébergement Villa Maria,health,CLSC,Saint-Alexandre-de-Kamouraska,,,"404, avenue du Foyer, Saint-Alexandre-de-Kamouraska, QC G0L 2G0",47.685699462890625,-69.62010192871094,,,X,,donnees-quebec.ca/MSSS,f
QC,msss-clsc-saint-alexis-des-monts-clsc-et-centre-de-services-externes-pour-les-aines-de-saint-,CLSC Et Centre De Services Externes Pour Les Aînés De Saint-Alexis-Des-Monts,health,CLSC,Saint-Alexis-des-Monts,,,"10, rue Jonathan, Saint-Alexis-des-Monts, QC J0K 1V0",46.461700439453125,-73.1364974975586,,,X,,donnees-quebec.ca/MSSS,f
QC,msss-clsc-saint-amable-clsc-de-saint-amable,CLSC De Saint-Amable,health,CLSC,Saint-Amable,,,"555, rue Principale, Saint-Amable, QC J0L 1N0",45.64350128173828,-73.30690002441406,,,X,,donnees-quebec.ca/MSSS,f
QC,msss-chsld-saint-amable-maison-des-aines-de-saint-amable,Maison Des Aînés De Saint-Amable,health,CHSLD,Saint-Amable,,,"744, rue du Parchemin, Saint-Amable, QC J0L 1N0",45.64789962768555,-73.30329895019531,,,X,,donnees-quebec.ca/MSSS,f
QC,msss-clsc-saint-ambroise-clsc-de-saint-ambroise,CLSC De Saint-Ambroise,health,CLSC,Saint-Ambroise,,,"340, boulevard Gagnon, Saint-Ambroise, QC G7P 2R1",48.55400085449219,-71.32150268554688,,,X,,donnees-quebec.ca/MSSS,f
QC,msss-clsc-saint-andre-avellin-clsc-et-centre-d-hebergement-de-la-petite-nation,CLSC Et Centre D'Hébergement De La Petite-Nation,health,CLSC,Saint-André-Avellin,,,"14, rue Saint-André, Saint-André-Avellin, QC J0V 1W0",45.72249984741211,-75.05850219726562,,,X,,donnees-quebec.ca/MSSS,f
QC,msss-clsc-saint-anselme-chsld-et-clsc-de-saint-anselme,CHSLD Et CLSC De Saint-Anselme,health,CLSC,Saint-Anselme,,,"40, chemin Saint-Marc, Saint-Anselme, QC G0R 2N0",46.62969970703125,-70.9717025756836,,,X,,donnees-quebec.ca/MSSS,f
QC,msss-clsc-saint-antoine-de-l-isle-aux-grues-clsc-de-saint-antoine-de-l-isle-aux-grues,CLSC De Saint-Antoine-De-L'Isle-Aux-Grues,health,CLSC,Saint-Antoine-de-l'Isle-aux-Grues,,,"101, rue de la Volière, Saint-Antoine-de-l'Isle-aux-Grues, QC G0R 1P0",47.067501068115234,-70.54080200195312,,,X,,donnees-quebec.ca/MSSS,f
QC,msss-hopital-saint-antonin-hopital-de-saint-antonin,Hôpital De Saint-Antonin,health,Hôpital,Saint-Antonin,,,"286, rue Principale, Saint-Antonin, QC G0L 2J0",47.76240158081055,-69.47869873046875,,,X,,donnees-quebec.ca/MSSS,f
QC,msss-chsld-saint-apollinaire-chsld-et-centre-de-readaptation-en-deficience-intellectuelle,CHSLD Et Centre De Réadaptation En Déficience Intellectuelle Et En Troubles Du Spectre De L'Autisme De Saint-Apollinaire,health,CHSLD,Saint-Apollinaire,,,"12, rue Industrielle, Saint-Apollinaire, QC G0S 2E0",46.61640167236328,-71.50990295410156,,,X,,donnees-quebec.ca/MSSS,f
QC,msss-clsc-saint-augustin-clsc-de-saint-augustin,CLSC De Saint-Augustin,health,CLSC,Saint-Augustin,,,"264, avenue du Plateau, Saint-Augustin, QC G0G 2R0",51.2234001159668,-58.64310073852539,,,X,,donnees-quebec.ca/MSSS,f
QC,msss-chsld-saint-augustin-de-desmaures-centre-d-hebergement-et-de-soins-de-longue-duree-vigi-de-sai,Centre D'Hébergement Et De Soins De Longue Durée Vigi De Saint-Augustin,health,CHSLD,Saint-Augustin-de-Desmaures,,,"4954, rue Clément-Lockquell, Saint-Augustin-de-Desmaures, QC G3A 1V5",46.73939895629883,-71.39099884033203,,,X,,donnees-quebec.ca/MSSS,f
QC,msss-chsld-saint-augustin-de-desmaures-jardins-du-haut-saint-laurent,Jardins Du Haut Saint-Laurent,health,CHSLD,Saint-Augustin-de-Desmaures,,,"4770, rue Saint-Félix, Saint-Augustin-de-Desmaures, QC G3A 0K9",46.736900329589844,-71.3781967163086,,,X,,donnees-quebec.ca/MSSS,f
QC,tableedeschefs-qc,La Tablée des Chefs,food,Récupération alimentaire,Saint-Bruno-de-Montarville,450-462-5443,https://tableedeschefs.org,"1390, rue Marie-Victorin, Saint-Bruno-de-Montarville, QC J3V 1J3",,,,X,,,curated-baq-network,f
QC,msss-clsc-saint-bruno-de-montarville-clsc-de-saint-bruno-de-montarville,CLSC De Saint-Bruno-De-Montarville,health,CLSC,Saint-Bruno-de-Montarville,,,"50, chemin de La Rabastalière Est, bur., Saint-Bruno-de-Montarville, QC J3V 2A5",45.5281982421875,-73.34089660644531,,,X,,donnees-quebec.ca/MSSS,f
QC,msss-chsld-saint-bruno-de-montarville-centre-d-hebergement-de-montarville,Centre D'Hébergement De Montarville,health,CHSLD,Saint-Bruno-de-Montarville,,,"265, boulevard Seigneurial Ouest, Saint-Bruno-de-Montarville, QC J3V 2H4",45.52149963378906,-73.34459686279297,,,X,,donnees-quebec.ca/MSSS,f
QC,msss-clsc-saint-calixte-clsc-de-saint-calixte,CLSC De Saint-Calixte,health,CLSC,Saint-Calixte,,,"6295, rue Principale, Saint-Calixte, QC J0K 1Z0",45.951698303222656,-73.84819793701172,,,X,,donnees-quebec.ca/MSSS,f
QC,msss-chsld-saint-casimir-centre-d-hebergement-de-saint-casimir,Centre D'Hébergement De Saint-Casimir,health,CHSLD,Saint-Casimir,,,"605, rue Fleury, Saint-Casimir, QC G0A 3L0",46.66419982910156,-72.14949798583984,,,X,,donnees-quebec.ca/MSSS,f
QC,msss-chsld-saint-charles-borromee-chsld-sylvie-lesperance,CHSLD Sylvie-Lespérance,health,CHSLD,Saint-Charles-Borromée,,,"200, rue Marie-Curie, Saint-Charles-Borromée, QC J6E 0W9",46.0359001159668,-73.45890045166016,,,X,,donnees-quebec.ca/MSSS,f
QC,msss-hopital-saint-charles-borromee-groupe-de-medecine-de-famille-universitaire-de-saint-charles,Groupe De Médecine De Famille Universitaire De Saint-Charles-Borromée,health,Hôpital,Saint-Charles-Borromée,,,"50, chemin du Golf Ouest, Saint-Charles-Borromée, QC J6E 2B4",46.04029846191406,-73.45390319824219,,,X,,donnees-quebec.ca/MSSS,f
QC,msss-hopital-saint-charles-borromee-hopital-de-lanaudiere-et-centre-d-hebergement-parphilia-ferl,Hôpital De Lanaudière Et Centre D'Hébergement Parphilia-Ferland,health,Hôpital,Saint-Charles-Borromée,,,"1000, boulevard Sainte-Anne, Saint-Charles-Borromée, QC J6E 6J2",46.03929901123047,-73.45700073242188,,,X,,donnees-quebec.ca/MSSS,f
QC,msss-hopital-saint-charles-borromee-pavillon-de-soins-palliatifs-de-saint-charles-borromee,Pavillon De Soins Palliatifs De Saint-Charles-Borromée,health,Hôpital,Saint-Charles-Borromée,,,"125 boulevard des Mésanges, Saint-Charles-Borromée, QC J6E 0B9",46.03620147705078,-73.45999908447266,,,X,,donnees-quebec.ca/MSSS,f
QC,msss-clsc-saint-chrysostome-clsc-de-saint-chrysostome-saint-chrysostome-clsc,CLSC De Saint-Chrysostome / Saint-Chrysostome CLSC,health,CLSC,Saint-Chrysostome,,,"21, rang Sainte-Anne, Saint-Chrysostome, QC J0S 1R0",45.10580062866211,-73.76239776611328,,,X,,donnees-quebec.ca/MSSS,f
QC,msss-clsc-saint-clement-clsc-de-saint-clement,CLSC De Saint-Clément,health,CLSC,Saint-Clément,,,"25, rue Saint-Pierre, Saint-Clément, QC G0L 2N0",47.923500061035156,-69.09709930419922,,,X,,donnees-quebec.ca/MSSS,f
QC,msss-chsld-saint-constant-centre-d-hebergement-champlain-jean-louis-lapierre,Centre D'Hébergement Champlain - Jean-Louis-Lapierre,health,CHSLD,Saint-Constant,,,"199, rue Saint-Pierre, Saint-Constant, QC J5A 2N8",45.36709976196289,-73.57099914550781,,,X,,donnees-quebec.ca/MSSS,f
QC,msss-hopital-saint-constant-centre-de-services-ambulatoires-en-sante-mentale-de-la-rue-s,Centre De Services Ambulatoires En Santé Mentale De La Rue Saint-Pierre,health,Hôpital,Saint-Constant,,,"26, rue Saint-Pierre, Saint-Constant, QC J5A 1B8",45.383399963378906,-73.55879974365234,,,X,,donnees-quebec.ca/MSSS,f
QC,msss-chsld-saint-cyprien-centre-d-hebergement-de-saint-cyprien,Centre D'Hébergement De Saint-Cyprien,health,CHSLD,Saint-Cyprien,,,"101-C, rue Collin, Saint-Cyprien, QC G0L 2P0",47.89569854736328,-69.02429962158203,,,X,,donnees-quebec.ca/MSSS,f
QC,msss-clsc-saint-celestin-centre-d-hebergement-et-clsc-de-saint-celestin,Centre D'Hébergement Et CLSC De Saint-Célestin,health,CLSC,Saint-Célestin,,,"475, rue Houde, Saint-Célestin, QC J0C 1G0",46.21369934082031,-72.43160247802734,,,X,,donnees-quebec.ca/MSSS,f
QC,msss-chsld-saint-cesaire-chsld-val-joli,CHSLD Val-Joli,health,CHSLD,Saint-Césaire,,,"1425, rue Notre-Dame, Saint-Césaire, QC J0L 1T0",45.40769958496094,-73.00160217285156,,,X,,donnees-quebec.ca/MSSS,f
QC,msss-clsc-saint-cesaire-clsc-de-saint-cesaire,CLSC De Saint-Césaire,health,CLSC,Saint-Césaire,,,"1394, rue Notre-Dame, Saint-Césaire, QC J0L 1T0",45.40890121459961,-73.00299835205078,,,X,,donnees-quebec.ca/MSSS,f
QC,msss-clsc-saint-come-clsc-de-saint-come,CLSC De Saint-Côme,health,CLSC,Saint-Côme,,,"1673, 55e rue, Saint-Côme, QC J0K 2B0",46.26900100708008,-73.77469635009766,,,X,,donnees-quebec.ca/MSSS,f
QC,msss-clsc-saint-donat-clsc-de-saint-donat,CLSC De Saint-Donat,health,CLSC,Saint-Donat,,,"377, rue du Foyer, Saint-Donat, QC J0T 2C0",46.32160186767578,-74.22229766845703,,,X,,donnees-quebec.ca/MSSS,f
QC,msss-chsld-saint-donat-centre-d-hebergement-de-saint-donat,Centre D'Hébergement De Saint-Donat,health,CHSLD,Saint-Donat,,,"430, rue Bellevue, Saint-Donat, QC J0T 2C0",46.321998596191406,-74.22200012207031,,,X,,donnees-quebec.ca/MSSS,f
QC,msss-clsc-saint-esprit-clsc-de-saint-esprit,CLSC De Saint-Esprit,health,CLSC,Saint-Esprit,,,"110, rue Saint-Isidore, Saint-Esprit, QC J0K 2L0",45.904598236083984,-73.66470336914062,,,X,,donnees-quebec.ca/MSSS,f
QC,msss-chsld-saint-eustache-chsld-des-patriotes,CHSLD Des Patriotes,health,CHSLD,Saint-Eustache,,,"787, boulevard Arthur-Sauvé, Saint-Eustache, QC J7R 4K3",45.58209991455078,-73.92130279541016,,,X,,donnees-quebec.ca/MSSS,f
QC,msss-chsld-saint-eustache-centre-d-hebergement-de-saint-eustache,Centre D'Hébergement De Saint-Eustache,health,CHSLD,Saint-Eustache,,,"55, rue Chénier, Saint-Eustache, QC J7R 4Y8",45.554500579833984,-73.88939666748047,,,X,,donnees-quebec.ca/MSSS,f
QC,msss-hopital-saint-eustache-centre-de-services-ambulatoires-de-la-rue-bibeau,Centre De Services Ambulatoires De La Rue Bibeau,health,Hôpital,Saint-Eustache,,,"465, rue Bibeau, Saint-Eustache, QC J7R 0C8",45.56930160522461,-73.91500091552734,,,X,,donnees-quebec.ca/MSSS,f
QC,msss-hopital-saint-eustache-centre-de-services-ambulatoires-de-saint-eustache,Centre De Services Ambulatoires De Saint-Eustache,health,Hôpital,Saint-Eustache,,,"239, rue Robinson, Saint-Eustache, QC J7R 5V7",45.560699462890625,-73.93109893798828,,,X,,donnees-quebec.ca/MSSS,f
QC,msss-hopital-saint-eustache-centre-de-services-ambulatoires-du-boulevard-industriel,Centre De Services Ambulatoires Du Boulevard Industriel,health,Hôpital,Saint-Eustache,,,"14, boulevard Industriel, 3ième étage, Saint-Eustache, QC J7R 5B8",45.57170104980469,-73.91619873046875,,,X,,donnees-quebec.ca/MSSS,f
QC,msss-hopital-saint-eustache-centre-de-services-ambulatoires-en-sante-mentale-de-saint-eu,Centre De Services Ambulatoires En Santé Mentale De Saint-Eustache,health,Hôpital,Saint-Eustache,,,"111, rue Saint-Laurent, Saint-Eustache, QC J7P 3Z5",45.56880187988281,-73.88800048828125,,,X,,donnees-quebec.ca/MSSS,f
QC,msss-chsld-saint-eustache-centre-d-hebergement-de-sainte-eustache,Centre D’hébergement De Sainte-Eustache,health,CHSLD,Saint-Eustache,,,"495, rue Bibeau, Saint-Eustache, QC J7R 0B9",45.56990051269531,-73.91529846191406,,,X,,donnees-quebec.ca/MSSS,f
QC,msss-clsc-saint-eustache-centre-multiservices-de-sante-et-de-services-sociaux-jean-ol,Centre Multiservices De Santé Et De Services Sociaux Jean-Olivier-CHénier,health,CLSC,Saint-Eustache,,,"29, chemin d'Oka, Saint-Eustache, QC J7R 1K6",45.55070114135742,-73.89320373535156,,,X,,donnees-quebec.ca/MSSS,f
QC,msss-hopital-saint-eustache-groupe-de-medecine-de-famille-universitaire-de-saint-eustach,Groupe De Médecine De Famille Universitaire De Saint-Eustache,health,Hôpital,Saint-Eustache,,,"57, boulevard Industriel, bureau 2200, Saint-Eustache, QC J7R 5B9",45.570499420166016,-73.9207992553711,,,X,,donnees-quebec.ca/MSSS,f
QC,msss-hopital-saint-eustache-hopital-de-saint-eustache,Hôpital De Saint-Eustache,health,Hôpital,Saint-Eustache,,,"520, boulevard Arthur-Sauvé, Saint-Eustache, QC J7R 5B1",45.5713005065918,-73.9136962890625,,,X,,donnees-quebec.ca/MSSS,f
QC,msss-chsld-saint-fabien-de-panet-chsld-de-saint-fabien-de-panet,CHSLD De Saint-Fabien-De-Panet,health,CHSLD,Saint-Fabien-de-Panet,,,"19, rue Principale Est, Saint-Fabien-de-Panet, QC G0R 2J0",46.655799865722656,-70.14600372314453,,,X,,donnees-quebec.ca/MSSS,f
QC,msss-clsc-saint-fabien-de-panet-clsc-de-saint-fabien-de-panet,CLSC De Saint-Fabien-De-Panet,health,CLSC,Saint-Fabien-de-Panet,,,"10, rue Alphonse, Saint-Fabien-de-Panet, QC G0R 2J0",46.65760040283203,-70.15239715576172,,,X,,donnees-quebec.ca/MSSS,f
QC,msss-chsld-saint-flavien-chsld-de-saint-flavien,CHSLD De Saint-Flavien,health,CHSLD,Saint-Flavien,,,"82, rue Principale, Saint-Flavien, QC G0S 2M0",46.512298583984375,-71.5968017578125,,,X,,donnees-quebec.ca/MSSS,f
QC,msss-clsc-saint-felicien-clsc-de-saint-felicien,CLSC De Saint-Félicien,health,CLSC,Saint-Félicien,,,"1228, boulevard Sacré-Coeur, Saint-Félicien, QC G8K 2P8",48.6531982421875,-72.44629669189453,,,X,,donnees-quebec.ca/MSSS,f
QC,msss-chsld-saint-felicien-centre-d-hebergement-de-saint-felicien,Centre D'Hébergement De Saint-Félicien,health,CHSLD,Saint-Félicien,,,"1229, boulevard Sacré-Coeur, Saint-Félicien, QC G8K 1A5",48.6525993347168,-72.4480972290039,,,X,,donnees-quebec.ca/MSSS,f
QC,msss-clsc-saint-gabriel-de-brandon-clsc-et-centre-de-readaptation-en-deficience-intellectuelle-,CLSC Et Centre De Réadaptation En Déficience Intellectuelle Et En Troubles Du Spectre De L'Autisme De Saint-Gabriel-De-Brandon,health,CLSC,Saint-Gabriel-de-Brandon,,,"30, rue Saint-Gabriel, Saint-Gabriel-de-Brandon, QC J0K 2N0",46.292598724365234,-73.3843002319336,,,X,,donnees-quebec.ca/MSSS,f
QC,msss-chsld-saint-gabriel-de-brandon-centre-d-hebergement-de-saint-gabriel-de-brandon,Centre D'Hébergement De Saint-Gabriel-De-Brandon,health,CHSLD,Saint-Gabriel-de-Brandon,,,"90, rue Maskinongé, Saint-Gabriel-de-Brandon, QC J0K 2N0",46.295501708984375,-73.38700103759766,,,X,,donnees-quebec.ca/MSSS,f
QC,msss-clsc-saint-georges-aire-ouverte-de-saint-georges,Aire Ouverte De Saint-Georges,health,CLSC,Saint-Georges,,,"2385, boulevard Dionne, Saint-Georges, QC G5Y 3X6",46.11289978027344,-70.6729965209961,,,X,,donnees-quebec.ca/MSSS,f
QC,msss-chsld-saint-georges-chsld-du-seminaire,CHSLD Du Séminaire,health,CHSLD,Saint-Georges,,,"11515, 8e avenue, Saint-Georges, QC G5Y 1J5",46.124900817871094,-70.67140197753906,,,X,,donnees-quebec.ca/MSSS,f
QC,msss-chsld-saint-georges-chsld-richard-busque,CHSLD Richard-Busque,health,CHSLD,Saint-Georges,,,"405, 18e rue, Saint-Georges, QC G5Y 4T2",46.11579895019531,-70.67449951171875,,,X,,donnees-quebec.ca/MSSS,f
QC,msss-chsld-saint-georges-centre-d-hebergement-champlain-de-l-assomption,Centre D'Hébergement Champlain-De-L'Assomption,health,CHSLD,Saint-Georges,,,"16750, boulevard Lacroix, Saint-Georges, QC G5Y 2G4",46.0974006652832,-70.64990234375,,,X,,donnees-quebec.ca/MSSS,f
QC,msss-clsc-saint-georges-centre-multiservices-de-sante-et-de-services-sociaux-de-sain,Centre Multiservices De Santé Et De Services Sociaux De Saint-Georges,health,CLSC,Saint-Georges,,,"12523, 25e avenue, Saint-Georges, QC G5Y 5N6",46.128700256347656,-70.65399932861328,,,X,,donnees-quebec.ca/MSSS,f
QC,msss-hopital-saint-georges-hopital-de-saint-georges,Hôpital De Saint-Georges,health,Hôpital,Saint-Georges,,,"1515, 17e rue, Saint-Georges, QC G5Y 4T8",46.10969924926758,-70.6852035522461,,,X,,donnees-quebec.ca/MSSS,f
QC,incendie-saint-georges,Service de sécurité incendie de Saint-Georges,social,Service des incendies,Saint-Georges,418-228-5184,,,46.1152,-70.6636,X,,,,,f
QC,msss-clsc-saint-gervais-chsld-et-clsc-de-saint-gervais,CHSLD Et CLSC De Saint-Gervais,health,CLSC,Saint-Gervais,,,"70, rue Saint-Étienne, Saint-Gervais, QC G0R 3C0",46.712398529052734,-70.8947982788086,,,X,,donnees-quebec.ca/MSSS,f
QC,msss-clsc-saint-gedeon-de-beauce-clsc-de-saint-gedeon-de-beauce,CLSC De Saint-Gédéon-De-Beauce,health,CLSC,Saint-Gédéon-de-Beauce,,,"127, 1ère Rue Sud, 4e étage, Saint-Gédéon-de-Beauce, QC G0M 1T0",45.85260009765625,-70.64089965820312,,,X,,donnees-quebec.ca/MSSS,f
QC,msss-chsld-saint-hilarion-maison-des-aines-et-alternative-de-saint-hilarion,Maison Des Aînés Et Alternative De Saint-Hilarion,health,CHSLD,Saint-Hilarion,,,"6, rue des Champs, Saint-Hilarion, QC G0A 3V0",47.57609939575195,-70.39920043945312,,,X,,donnees-quebec.ca/MSSS,f
QC,baq-moisson-rive-sud,Moisson Rive-Sud,food,Banque alimentaire régionale,Saint-Hubert,450-462-9982,https://moissonrivesud.org,"5500, rue Rideau, Saint-Hubert, QC J3Y 5K6",,,,X,,,curated-baq-network,f
QC,ba-maskoutaine,La Moisson Maskoutaine,food,Banque alimentaire régionale,Saint-Hyacinthe,450-261-1110,https://moissonmaskoutaine.org,"2540, rue Saint-Charles, Saint-Hyacinthe, QC J2T 1V6",,,,X,,,curated-baq-network,f
QC,shy-f1,Moisson Maskoutaine – Saint-Hyacinthe,food,Banque alimentaire,Saint-Hyacinthe,450-773-3204,,,45.6253,-72.9587,X,,,,,f
QC,msss-clsc-saint-hyacinthe-clsc-des-cascades,CLSC Des Cascades,health,CLSC,Saint-Hyacinthe,,,"1225, rue des Cascades, Saint-Hyacinthe, QC J2S 3H2",45.6254997253418,-72.94390106201172,,,X,,donnees-quebec.ca/MSSS,f
QC,msss-clsc-saint-hyacinthe-clsc-des-maskoutains,CLSC Des Maskoutains,health,CLSC,Saint-Hyacinthe,,,"1015, rue Gauthier, Saint-Hyacinthe, QC J2S 8T2",45.637001037597656,-72.95980072021484,,,X,,donnees-quebec.ca/MSSS,f
QC,msss-chsld-saint-hyacinthe-centre-d-hebergement-andree-perrault,Centre D'Hébergement Andrée-Perrault,health,CHSLD,Saint-Hyacinthe,,,"1955, avenue Pratte, Saint-Hyacinthe, QC J2S 7W5",45.63290023803711,-72.94519805908203,,,X,,donnees-quebec.ca/MSSS,f
QC,msss-hopital-saint-hyacinthe-centre-d-hebergement-de-l-hotel-dieu-de-saint-hyacinthe,Centre D'Hébergement De L'Hôtel-Dieu-De-Saint-Hyacinthe,health,Hôpital,Saint-Hyacinthe,,,"1800, rue Dessaulles, Saint-Hyacinthe, QC J2S 2T2",45.625701904296875,-72.94999694824219,,,X,,donnees-quebec.ca/MSSS,f
QC,msss-hopital-saint-hyacinthe-groupe-de-medecine-de-famille-universitaire-richelieu-yamask,Groupe De Médecine De Famille Universitaire Richelieu-Yamaska,health,Hôpital,Saint-Hyacinthe,,,"1021, rue Gauthier, Saint-Hyacinthe, QC J2S 8T2",45.63679885864258,-72.96009826660156,,,X,,donnees-quebec.ca/MSSS,f
QC,msss-hopital-saint-hyacinthe-hopital-honore-mercier,Hôpital Honoré-Mercier,health,Hôpital,Saint-Hyacinthe,,,"2750, boulevard Laframboise, Saint-Hyacinthe, QC J2S 4Y8",45.63479995727539,-72.95950317382812,,,X,,donnees-quebec.ca/MSSS,f
QC,msss-chsld-saint-hyacinthe-residence-bourg-joli,Résidence Bourg-Joli,health,CHSLD,Saint-Hyacinthe,,,"2915, boulevard Laframboise, Saint-Hyacinthe, QC J2S 4Z3",45.63349914550781,-72.96420288085938,,,X,,donnees-quebec.ca/MSSS,f
QC,incendie-saint-hyacinthe,Service de sécurité incendie de Saint-Hyacinthe,social,Service des incendies,Saint-Hyacinthe,450-778-8300,,,45.6142,-72.9566,X,,,,,f
QC,msss-chsld-saint-isidore-chsld-de-saint-isidore,CHSLD De Saint-Isidore,health,CHSLD,Saint-Isidore,,,"102, rue Saint-Albert, Saint-Isidore, QC G0S 2S0",46.583499908447266,-71.08879852294922,,,X,,donnees-quebec.ca/MSSS,f
QC,msss-chsld-saint-jacques-centre-d-hebergement-de-saint-jacques,Centre D'Hébergement De Saint-Jacques,health,CHSLD,Saint-Jacques,,,"30, rue Sainte-Anne, Saint-Jacques, QC J0K 2R0",45.95050048828125,-73.5698013305664,,,X,,donnees-quebec.ca/MSSS,f
QC,msss-clsc-saint-jean-port-joli-clsc-et-chsld-de-saint-jean-port-joli,CLSC Et CHSLD De Saint-Jean-Port-Joli,health,CLSC,Saint-Jean-Port-Joli,,,"430, rue Jean-Leclerc, Saint-Jean-Port-Joli, QC G0R 3G0",47.20840072631836,-70.25779724121094,,,X,,donnees-quebec.ca/MSSS,f
QC,msss-clsc-saint-jean-de-dieu-clsc-de-saint-jean-de-dieu,CLSC De Saint-Jean-De-Dieu,health,CLSC,Saint-Jean-de-Dieu,,,"20, rue de la Villa, Saint-Jean-de-Dieu, QC G0L 3M0",48.00640106201172,-69.04119873046875,,,X,,donnees-quebec.ca/MSSS,f
QC,msss-clsc-saint-jean-de-matha-centre-multiservices-de-sante-et-de-services-sociaux-de-sain,Centre Multiservices De Santé Et De Services Sociaux De Saint-Jean-De-Matha,health,CLSC,Saint-Jean-de-Matha,,,"895, route Louis-Cyr, Saint-Jean-de-Matha, QC J0K 2S0",46.22520065307617,-73.52490234375,,,X,,donnees-quebec.ca/MSSS,f
QC,msss-chsld-saint-jean-sur-richelieu-chsld-champagnat,CHSLD Champagnat,health,CHSLD,Saint-Jean-sur-Richelieu,,,"370, 5e Avenue, Saint-Jean-sur-Richelieu, QC J2X 1V1",45.307899475097656,-73.23310089111328,,,X,,donnees-quebec.ca/MSSS,f
QC,msss-chsld-saint-jean-sur-richelieu-chsld-de-saint-jean-sur-richelieu,CHSLD De Saint-Jean-Sur-Richelieu,health,CHSLD,Saint-Jean-sur-Richelieu,,,"40, rue Labrèche, Saint-Jean-sur-Richelieu, QC J3B 0J3",45.31159973144531,-73.2614974975586,,,X,,donnees-quebec.ca/MSSS,f
QC,msss-chsld-saint-jean-sur-richelieu-chsld-georges-phaneuf,CHSLD Georges-Phaneuf,health,CHSLD,Saint-Jean-sur-Richelieu,,,"230, rue Jacques-Cartier Nord, Saint-Jean-sur-Richelieu, QC J3B 6T4",45.30699920654297,-73.25420379638672,,,X,,donnees-quebec.ca/MSSS,f
QC,msss-chsld-saint-jean-sur-richelieu-chsld-gertrude-lafrance,CHSLD Gertrude-Lafrance,health,CHSLD,Saint-Jean-sur-Richelieu,,,"150, boulevard Saint-Luc, Saint-Jean-sur-Richelieu, QC J3A 1G2",45.3400993347168,-73.28089904785156,,,X,,donnees-quebec.ca/MSSS,f
QC,msss-clsc-saint-jean-sur-richelieu-clsc-et-aire-ouverte-de-la-rue-champlain,CLSC Et Aire Ouverte De La Rue Champlain,health,CLSC,Saint-Jean-sur-Richelieu,,,"185, rue Champlain, Saint-Jean-sur-Richelieu, QC J3B 6V5",45.30569839477539,-73.25189971923828,,,X,,donnees-quebec.ca/MSSS,f
QC,msss-clsc-saint-jean-sur-richelieu-centre-de-services-ambulatoires-et-clsc-vallee-des-forts,Centre De Services Ambulatoires Et CLSC Vallée-Des-Forts,health,CLSC,Saint-Jean-sur-Richelieu,,,"978, boulevard du Séminaire Nord, Saint-Jean-sur-Richelieu, QC J3A 1E5",45.33570098876953,-73.26940155029297,,,X,,donnees-quebec.ca/MSSS,f
QC,msss-hopital-saint-jean-sur-richelieu-centre-de-services-ambulatoires-et-groupe-de-medecine-de-fam,Centre De Services Ambulatoires Et Groupe De Médecine De Famille Universitaire De Saint-Jean-Sur-Richelieu,health,Hôpital,Saint-Jean-sur-Richelieu,,,"1225, rue Douglas, Saint-Jean-sur-Richelieu, QC J3A 0A7",45.3400993347168,-73.28410339355469,,,X,,donnees-quebec.ca/MSSS,f
QC,msss-hopital-saint-jean-sur-richelieu-centre-de-services-ambulatoires-et-institut-nazareth-et-loui,Centre De Services Ambulatoires Et Institut Nazareth Et Louis-Braille Du Séminaire Nord,health,Hôpital,Saint-Jean-sur-Richelieu,,,"383, boulevard du Séminaire Nord, bureau, Saint-Jean-sur-Richelieu, QC J3B 8C5",45.3114013671875,-73.26370239257812,,,X,,donnees-quebec.ca/MSSS,f
QC,msss-chsld-saint-jean-sur-richelieu-hopital-de-jour-geriatrique-de-la-rue-normand,Hôpital De Jour Gériatrique De La Rue Normand,health,CHSLD,Saint-Jean-sur-Richelieu,,,"365, rue Normand, suite 200, Saint-Jean-sur-Richelieu, QC J3A 1T6",45.33879852294922,-73.2697982788086,,,X,,donnees-quebec.ca/MSSS,f
QC,msss-hopital-saint-jean-sur-richelieu-hopital-du-haut-richelieu,Hôpital Du Haut-Richelieu,health,Hôpital,Saint-Jean-sur-Richelieu,,,"920, boulevard du Séminaire Nord, Saint-Jean-sur-Richelieu, QC J3A 1B7",45.33250045776367,-73.27020263671875,,,X,,donnees-quebec.ca/MSSS,f
QC,msss-hopital-saint-jean-sur-richelieu-hopital-du-haut-richelieu-clinique-suivi-de-grossesse,Hôpital Du Haut-Richelieu - Clinique Suivi De Grossesse,health,Hôpital,Saint-Jean-sur-Richelieu,,,"1055, boulevard du Séminaire nord, suite, Saint-Jean-sur-Richelieu, QC J3A 1R7",45.33829879760742,-73.2677001953125,,,X,,donnees-quebec.ca/MSSS,f
QC,msss-chsld-saint-jean-sur-richelieu-maison-des-aines-de-saint-jean-sur-richelieu,Maison Des Aînés De Saint-Jean-Sur-Richelieu,health,CHSLD,Saint-Jean-sur-Richelieu,,,"519, rue Shannon, Saint-Jean-sur-Richelieu, QC J3A 2A1",45.339900970458984,-73.27899932861328,,,X,,donnees-quebec.ca/MSSS,f
QC,sjr-h1,Maison des Sans-Abri – Saint-Jean-sur-Richelieu,housing,Hébergement d'urgence,Saint-Jean-sur-Richelieu,450-349-4884,,,45.3125,-73.2594,X,,,,,f
QC,h-omh-saint-jean,Office municipal d'habitation du Haut-Richelieu,housing,Office municipal d'habitation,Saint-Jean-sur-Richelieu,450-348-0289,https://omhhr.ca,"395, rue Saint-Charles, Saint-Jean-sur-Richelieu, QC J3B 2C5",,,,X,,,curated-housing-network,f
QC,centre911-monteregie,Centre 911 — Montérégie,social,Centre 911,Saint-Jean-sur-Richelieu,911,,,45.3125,-73.2594,X,,,,,f
QC,s-maison-helene-st-jean,La Maison Hélène-Lacroix,social,Maison d'hébergement – femmes,Saint-Jean-sur-Richelieu,450-346-1645,https://maisonhelenelacroix.org,,,,X,X,,,curated-social-network,f
QC,police-saint-jean,Service de police de Saint-Jean-sur-Richelieu,social,Service de police,Saint-Jean-sur-Richelieu,450-347-2781,,,45.3125,-73.2594,X,,,,,f
QC,incendie-saint-jean,Service de sécurité incendie de Saint-Jean-sur-Richelieu,social,Service des incendies,Saint-Jean-sur-Richelieu,450-347-6500,,,45.3125,-73.2594,X,,,,,f
QC,baq-moisson-beauce,Moisson Beauce,food,Banque alimentaire régionale,Saint-Joseph-de-Beauce,418-397-1051,https://moissonbeauce.com,"1115, av. du Palais, Saint-Joseph-de-Beauce, QC G0S 2V0",,,,X,,,curated-baq-network,f
QC,msss-clsc-saint-joseph-de-beauce-clsc-de-saint-joseph-de-beauce,CLSC De Saint-Joseph-De-Beauce,health,CLSC,Saint-Joseph-de-Beauce,,,"1125, avenue du Palais, Saint-Joseph-de-Beauce, QC G0S 2V0",46.29930114746094,-70.87129974365234,,,X,,donnees-quebec.ca/MSSS,f
QC,msss-clsc-saint-jude-clsc-de-saint-jude,CLSC De Saint-Jude,health,CLSC,Saint-Jude,,,"938, rue du Centre, Saint-Jude, QC J0H 1P0",45.770999908447266,-72.99250030517578,,,X,,donnees-quebec.ca/MSSS,f
QC,cpe-jer1,CPE Les Castors – Saint-Jérôme,childcare,CPE subventionné,Saint-Jérôme,450-432-1133,,,45.7902,-74.0016,X,,,,,f
QC,msss-clsc-saint-jerome-aire-ouverte-de-saint-jerome,Aire Ouverte De Saint-Jérôme,health,CLSC,Saint-Jérôme,,,"420, Place du Marché, Saint-Jérôme, QC J7Z 2B2",45.777099609375,-74.0020980834961,,,X,,donnees-quebec.ca/MSSS,f
QC,msss-chsld-saint-jerome-chsld-au-c-ur-de-la-vie,CHSLD Au Cœur-De-La-Vie,health,CHSLD,Saint-Jérôme,,,"325, rue Barrette, 1er étage, Saint-Jérôme, QC J7Y 0J8",45.77750015258789,-74.01439666748047,,,X,,donnees-quebec.ca/MSSS,f
QC,msss-chsld-saint-jerome-chsld-de-saint-jerome,CHSLD De Saint-Jérôme,health,CHSLD,Saint-Jérôme,,,"200, rue Rolland, Saint-Jérôme, QC J7Z 5S2",45.766700744628906,-74.00340270996094,,,X,,donnees-quebec.ca/MSSS,f
QC,msss-hopital-saint-jerome-chsld-et-centre-de-services-ambulatoires-lucien-g-rolland,CHSLD Et Centre De Services Ambulatoires Lucien-G. Rolland,health,Hôpital,Saint-Jérôme,,,"175, rue Durand, Saint-Jérôme, QC J7Z 2V4",45.764198303222656,-74.002197265625,,,X,,donnees-quebec.ca/MSSS,f
QC,msss-chsld-saint-jerome-chsld-louise-faubert,CHSLD Louise-Faubert,health,CHSLD,Saint-Jérôme,,,"300, rue du Docteur-Charles-Léonard, Saint-Jérôme, QC J7Y 0N2",45.76250076293945,-74.00160217285156,,,X,,donnees-quebec.ca/MSSS,f
QC,msss-clsc-saint-jerome-clsc-de-l-etablissement-de-detention,CLSC De L'Établissement-De-Détention,health,CLSC,Saint-Jérôme,,,"2, boulevard de la Salette, Saint-Jérôme, QC J7Y 5G5",45.80070114135742,-74.0177001953125,,,X,,donnees-quebec.ca/MSSS,f
QC,msss-clsc-saint-jerome-clsc-du-centre-ville-de-saint-jerome,CLSC Du Centre-Ville-De-Saint-Jérôme,health,CLSC,Saint-Jérôme,,,"430, rue Labelle, Saint-Jérôme, QC J7Z 5L3",45.77939987182617,-74.00409698486328,,,X,,donnees-quebec.ca/MSSS,f
QC,msss-clsc-saint-jerome-clsc-et-groupe-de-medecine-de-famille-universitaire-lafontai,CLSC Et Groupe De Médecine De Famille Universitaire Lafontaine,health,CLSC,Saint-Jérôme,,,"1000, rue Labelle, Saint-Jérôme, QC J7Z 5N6",45.792999267578125,-74.0093994140625,,,X,,donnees-quebec.ca/MSSS,f
QC,msss-clsc-saint-jerome-clsc-saint-antoine,CLSC Saint-Antoine,health,CLSC,Saint-Jérôme,,,"480, 5e Rue, Saint-Jérôme, QC J7Z 0H6",45.76340103149414,-73.99629974365234,,,X,,donnees-quebec.ca/MSSS,f
QC,msss-chsld-saint-jerome-centre-d-hebergement-champlain-de-la-villa-soleil,Centre D'Hébergement Champlain-De-La-Villa-Soleil,health,CHSLD,Saint-Jérôme,,,"825, rue Melançon, Saint-Jérôme, QC J7Z 4L1",45.79059982299805,-73.993896484375,,,X,,donnees-quebec.ca/MSSS,f
QC,msss-hopital-saint-jerome-centre-de-services-ambulatoires-de-saint-jerome,Centre De Services Ambulatoires De Saint-Jérôme,health,Hôpital,Saint-Jérôme,,,"315, rue du Docteur-Charles-Léonard, Saint-Jérôme, QC J7Y 0L1",45.762001037597656,-74,,,X,,donnees-quebec.ca/MSSS,f
QC,msss-hopital-saint-jerome-centre-multiservices-de-sante-et-de-services-sociaux-d-youvi,Centre Multiservices De Santé Et De Services Sociaux D'Youville,health,Hôpital,Saint-Jérôme,,,"531, rue Laviolette, Saint-Jérôme, QC J7Y 2T8",45.78310012817383,-74.0062026977539,,,X,,donnees-quebec.ca/MSSS,f
QC,msss-clsc-saint-jerome-centre-multiservices-de-sante-et-de-services-sociaux-de-la-r,Centre Multiservices De Santé Et De Services Sociaux De La Rivière-Du-Nord,health,CLSC,Saint-Jérôme,,,"66, rue Danis, Saint-Jérôme, QC J7Y 2R3",45.777400970458984,-74.00810241699219,,,X,,donnees-quebec.ca/MSSS,f
QC,msss-hopital-saint-jerome-centre-multiservices-de-sante-et-de-services-sociaux-de-sain,Centre Multiservices De Santé Et De Services Sociaux De Saint-Jérôme,health,Hôpital,Saint-Jérôme,,,"500, boulevard des Laurentides, Saint-Jérôme, QC J7Z 4M2",45.762001037597656,-73.99420166015625,,,X,,donnees-quebec.ca/MSSS,f
QC,msss-hopital-saint-jerome-hopital-de-saint-jerome,Hôpital De Saint-Jérôme,health,Hôpital,Saint-Jérôme,,,"290, rue Montigny, Saint-Jérôme, QC J7Z 5T3",45.76559829711914,-74.00019836425781,,,X,,donnees-quebec.ca/MSSS,f
QC,ambulance-laurentides,Services ambulanciers — Laurentides,health,Service ambulancier,Saint-Jérôme,450-569-3311,,,45.779,-74,X,,,,,f
QC,jer-h1,La Maison du Réconfort – Saint-Jérôme,housing,Hébergement d'urgence,Saint-Jérôme,450-436-3491,,,45.779,-74,X,,,,,f
QC,h-omh-saint-jerome,Office municipal d'habitation de Saint-Jérôme,housing,Office municipal d'habitation,Saint-Jérôme,450-432-6862,https://omhsj.ca,"200, rue Saint-Georges, Saint-Jérôme, QC J7Z 4Y7",,,,X,,,curated-housing-network,f
QC,jer-m1,Centre de Crise des Laurentides,mentalHealth,Crise psychologique,Saint-Jérôme,450-569-5656,,,45.779,-74,X,,,,,f
QC,centre911-laurentides,Centre 911 — Laurentides,social,Centre 911,Saint-Jérôme,911,,,45.779,-74,X,,,,,f
QC,police-saint-jerome,Service de police de Saint-Jérôme (SPSJ),social,Service de police,Saint-Jérôme,450-436-1441,,,45.779,-74,X,,,,,f
QC,incendie-saint-jerome,Service de sécurité incendie de Saint-Jérôme,social,Service des incendies,Saint-Jérôme,450-436-1551,,,45.779,-74,X,,,,,f
QC,msss-chsld-saint-lambert-chsld-argyle-saint-lambert,CHSLD Argyle - Saint-Lambert,health,CHSLD,Saint-Lambert,,,"33, avenue Argyle, Saint-Lambert, QC J4P 3P5",45.50149917602539,-73.51470184326172,,,X,,donnees-quebec.ca/MSSS,f
QC,msss-chsld-saint-lambert-chsld-docteur-chevrier,CHSLD Docteur-Chevrier,health,CHSLD,Saint-Lambert,,,"700, rue Docteur-Chevrier, Saint-Lambert, QC J4P 0A4",45.50960159301758,-73.50170135498047,,,X,,donnees-quebec.ca/MSSS,f
QC,msss-chsld-saint-lambert-centre-d-hebergement-et-de-soins-de-longue-duree-de-saint-la,Centre D'Hébergement Et De Soins De Longue Durée De Saint-Lambert-Sur-Le-Golf,health,CHSLD,Saint-Lambert,,,"555, chemin Tiffin, Saint-Lambert, QC J4P 3G2",45.510398864746094,-73.50170135498047,,,X,,donnees-quebec.ca/MSSS,f
QC,msss-hopital-saint-lambert-centre-de-services-ambulatoires-et-groupe-de-medecine-de-fam,Centre De Services Ambulatoires Et Groupe De Médecine De Famille Universitaire Charles-Le Moyne,health,Hôpital,Saint-Lambert,,,"299, boulevard Sir-Wilfrid-Laurier, bure, Saint-Lambert, QC J4R 2L1",45.493499755859375,-73.50240325927734,,,X,,donnees-quebec.ca/MSSS,f
QC,msss-hopital-saint-lambert-centre-de-services-pour-les-aines-de-saint-lambert,Centre De Services Pour Les Aînés De Saint-Lambert,health,Hôpital,Saint-Lambert,,,"831, avenue Notre-Dame, Saint-Lambert, QC J4R 1S1",45.49829864501953,-73.50360107421875,,,X,,donnees-quebec.ca/MSSS,f
QC,msss-clsc-saint-lazare-de-bellechasse-clsc-de-saint-lazare-de-bellechasse,CLSC De Saint-Lazare-De-Bellechasse,health,CLSC,Saint-Lazare-de-Bellechasse,,,"100-A, rue Monseigneur-Bilodeau, Saint-Lazare-de-Bellechasse, QC G0R 3J0",46.65769958496094,-70.81120300292969,,,X,,donnees-quebec.ca/MSSS,f
QC,msss-chsld-saint-liguori-centre-d-hebergement-armand-marchand,Centre D'Hébergement Armand-Marchand,health,CHSLD,Saint-Liguori,,,"771, rue Principale, Saint-Liguori, QC J0K 2X0",46.00680160522461,-73.56919860839844,,,X,,donnees-quebec.ca/MSSS,f
QC,msss-chsld-saint-lin-laurentides-centre-d-hebergement-saint-antoine-de-padoue,Centre D'Hébergement Saint-Antoine-De-Padoue,health,CHSLD,Saint-Lin--Laurentides,,,"521, rue Saint-Antoine, Saint-Lin--Laurentides, QC J5M 3A3",45.85430145263672,-73.75509643554688,,,X,,donnees-quebec.ca/MSSS,f
QC,msss-chsld-saint-louis-du-ha-ha-centre-d-hebergement-de-saint-louis-du-ha-ha,Centre D'Hébergement De Saint-Louis-Du-Ha! Ha!,health,CHSLD,Saint-Louis-du-Ha! Ha!,,,"25, rue Saint-Philippe, Saint-Louis-du-Ha! Ha!, QC G0L 3S0",47.674598693847656,-68.9791030883789,,,X,,donnees-quebec.ca/MSSS,f
QC,msss-clsc-saint-ludger-clsc-de-saint-ludger,CLSC De Saint-Ludger,health,CLSC,Saint-Ludger,,,"210, rue La Salle, Saint-Ludger, QC G0M 1W0",45.7411003112793,-70.69139862060547,,,X,,donnees-quebec.ca/MSSS,f
QC,msss-clsc-saint-leonard-d-aston-clsc-de-saint-leonard-d-aston,CLSC De Saint-Léonard-D'Aston,health,CLSC,Saint-Léonard-d'Aston,,,"346, rue Béliveau, Saint-Léonard-d'Aston, QC J0C 1M0",46.105899810791016,-72.37200164794922,,,X,,donnees-quebec.ca/MSSS,f
QC,msss-chsld-saint-marc-des-carrieres-centre-d-activites-de-jour-en-deficience-intellectuelle-et-e,Centre D'Activités De Jour En Déficience Intellectuelle Et En Troubles Du Spectre De L'Autisme Et Centre D'Hébergement De Saint-Marc-Des-Carrières,health,CHSLD,Saint-Marc-des-Carrières,,,"444, rue Beauchamp, Saint-Marc-des-Carrières, QC G0A 4B0",46.68339920043945,-72.04530334472656,,,X,,donnees-quebec.ca/MSSS,f
QC,msss-clsc-saint-marc-des-carrieres-centre-multiservices-de-sante-et-de-services-sociaux-de-sain,Centre Multiservices De Santé Et De Services Sociaux De Saint-Marc-Des-Carrières,health,CLSC,Saint-Marc-des-Carrières,,,"1045, boulevard Bona-Dussault, Saint-Marc-des-Carrières, QC G0A 4B0",46.68090057373047,-72.04969787597656,,,X,,donnees-quebec.ca/MSSS,f
QC,msss-chsld-saint-martin-maison-des-aines-de-saint-martin-de-beauce,Maison Des Aînés De Saint-Martin-De-Beauce,health,CHSLD,Saint-Martin,,,"169, 1re Avenue Est, Saint-Martin, QC G0M 1B0",45.95500183105469,-70.65290069580078,,,X,,donnees-quebec.ca/MSSS,f
QC,msss-clsc-saint-maxime-du-mont-louis-clsc-du-mont-louis,CLSC Du Mont-Louis,health,CLSC,Saint-Maxime-du-Mont-Louis,,,"19, 1e Avenue Ouest, Saint-Maxime-du-Mont-Louis, QC G0E 1T0",49.22869873046875,-65.73500061035156,,,X,,donnees-quebec.ca/MSSS,f
QC,msss-chsld-saint-michel-de-bellechasse-centre-d-hebergement-et-de-soins-de-longue-duree-vigi-notre-,Centre D'Hébergement Et De Soins De Longue Durée Vigi Notre-Dame-De-Lourdes,health,CHSLD,Saint-Michel-de-Bellechasse,,,"80, rue Principale, Saint-Michel-de-Bellechasse, QC G0R 3S0",46.874698638916016,-70.9092025756836,,,X,,donnees-quebec.ca/MSSS,f
QC,msss-clsc-saint-michel-des-saints-clsc-de-saint-michel-des-saints,CLSC De Saint-Michel-Des-Saints,health,CLSC,Saint-Michel-des-Saints,,,"171, rue Guy-Gauthier, Saint-Michel-des-Saints, QC J0K 3B0",46.67639923095703,-73.91889953613281,,,X,,donnees-quebec.ca/MSSS,f
QC,msss-chsld-saint-michel-des-saints-centre-d-hebergement-brassard,Centre D'Hébergement Brassard,health,CHSLD,Saint-Michel-des-Saints,,,"390, rue Brassard, Saint-Michel-des-Saints, QC J0K 3B0",46.67570114135742,-73.91609954833984,,,X,,donnees-quebec.ca/MSSS,f
QC,msss-chsld-saint-michel-du-squatec-centre-d-hebergement-de-squatec,Centre D'Hébergement De Squatec,health,CHSLD,Saint-Michel-du-Squatec,,,"10, rue Saint-André, Saint-Michel-du-Squatec, QC G0L 4H0",47.87739944458008,-68.72309875488281,,,X,,donnees-quebec.ca/MSSS,f
QC,msss-clsc-saint-michel-du-squatec-clinique-medicale-de-squatec,Clinique Médicale De Squatec,health,CLSC,Saint-Michel-du-Squatec,,,"149-B, rue Saint-Joseph, Saint-Michel-du-Squatec, QC G0L 4H0",47.8828010559082,-68.7197036743164,,,X,,donnees-quebec.ca/MSSS,f
QC,msss-chsld-saint-narcisse-centre-d-hebergement-de-saint-narcisse,Centre D'Hébergement De Saint-Narcisse,health,CHSLD,Saint-Narcisse,,,"361, rue du Collège, Saint-Narcisse, QC G0X 2Y0",46.565399169921875,-72.4708023071289,,,X,,donnees-quebec.ca/MSSS,f
QC,msss-chsld-saint-pacome-centre-d-hebergement-de-saint-pacome,Centre D'Hébergement De Saint-Pacôme,health,CHSLD,Saint-Pacôme,,,"127, rue Galarneau, Saint-Pacôme, QC G0L 3X0",47.40290069580078,-69.95099639892578,,,X,,donnees-quebec.ca/MSSS,f
QC,msss-clsc-saint-pamphile-clsc-et-centre-de-services-externes-pour-les-aines-de-saint-,CLSC Et Centre De Services Externes Pour Les Aînés De Saint-Pamphile,health,CLSC,Saint-Pamphile,,,"103, rue du Foyer Nord, Saint-Pamphile, QC G0R 3X0",46.96070098876953,-69.783203125,,,X,,donnees-quebec.ca/MSSS,f
QC,msss-clsc-saint-pascal-clsc-de-saint-pascal,CLSC De Saint-Pascal,health,CLSC,Saint-Pascal,,,"595, avenue Martin, Saint-Pascal, QC G0L 3Y0",47.52939987182617,-69.80339813232422,,,X,,donnees-quebec.ca/MSSS,f
QC,msss-clsc-saint-paulin-clsc-de-saint-paulin,CLSC De Saint-Paulin,health,CLSC,Saint-Paulin,,,"2841, rue Laflèche, Saint-Paulin, QC J0K 3G0",46.418399810791016,-73.01349639892578,,,X,,donnees-quebec.ca/MSSS,f
QC,v-pavillon-foster,Pavillon Foster,mentalHealth,Toxicomanie anglophones,Saint-Philippe,450-638-7507,,,,,X,X,,,,f
QC,msss-clsc-saint-pierre-de-l-ile-d-orleans-clsc-et-centre-d-hebergement-alphonse-bonenfant,CLSC Et Centre D'Hébergement Alphonse-Bonenfant,health,CLSC,Saint-Pierre-de-L'Île-d'Orléans,,,"1395, chemin Royal, Saint-Pierre-de-L'Île-d'Orléans, QC G0A 4E0",46.88819885253906,-71.07620239257812,,,X,,donnees-quebec.ca/MSSS,f
QC,msss-chsld-saint-pierre-les-becquets-centre-d-hebergement-romain-becquet,Centre D'Hébergement Romain-Becquet,health,CHSLD,Saint-Pierre-les-Becquets,,,"255, route Marie-Victorin, Saint-Pierre-les-Becquets, QC G0X 2Z0",46.50659942626953,-72.20429992675781,,,X,,donnees-quebec.ca/MSSS,f
QC,msss-clsc-saint-polycarpe-clsc-et-groupe-de-medecine-de-famille-universitaire-de-saint,CLSC Et Groupe De Médecine De Famille Universitaire De Saint-Polycarpe,health,CLSC,Saint-Polycarpe,,,"11, chemin de la Cité-des-Jeunes, Saint-Polycarpe, QC J0P 1X0",45.30039978027344,-74.29900360107422,,,X,,donnees-quebec.ca/MSSS,f
QC,msss-clsc-saint-prosper-clsc-et-chsld-de-saint-prosper,CLSC Et CHSLD De Saint-Prosper,health,CLSC,Saint-Prosper,,,"2770, 20e avenue, Saint-Prosper, QC G0M 1Y0",46.21099853515625,-70.48390197753906,,,X,,donnees-quebec.ca/MSSS,f
QC,msss-chsld-saint-raphael-chsld-de-saint-raphael,CHSLD De Saint-Raphaël,health,CHSLD,Saint-Raphaël,,,"84, rue du Foyer, Saint-Raphaël, QC G0R 4C0",46.792701721191406,-70.75170135498047,,,X,,donnees-quebec.ca/MSSS,f
QC,msss-chsld-saint-raymond-centre-d-hebergement-de-saint-raymond,Centre D'Hébergement De Saint-Raymond,health,CHSLD,Saint-Raymond,,,"324, rue Saint-Joseph, Saint-Raymond, QC G3L 1J7",46.88999938964844,-71.83270263671875,,,X,,donnees-quebec.ca/MSSS,f
QC,msss-clsc-saint-raymond-centre-multiservices-de-sante-et-de-services-sociaux-de-sain,Centre Multiservices De Santé Et De Services Sociaux De Saint-Raymond,health,CLSC,Saint-Raymond,,,"700, rue Saint-Cyrille, Saint-Raymond, QC G3L 1W1",46.895198822021484,-71.82240295410156,,,X,,donnees-quebec.ca/MSSS,f
QC,msss-chsld-saint-remi-chsld-pierre-remi-narbonne,CHSLD Pierre-Rémi-Narbonne,health,CHSLD,Saint-Rémi,,,"110, rue du Collège, Saint-Rémi, QC J0L 2L0",45.25859832763672,-73.6167984008789,,,X,,donnees-quebec.ca/MSSS,f
QC,msss-clsc-saint-remi-clsc-de-saint-remi,CLSC De Saint-Rémi,health,CLSC,Saint-Rémi,,,"2, rue Sainte-Famille, Saint-Rémi, QC J0L 2L0",45.25619888305664,-73.62030029296875,,,X,,donnees-quebec.ca/MSSS,f
QC,msss-clsc-saint-sauveur-clsc-de-saint-sauveur,CLSC De Saint-Sauveur,health,CLSC,Saint-Sauveur,,,"150, rue Principale, Saint-Sauveur, QC J0R 1R6",45.89690017700195,-74.15260314941406,,,X,,donnees-quebec.ca/MSSS,f
QC,msss-chsld-saint-sauveur-centre-d-hebergement-et-de-soins-de-longue-duree-l-b-desjard,Centre D'Hébergement Et De Soins De Longue Durée L.-B.-Desjardins,health,CHSLD,Saint-Sauveur,,,"55, avenue Hochar, Saint-Sauveur, QC J0R 1R6",45.889198303222656,-74.15699768066406,,,X,,donnees-quebec.ca/MSSS,f
QC,msss-clsc-saint-simeon-clsc-et-centre-d-hebergement-de-saint-simeon,CLSC Et Centre D'Hébergement De Saint-Siméon,health,CLSC,Saint-Siméon,,,"371, rue Saint-Laurent, Saint-Siméon, QC G0T 1X0",47.84270095825195,-69.87899780273438,,,X,,donnees-quebec.ca/MSSS,f
QC,msss-chsld-saint-sylvestre-chsld-de-saint-sylvestre,CHSLD De Saint-Sylvestre,health,CHSLD,Saint-Sylvestre,,,"828, rue Principale, Saint-Sylvestre, QC G0S 3C0",46.36309814453125,-71.22940063476562,,,X,,donnees-quebec.ca/MSSS,f
QC,emp-sit-mauricie-st-tite,SIT Mauricie – Service d'intégration au travail (Saint-Tite),employment,Insertion socioprofessionnelle,Saint-Tite,418-365-5005,https://www.sitmauricie.com,"35, rue du Parc Industriel, Saint-Tite, QC G0X 3H0",,,,X,,,curated-mauricie,f
QC,msss-clsc-saint-tite-clsc-et-centre-de-readaptation-en-dependance-de-saint-tite,CLSC Et Centre De Réadaptation En Dépendance De Saint-Tite,health,CLSC,Saint-Tite,,,"750, rue du Couvent, Saint-Tite, QC G0X 3H0",46.72869873046875,-72.55819702148438,,,X,,donnees-quebec.ca/MSSS,f
QC,msss-chsld-saint-tite-centre-d-hebergement-mgr-paquin,Centre D'Hébergement Mgr Paquin,health,CHSLD,Saint-Tite,,,"580, rue du Couvent, Saint-Tite, QC G0X 3H0",46.72779846191406,-72.56069946289062,,,X,,donnees-quebec.ca/MSSS,f
QC,msss-clsc-saint-ubalde-clsc-de-saint-ubalde,CLSC De Saint-Ubalde,health,CLSC,Saint-Ubalde,,,"427-A, boulevard Chabot, Saint-Ubalde, QC G0A 4L0",46.75529861450195,-72.27050018310547,,,X,,donnees-quebec.ca/MSSS,f
QC,msss-clsc-saint-elie-de-caxton-clsc-de-saint-elie-de-caxton,CLSC De Saint-Élie-De-Caxton,health,CLSC,Saint-Élie-de-Caxton,,,"52, chemin des Loisirs, Saint-Élie-de-Caxton, QC G0X 2N0",46.48780059814453,-72.95860290527344,,,X,,donnees-quebec.ca/MSSS,f
QC,msss-clsc-saint-epiphane-clsc-de-saint-epiphane,CLSC De Saint-Épiphane,health,CLSC,Saint-Épiphane,,,"211, rue du Couvent, Saint-Épiphane, QC G0L 2X0",47.898799896240234,-69.33000183105469,,,X,,donnees-quebec.ca/MSSS,f
QC,msss-chsld-sainte-adele-chsld-de-sainte-adele,CHSLD De Sainte-Adèle,health,CHSLD,Sainte-Adèle,,,"249, boulevard Sainte-Adèle, Sainte-Adèle, QC J8B 1A9",45.934200286865234,-74.13580322265625,,,X,,donnees-quebec.ca/MSSS,f
QC,msss-clsc-sainte-adele-chsld-et-clsc-des-hauteurs,CHSLD Et CLSC Des Hauteurs,health,CLSC,Sainte-Adèle,,,"707, boulevard de Sainte-Adèle, Sainte-Adèle, QC J8B 2N1",45.949100494384766,-74.1281967163086,,,X,,donnees-quebec.ca/MSSS,f
QC,msss-clsc-sainte-agathe-des-monts-clsc-de-sainte-agathe-des-monts,CLSC De Sainte-Agathe-Des-Monts,health,CLSC,Sainte-Agathe-des-Monts,,,"2, rue Préfontaine, Sainte-Agathe-des-Monts, QC J8C 1C3",46.04949951171875,-74.28900146484375,,,X,,donnees-quebec.ca/MSSS,f
QC,msss-clsc-sainte-agathe-des-monts-clsc-du-village-des-monts,CLSC Du Village-Des-Monts,health,CLSC,Sainte-Agathe-des-Monts,,,"118, rue Principale, Sainte-Agathe-des-Monts, QC J8C 1K1",46.04679870605469,-74.28209686279297,,,X,,donnees-quebec.ca/MSSS,f
QC,msss-clsc-sainte-agathe-des-monts-clsc-et-centre-de-readaptation-en-deficience-physique-du-cen,CLSC Et Centre De Réadaptation En Déficience Physique Du Centre-Ville-De-Sainte-Agathe,health,CLSC,Sainte-Agathe-des-Monts,,,"144, rue Principale Est, Sainte-Agathe-des-Monts, QC J8C 1K3",46.04600143432617,-74.28040313720703,,,X,,donnees-quebec.ca/MSSS,f
QC,msss-clsc-sainte-agathe-des-monts-clsc-et-centre-de-services-ambulatoires-en-pediatrie-de-la-r,CLSC Et Centre De Services Ambulatoires En Pédiatrie De La Rue Saint-Vincent,health,CLSC,Sainte-Agathe-des-Monts,,,"201, rue Saint-Vincent, Sainte-Agathe-des-Monts, QC J8C 2B6",46.05379867553711,-74.28739929199219,,,X,,donnees-quebec.ca/MSSS,f
QC,msss-chsld-sainte-agathe-des-monts-centre-de-services-externes-pour-les-aines-et-de-readaptatio,Centre De Services Externes Pour Les Aînés Et De Réadaptation En Dépendance De Sainte-Agathe-Des-Monts,health,CHSLD,Sainte-Agathe-des-Monts,,,"21, rue Godon Ouest, Sainte-Agathe-des-Monts, QC J8C 1E5",46.05440139770508,-74.29190063476562,,,X,,donnees-quebec.ca/MSSS,f
QC,msss-hopital-sainte-agathe-des-monts-centre-multiservices-de-sante-et-de-services-sociaux-de-sain,Centre Multiservices De Santé Et De Services Sociaux De Sainte-Agathe,health,Hôpital,Sainte-Agathe-des-Monts,,,"234, rue Saint-Vincent, Sainte-Agathe-des-Monts, QC J8C 2B8",46.05540084838867,-74.28880310058594,,,X,,donnees-quebec.ca/MSSS,f
QC,msss-clsc-sainte-agathe-des-monts-centre-multiservices-de-sante-et-de-services-sociaux-tour-du,Centre Multiservices De Santé Et De Services Sociaux Tour-Du-Lac,health,CLSC,Sainte-Agathe-des-Monts,,,"125-A, chemin Tour-du-Lac, Sainte-Agathe-des-Monts, QC J8C 3A1",46.05099868774414,-74.29740142822266,,,X,,donnees-quebec.ca/MSSS,f
QC,msss-chsld-sainte-agathe-des-monts-maison-des-aines-de-sainte-agathe-des-monts,Maison Des Aînés De Sainte-Agathe-Des-Monts,health,CHSLD,Sainte-Agathe-des-Monts,,,"6, rue Dazé, Sainte-Agathe-des-Monts, QC J8C 1Y6",46.05120086669922,-74.29620361328125,,,X,,donnees-quebec.ca/MSSS,f
QC,msss-hopital-sainte-anne-de-bellevue-hopital-sainte-anne,Hôpital Sainte-Anne,health,Hôpital,Sainte-Anne-de-Bellevue,,,"305, boulevard des Anciens-Combattants, Sainte-Anne-de-Bellevue, QC H9X 1Y9",45.41239929199219,-73.94869995117188,,,X,,donnees-quebec.ca/MSSS,f
QC,msss-chsld-sainte-anne-de-la-perade-centre-d-hebergement-de-sainte-anne-de-la-perade,Centre D'Hébergement De Sainte-Anne-De-La-Pérade,health,CHSLD,Sainte-Anne-de-la-Pérade,,,"60, rue de la Fabrique, Sainte-Anne-de-la-Pérade, QC G0X 2J0",46.57350158691406,-72.20379638671875,,,X,,donnees-quebec.ca/MSSS,f
QC,msss-clsc-sainte-anne-des-monts-hopital-et-clsc-de-sainte-anne-des-monts,Hôpital Et CLSC De Sainte-Anne-Des-Monts,health,CLSC,Sainte-Anne-des-Monts,,,"50, rue du Belvédère, Sainte-Anne-des-Monts, QC G4V 1X4",49.11859893798828,-66.48280334472656,,,X,,donnees-quebec.ca/MSSS,f
QC,baq-moisson-laurentides,Moisson Laurentides,food,Banque alimentaire régionale,Sainte-Anne-des-Plaines,450-478-7333,https://moissonlaurentides.org,"400, boul. Industriel, Sainte-Anne-des-Plaines, QC J5N 0G1",,,,X,,,curated-baq-network,f
QC,msss-clsc-sainte-anne-des-plaines-clsc-de-sainte-anne-des-plaines,CLSC De Sainte-Anne-Des-Plaines,health,CLSC,Sainte-Anne-des-Plaines,,,"482, boulevard Sainte-Anne, Sainte-Anne-des-Plaines, QC J5N 3R3",45.76729965209961,-73.81500244140625,,,X,,donnees-quebec.ca/MSSS,f
QC,msss-chsld-sainte-anne-des-plaines-maison-des-aines-de-sainte-anne-des-plaines,Maison Des Aînés De Sainte-Anne-Des-Plaines,health,CHSLD,Sainte-Anne-des-Plaines,,,"100, rue des Cèdres, Sainte-Anne-des-Plaines, QC J5N 4M8",45.76089859008789,-73.82319641113281,,,X,,donnees-quebec.ca/MSSS,f
QC,msss-clsc-sainte-brigitte-de-laval-clsc-de-sainte-brigitte-de-laval,CLSC De Sainte-Brigitte-De-Laval,health,CLSC,Sainte-Brigitte-de-Laval,,,"20, rue du Domaine, Sainte-Brigitte-de-Laval, QC G0A 3K0",47.00870132446289,-71.18730163574219,,,X,,donnees-quebec.ca/MSSS,f
QC,msss-chsld-sainte-catherine-chsld-de-sainte-catherine,CHSLD De Sainte-Catherine,health,CHSLD,Sainte-Catherine,,,"3065, boulevard Marie-Victorin, Sainte-Catherine, QC J5C 1Z3",45.400299072265625,-73.54340362548828,,,X,,donnees-quebec.ca/MSSS,f
QC,msss-clsc-sainte-catherine-de-la-jacques-cartier-clsc-de-sainte-catherine-de-la-jacques-cartier,CLSC De Sainte-Catherine-De-La-Jacques-Cartier,health,CLSC,Sainte-Catherine-de-la-Jacques-Cartier,,,"4500, route de Fossambault, suite 200, Sainte-Catherine-de-la-Jacques-Cartier, QC G3N 2T5",46.84189987182617,-71.61070251464844,,,X,,donnees-quebec.ca/MSSS,f
QC,msss-chsld-sainte-claire-chsld-de-sainte-claire,CHSLD De Sainte-Claire,health,CHSLD,Sainte-Claire,,,"80, boulevard Bégin, Sainte-Claire, QC G0R 2V0",46.59989929199219,-70.87129974365234,,,X,,donnees-quebec.ca/MSSS,f
QC,msss-chsld-sainte-croix-chsld-de-sainte-croix,CHSLD De Sainte-Croix,health,CHSLD,Sainte-Croix,,,"6245, rue Principale, Sainte-Croix, QC G0S 2H0",46.622100830078125,-71.73680114746094,,,X,,donnees-quebec.ca/MSSS,f
QC,emp-cremauricie-chenaux,Coopérative de remplacement de la Mauricie – MRC des Chenaux,employment,Agence de placement,Sainte-Geneviève-de-Batiscan,819-370-3660,https://cremauricie.com,"44, chemin de la Rivière-à-Veillet, Sainte-Geneviève-de-Batiscan, QC G0X 2R0",,,,X,,,curated-mauricie,f
QC,msss-clsc-sainte-genevieve-de-batiscan-clsc-et-centre-de-readaptation-en-dependance-de-sainte-genev,CLSC Et Centre De Réadaptation En Dépendance De Sainte-Geneviève-De-Batiscan,health,CLSC,Sainte-Geneviève-de-Batiscan,,,"90, rang de la Rivière-à-Veillet, Sainte-Geneviève-de-Batiscan, QC G0X 2R0",46.542598724365234,-72.34420013427734,,,X,,donnees-quebec.ca/MSSS,f
QC,msss-chsld-sainte-henedine-chsld-de-sainte-henedine,CHSLD De Sainte-Hénédine,health,CHSLD,Sainte-Hénédine,,,"104, route Langevin, Sainte-Hénédine, QC G0S 2R0",46.55670166015625,-70.98320007324219,,,X,,donnees-quebec.ca/MSSS,f
QC,emp-cje-longueuil,Carrefour jeunesse-emploi Marguerite-d'Youville,employment,Carrefour jeunesse-emploi (CJE),Sainte-Julie,450-922-1717,https://cjemy.com,"350, boul. Saint-Joseph, Sainte-Julie, QC J3E 1W6",,,,X,,,curated-employment-network,f
QC,msss-clsc-sainte-julie-clsc-de-sainte-julie,CLSC De Sainte-Julie,health,CLSC,Sainte-Julie,,,"461, boulevard Saint-Joseph, bureau 112, Sainte-Julie, QC J3E 1W8",45.592498779296875,-73.3364028930664,,,X,,donnees-quebec.ca/MSSS,f
QC,msss-hopital-sainte-justine-groupe-de-medecine-de-famille-universitaire-de-sainte-justin,Groupe De Médecine De Famille Universitaire De Sainte-Justine,health,Hôpital,Sainte-Justine,,,"135, rue Principale, Sainte-Justine, QC G0R 1Y0",46.40589904785156,-70.35340118408203,,,X,,donnees-quebec.ca/MSSS,f
QC,msss-clsc-sainte-marie-clsc-et-chsld-de-sainte-marie,CLSC Et CHSLD De Sainte-Marie,health,CLSC,Sainte-Marie,,,"775, rue Étienne-Raymond, Sainte-Marie, QC G6E 0B9",46.452598571777344,-71.02760314941406,,,X,,donnees-quebec.ca/MSSS,f
QC,msss-chsld-sainte-perpetue-chsld-de-sainte-perpetue,CHSLD De Sainte-Perpétue,health,CHSLD,Sainte-Perpétue,,,"22, rue des Loisirs, Sainte-Perpétue, QC G0R 3Z0",47.059898376464844,-69.9259033203125,,,X,,donnees-quebec.ca/MSSS,f
QC,emp-cremauricie-mekinac,Coopérative de remplacement de la Mauricie – MRC de Mékinac,employment,Agence de placement,Sainte-Thècle,819-537-0354,https://cremauricie.com,"301, rue Saint-Jacques, local 218-B, Sainte-Thècle, QC G0X 3G0",,,,X,,,curated-mauricie,f
QC,msss-clsc-sainte-thecle-centre-d-hebergement-et-clsc-de-sainte-thecle,Centre D'Hébergement Et CLSC De Sainte-Thècle,health,CLSC,Sainte-Thècle,,,"651, rue Saint-Jacques, Sainte-Thècle, QC G0X 3G0",46.81990051269531,-72.50479888916016,,,X,,donnees-quebec.ca/MSSS,f
QC,msss-hopital-sainte-therese-chsld-et-centre-de-services-ambulatoires-drapeau-deschambaul,CHSLD Et Centre De Services Ambulatoires Drapeau-Deschambault,health,Hôpital,Sainte-Thérèse,,,"100, rue du Chanoine-Lionel-Groulx, Sainte-Thérèse, QC J7E 5E1",45.64030075073242,-73.8406982421875,,,X,,donnees-quebec.ca/MSSS,f
QC,msss-clsc-sainte-therese-clsc-et-centre-de-services-ambulatoires-en-sante-mentale-de-,CLSC Et Centre De Services Ambulatoires En Santé Mentale De Sainte-Thérèse,health,CLSC,Sainte-Thérèse,,,"55, rue Saint-Joseph, Sainte-Thérèse, QC J7E 4Y5",45.63800048828125,-73.84159851074219,,,X,,donnees-quebec.ca/MSSS,f
QC,msss-chsld-sainte-therese-centre-d-hebergement-de-sainte-therese,Centre D'Hébergement De Sainte-Thérèse,health,CHSLD,Sainte-Thérèse,,,"179, place Fabien-Drapeau, Sainte-Thérèse, QC J7E 5W6",45.649200439453125,-73.84089660644531,,,X,,donnees-quebec.ca/MSSS,f
QC,msss-clsc-sainte-therese-centre-multiservices-de-sante-et-de-services-sociaux-de-la-r,Centre Multiservices De Santé Et De Services Sociaux De La Rue Sicard,health,CLSC,Sainte-Thérèse,,,"300, rue Sicard, Sainte-Thérèse, QC J7E 3X5",45.642799377441406,-73.8604965209961,,,X,,donnees-quebec.ca/MSSS,f
QC,msss-clsc-sainte-therese-centre-multiservices-de-sante-et-de-services-sociaux-de-ther,Centre Multiservices De Santé Et De Services Sociaux De Thérèse-De Blainville,health,CLSC,Sainte-Thérèse,,,"125, rue Duquet, Sainte-Thérèse, QC J7E 0A5",45.644500732421875,-73.84030151367188,,,X,,donnees-quebec.ca/MSSS,f
QC,msss-chsld-sainte-elisabeth-centre-d-hebergement-de-sainte-elisabeth,Centre D'Hébergement De Sainte-Élisabeth,health,CHSLD,Sainte-Élisabeth,,,"2410, rue Principale, Sainte-Élisabeth, QC J0K 2J0",46.09640121459961,-73.35350036621094,,,X,,donnees-quebec.ca/MSSS,f
QC,baq-moisson-sud-ouest,Moisson Sud-Ouest,food,Banque alimentaire régionale,Salaberry-de-Valleyfield,450-377-1843,https://moissonsudouest.com,"100, rue Saint-Jean-Baptiste, Salaberry-de-Valleyfield, QC J6T 1Z2",,,,X,,,curated-baq-network,f
QC,msss-clsc-salaberry-de-valleyfield-aire-ouverte-de-salaberry-de-valleyfield,Aire Ouverte De Salaberry-De-Valleyfield,health,CLSC,Salaberry-de-Valleyfield,,,"387, rue Victoria, Salaberry-de-Valleyfield, QC J6T 1B7",45.24549865722656,-74.12969970703125,,,X,,donnees-quebec.ca/MSSS,f
QC,msss-chsld-salaberry-de-valleyfield-chsld-docteur-aime-leduc,CHSLD Docteur-Aimé-Leduc,health,CHSLD,Salaberry-de-Valleyfield,,,"80, rue du Marché, Salaberry-de-Valleyfield, QC J6T 1P5",45.25419998168945,-74.13590240478516,,,X,,donnees-quebec.ca/MSSS,f
QC,msss-clsc-salaberry-de-valleyfield-clsc-de-salaberry-de-valleyfield,CLSC De Salaberry-De-Valleyfield,health,CLSC,Salaberry-de-Valleyfield,,,"71 rue Maden, Salaberry-de-Valleyfield, QC J6S 3V4",45.26470184326172,-74.13020324707031,,,X,,donnees-quebec.ca/MSSS,f
QC,msss-hopital-salaberry-de-valleyfield-centre-de-services-ambulatoires-de-la-rue-victoria,Centre De Services Ambulatoires De La Rue Victoria,health,Hôpital,Salaberry-de-Valleyfield,,,"157, rue Victoria, Salaberry-de-Valleyfield, QC J6T 1A5",45.256500244140625,-74.12760162353516,,,X,,donnees-quebec.ca/MSSS,f
QC,msss-hopital-salaberry-de-valleyfield-centre-de-services-ambulatoires-en-sante-mentale-de-la-rue-d,Centre De Services Ambulatoires En Santé Mentale De La Rue Du Marché,health,Hôpital,Salaberry-de-Valleyfield,,,"50, rue du Marché, Salaberry-de-Valleyfield, QC J6T 1P4",45.25450134277344,-74.13400268554688,,,X,,donnees-quebec.ca/MSSS,f
QC,msss-hopital-salaberry-de-valleyfield-centre-de-services-ambulatoires-en-sante-mentale-et-de-reada,Centre De Services Ambulatoires En Santé Mentale Et De Réadaptation En Dépendance De La Rue De L'Église,health,Hôpital,Salaberry-de-Valleyfield,,,"11, rue de l'Église, Salaberry-de-Valleyfield, QC J6T 1J5",45.25519943237305,-74.13480377197266,,,X,,donnees-quebec.ca/MSSS,f
QC,msss-hopital-salaberry-de-valleyfield-hopital-du-suroit,Hôpital Du Suroît,health,Hôpital,Salaberry-de-Valleyfield,,,"150, rue Saint-Thomas, Salaberry-de-Valleyfield, QC J6T 6C1",45.25090026855469,-74.13069915771484,,,X,,donnees-quebec.ca/MSSS,f
QC,msss-chsld-salaberry-de-valleyfield-maison-des-aines-de-saint-timothee,Maison Des Aînés De Saint-Timothée,health,CHSLD,Salaberry-de-Valleyfield,,,"1, rue des Aînés, Salaberry-de-Valleyfield, QC J6S 6M8",45.289398193359375,-74.03669738769531,,,X,,donnees-quebec.ca/MSSS,f
QC,msss-chsld-salaberry-de-valleyfield-maison-des-aines-et-alternative-de-salaberry-de-valleyfield,Maison Des Aînés Et Alternative De Salaberry-De-Valleyfield,health,CHSLD,Salaberry-de-Valleyfield,,,"8, rue Victor-Léger, Salaberry-de-Valleyfield, QC J6T 0K7",45.250301361083984,-74.14820098876953,,,X,,donnees-quebec.ca/MSSS,f
QC,msss-clsc-salluit-dispensaire-de-salluit,Dispensaire De Salluit,health,CLSC,Salluit,,,"Salluit, Salluit, QC J0M 1S0",62.20050048828125,-75.643798828125,,,X,,donnees-quebec.ca/MSSS,f
QC,msss-clsc-sayabec-clsc-de-sayabec,CLSC De Sayabec,health,CLSC,Sayabec,,,"7, boulevard Joubert Ouest, Sayabec, QC G0J 3K0",48.56449890136719,-67.68720245361328,,,X,,donnees-quebec.ca/MSSS,f
QC,msss-clsc-schefferville-clsc-de-schefferville,CLSC De Schefferville,health,CLSC,Schefferville,,,"320, rue A.-P.-Low, Schefferville, QC G0G 2T0",54.79899978637695,-66.81529998779297,,,X,,donnees-quebec.ca/MSSS,f
QC,msss-clsc-senneterre-clsc-et-centre-de-protection-de-l-enfance-et-de-la-jeunesse-,CLSC Et Centre De Protection De L'Enfance Et De La Jeunesse De Senneterre,health,CLSC,Senneterre,,,"400, 10e Avenue, Senneterre, QC J0Y 2M0",48.38990020751953,-77.23690032958984,,,X,,donnees-quebec.ca/MSSS,f
QC,msss-clsc-senneterre-centre-multiservices-de-sante-et-de-services-sociaux-de-senn,Centre Multiservices De Santé Et De Services Sociaux De Senneterre,health,CLSC,Senneterre,,,"961, rue de la Clinique, Senneterre, QC J0Y 2M0",48.3843994140625,-77.25299835205078,,,X,,donnees-quebec.ca/MSSS,f
QC,msss-clsc-sept-iles-aire-ouverte-de-sept-iles,Aire Ouverte De Sept-Îles,health,CLSC,Sept-Îles,,,"500, avenue Jolliet, Sept-Îles, QC G4R 2B4",50.2130012512207,-66.37750244140625,,,X,,donnees-quebec.ca/MSSS,f
QC,msss-chsld-sept-iles-chsld-de-sept-iles,CHSLD De Sept-Îles,health,CHSLD,Sept-Îles,,,"540, avenue Franquelin, Sept-Îles, QC G4R 2M1",50.210899353027344,-66.38330078125,,,X,,donnees-quebec.ca/MSSS,f
QC,msss-clsc-sept-iles-clsc-de-sept-iles,CLSC De Sept-Îles,health,CLSC,Sept-Îles,,,"405, avenue Brochu, Sept-Îles, QC G4R 2W9",50.20539855957031,-66.3844985961914,,,X,,donnees-quebec.ca/MSSS,f
QC,msss-clsc-sept-iles-centre-multiservices-de-sante-et-de-services-sociaux-de-sept,Centre Multiservices De Santé Et De Services Sociaux De Sept-Îles,health,CLSC,Sept-Îles,,,"531, avenue Gamache, Sept-Îles, QC G4R 2J1",50.21110153198242,-66.38279724121094,,,X,,donnees-quebec.ca/MSSS,f
QC,msss-clsc-sept-iles-hopital-et-clsc-de-sept-iles,Hôpital Et CLSC De Sept-Îles,health,CLSC,Sept-Îles,,,"45, rue du Père-Divet, Sept-Îles, QC G4R 3N7",50.209800720214844,-66.38400268554688,,,X,,donnees-quebec.ca/MSSS,f
QC,ambulance-cote-nord,Services ambulanciers — Côte-Nord,health,Service ambulancier,Sept-Îles,418-962-8811,,,50.2022,-66.3832,X,,,,,f
QC,si-h1,Centre d'hébergement Sept-Îles,housing,Hébergement d'urgence,Sept-Îles,418-962-5577,,,50.2022,-66.3832,X,,,,,f
QC,centre911-cote-nord,Centre 911 — Côte-Nord,social,Centre 911,Sept-Îles,911,,,50.2022,-66.3832,X,,,,,f
QC,incendie-sept-iles,Service de sécurité incendie de Sept-Îles,social,Service des incendies,Sept-Îles,418-964-3111,,,50.2022,-66.3832,X,,,,,f
QC,shawi-garde-cpe-la-maison-du-pipandor,CPE LA MAISON DU PIPANDOR,childcare,CPE subventionné,Shawinigan,1-844-270-5055,,,46.54778,-72.69979,X,,,,,f
QC,shawi-garde-cpe-le-pipandor,CPE LE PIPANDOR,childcare,CPE subventionné,Shawinigan,1-844-270-5055,,,46.56669,-72.80586,X,,,,,f
QC,shawi-garde-carolle-hebert,Carolle Hébert,childcare,Milieu familial subventionné,Shawinigan,1-844-270-5055,,,46.56125,-72.80255,X,,,,,f
QC,shawi-garde-chez-katou,Chez Katou,childcare,Milieu familial subventionné,Shawinigan,1-844-270-5055,,,46.53766,-72.70191,X,,,,,f
QC,shawi-garde-france-gignac,France Gignac,childcare,Milieu familial subventionné,Shawinigan,1-844-270-5055,,,46.6075,-72.73675,X,,,,,f
QC,shawi-garde-france-vaugeois,France Vaugeois,childcare,Milieu familial subventionné,Shawinigan,1-844-270-5055,,,46.59754,-72.76754,X,,,,,f
QC,shawi-garde-garderie-tournesol,Garderie Tournesol,childcare,Milieu familial subventionné,Shawinigan,1-844-270-5055,,,46.60035,-72.78168,X,,,,,f
QC,shawi-garde-laurie-st-arneault,Laurie St-Arneault,childcare,Milieu familial subventionné,Shawinigan,1-844-270-5055,,,46.55152,-72.70078,X,,,,,f
QC,shawi-garde-les-amis-d-amina,Les amis d'Amina,childcare,Milieu familial subventionné,Shawinigan,1-844-270-5055,,,46.53259,-72.72866,X,,,,,f
QC,shawi-garde-les-amis-de-kathlyn,Les amis de Kathlyn,childcare,Milieu familial subventionné,Shawinigan,1-844-270-5055,,,46.54696,-72.78975,X,,,,,f
QC,shawi-garde-melissa-crete,MELISSA CRETE,childcare,Milieu familial non subventionné,Shawinigan,1-844-270-5055,,,46.5759,-72.79476,X,,,,,f
QC,shawi-garde-mme-kamar-suleiman,Mme Kamar Suleiman,childcare,Milieu familial subventionné,Shawinigan,1-844-270-5055,,,46.54165,-72.70727,X,,,,,f
QC,shawi-garde-mme-karenne-rivard,Mme Karenne Rivard,childcare,Milieu familial subventionné,Shawinigan,1-844-270-5055,,,46.60776,-72.75237,X,,,,,f
QC,shawi-garde-mme-marika-lemire,Mme Marika Lemire,childcare,Milieu familial non subventionné,Shawinigan,1-844-270-5055,,,46.5957,-72.76169,X,,,,,f
QC,shawi-garde-sandrine-oka,Sandrine Oka,childcare,Milieu familial subventionné,Shawinigan,1-844-270-5055,,,46.59267,-72.71887,X,,,,,f
QC,shawi-garde-service-de-garde-zoe,Service de garde Zoé,childcare,Milieu familial subventionné,Shawinigan,1-844-270-5055,,,46.55205,-72.70574,X,,,,,f
QC,shawi-garde-service-de-garde-chez-marie,Service de garde chez Marie,childcare,Milieu familial subventionné,Shawinigan,1-844-270-5055,,,46.55155,-72.79139,X,,,,,f
QC,shawi-garde-milieu-familial,Services de garde en milieu familial — Shawinigan,childcare,Milieu familial subventionné,Shawinigan,1-844-270-5055,,,46.57325,-72.7958,X,,,,,f
QC,shawi-garde-ibtissam-bensalem,ibtissam bensalem,childcare,Milieu familial subventionné,Shawinigan,1-844-270-5055,,,46.60201,-72.7661,X,,,,,f
QC,shawi-garde-jade-flageole,jade flageole,childcare,Milieu familial subventionné,Shawinigan,1-844-270-5055,,,46.59914,-72.74249,X,,,,,f
QC,shawi-garde-a-coeur-joie,À Coeur Joie,childcare,Milieu familial non subventionné,Shawinigan,1-844-270-5055,,,46.57935,-72.78663,X,,,,,f
QC,shawi-garde-a-coeur-joie-sgee-en-communaute,"À Coeur Joie, sgee en communauté",childcare,Milieu familial non subventionné,Shawinigan,1-844-270-5055,,,46.58551,-72.7804,X,,,,,f
QC,shaw-emp1,Carrefour Jeunesse-Emploi Shawinigan (CJE),employment,Aide à l'emploi,Shawinigan,819-537-0111,,,46.5672,-72.7441,X,,,,,f
QC,emp-cje-shawinigan,Carrefour Jeunesse-Emploi de Shawinigan,employment,Carrefour jeunesse-emploi (CJE),Shawinigan,819-537-3358,https://cjeshawinigan.org,"432, avenue Willow, C.P. 132, Shawinigan, QC G9N 1X2",,,,X,,,curated-mauricie,f
QC,emp-cremauricie-shawinigan,Coopérative de remplacement de la Mauricie – Shawinigan,employment,Agence de placement,Shawinigan,819-537-0354,https://cremauricie.com,"500, avenue Broadway, local 250, Shawinigan, QC G9N 1M3",,,,X,,,curated-mauricie,f
QC,emp-sit-mauricie-shawinigan,SIT Mauricie – Service d'intégration au travail (Shawinigan),employment,Insertion socioprofessionnelle,Shawinigan,819-539-6070,https://www.sitmauricie.com,"4012, avenue Giroux, Shawinigan, QC G9N 3C7",,,,X,,,curated-mauricie,f
QC,shaw-fam1,Centre-femmes de Shawinigan,family,Soutien aux femmes,Shawinigan,819-537-8261,,,46.5672,-72.7441,X,,,,admin,f
QC,tr-fa1,La Séjournelle — Shawinigan,family,Violence conjugale,Shawinigan,819-537-4181,https://aideashawi.com/organisme/la-sejournelle/,,46.5672,-72.7441,X,,,,admin,f
QC,shaw-f1,Dépannage Alimentaire Shawinigan,food,Dépannage alimentaire,Shawinigan,819-536-6000,,,46.5672,-72.7441,X,,,,,f
QC,v-bon-citoyen-shawi,Le Bon Citoyen de Shawinigan,food,Aide alimentaire,Shawinigan,819-537-9434,,,46.5668,-72.747,X,,,,,f
QC,shaw-food2,Moisson Mauricie — Point de distribution Shawinigan,food,Banque alimentaire,Shawinigan,819-370-0484,,,46.5672,-72.7441,X,,,,,f
QC,popote-roulante-shawinigan,Popote roulante Shawinigan,food,Aide alimentaire,Shawinigan,819-537-3388,,,46.5695,-72.7418,X,,,,,f
QC,msss-clsc-shawinigan-aire-ouverte-de-shawinigan,Aire Ouverte De Shawinigan,health,CLSC,Shawinigan,,,"530, avenue Broadway, Shawinigan, QC G9N 1M3",46.541099548339844,-72.74359893798828,,,X,,donnees-quebec.ca/MSSS,f
QC,shaw-ambu1,Ambulance 22-22 — Shawinigan,health,Service ambulancier,Shawinigan,819-536-2222,,,46.5672,-72.7441,X,,,,,f
QC,msss-clsc-shawinigan-clsc-du-centre-de-la-mauricie,CLSC Du Centre-De-La-Mauricie,health,CLSC,Shawinigan,,,"1082, rue Sainte-Hélène, Shawinigan, QC G9N 0E6",46.5526008605957,-72.74759674072266,,,X,,donnees-quebec.ca/MSSS,f
QC,msss-clsc-shawinigan-clsc-et-centre-de-readaptation-en-deficience-physique-de-la-,CLSC Et Centre De Réadaptation En Déficience Physique De La Pointe,health,CLSC,Shawinigan,,,"243, 1er rue, Shawinigan, QC G9N 1K2",46.537601470947266,-72.74520111083984,,,X,,donnees-quebec.ca/MSSS,f
QC,shaw-health1,CLSC de Shawinigan — CIUSSS MCQ,health,CLSC / Soins de santé,Shawinigan,819-536-7500,,,46.5672,-72.7441,X,,,,,f
QC,msss-chsld-shawinigan-centre-d-hebergement-et-de-readaptation-en-deficience-intell,Centre D'Hébergement Et De Réadaptation En Déficience Intellectuelle Et En Troubles Du Spectre De L'Autisme Laflèche,health,CHSLD,Shawinigan,,,"1650, avenue de Grand-Mère, Shawinigan, QC G9T 2K4",46.60639953613281,-72.7073974609375,,,X,,donnees-quebec.ca/MSSS,f
QC,msss-chsld-shawinigan-centre-d-hebergement-et-de-soins-de-longue-duree-vigi-les-ch,Centre D'Hébergement Et De Soins De Longue Durée Vigi Les Chutes,health,CHSLD,Shawinigan,,,"5000, avenue Albert-Tessier, Shawinigan, QC G9N 8P9",46.573001861572266,-72.73280334472656,,,X,,donnees-quebec.ca/MSSS,f
QC,msss-chsld-shawinigan-centre-d-hebergement-saint-maurice,Centre D'Hébergement Saint-Maurice,health,CHSLD,Shawinigan,,,"555, avenue de la Station, Shawinigan, QC G9N 1V9",46.54059982299805,-72.75260162353516,,,X,,donnees-quebec.ca/MSSS,f
QC,msss-clsc-shawinigan-centre-de-services-ambulatoires-et-clsc-de-grand-mere,Centre De Services Ambulatoires Et CLSC De Grand-Mère,health,CLSC,Shawinigan,,,"1050, 8e Rue, Shawinigan, QC G9T 4L4",46.615501403808594,-72.6978988647461,,,X,,donnees-quebec.ca/MSSS,f
QC,msss-clsc-shawinigan-centre-multiservices-de-sante-et-de-services-sociaux-broadwa,Centre Multiservices De Santé Et De Services Sociaux Broadway,health,CLSC,Shawinigan,,,"805, rue Broadway, Shawinigan, QC G9N 8B8",46.557701110839844,-72.7406005859375,,,X,,donnees-quebec.ca/MSSS,f
QC,msss-clsc-shawinigan-centre-multiservices-de-sante-et-de-services-sociaux-de-shaw,Centre Multiservices De Santé Et De Services Sociaux De Shawinigan,health,CLSC,Shawinigan,,,"750, promenade du Saint-Maurice, suite 2, Shawinigan, QC G9N 1L6",46.537601470947266,-72.75129699707031,,,X,,donnees-quebec.ca/MSSS,f
QC,msss-clsc-shawinigan-groupe-de-medecine-de-famille-universitaire-et-clsc-de-shawi,Groupe De Médecine De Famille Universitaire Et CLSC De Shawinigan-Sud,health,CLSC,Shawinigan,,,"80, 118e Rue, Shawinigan, QC G9P 3E4",46.52439880371094,-72.74430084228516,,,X,,donnees-quebec.ca/MSSS,f
QC,msss-clsc-shawinigan-hopital-du-centre-de-la-mauricie,Hôpital Du Centre-De-La-Mauricie,health,CLSC,Shawinigan,,,"50, 119e Rue, Shawinigan, QC G9P 5K1",46.52560043334961,-72.74340057373047,,,X,,donnees-quebec.ca/MSSS,f
QC,msss-hopital-shawinigan-hopital-et-centre-d-hebergement-en-sante-mentale-de-la-mauri,Hôpital Et Centre D'Hébergement En Santé Mentale De La Mauricie-Et-Du-Centre-Du-Québec,health,Hôpital,Shawinigan,,,"1705, avenue Georges, Shawinigan, QC G9N 2N1",46.553001403808594,-72.74710083007812,,,X,,donnees-quebec.ca/MSSS,f
QC,shaw-hop1,Hôpital du Centre-de-la-Mauricie — Shawinigan,health,Urgence hospitalière,Shawinigan,819-536-7500,,,46.574,-72.732,X,,,,,f
QC,shaw-h2,Hébergement La Vigile – Shawinigan,housing,Hébergement d'urgence,Shawinigan,819-536-3388,,,46.5672,-72.7441,X,,,,,f
QC,shaw-h1,La Chrysalide – Maison d'hébergement Shawinigan,housing,Violence conjugale,Shawinigan,819-537-8348,,,46.5672,-72.7441,X,,,,,f
QC,v-refuge-paix-shawi,Refuge La Paix — Shawinigan,housing,Refuge urgence,Shawinigan,819-537-1115,,,46.5662,-72.748,X,,,,,f
QC,shaw-mh1,Centre de Crise de la Mauricie — Shawinigan,mentalHealth,Crise psychologique,Shawinigan,819-379-0596,,,46.5672,-72.7441,X,,,,,f
QC,shaw-legal1,Aide juridique — Point de service Shawinigan,social,Aide juridique,Shawinigan,819-536-3576,,,46.5672,-72.7441,X,,,,,f
QC,shaw-caserne,Caserne de pompiers Champlain — Shawinigan,social,Service des incendies,Shawinigan,819-536-7283,,,46.56,-72.73,X,,,,,f
QC,v-femmes-shawi,Centre des Femmes de Shawinigan,social,Soutien aux femmes,Shawinigan,819-538-2351,,,46.5645,-72.7455,X,,,,,f
QC,shaw-social1,Saint-Vincent-de-Paul – Shawinigan,social,Aide matérielle,Shawinigan,819-536-6882,,,46.5672,-72.7441,X,,,,,f
QC,police-shawinigan,Service de police de Shawinigan,social,Service de police,Shawinigan,819-536-3344,,,46.5672,-72.7441,X,,,,,f
QC,incendie-shawinigan,Service de sécurité incendie de Shawinigan,social,Service des incendies,Shawinigan,819-536-7283,,,46.5672,-72.7441,X,,,,,f
QC,msss-chsld-shawville-chsld-du-pontiac,CHSLD Du Pontiac,health,CHSLD,Shawville,,,"295, rue Allan Black, Shawville, QC J0X 2Y0",45.6057014465332,-76.48519897460938,,,X,,donnees-quebec.ca/MSSS,f
QC,msss-clsc-shawville-clsc-de-shawville,CLSC De Shawville,health,CLSC,Shawville,,,"290, rue Marion, Shawville, QC J0X 2Y0",45.60580062866211,-76.48650360107422,,,X,,donnees-quebec.ca/MSSS,f
QC,msss-hopital-shawville-hopital-et-chsld-du-pontiac,Hôpital Et CHSLD Du Pontiac,health,Hôpital,Shawville,,,"200, rue Argue, Shawville, QC J0X 2Y0",45.60599899291992,-76.48400115966797,,,X,,donnees-quebec.ca/MSSS,f
QC,cpe-sher1,CPE La Maison de Carton – Sherbrooke,childcare,CPE subventionné,Sherbrooke,819-563-0042,,,45.401,-71.8888,X,,,,,f
QC,emp-cje-sherbrooke,Carrefour jeunesse-emploi de Sherbrooke,employment,Carrefour jeunesse-emploi (CJE),Sherbrooke,819-823-7508,https://cje-sherbrooke.qc.ca,"187, rue Belvédère Sud, Sherbrooke, QC J1H 4B6",,,,X,,,curated-employment-network,f
QC,sher-fa1,La Maison La Montée – Sherbrooke,family,Violence conjugale,Sherbrooke,819-563-9999,,,45.39,-71.878,X,,,,admin,f
QC,baq-moisson-estrie,Moisson Estrie,food,Banque alimentaire régionale,Sherbrooke,819-823-7423,https://moissonestrie.com,"1255, rue Daniel, Sherbrooke, QC J1H 5X3",,,,X,,,curated-baq-network,f
QC,sher-f1,Partage Saint-François,food,Dépannage alimentaire,Sherbrooke,819-346-6933,,,45.4081,-71.9074,X,,,,,f
QC,partage-st-francois-sherbrooke,Partage Saint-François,food,Refuge + aide alimentaire,Sherbrooke,819-346-6936,https://partagestfrancois.com,"412, rue du Conseil, Sherbrooke, QC J1G 1L4",,,,X,,,curated-baq-network,f
QC,msss-clsc-sherbrooke-aire-ouverte-de-sherbrooke,Aire Ouverte De Sherbrooke,health,CLSC,Sherbrooke,,,"68, boulevard Jacques-Cartier Nord, Sherbrooke, QC J1J 2Z8",45.400001525878906,-71.91819763183594,,,X,,donnees-quebec.ca/MSSS,f
QC,msss-chsld-sherbrooke-chsld-saint-joseph,CHSLD Saint-Joseph,health,CHSLD,Sherbrooke,,,"611, boulevard Queen-Victoria, Sherbrooke, QC J1H 3R6",45.40810012817383,-71.90280151367188,,,X,,donnees-quebec.ca/MSSS,f
QC,msss-chsld-sherbrooke-chsld-saint-vincent-de-paul,CHSLD Saint-Vincent-De-Paul,health,CHSLD,Sherbrooke,,,"300, rue King Est, Sherbrooke, QC J1G 1B1",45.40620040893555,-71.881103515625,,,X,,donnees-quebec.ca/MSSS,f
QC,msss-clsc-sherbrooke-clsc-et-centre-de-services-ambulatoires-belvedere,CLSC Et Centre De Services Ambulatoires Belvédère,health,CLSC,Sherbrooke,,,"1095, Belvédère Sud, Sherbrooke, QC J1H 4C6",45.38999938964844,-71.89649963378906,,,X,,donnees-quebec.ca/MSSS,f
QC,msss-clsc-sherbrooke-clsc-et-centre-de-services-ambulatoires-en-pediatrie-camiran,CLSC Et Centre De Services Ambulatoires En Pédiatrie Camirand,health,CLSC,Sherbrooke,,,"50, rue Camirand, Sherbrooke, QC J1H 4J5",45.398799896240234,-71.89430236816406,,,X,,donnees-quebec.ca/MSSS,f
QC,msss-clsc-sherbrooke-clsc-et-groupe-de-medecine-de-famille-universitaire-king-est,CLSC Et Groupe De Médecine De Famille Universitaire King Est,health,CLSC,Sherbrooke,,,"1200, rue King Est, Sherbrooke, QC J1G 1E4",45.40810012817383,-71.86209869384766,,,X,,donnees-quebec.ca/MSSS,f
QC,msss-clsc-sherbrooke-clsc-et-groupe-de-medecine-de-famille-universitaire-speid,CLSC Et Groupe De Médecine De Famille Universitaire Speid,health,CLSC,Sherbrooke,,,"8, rue Speid, Sherbrooke, QC J1M 1R6",45.36980056762695,-71.8583984375,,,X,,donnees-quebec.ca/MSSS,f
QC,msss-clsc-sherbrooke-clsc-j-olivier-camirand,CLSC J-Olivier-Camirand,health,CLSC,Sherbrooke,,,"95, rue Camirand, Sherbrooke, QC J1H 4J6",45.39820098876953,-71.89469909667969,,,X,,donnees-quebec.ca/MSSS,f
QC,msss-clsc-sherbrooke-clsc-king-ouest,CLSC King Ouest,health,CLSC,Sherbrooke,,,"356, rue King Ouest, Sherbrooke, QC J1H 1R4",45.39899826049805,-71.8949966430664,,,X,,donnees-quebec.ca/MSSS,f
QC,msss-clsc-sherbrooke-clsc-murray,CLSC Murray,health,CLSC,Sherbrooke,,,"500, rue Murray, Sherbrooke, QC J1G 2K6",45.4005012512207,-71.8761978149414,,,X,,donnees-quebec.ca/MSSS,f
QC,msss-chsld-sherbrooke-centre-d-hebergement-champlain-de-la-rose-blanche,Centre D'Hébergement Champlain-De-La-Rose-Blanche,health,CHSLD,Sherbrooke,,,"60, rue Jean-Maurice, Sherbrooke, QC J1G 1V5",45.39799880981445,-71.88069915771484,,,X,,donnees-quebec.ca/MSSS,f
QC,msss-chsld-sherbrooke-centre-d-hebergement-et-de-soins-de-longue-duree-vigi-shermo,Centre D'Hébergement Et De Soins De Longue Durée Vigi Shermont,health,CHSLD,Sherbrooke,,,"3220, 12e Avenue Nord, Sherbrooke, QC J1H 5H3",45.44940185546875,-71.86070251464844,,,X,,donnees-quebec.ca/MSSS,f
QC,msss-hopital-sherbrooke-centre-de-services-ambulatoires-et-de-readaptation-pour-les-,Centre De Services Ambulatoires Et De Réadaptation Pour Les Mères Et Leurs Enfants Villa-Maria,health,Hôpital,Sherbrooke,,,"470, rue Victoria, Sherbrooke, QC J1H 3J2",45.40549850463867,-71.9052963256836,,,X,,donnees-quebec.ca/MSSS,f
QC,msss-hopital-sherbrooke-chus-hopital-fleurimont,Chus - Hôpital Fleurimont,health,Hôpital,Sherbrooke,,,"3001, 12e Avenue Nord, Sherbrooke, QC J1H 5N4",45.44779968261719,-71.86900329589844,,,X,,donnees-quebec.ca/MSSS,f
QC,msss-hopital-sherbrooke-chus-hotel-dieu-de-sherbrooke,Chus - Hôtel-Dieu De Sherbrooke,health,Hôpital,Sherbrooke,,,"580, rue Bowen Sud, Sherbrooke, QC J1G 2E8",45.398399353027344,-71.87789916992188,,,X,,donnees-quebec.ca/MSSS,f
QC,msss-hopital-sherbrooke-hopital-et-chsld-argyll,Hôpital Et CHSLD Argyll,health,Hôpital,Sherbrooke,,,"375, rue Argyll, Sherbrooke, QC J1J 3H5",45.40420150756836,-71.91510009765625,,,X,,donnees-quebec.ca/MSSS,f
QC,msss-hopital-sherbrooke-hopital-et-chsld-d-youville,Hôpital Et CHSLD D'Youville,health,Hôpital,Sherbrooke,,,"1036, rue Belvédère Sud, Sherbrooke, QC J1H 4C4",45.39070129394531,-71.89510345458984,,,X,,donnees-quebec.ca/MSSS,f
QC,msss-clsc-sherbrooke-maison-de-naissance-de-l-estrie,Maison De Naissance De L'Estrie,health,CLSC,Sherbrooke,,,"65, rue de la Croix, Sherbrooke, QC J1C 0M2",45.471099853515625,-71.94539642333984,,,X,,donnees-quebec.ca/MSSS,f
QC,msss-chsld-sherbrooke-maison-des-aines-et-alternative-de-sherbrooke,Maison Des Aînés Et Alternative De Sherbrooke,health,CHSLD,Sherbrooke,,,"2020, rue André-Breton, Sherbrooke, QC J1E 0M7",45.41189956665039,-71.8447036743164,,,X,,donnees-quebec.ca/MSSS,f
QC,ambulance-estrie,Services ambulanciers de l'Estrie,health,Service ambulancier,Sherbrooke,819-562-9341,,,45.4042,-71.8929,X,,,,,f
QC,sher-h1,La Chaumine – Sherbrooke,housing,Hébergement d'urgence,Sherbrooke,819-562-9971,,,45.4042,-71.8929,X,,,,,f
QC,h-omh-sherbrooke,Office municipal d'habitation de Sherbrooke,housing,Office municipal d'habitation,Sherbrooke,819-566-7868,https://omhs.qc.ca,"65, rue Wellington Sud, Sherbrooke, QC J1H 5C5",,,,X,,,curated-housing-network,f
QC,imm-actions-interculturelles-estrie,Actions Interculturelles,immigration,Médiation interculturelle,Sherbrooke,819-823-1300,https://aide.org,"342, rue Bowen Sud, Sherbrooke, QC J1G 2E2",,,,X,,,curated-immigration-network,f
QC,imm-soifi-longueuil,Service d'aide aux Néo-Canadiens (Sherbrooke),immigration,Accueil – nouveaux arrivants,Sherbrooke,819-566-5373,https://sanc-sherbrooke.ca,"1255, rue Daniel, Sherbrooke, QC J1H 5X3",,,,X,,,curated-immigration-network,f
QC,sher-m1,Centre de Crise de l'Estrie,mentalHealth,Crise psychologique,Sherbrooke,819-821-4000,,,45.4042,-71.8929,X,,,,,f
QC,centre911-sherbrooke,Centre 911 de Sherbrooke — Estrie,social,Centre 911,Sherbrooke,911,,,45.4042,-71.8929,X,,,,,f
QC,s-femmes-sherbrooke,L'Escale de l'Estrie,social,Maison d'hébergement – violence conjugale,Sherbrooke,819-569-3611,https://escaledelestrie.com,,,,X,X,,,curated-social-network,f
QC,saaq-sherbrooke,SAAQ — Bureau de Sherbrooke,social,Services gouvernementaux,Sherbrooke,1-800-361-7620,,,45.4042,-71.8929,X,,,,,f
QC,police-sherbrooke,Service de police de Sherbrooke (SPS),social,Service de police,Sherbrooke,819-821-8000,,,45.4042,-71.8929,X,,,,,f
QC,incendie-sherbrooke,Service de sécurité incendie de Sherbrooke,social,Service des incendies,Sherbrooke,819-821-5600,,,45.4042,-71.8929,X,,,,,f
QC,msss-clsc-sorel-tracy-aire-ouverte-de-sorel-tracy,Aire Ouverte De Sorel-Tracy,health,CLSC,Sorel-Tracy,,,"37, rue du Roi, Sorel-Tracy, QC J3P 1A3",46.045101165771484,-73.11609649658203,,,X,,donnees-quebec.ca/MSSS,f
QC,msss-clsc-sorel-tracy-clsc-gaston-belanger,CLSC Gaston-Bélanger,health,CLSC,Sorel-Tracy,,,"30, rue Ferland, Sorel-Tracy, QC J3P 3C7",46.04520034790039,-73.09380340576172,,,X,,donnees-quebec.ca/MSSS,f
QC,msss-chsld-sorel-tracy-centre-d-hebergement-de-tracy,Centre D'Hébergement De Tracy,health,CHSLD,Sorel-Tracy,,,"4205, rue Frontenac, Sorel-Tracy, QC J3R 4G8",46.0276985168457,-73.1436996459961,,,X,,donnees-quebec.ca/MSSS,f
QC,msss-chsld-sorel-tracy-centre-d-hebergement-j-arsene-parenteau,Centre D'Hébergement J.-Arsène-Parenteau,health,CHSLD,Sorel-Tracy,,,"40, rue de Ramezay, Sorel-Tracy, QC J3P 3Y7",46.0463981628418,-73.11009979248047,,,X,,donnees-quebec.ca/MSSS,f
QC,msss-chsld-sorel-tracy-centre-d-hebergement-elisabeth-lafrance,Centre D'Hébergement Élisabeth-Lafrance,health,CHSLD,Sorel-Tracy,,,"151, rue George, Sorel-Tracy, QC J3P 1C8",46.04629898071289,-73.10880279541016,,,X,,donnees-quebec.ca/MSSS,f
QC,msss-hopital-sorel-tracy-hotel-dieu-de-sorel,Hôtel-Dieu De Sorel,health,Hôpital,Sorel-Tracy,,,"400, avenue de l'Hôtel-Dieu, Sorel-Tracy, QC J3P 1N5",46.045799255371094,-73.09559631347656,,,X,,donnees-quebec.ca/MSSS,f
QC,msss-chsld-sorel-tracy-residence-sorel-tracy,Résidence Sorel-Tracy,health,CHSLD,Sorel-Tracy,,,"4025, rue Frontenac, Sorel-Tracy, QC J3R 4G8",46.0281982421875,-73.1436996459961,,,X,,donnees-quebec.ca/MSSS,f
QC,msss-clsc-stanstead-clsc-et-centre-de-services-externes-pour-les-aines-de-stanst,CLSC Et Centre De Services Externes Pour Les Aînés De Stanstead,health,CLSC,Stanstead,,,"435, rue Dufferin, Stanstead, QC J0B 3E2",45.01179885864258,-72.0969009399414,,,X,,donnees-quebec.ca/MSSS,f
QC,msss-chsld-sutton-chsld-de-sutton,CHSLD De Sutton,health,CHSLD,Sutton,,,"50, rue Western, Sutton, QC J0E 2K0",45.109901428222656,-72.618896484375,,,X,,donnees-quebec.ca/MSSS,f
QC,msss-clsc-sutton-clsc-de-sutton,CLSC De Sutton,health,CLSC,Sutton,,,"45, rue Principale Nord, Sutton, QC J0E 2K0",45.10490036010742,-72.6156005859375,,,X,,donnees-quebec.ca/MSSS,f
QC,msss-clsc-tadoussac-clsc-de-tadoussac,CLSC De Tadoussac,health,CLSC,Tadoussac,,,"162, rue des Jésuites, Tadoussac, QC G0T 2A0",48.14350128173828,-69.71890258789062,,,X,,donnees-quebec.ca/MSSS,f
QC,msss-clsc-taschereau-clsc-de-taschereau,CLSC De Taschereau,health,CLSC,Taschereau,,,"417, avenue Privat, Taschereau, QC J0Z 3N0",48.664798736572266,-78.68730163574219,,,X,,donnees-quebec.ca/MSSS,f
QC,msss-clsc-tasiujaq-dispensaire-de-tasiujaq,Dispensaire De Tasiujaq,health,CLSC,Tasiujaq,,,"Tasiujaq, Tasiujaq, QC J0M 1T0",58.69670104980469,-69.92759704589844,,,X,,donnees-quebec.ca/MSSS,f
QC,msss-chsld-terrebonne-chsld-de-la-cote-boisee,CHSLD De La Côte Boisée,health,CHSLD,Terrebonne,,,"4300, rue d'Angora, Terrebonne, QC J6X 4P1",45.712799072265625,-73.6615982055664,,,X,,donnees-quebec.ca/MSSS,f
QC,msss-chsld-terrebonne-chsld-des-moulins,CHSLD Des Moulins,health,CHSLD,Terrebonne,,,"751, rue Marcel-De La Sablonnière, Terrebonne, QC J6Y 0M4",45.687198638916016,-73.72859954833984,,,X,,donnees-quebec.ca/MSSS,f
QC,msss-clsc-terrebonne-clsc-de-la-piniere,CLSC De La Pinière,health,CLSC,Terrebonne,,,"3195, boulevard de la Pinière, Terrebonne, QC J6X 4P7",45.722999572753906,-73.68689727783203,,,X,,donnees-quebec.ca/MSSS,f
QC,msss-clsc-terrebonne-clsc-de-terrebonne,CLSC De Terrebonne,health,CLSC,Terrebonne,,,"799, Montée Masson, Terrebonne, QC J6W 2C7",45.70050048828125,-73.64830017089844,,,X,,donnees-quebec.ca/MSSS,f
QC,msss-clsc-terrebonne-clsc-desrosiers-langlois,CLSC Desrosiers-Langlois,health,CLSC,Terrebonne,,,"821, rue de la Soeur-Marie-Rose, Terrebonne, QC J6V 0E8",45.72269821166992,-73.51029968261719,,,X,,donnees-quebec.ca/MSSS,f
QC,msss-clsc-terrebonne-clsc-lamater-de-terrebonne,CLSC Lamater De Terrebonne,health,CLSC,Terrebonne,,,"1317, boulevard des Seigneurs, Terrebonne, QC J6W 5B1",45.699798583984375,-73.65850067138672,,,X,,donnees-quebec.ca/MSSS,f
QC,msss-clsc-terrebonne-clsc-lamater-des-seigneurs,CLSC Lamater Des Seigneurs,health,CLSC,Terrebonne,,,"2075, boulevard des Seigneurs, Terrebonne, QC J6X 4A7",45.71849822998047,-73.68219757080078,,,X,,donnees-quebec.ca/MSSS,f
QC,msss-clsc-terrebonne-clsc-lamater-les-moulins,CLSC Lamater Les Moulins,health,CLSC,Terrebonne,,,"2099, boulevard des Seigneurs, Terrebonne, QC J6X 4A7",45.71849822998047,-73.68219757080078,,,X,,donnees-quebec.ca/MSSS,f
QC,msss-hopital-terrebonne-centre-de-services-ambulatoires-en-sante-mentale-de-terrebon,Centre De Services Ambulatoires En Santé Mentale De Terrebonne,health,Hôpital,Terrebonne,,,"1355, rue Grande Allée, bureau 101, Terrebonne, QC J6W 4K6",45.70869827270508,-73.6249008178711,,,X,,donnees-quebec.ca/MSSS,f
QC,msss-hopital-terrebonne-hopital-pierre-le-gardeur,Hôpital Pierre-Le Gardeur,health,Hôpital,Terrebonne,,,"911, montée des Pionniers, Terrebonne, QC J6V 2H2",45.7239990234375,-73.510498046875,,,X,,donnees-quebec.ca/MSSS,f
QC,police-terrebonne,Service de police de Terrebonne (SPTerrebonne),social,Service de police,Terrebonne,450-471-4121,,,45.7007,-73.644,X,,,,,f
QC,incendie-terrebonne,Service de sécurité incendie de Terrebonne,social,Service des incendies,Terrebonne,450-471-7777,,,45.7007,-73.644,X,,,,,f
QC,msss-chsld-thetford-mines-chsld-denis-marcotte,CHSLD Denis-Marcotte,health,CHSLD,Thetford Mines,,,"56, 9e rue Sud, Thetford Mines, QC G6G 5H6",46.10369873046875,-71.28160095214844,,,X,,donnees-quebec.ca/MSSS,f
QC,msss-chsld-thetford-mines-chsld-saint-alexandre,CHSLD Saint-Alexandre,health,CHSLD,Thetford Mines,,,"1651, rue Notre-Dame Est, Thetford Mines, QC G6G 0C1",46.108001708984375,-71.27870178222656,,,X,,donnees-quebec.ca/MSSS,f
QC,msss-clsc-thetford-mines-clsc-de-thetford,CLSC De Thetford,health,CLSC,Thetford Mines,,,"17, rue Notre-Dame Ouest, bureau 100, Thetford Mines, QC G6G 1J1",46.09120178222656,-71.30079650878906,,,X,,donnees-quebec.ca/MSSS,f
QC,msss-hopital-thetford-mines-hopital-de-thetford,Hôpital De Thetford,health,Hôpital,Thetford Mines,,,"1717, rue Notre-Dame Est, Thetford Mines, QC G6G 2V4",46.109500885009766,-71.27850341796875,,,X,,donnees-quebec.ca/MSSS,f
QC,msss-chsld-thetford-mines-maison-des-aines-et-alternative-de-black-lake,Maison Des Aînés Et Alternative De Black Lake,health,CHSLD,Thetford Mines,,,"510, rue Christophe-Colomb, Thetford Mines, QC G6H 2N6",46.049800872802734,-71.36000061035156,,,X,,donnees-quebec.ca/MSSS,f
QC,thet-h1,Centre d'hébergement Thetford,housing,Hébergement d'urgence,Thetford Mines,418-338-6551,,,46.0977,-71.2977,X,,,,,f
QC,incendie-thetford,Service de sécurité incendie de Thetford Mines,social,Service des incendies,Thetford Mines,418-338-2961,,,46.1038,-71.3001,X,,,,,f
QC,msss-clsc-trois-pistoles-centre-multiservices-de-sante-et-de-services-sociaux-de-troi,Centre Multiservices De Santé Et De Services Sociaux De Trois-Pistoles,health,CLSC,Trois-Pistoles,,,"550, rue Notre-Dame Est, Trois-Pistoles, QC G0L 4K0",48.1327018737793,-69.1593017578125,,,X,,donnees-quebec.ca/MSSS,f
QC,aide-aux-parents,Aide aux parents Mauricie,childcare,Soutien familial,Trois-Rivières,819-373-0330,,,46.352,-72.5475,X,,,,,f
QC,tr-garde-alexandra-robert,Alexandra Robert,childcare,Milieu familial subventionné,Trois-Rivières,1-844-270-5055,,,46.34104,-72.59378,X,,,,,f
QC,tr-garde-andreanne-cantin,Andréanne Cantin,childcare,Milieu familial subventionné,Trois-Rivières,1-844-270-5055,,,46.35619,-72.50368,X,,,,,f
QC,tr-garde-au-jardin-fleurice,Au Jardin Fleurice,childcare,Milieu familial subventionné,Trois-Rivières,1-844-270-5055,,,46.34653,-72.56986,X,,,,,f
QC,cpe-tr1,CPE Au Jardin d'Enfants – Trois-Rivières,childcare,CPE subventionné,Trois-Rivières,819-375-9822,,,46.3533,-72.5491,X,,,,,f
QC,tr-garde-cpe-entre-deux-nuages,CPE ENTRE DEUX NUAGES,childcare,CPE subventionné,Trois-Rivières,1-844-270-5055,,,46.35631,-72.56754,X,,,,,f
QC,tr-garde-cpe-jean-noel-lapin-inst-dessureault,CPE JEAN-NOËL LAPIN - INST. DESSUREAULT,childcare,CPE subventionné,Trois-Rivières,1-844-270-5055,,,46.35735,-72.5084,X,,,,,f
QC,tr-garde-cpe-jean-noel-lapin-inst-ste-marthe,CPE JEAN-NOËL LAPIN - INST. STE-MARTHE,childcare,CPE subventionné,Trois-Rivières,1-844-270-5055,,,46.3736,-72.54801,X,,,,,f
QC,tr-garde-cpe-l-arbre-enchante,CPE L'ARBRE ENCHANTÉ,childcare,CPE subventionné,Trois-Rivières,1-844-270-5055,,,46.36321,-72.51737,X,,,,,f
QC,tr-garde-cpe-le-cerf-volant-inst-mercier,CPE LE CERF-VOLANT - INST. MERCIER,childcare,CPE subventionné,Trois-Rivières,1-844-270-5055,,,46.38336,-72.54796,X,,,,,f
QC,tr-garde-cpe-le-cerf-volant-inst-sainte-madeleine,CPE LE CERF-VOLANT - INST. SAINTE-MADELEINE,childcare,CPE subventionné,Trois-Rivières,1-844-270-5055,,,46.30499,-72.54433,X,,,,,f
QC,tr-garde-cpe-le-cerf-volant-inst-toupin,CPE LE CERF-VOLANT - INST. TOUPIN,childcare,CPE subventionné,Trois-Rivières,1-844-270-5055,,,46.35263,-72.48485,X,,,,,f
QC,tr-garde-cpe-le-cerf-volant-inst-tousignant-1,CPE LE CERF-VOLANT - INST. TOUSIGNANT 1,childcare,CPE subventionné,Trois-Rivières,1-844-270-5055,,,46.33483,-72.52804,X,,,,,f
QC,tr-garde-cpe-le-coffre-a-jouets,CPE LE COFFRE À JOUETS,childcare,CPE subventionné,Trois-Rivières,1-844-270-5055,,,46.36915,-72.57357,X,,,,,f
QC,tr-garde-caroline-boisvert,Caroline Boisvert,childcare,Milieu familial subventionné,Trois-Rivières,1-844-270-5055,,,46.3244,-72.5469,X,,,,,f
QC,centre-jeunesse-famille,Centre jeunesse et famille,childcare,Soutien familial,Trois-Rivières,819-374-4783,,,46.3508,-72.5498,X,,,,,f
QC,tr-garde-chantal-bellerive,Chantal Bellerive,childcare,Milieu familial subventionné,Trois-Rivières,1-844-270-5055,,,46.33839,-72.53965,X,,,,,f
QC,tr-garde-chez-annie,Chez Annie,childcare,Milieu familial subventionné,Trois-Rivières,1-844-270-5055,,,46.36964,-72.55424,X,,,,,f
QC,tr-garde-chez-stefanny,Chez Stefanny,childcare,Milieu familial subventionné,Trois-Rivières,1-844-270-5055,,,46.35701,-72.54591,X,,,,,f
QC,tr-garde-chez-titi,Chez Titi,childcare,Milieu familial subventionné,Trois-Rivières,1-844-270-5055,,,46.31483,-72.5409,X,,,,,f
QC,tr-garde-francoise-beliveau,Françoise Béliveau,childcare,Milieu familial subventionné,Trois-Rivières,1-844-270-5055,,,46.31636,-72.56626,X,,,,,f
QC,tr-garde-frederique-bergeron,Frédérique bergeron,childcare,Milieu familial subventionné,Trois-Rivières,1-844-270-5055,,,46.36636,-72.5161,X,,,,,f
QC,tr-garde-g-l-oiseau-bleu,G. L'OISEAU BLEU,childcare,Garderie subventionné,Trois-Rivières,1-844-270-5055,,,46.32338,-72.51612,X,,,,,f
QC,tr-garde-g-l-oiseau-bleu-ii,G. L'OISEAU BLEU II,childcare,Garderie subventionné,Trois-Rivières,1-844-270-5055,,,46.37054,-72.50894,X,,,,,f
QC,tr-garde-g-la-petite-academie,G. LA PETITE ACADÉMIE,childcare,Garderie non subventionné,Trois-Rivières,1-844-270-5055,,,46.34491,-72.57763,X,,,,,f
QC,tr-garde-garderie-les-za-mi,Garderie Les ZA-MI,childcare,Milieu familial subventionné,Trois-Rivières,1-844-270-5055,,,46.33768,-72.47869,X,,,,,f
QC,tr-garde-garderie-de-la-gloire,Garderie de la gloire,childcare,Milieu familial subventionné,Trois-Rivières,1-844-270-5055,,,46.34096,-72.50203,X,,,,,f
QC,tr-garde-garderie-en-mf-arc-en-ciel,Garderie en MF Arc-en-ciel,childcare,Milieu familial subventionné,Trois-Rivières,1-844-270-5055,,,46.303,-72.53776,X,,,,,f
QC,garderie-educative-mauricie,Garderie éducative Mauricie,childcare,Garderie non subventionnée,Trois-Rivières,819-376-4400,,,46.3558,-72.5395,X,,,,,f
QC,tr-garde-garderie-educative-lumiere-du-monde,Garderie éducative lumière du monde,childcare,Milieu familial subventionné,Trois-Rivières,1-844-270-5055,,,46.32093,-72.50617,X,,,,,f
QC,halte-garderie-communautaire,Halte-garderie communautaire,childcare,Garde d'urgence,Trois-Rivières,819-373-5544,,,46.3532,-72.5455,X,,,,,f
QC,tr-garde-isabelle-dumas,Isabelle Dumas,childcare,Milieu familial subventionné,Trois-Rivières,1-844-270-5055,,,46.37561,-72.56395,X,,,,,f
QC,tr-garde-julie-lacroix,Julie lacroix,childcare,Milieu familial subventionné,Trois-Rivières,1-844-270-5055,,,46.33983,-72.51947,X,,,,,f
QC,tr-garde-karine-clement,Karine Clément,childcare,Milieu familial subventionné,Trois-Rivières,1-844-270-5055,,,46.31505,-72.55553,X,,,,,f
QC,tr-garde-l-etoile-filante-2,L'ÉTOILE FILANTE,childcare,Milieu familial non subventionné,Trois-Rivières,1-844-270-5055,,,46.35574,-72.59605,X,,,,,f
QC,tr-garde-l-etoile-filante,L'étoile Filante,childcare,Milieu familial subventionné,Trois-Rivières,1-844-270-5055,,,46.32336,-72.5663,X,,,,,f
QC,tr-garde-la-cabane-des-p-tis-amis,La Cabane Des P'tis amis,childcare,Milieu familial subventionné,Trois-Rivières,1-844-270-5055,,,46.341,-72.59586,X,,,,,f
QC,tr-garde-lamothe-garderie-en-milieu-familial,Lamothe garderie en milieu familial,childcare,Milieu familial subventionné,Trois-Rivières,1-844-270-5055,,,46.31154,-72.54664,X,,,,,f
QC,tr-garde-le-monde-des-souris,Le monde des souris,childcare,Milieu familial subventionné,Trois-Rivières,1-844-270-5055,,,46.36463,-72.51052,X,,,,,f
QC,tr-garde-le-petit-voyage,Le petit voyage,childcare,Milieu familial subventionné,Trois-Rivières,1-844-270-5055,,,46.3704,-72.55146,X,,,,,f
QC,tr-garde-le-temps-d-une-culbute,Le temps d'une culbute,childcare,Milieu familial non subventionné,Trois-Rivières,1-844-270-5055,,,46.33714,-72.54128,X,,,,,f
QC,tr-garde-les-amis-de-chateaudun,Les amis de Châteaudun,childcare,Milieu familial subventionné,Trois-Rivières,1-844-270-5055,,,46.35694,-72.52658,X,,,,,f
QC,tr-garde-linda-daneau,Linda Daneau,childcare,Milieu familial subventionné,Trois-Rivières,1-844-270-5055,,,46.31803,-72.52583,X,,,,,f
QC,tr-garde-lison-lapointe,Lison Lapointe,childcare,Milieu familial subventionné,Trois-Rivières,1-844-270-5055,,,46.30824,-72.53917,X,,,,,f
QC,tr-garde-maryse-gauthier,MARYSE GAUTHIER,childcare,Milieu familial subventionné,Trois-Rivières,1-844-270-5055,,,46.3164,-72.51206,X,,,,,f
QC,tr-garde-ma-petite-ecole-du-monde,Ma petite école du monde,childcare,Milieu familial subventionné,Trois-Rivières,1-844-270-5055,,,46.32711,-72.51022,X,,,,,f
QC,tr-garde-manon,Manon,childcare,Milieu familial subventionné,Trois-Rivières,1-844-270-5055,,,46.33489,-72.56132,X,,,,,f
QC,tr-garde-manon-ouellette,Manon Ouellette,childcare,Milieu familial subventionné,Trois-Rivières,1-844-270-5055,,,46.34653,-72.5056,X,,,,,f
QC,tr-garde-marie-christine-heroux,Marie-Christine Héroux,childcare,Milieu familial subventionné,Trois-Rivières,1-844-270-5055,,,46.33501,-72.51498,X,,,,,f
QC,tr-garde-marie-claude-fournier,Marie-Claude Fournier,childcare,Milieu familial subventionné,Trois-Rivières,1-844-270-5055,,,46.33922,-72.56941,X,,,,,f
QC,tr-garde-melina-veillette,Melina Veillette,childcare,Milieu familial non subventionné,Trois-Rivières,1-844-270-5055,,,46.37451,-72.51121,X,,,,,f
QC,tr-garde-mesamis,Mesamis,childcare,Milieu familial subventionné,Trois-Rivières,1-844-270-5055,,,46.36686,-72.59268,X,,,,,f
QC,tr-garde-mme-abibata-aziz-gbane,Mme Abibata Aziz Gbane,childcare,Milieu familial subventionné,Trois-Rivières,1-844-270-5055,,,46.31306,-72.50894,X,,,,,f
QC,tr-garde-mme-diane-guillemette,Mme Diane Guillemette,childcare,Milieu familial subventionné,Trois-Rivières,1-844-270-5055,,,46.32574,-72.51549,X,,,,,f
QC,tr-garde-mme-esther-joseph,Mme Esther Joseph,childcare,Milieu familial subventionné,Trois-Rivières,1-844-270-5055,,,46.34439,-72.51577,X,,,,,f
QC,tr-garde-mme-fabina-joseph,Mme Fabina Joseph,childcare,Milieu familial subventionné,Trois-Rivières,1-844-270-5055,,,46.33505,-72.55795,X,,,,,f
QC,tr-garde-mme-fatima-zahra-ammar,Mme Fatima Zahra Ammar,childcare,Milieu familial subventionné,Trois-Rivières,1-844-270-5055,,,46.33019,-72.48673,X,,,,,f
QC,tr-garde-mme-frantza-sheila-merizier,Mme Frantza Sheila Merizier,childcare,Milieu familial subventionné,Trois-Rivières,1-844-270-5055,,,46.3516,-72.55748,X,,,,,f
QC,tr-garde-mme-jenny-marcela-rodriguez-arevalo,Mme Jenny Marcela Rodriguez Arevalo,childcare,Milieu familial subventionné,Trois-Rivières,1-844-270-5055,,,46.32931,-72.57836,X,,,,,f
QC,tr-garde-mme-josianne-parent,Mme Josianne Parent,childcare,Milieu familial subventionné,Trois-Rivières,1-844-270-5055,,,46.30938,-72.51054,X,,,,,f
QC,tr-garde-mme-joyeuse-mukamihigo,Mme Joyeuse Mukamihigo,childcare,Milieu familial subventionné,Trois-Rivières,1-844-270-5055,,,46.33584,-72.5259,X,,,,,f
QC,tr-garde-mme-laure-mukashyaka,Mme Laure Mukashyaka,childcare,Milieu familial subventionné,Trois-Rivières,1-844-270-5055,,,46.336,-72.58369,X,,,,,f
QC,tr-garde-mme-marie-claude-thibeault,Mme Marie-Claude Thibeault,childcare,Milieu familial subventionné,Trois-Rivières,1-844-270-5055,,,46.35247,-72.51324,X,,,,,f
QC,tr-garde-mme-marjorie-theagene,Mme Marjorie Theagene,childcare,Milieu familial subventionné,Trois-Rivières,1-844-270-5055,,,46.32164,-72.59857,X,,,,,f
QC,tr-garde-mme-maryse-plourde,Mme Maryse Plourde,childcare,Milieu familial subventionné,Trois-Rivières,1-844-270-5055,,,46.35361,-72.58664,X,,,,,f
QC,tr-garde-mme-paola-andrea-santamaria-rodriguez,Mme Paola Andrea Santamaria Rodriguez,childcare,Milieu familial subventionné,Trois-Rivières,1-844-270-5055,,,46.33377,-72.58272,X,,,,,f
QC,tr-garde-mme-seri-lou-boti-desiree-yapo-epse-toa,Mme Seri Lou Boti Desirée Yapo Epse Toa,childcare,Milieu familial subventionné,Trois-Rivières,1-844-270-5055,,,46.32279,-72.54328,X,,,,,f
QC,tr-garde-mme-sonya-tetreault,Mme Sonya Tétreault,childcare,Milieu familial subventionné,Trois-Rivières,1-844-270-5055,,,46.36115,-72.59791,X,,,,,f
QC,tr-garde-nancy,Nancy,childcare,Milieu familial subventionné,Trois-Rivières,1-844-270-5055,,,46.3664,-72.58835,X,,,,,f
QC,tr-garde-nancy-leduc,Nancy Leduc,childcare,Milieu familial subventionné,Trois-Rivières,1-844-270-5055,,,46.37352,-72.5128,X,,,,,f
QC,programme-soutien-parental,Programme de soutien parental,childcare,Soutien familial,Trois-Rivières,819-374-9988,,,46.3515,-72.5505,X,,,,,f
QC,tr-garde-saida-habibi-ihlane,SAIDA Habibi ihlane,childcare,Milieu familial subventionné,Trois-Rivières,1-844-270-5055,,,46.36153,-72.6021,X,,,,,f
QC,tr-garde-sdg-il-etait-un-petit,SDG Il était un petit,childcare,Milieu familial subventionné,Trois-Rivières,1-844-270-5055,,,46.35357,-72.52207,X,,,,,f
QC,tr-garde-sherly,SHERLY,childcare,Milieu familial subventionné,Trois-Rivières,1-844-270-5055,,,46.31553,-72.52766,X,,,,,f
QC,tr-garde-service-de-garde-julie-beaulieu,Service de garde Julie beaulieu,childcare,Milieu familial subventionné,Trois-Rivières,1-844-270-5055,,,46.33078,-72.50445,X,,,,,f
QC,tr-garde-service-de-garde-educatif-des-p-tites-ab,Service de garde éducatif Des P'tites Abeilles,childcare,Milieu familial subventionné,Trois-Rivières,1-844-270-5055,,,46.33195,-72.53733,X,,,,,f
QC,mediation-familiale-mauricie,Service de médiation familiale,childcare,Soutien familial,Trois-Rivières,819-372-1110,,,46.3498,-72.553,X,,,,,f
QC,tr-garde-milieu-familial,Services de garde en milieu familial — Trois-Rivières (1),childcare,Milieu familial subventionné,Trois-Rivières,1-844-270-5055,,,46.35227,-72.52945,X,,,,,f
QC,tr-garde-milieu-familial-2,Services de garde en milieu familial — Trois-Rivières (2),childcare,Milieu familial subventionné,Trois-Rivières,1-844-270-5055,,,46.35955,-72.5504,X,,,,,f
QC,tr-garde-milieu-familial-3,Services de garde en milieu familial — Trois-Rivières (3),childcare,Milieu familial subventionné,Trois-Rivières,1-844-270-5055,,,46.36296,-72.55162,X,,,,,f
QC,tr-garde-milieu-familial-4,Services de garde en milieu familial — Trois-Rivières (4),childcare,Milieu familial subventionné,Trois-Rivières,1-844-270-5055,,,46.35033,-72.58908,X,,,,,f
QC,tr-garde-milieu-familial-5,Services de garde en milieu familial — Trois-Rivières (5),childcare,Milieu familial subventionné,Trois-Rivières,1-844-270-5055,,,46.31281,-72.58011,X,,,,,f
QC,tr-garde-sylvie-beaumier,Sylvie Beaumier,childcare,Milieu familial subventionné,Trois-Rivières,1-844-270-5055,,,46.30884,-72.5265,X,,,,,f
QC,tr-garde-vickie-dube,Vickie Dube,childcare,Milieu familial subventionné,Trois-Rivières,1-844-270-5055,,,46.35678,-72.50989,X,,,,,f
QC,tr-garde-winnie-garderie,Winnie garderie,childcare,Milieu familial subventionné,Trois-Rivières,1-844-270-5055,,,46.35542,-72.58209,X,,,,,f
QC,tr-garde-cathy-tremblay,cathy tremblay,childcare,Milieu familial subventionné,Trois-Rivières,1-844-270-5055,,,46.36874,-72.49672,X,,,,,f
QC,tr-garde-claude-bellemare,claude Bellemare,childcare,Milieu familial subventionné,Trois-Rivières,1-844-270-5055,,,46.32489,-72.55567,X,,,,,f
QC,tr-garde-garderie-annick-groux,garderie annick groux,childcare,Milieu familial subventionné,Trois-Rivières,1-844-270-5055,,,46.35457,-72.56885,X,,,,,f
QC,tr-garde-garderie-les-amis-de-nounou,garderie les amis de nounou,childcare,Milieu familial subventionné,Trois-Rivières,1-844-270-5055,,,46.37701,-72.53179,X,,,,,f
QC,tr-garde-les-petits-loups,les petits loups,childcare,Milieu familial subventionné,Trois-Rivières,1-844-270-5055,,,46.31552,-72.55554,X,,,,,f
QC,tr-garde-service-de-garde-les-petits-chatons,service de garde les petits chatons,childcare,Milieu familial subventionné,Trois-Rivières,1-844-270-5055,,,46.36079,-72.58381,X,,,,,f
QC,agence-placement-mauricie,Agence de placement Mauricie,employment,Centre d'emploi,Trois-Rivières,819-376-1234,,,46.3512,-72.5475,X,,,,,f
QC,tr-emp1,Carrefour Jeunesse-Emploi Mauricie (CJE),employment,Aide à l'emploi,Trois-Rivières,819-375-1313,,,46.3432,-72.5427,X,,,,admin,f
QC,emp-cje-trois-rivieres,Carrefour Jeunesse-Emploi Trois-Rivières / Des Chenaux,employment,Carrefour jeunesse-emploi (CJE),Trois-Rivières,819 376-0179,https://cjetrdc.com/,"580, rue Barkoff, suite 300, Trois-Rivières, QC G8T 9T7",,,,X,,,cjetrdc.com,f
QC,centre-aide-cv-entrevue-tr,Centre aide CV et entrevue,employment,Aide CV et entrevue,Trois-Rivières,819-379-5006,,,46.3515,-72.5492,X,,,,,f
QC,centre-formation-prof-mcq,Centre de formation professionnelle Mauricie,employment,Formation professionnelle,Trois-Rivières,819-379-6500,,,46.356,-72.57,X,,,,,f
QC,emp-cfp-mauricie,Centre de formation professionnelle Mauricie,employment,Formation professionnelle,Trois-Rivières,1-800-567-8655,https://cfmfp.ca,,,,X,X,,,curated-mauricie,f
QC,emp-cle-trois-rivieres,Centre local d'emploi (CLE) Trois-Rivières,employment,Centre local d'emploi (CLE),Trois-Rivières,819-371-6880,https://www.quebec.ca/emploi/centres-locaux-emploi,"3855, boul. des Forges, Trois-Rivières, QC G8Y 4Y8",,,,X,,,curated-quebec-gouv,f
QC,emp-cremauricie-tr,Coopérative de remplacement de la Mauricie – Trois-Rivières,employment,Agence de placement,Trois-Rivières,819-370-3660,https://cremauricie.com,"3910, boulevard des Forges, bureau 203, Trois-Rivières, QC G8Y 1V7",,,,X,,,curated-mauricie,f
QC,tr-emp2,Emploi-Québec — Bureau de Trois-Rivières,employment,Service public d'emploi,Trois-Rivières,1-888-643-4721,,,46.3432,-72.5427,X,,,,,f
QC,organisme-insertion-socio,Organisme d'insertion socioprofessionnelle,employment,Insertion professionnelle,Trois-Rivières,819-374-5500,,,46.3502,-72.554,X,,,,,f
QC,programme-aide-emploi,Programme d'aide à l'emploi,employment,Aide à l'emploi,Trois-Rivières,819-372-7330,,,46.3488,-72.551,X,,,,,f
QC,emp-saje-idetr,SAJE – Accompagnement jeunes entrepreneurs (IDETR Trois-Rivières),employment,Entrepreneuriat – jeunes,Trois-Rivières,819-374-4061,https://www.idetr.com/fr/demarrer-mon-entreprise,,,,X,X,,,curated-mauricie,f
QC,emp-sier3r,SIER 3R – Service d'insertion en emploi par recyclage,employment,Insertion socioprofessionnelle,Trois-Rivières,819-693-6777,https://sier3r.com,,,,X,X,,,curated-mauricie,f
QC,emp-sit-mauricie-tr,SIT Mauricie – Service d'intégration au travail (Trois-Rivières),employment,Insertion socioprofessionnelle,Trois-Rivières,819-694-0704,https://www.sitmauricie.com,"1090, rue De La Vérendrye, Trois-Rivières, QC G9A 2S8",,,,X,,,curated-mauricie,f
QC,service-integration-travail,Service d'intégration au travail,employment,Insertion professionnelle,Trois-Rivières,819-373-8080,,,46.3528,-72.5458,X,,,,,f
QC,tr-cavac,CAVAC Mauricie-Centre-du-Québec,family,Aide aux victimes,Trois-Rivières,819-373-0318,,,46.3432,-72.5427,X,,,,admin,f
QC,tr-fam1,Centre-femmes de la Mauricie,family,Soutien aux femmes,Trois-Rivières,819-378-9373,,,46.3432,-72.5427,X,,,,admin,f
QC,v-maison-le-far,Maison Le FAR — Trois-Rivières,family,Violence conjugale,Trois-Rivières,819-378-2990,https://maisonlefar.ca/,,46.3432,-72.5427,X,,,,admin,f
QC,v-maison-connivence-tr,Maison de Connivence — Trois-Rivières,family,Violence conjugale,Trois-Rivières,819-379-1011,https://deconnivence.ca/,,46.3432,-72.5427,X,,,,admin,f
QC,accueil-bonneau-tr,Accueil Bonneau — Distribution alimentaire,food,Banque alimentaire,Trois-Rivières,819-374-5000,,,46.3482,-72.5552,X,,,,,f
QC,centre-alimentaire-etudiant,Centre alimentaire étudiant,food,Dépannage alimentaire,Trois-Rivières,819-376-5011,,,46.36,-72.572,X,,,,,f
QC,centre-entraide-alimentaire,Centre d'entraide alimentaire,food,Dépannage alimentaire,Trois-Rivières,819-373-4455,,,46.3498,-72.5508,X,,,,,f
QC,comptoir-st-vincent-de-paul,Comptoir alimentaire St-Vincent-de-Paul,food,Dépannage alimentaire,Trois-Rivières,819-375-4321,,,46.3505,-72.549,X,,,,,f
QC,cuisine-collective-tr,Cuisine collective Trois-Rivières,food,Café communautaire,Trois-Rivières,819-373-1010,,,46.3521,-72.5468,X,,,,,f
QC,distribution-alimentaire-urgence,Distribution alimentaire d'urgence,food,Dépannage alimentaire,Trois-Rivières,819-374-9900,,,46.3488,-72.5528,X,,,,,f
QC,frigo-communautaire-tr,Frigo communautaire Trois-Rivières,food,Dépannage alimentaire,Trois-Rivières,819-379-0100,,,46.3518,-72.5488,X,,,,,f
QC,tr-f1,Moisson Mauricie / Centre-du-Québec,food,Banque alimentaire,Trois-Rivières,819-370-0484,,,46.3358,-72.5511,X,,,,,f
QC,baq-moisson-mauricie,Moisson Mauricie/Centre-du-Québec,food,Banque alimentaire régionale,Trois-Rivières,819-371-7778,https://moissonmcdq.org,"1300, rue Saint-Olivier, Trois-Rivières, QC G9A 1M9",,,,X,,,curated-baq-network,f
QC,popote-roulante-tr,Popote roulante Trois-Rivières,food,Aide alimentaire,Trois-Rivières,819-374-2800,,,46.353,-72.5462,X,,,,,f
QC,repas-communautaires-mauricie,Repas communautaires Mauricie,food,Café communautaire,Trois-Rivières,819-374-8800,,,46.351,-72.5458,X,,,,,f
QC,tr-f2,Société de Saint-Vincent-de-Paul – Trois-Rivières,food,Aide alimentaire,Trois-Rivières,819-375-8467,,,46.3432,-72.5427,X,,,,,f
QC,soupe-populaire-centre-ville,Soupe populaire Centre-ville,food,Café communautaire,Trois-Rivières,819-372-1200,,,46.349,-72.5545,X,,,,,f
QC,eglise-distribution-alimentaire,Église — Distribution alimentaire,food,Dépannage alimentaire,Trois-Rivières,819-374-2500,,,46.3475,-72.554,X,,,,,f
QC,tr-ciusss-territoire,CIUSSS MCQ — Territoire de Trois-Rivières,health,Réseau de la santé,Trois-Rivières,819-370-2200,,,46.3432,-72.5427,X,,,,,f
QC,msss-clsc-trois-rivieres-clsc-chanoine-chamberland,CLSC Chanoine-Chamberland,health,CLSC,Trois-Rivières,,,"3140, rue Chanoine-Chamberland, Trois-Rivières, QC G8Z 2T2",46.33399963378906,-72.5593032836914,,,X,,donnees-quebec.ca/MSSS,f
QC,msss-clsc-trois-rivieres-clsc-sainte-genevieve,CLSC Sainte-Geneviève,health,CLSC,Trois-Rivières,,,"620, rue Sainte-Geneviève, Trois-Rivières, QC G9A 3W7",46.348899841308594,-72.53949737548828,,,X,,donnees-quebec.ca/MSSS,f
QC,tr-health1,CLSC de Trois-Rivières — CIUSSS MCQ,health,CLSC / Soins de santé,Trois-Rivières,819-370-2100,,,46.3432,-72.5427,X,,,,,f
QC,msss-chsld-trois-rivieres-centre-d-hebergement-louis-denoncourt,Centre D'Hébergement Louis-Denoncourt,health,CHSLD,Trois-Rivières,,,"435, rue Saint-Roch, Trois-Rivières, QC G9A 2L9",46.3400993347168,-72.5459976196289,,,X,,donnees-quebec.ca/MSSS,f
QC,msss-chsld-trois-rivieres-centre-d-hebergement-roland-leclerc,Centre D'Hébergement Roland-Leclerc,health,CHSLD,Trois-Rivières,,,"3500, rue Sainte-Marguerite, Trois-Rivières, QC G8Z 1X3",46.344200134277344,-72.57959747314453,,,X,,donnees-quebec.ca/MSSS,f
QC,msss-hopital-trois-rivieres-centre-de-services-ambulatoires-en-sante-mentale-de-trois-ri,Centre De Services Ambulatoires En Santé Mentale De Trois-Rivières,health,Hôpital,Trois-Rivières,,,"1573, boulevard des Forges, Trois-Rivières, QC G8Z 1T7",46.34450149536133,-72.55760192871094,,,X,,donnees-quebec.ca/MSSS,f
QC,msss-clsc-trois-rivieres-centre-multiservices-de-sante-et-de-services-sociaux-cloutie,Centre Multiservices De Santé Et De Services Sociaux Cloutier,health,CLSC,Trois-Rivières,,,"155, rue Toupin, Trois-Rivières, QC G8T 3Z8",46.365299224853516,-72.50499725341797,,,X,,donnees-quebec.ca/MSSS,f
QC,msss-chsld-trois-rivieres-centre-multiservices-de-sante-et-de-services-sociaux-cooke,Centre Multiservices De Santé Et De Services Sociaux Cooke,health,CHSLD,Trois-Rivières,,,"3450, rue Sainte-Marguerite, Trois-Rivières, QC G8Z 1X3",46.34450149536133,-72.5770034790039,,,X,,donnees-quebec.ca/MSSS,f
QC,msss-clsc-trois-rivieres-centre-multiservices-de-sante-et-de-services-sociaux-saint-j,Centre Multiservices De Santé Et De Services Sociaux Saint-Joseph,health,CLSC,Trois-Rivières,,,"731, rue Sainte-Julie, Trois-Rivières, QC G9A 1Y1",46.34709930419922,-72.54650115966797,,,X,,donnees-quebec.ca/MSSS,f
QC,radiologie-trois-rivieres,Centre de radiologie Trois-Rivières,health,Clinique spécialisée,Trois-Rivières,819-373-2700,,,46.3504,-72.5488,X,,,,,f
QC,clinique-dentaire-tr,Clinique dentaire Trois-Rivières,health,Clinique spécialisée,Trois-Rivières,819-375-8080,,,46.3468,-72.5515,X,,,,,f
QC,clinique-st-louis-tr,Clinique médicale St-Louis,health,Clinique communautaire,Trois-Rivières,819-375-1221,,,46.3455,-72.5601,X,,,,,f
QC,clinique-medicale-cap,Clinique médicale du Cap,health,Clinique sans rendez-vous,Trois-Rivières,819-379-2000,,,46.3711,-72.5211,X,,,,,f
QC,clinique-optometrique-mauricie,Clinique optométrique Vision Mauricie,health,Clinique spécialisée,Trois-Rivières,819-374-2020,,,46.3498,-72.5442,X,,,,,f
QC,clinique-podiatrique-mauricie,Clinique podiatrique Mauricie,health,Clinique spécialisée,Trois-Rivières,819-374-7070,,,46.354,-72.547,X,,,,,f
QC,clinique-srv-mauricie,Clinique sans rendez-vous Mauricie,health,Clinique sans rendez-vous,Trois-Rivières,819-697-0922,,,46.3478,-72.556,X,,,,,f
QC,tr-ambu1,Coopérative des Ambulanciers de la Mauricie,health,Service ambulancier,Trois-Rivières,819-374-4444,,,46.3432,-72.5427,X,,,,,f
QC,msss-chsld-trois-rivieres-maison-des-aines-et-alternative-de-trois-rivieres,Maison Des Aînés Et Alternative De Trois-Rivières,health,CHSLD,Trois-Rivières,,,"6, rue Fusey, Trois-Rivières, QC G8T 2T1",46.36259841918945,-72.529296875,,,X,,donnees-quebec.ca/MSSS,f
QC,msss-hopital-trois-rivieres-pavillon-sainte-marie,Pavillon Sainte-Marie,health,Hôpital,Trois-Rivières,,,"1991, boulevard du Carmel, Trois-Rivières, QC G8Z 3R9",46.354400634765625,-72.56320190429688,,,X,,donnees-quebec.ca/MSSS,f
QC,jean-coutu-centre-ville-tr,Pharmacie Jean Coutu Centre-ville,health,Clinique communautaire,Trois-Rivières,819-379-2100,,,46.3488,-72.5531,X,,,,,f
QC,pharmaprix-trois-rivieres,Pharmaprix Trois-Rivières,health,Clinique communautaire,Trois-Rivières,819-375-3721,,,46.352,-72.5401,X,,,,,f
QC,ambulance-mauricie,Services ambulanciers — Mauricie / Centre-du-Québec,health,Service ambulancier,Trois-Rivières,819-697-3333,,,46.3432,-72.5427,X,,,,,f
QC,aide-eviction-locative,Aide éviction locative Mauricie,housing,Logement subventionné,Trois-Rivières,819-373-9200,,,46.349,-72.5535,X,,,,,f
QC,tr-h3,Carrefour Le Mitan – Logement transitoire Trois-Rivières,housing,Logement transitoire,Trois-Rivières,819-378-5088,,,46.3432,-72.5427,X,,,,,f
QC,centre-aide-logement-tr,Centre d'aide au logement,housing,Logement subventionné,Trois-Rivières,819-375-0444,,,46.3518,-72.5498,X,,,,,f
QC,transition-logement-tr,Centre transition logement,housing,Logement transitoire,Trois-Rivières,819-375-2200,,,46.3508,-72.5505,X,,,,,f
QC,cooperative-habitation-tr,Coopérative d'habitation Mauricie,housing,Logement subventionné,Trois-Rivières,819-374-4600,,,46.3525,-72.5488,X,,,,,f
QC,hebergement-jeunesse-tr,Hébergement jeunesse Mauricie,housing,Hébergement jeunesse,Trois-Rivières,819-374-5500,,,46.3538,-72.547,X,,,,,f
QC,maison-hebergement-urgence-tr,Maison d'hébergement d'urgence,housing,Hébergement d'urgence,Trois-Rivières,819-379-1400,,,46.3503,-72.554,X,,,,,f
QC,maison-des-jeunes-hebergement,Maison des jeunes — Hébergement,housing,Hébergement jeunesse,Trois-Rivières,819-374-7744,,,46.3528,-72.5512,X,,,,,f
QC,tr-h2,Mission de l'Espoir – Trois-Rivières,housing,Hébergement d'urgence,Trois-Rivières,819-375-7782,,,46.3442,-72.548,X,,,,,f
QC,h-omh-trois-rivieres,Office municipal d'habitation de Trois-Rivières,housing,Office municipal d'habitation,Trois-Rivières,819-378-5438,https://omhtr.ca,"30, rue Williams, Trois-Rivières, QC G8T 1S5",,,,X,,,curated-housing-network,f
QC,refuge-sans-abri-mauricie,Refuge pour sans-abri Mauricie,housing,Hébergement d'urgence,Trois-Rivières,819-374-1000,,,46.351,-72.553,X,,,,,f
QC,residence-urgence-femmes,Résidence d'urgence pour femmes,housing,Hébergement femmes,Trois-Rivières,819-378-9999,,,46.3495,-72.552,X,,,,,f
QC,aide-installation-immigrants,Aide à l'installation des immigrants,immigration,Intégration immigrants,Trois-Rivières,819-373-4822,,,46.3508,-72.5498,X,,,,,f
QC,tr-immig1,CITIM — Comité d'intégration et régionalisation de l'immigration Mauricie,immigration,Intégration immigrants,Trois-Rivières,819-372-4655,,,46.3432,-72.5427,X,,,,,f
QC,programme-accompagnement-arrivants,Programme d'accompagnement nouveaux arrivants,immigration,Intégration immigrants,Trois-Rivières,819-373-4822,,,46.3505,-72.5518,X,,,,,t
QC,service-accueil-nouveaux-arrivants,Service d'accueil aux nouveaux arrivants,immigration,Intégration immigrants,Trois-Rivières,819-373-4822,,,46.3505,-72.5512,X,,,,,f
QC,service-traduction-communautaire,Service de traduction communautaire,immigration,Services d'interprétation,Trois-Rivières,819-374-7799,,,46.3512,-72.5505,X,,,,,f
QC,aa-trois-rivieres,Alcooliques Anonymes Trois-Rivières,mentalHealth,Dépendance et addiction,Trois-Rivières,819-379-5252,,,46.3508,-72.5498,X,,,,,f
QC,tr-m1,Centre de Crise de la Mauricie,mentalHealth,Crise psychologique,Trois-Rivières,819-379-0596,,,46.3432,-72.5427,X,,,,,f
QC,mh-crise-mauricie,Centre de prévention du suicide Accalmie,mentalHealth,Centre de prévention du suicide,Trois-Rivières,819-379-9238,https://cpsaccalmie.ca,,,,X,X,,,curated-mh-network,f
QC,readaptation-dependance-mcq,Centre de réadaptation en dépendance Mauricie,mentalHealth,Dépendance et addiction,Trois-Rivières,819-374-4744,,,46.3502,-72.5545,X,,,,,f
QC,therapie-familiale-mauricie,Centre de thérapie familiale,mentalHealth,Soutien communautaire,Trois-Rivières,819-375-1122,,,46.3528,-72.554,X,,,,,f
QC,centre-jeunesse-mauricie,Centre jeunesse Mauricie–Centre-du-Québec,mentalHealth,Services jeunesse,Trois-Rivières,819-374-4783,,,46.3488,-72.5535,X,,,,,f
QC,clinique-psychologie-mauricie,Clinique de psychologie Mauricie,mentalHealth,Soutien communautaire,Trois-Rivières,819-373-7200,,,46.3507,-72.5462,X,,,,,f
QC,tr-drop,Drogue Aide et Référence — Point de contact Trois-Rivières,mentalHealth,Dépendance et addiction,Trois-Rivières,1-800-265-2626,,,46.3432,-72.5427,X,,,,,f
QC,groupe-entraide-sante-mentale,Groupe d'entraide en santé mentale,mentalHealth,Soutien communautaire,Trois-Rivières,819-375-5880,,,46.3518,-72.5475,X,,,,,f
QC,le-traversier,Le Traversier — Aide psychosociale,mentalHealth,Soutien communautaire,Trois-Rivières,819-373-5820,,,46.3512,-72.5488,X,,,,,f
QC,ligne-ecoute-regionale,Ligne d'écoute régionale Mauricie,mentalHealth,Ligne d'écoute,Trois-Rivières,819-379-9799,,,46.3488,-72.551,X,,,,,f
QC,maison-carignan,Maison Carignan,mentalHealth,Dépendances et santé mentale,Trois-Rivières,1-877-373-9435,https://maisoncarignan.qc.ca/,,46.352,-72.55,X,,,,,f
QC,maison-transition-mauricie,Maison de transition Mauricie,mentalHealth,Soutien communautaire,Trois-Rivières,819-374-3344,,,46.3495,-72.552,X,,,,,f
QC,na-mauricie,Narcotiques Anonymes Mauricie,mentalHealth,Dépendance et addiction,Trois-Rivières,1-800-879-0333,,,46.3515,-72.5462,X,,,,,f
QC,info-social-811,Service Info-Social 811,mentalHealth,Ligne d'écoute,Trois-Rivières,811,,,46.8139,-71.208,X,,,,,t
QC,accueil-communautaire-tr,Accueil communautaire Trois-Rivières,social,Accueil & référence,Trois-Rivières,819-373-1473,,,46.3465,-72.542,X,,,,,f
QC,tr-legal1,Bureau d'aide juridique de la Mauricie,social,Aide juridique,Trois-Rivières,819-371-6711,,,46.3432,-72.5427,X,,,,,f
QC,tr-social1,Centraide Mauricie,social,Soutien communautaire,Trois-Rivières,819-374-3676,,,46.3432,-72.5427,X,,,,,f
QC,centre911-trois-rivieres,Centre 911 de Trois-Rivières — Mauricie,social,Centre 911,Trois-Rivières,911,,,46.3432,-72.5427,X,,,,,f
QC,saaq-trois-rivieres,SAAQ — Bureau de Trois-Rivières,social,Services gouvernementaux,Trois-Rivières,1-800-361-7620,,,46.3432,-72.5432,X,,,,,f
QC,police-trois-rivieres,Service de police de Trois-Rivières (SPTR),social,Service de police,Trois-Rivières,819-691-2929,,,46.3432,-72.5427,X,,,,,f
QC,incendie-trois-rivieres,Service de sécurité incendie de Trois-Rivières,social,Service des incendies,Trois-Rivières,819-379-4600,,,46.3432,-72.5427,X,,,,,f
QC,msss-clsc-temiscaming-centre-multiservices-de-sante-et-de-services-sociaux-de-temi,Centre Multiservices De Santé Et De Services Sociaux De Témiscaming-Kipawa,health,CLSC,Témiscaming,,,"180, rue Anvik, Témiscaming, QC J0Z 3R0",46.72570037841797,-79.09410095214844,,,X,,donnees-quebec.ca/MSSS,f
QC,msss-clsc-temiscouata-sur-le-lac-clsc-de-cabano,CLSC De Cabano,health,CLSC,Témiscouata-sur-le-Lac,,,"33, rue Saint-Laurent, Témiscouata-sur-le-Lac, QC G0L 1E0",47.67959976196289,-68.88700103759766,,,X,,donnees-quebec.ca/MSSS,f
QC,msss-clsc-temiscouata-sur-le-lac-hopital-de-notre-dame-du-lac,Hôpital De Notre-Dame-Du-Lac,health,CLSC,Témiscouata-sur-le-Lac,,,"58, rue de l'Église, Témiscouata-sur-le-Lac, QC G0L 1X0",47.61240005493164,-68.79930114746094,,,X,,donnees-quebec.ca/MSSS,f
QC,msss-clsc-umiujaq-dispensaire-d-umiujaq,Dispensaire D'Umiujaq,health,CLSC,Umiujaq,,,"Umiujaq, Umiujaq, QC J0M 1Y0",56.5531005859375,-76.54789733886719,,,X,,donnees-quebec.ca/MSSS,f
QC,msss-clsc-val-d-or-aire-ouverte-de-la-vallee-de-l-or,Aire Ouverte De La Vallée-De-L'Or,health,CLSC,Val-d'Or,,,"1122, 8e Rue, suite 101, Val-d'Or, QC J9P 3N6",48.10110092163086,-77.78559875488281,,,X,,donnees-quebec.ca/MSSS,f
QC,msss-chsld-val-d-or-chsld-de-val-d-or,CHSLD De Val-D'Or,health,CHSLD,Val-d'Or,,,"1212, avenue Brébeuf, Val-d'Or, QC J9P 2C9",48.10179901123047,-77.79879760742188,,,X,,donnees-quebec.ca/MSSS,f
QC,msss-clsc-val-d-or-clsc-et-centre-de-readaptation-en-dependance-de-val-d-or,CLSC Et Centre De Réadaptation En Dépendance De Val-D'Or,health,CLSC,Val-d'Or,,,"735, 6e Rue, Val-d'Or, QC J9P 3Y1",48.0968017578125,-77.79720306396484,,,X,,donnees-quebec.ca/MSSS,f
QC,msss-clsc-val-d-or-centre-multiservices-de-sante-et-de-services-sociaux-l-etape,Centre Multiservices De Santé Et De Services Sociaux L'Étape,health,CLSC,Val-d'Or,,,"700, boulevard Forest, Val-d'Or, QC J9P 2L3",48.09809875488281,-77.78880310058594,,,X,,donnees-quebec.ca/MSSS,f
QC,msss-hopital-val-d-or-groupe-de-medecine-de-famille-universitaire-de-la-vallee-de-,Groupe De Médecine De Famille Universitaire De La Vallée-De-L’or,health,Hôpital,Val-d'Or,,,"575, 6e Rue, Val-d'Or, QC J9P 0L6",48.095298767089844,-77.79560089111328,,,X,,donnees-quebec.ca/MSSS,f
QC,msss-clsc-val-d-or-hopital-de-val-d-or,Hôpital De Val-D'Or,health,CLSC,Val-d'Or,,,"725, 6e Rue, Val-d'Or, QC J9P 3Y1",48.096099853515625,-77.79679870605469,,,X,,donnees-quebec.ca/MSSS,f
QC,msss-clsc-val-d-or-maison-de-naissance-et-de-la-petite-enfance-des-grands-pins,Maison De Naissance Et De La Petite Enfance Des Grands Pins,health,CLSC,Val-d'Or,,,"1201, boulevard Forest, Val-d'Or, QC J9P 5H3",48.0974006652832,-77.79759979248047,,,X,,donnees-quebec.ca/MSSS,f
QC,msss-chsld-val-d-or-maison-des-aines-et-alternative-de-val-d-or,Maison Des Aînés Et Alternative De Val-D'Or,health,CHSLD,Val-d'Or,,,"1030, avenue des Érables, Val-d'Or, QC J9P 2R3",48.09519958496094,-77.80000305175781,,,X,,donnees-quebec.ca/MSSS,f
QC,vdo-h1,La Piaule – Val-d'Or,housing,Hébergement d'urgence,Val-d'Or,819-825-0866,,,48.1001,-77.7926,X,,,,,f
QC,incendie-val-dor,Service de sécurité incendie de Val-d'Or,social,Service des incendies,Val-d'Or,819-824-9613,,,48.1001,-77.7926,X,,,,,f
QC,msss-clsc-val-des-bois-clsc-de-val-des-bois,CLSC De Val-Des-Bois,health,CLSC,Val-des-Bois,,,"601, route 309, Val-des-Bois, QC J0X 3C0",45.91619873046875,-75.59190368652344,,,X,,donnees-quebec.ca/MSSS,f
QC,msss-clsc-val-des-monts-clsc-de-val-des-monts,CLSC De Val-Des-Monts,health,CLSC,Val-des-Monts,,,"1884, route du Carrefour, Val-des-Monts, QC J8N 7M8",45.58509826660156,-75.61920166015625,,,X,,donnees-quebec.ca/MSSS,f
QC,msss-clsc-val-des-sources-centre-multiservices-de-sante-et-de-services-sociaux-des-sou,Centre Multiservices De Santé Et De Services Sociaux Des Sources,health,CLSC,Val-des-Sources,,,"475, 3e Avenue, Val-des-Sources, QC J1T 1X6",45.77180099487305,-71.92610168457031,,,X,,donnees-quebec.ca/MSSS,f
QC,msss-clsc-valcourt-clsc-et-chsld-de-valcourt,CLSC Et CHSLD De Valcourt,health,CLSC,Valcourt,,,"1150, rue Champlain, Valcourt, QC J0E 2L0",45.4921989440918,-72.31880187988281,,,X,,donnees-quebec.ca/MSSS,f
QC,msss-clsc-varennes-clsc-de-varennes,CLSC De Varennes,health,CLSC,Varennes,,,"2022, Place du 350e, local 111, Varennes, QC J3X 0K9",45.67959976196289,-73.43840026855469,,,X,,donnees-quebec.ca/MSSS,f
QC,msss-clsc-varennes-clsc-des-seigneuries,CLSC Des Seigneuries,health,CLSC,Varennes,,,"2220, boulevard René-Gaultier, Varennes, QC J3X 1E3",45.682498931884766,-73.4363021850586,,,X,,donnees-quebec.ca/MSSS,f
QC,msss-chsld-varennes-centre-d-hebergement-de-lajemmerais,Centre D'Hébergement De Lajemmerais,health,CHSLD,Varennes,,,"60, rue d'Youville, Varennes, QC J3X 1R1",45.68389892578125,-73.43930053710938,,,X,,donnees-quebec.ca/MSSS,f
QC,msss-chsld-vaudreuil-dorion-chsld-et-centre-de-readaptation-en-deficience-physique-de-va,CHSLD Et Centre De Réadaptation En Déficience Physique De Vaudreuil-Dorion,health,CHSLD,Vaudreuil-Dorion,,,"408, avenue Saint-Charles, Vaudreuil-Dorion, QC J7V 7M9",45.39609909057617,-74.02519989013672,,,X,,donnees-quebec.ca/MSSS,f
QC,msss-chsld-vaudreuil-dorion-chsld-manoir-harwood,CHSLD Manoir Harwood,health,CHSLD,Vaudreuil-Dorion,,,"170, rue Boileau, Vaudreuil-Dorion, QC J7V 8A3",45.40340042114258,-74.04129791259766,,,X,,donnees-quebec.ca/MSSS,f
QC,msss-hopital-vaudreuil-dorion-centre-de-services-ambulatoires-en-sante-mentale-et-de-reada,Centre De Services Ambulatoires En Santé Mentale Et De Réadaptation En Dépendance Du Boulevard De La Cité-Des-Jeunes,health,Hôpital,Vaudreuil-Dorion,,,"3, boulevard de la Cité-des-Jeunes, Vaudreuil-Dorion, QC J7V 0C3",45.41569900512695,-74.0165023803711,,,X,,donnees-quebec.ca/MSSS,f
QC,msss-clsc-vaudreuil-dorion-centre-multiservices-de-sante-et-de-services-sociaux-de-vaud,Centre Multiservices De Santé Et De Services Sociaux De Vaudreuil-Dorion,health,CLSC,Vaudreuil-Dorion,,,"3031, boulevard de la Gare, Vaudreuil-Dorion, QC J7V 9R2",45.39390182495117,-74.05390167236328,,,X,,donnees-quebec.ca/MSSS,f
QC,police-vaudreuil,Régie de police de Vaudreuil-Soulanges,social,Service de police,Vaudreuil-Dorion,450-455-3000,,,45.3959,-74.0294,X,,,,,f
QC,incendie-vaudreuil,Service de sécurité incendie de Vaudreuil-Dorion,social,Service des incendies,Vaudreuil-Dorion,450-455-3371,,,45.3959,-74.0294,X,,,,,f
QC,msss-clsc-vercheres-clsc-de-vercheres,CLSC De Verchères,health,CLSC,Verchères,,,"90, montée Calixa-Lavallée, Verchères, QC J0L 2R0",45.772701263427734,-73.3511962890625,,,X,,donnees-quebec.ca/MSSS,f
QC,vic-emp1,Carrefour Jeunesse-Emploi Arthabaska-L'Érable (CJE),employment,Aide à l'emploi,Victoriaville,819-758-2088,,,46.0517,-71.9614,X,,,,,f
QC,emp-cje-arthabaska,Carrefour Jeunesse-Emploi Arthabaska/L'Érable,employment,Carrefour jeunesse-emploi (CJE),Victoriaville,819-758-1661,https://cje-arthabaska.ca,,,,X,X,,,curated-mauricie,f
QC,vic-cavac,CAVAC Centre-du-Québec — Victoriaville,family,Aide aux victimes,Victoriaville,819-752-6333,,,46.0517,-71.9614,X,,,,admin,f
QC,vic-fam1,Centre-femmes de Victoriaville et région,family,Soutien aux femmes,Victoriaville,819-758-6262,,,46.0517,-71.9614,X,,,,admin,f
QC,v-sos-jeunesse-arthabaska,SOS Jeunesse Arthabaska,family,Aide aux jeunes,Victoriaville,819-758-5333,,,46.054,-71.9622,X,,,,admin,f
QC,vict-f1,Comptoir alimentaire Victoriaville,food,Dépannage alimentaire,Victoriaville,819-758-3377,,,46.0574,-71.9574,X,,,,,f
QC,v-comptoir-victo,Comptoir alimentaire de Victoriaville,food,Banque alimentaire,Victoriaville,819-758-7561,,,46.0521,-71.9598,X,,,,,f
QC,vic-food1,Moisson Arthabaska – Victoriaville,food,Banque alimentaire,Victoriaville,819-752-7700,,,46.0517,-71.9614,X,,,,,f
QC,msss-clsc-victoriaville-clsc-d-arthabaska,CLSC D'Arthabaska,health,CLSC,Victoriaville,,,"932, boulevard des Bois-Francs Sud, Victoriaville, QC G6P 5V8",46.03929901123047,-71.91639709472656,,,X,,donnees-quebec.ca/MSSS,f
QC,msss-clsc-victoriaville-clsc-des-bois-francs,CLSC Des Bois-Francs,health,CLSC,Victoriaville,,,"339, boulevard des Bois-Francs Nord, Victoriaville, QC G6P 7B7",46.064701080322266,-71.96099853515625,,,X,,donnees-quebec.ca/MSSS,f
QC,msss-clsc-victoriaville-clsc-suzor-cote,CLSC Suzor-Coté,health,CLSC,Victoriaville,,,"100, rue de l'Ermitage, Victoriaville, QC G6P 9N2",46.060699462890625,-71.9645004272461,,,X,,donnees-quebec.ca/MSSS,f
QC,vic-health1,CLSC d'Arthabaska-L'Érable — Victoriaville,health,CLSC / Soins de santé,Victoriaville,819-357-2100,,,46.0517,-71.9614,X,,,,,f
QC,msss-clsc-victoriaville-centre-d-hebergement-et-clsc-du-chene,Centre D'Hébergement Et CLSC Du CHêne,health,CLSC,Victoriaville,,,"61, rue de l'Ermitage, Victoriaville, QC G6P 6X4",46.06209945678711,-71.96269989013672,,,X,,donnees-quebec.ca/MSSS,f
QC,msss-chsld-victoriaville-centre-d-hebergement-et-de-readaptation-en-deficience-physiq,Centre D'Hébergement Et De Réadaptation En Déficience Physique Du Roseau,health,CHSLD,Victoriaville,,,"45, rue de l'Ermitage, Victoriaville, QC G6P 6X4",46.06159973144531,-71.96060180664062,,,X,,donnees-quebec.ca/MSSS,f
QC,msss-clsc-victoriaville-groupe-de-medecine-de-famille-universitaire-et-clsc-de-victo,Groupe De Médecine De Famille Universitaire Et CLSC De Victoriaville,health,CLSC,Victoriaville,,,"4, boulevard Labbé Sud, Victoriaville, QC G6S 1B5",46.06610107421875,-71.93879699707031,,,X,,donnees-quebec.ca/MSSS,f
QC,msss-clsc-victoriaville-hotel-dieu-d-arthabaska,Hôtel-Dieu D'Arthabaska,health,CLSC,Victoriaville,,,"5, rue des Hospitalières, Victoriaville, QC G6P 6N2",46.04059982299805,-71.91500091552734,,,X,,donnees-quebec.ca/MSSS,f
QC,vic-hop1,Hôtel-Dieu d'Arthabaska — Victoriaville,health,Urgence hospitalière,Victoriaville,819-357-2030,,,46.05,-71.968,X,,,,,f
QC,msss-chsld-victoriaville-maison-des-aines-et-alternative-de-victoriaville,Maison Des Aînés Et Alternative De Victoriaville,health,CHSLD,Victoriaville,,,"5, rue Dumas, Victoriaville, QC G6P 7Y4",46.0640983581543,-71.96009826660156,,,X,,donnees-quebec.ca/MSSS,f
QC,vic-ambu1,Services ambulanciers Arthabaska-L'Érable,health,Service ambulancier,Victoriaville,819-752-4444,,,46.0517,-71.9614,X,,,,,f
QC,vic-h2,Accueil-Gîte – Hébergement Victoriaville,housing,Hébergement d'urgence,Victoriaville,819-752-2261,,,46.0517,-71.9614,X,,,,,f
QC,vic-h1,La Montée – Maison d'hébergement Victoriaville,housing,Violence conjugale,Victoriaville,819-758-6066,,,46.0517,-71.9614,X,,,,,f
QC,v-passerelle-victo,La Passerelle Victoriaville,housing,Refuge urgence,Victoriaville,819-758-9966,,,46.051,-71.962,X,,,,,f
QC,v-cps-arthabaska,CPS des Bois-Francs — Victoriaville,mentalHealth,Prévention suicide,Victoriaville,1-866-APPELLE,,,46.051,-71.965,X,,,,,f
QC,vic-mh1,Centre de Crise Centre-du-Québec — Victoriaville,mentalHealth,Crise psychologique,Victoriaville,819-477-2433,,,46.0517,-71.9614,X,,,,,f
QC,vic-legal1,Bureau d'aide juridique — Victoriaville,social,Aide juridique,Victoriaville,819-752-2231,,,46.0517,-71.9614,X,,,,,f
QC,v-volte-face,La Volte-Face,social,Violence conjugale,Victoriaville,819-795-3789,,,,,X,X,,,,f
QC,vic-social2,Ressource Entraide Arthabaska (REA),social,Soutien communautaire,Victoriaville,819-752-6111,,,46.0517,-71.9614,X,,,,,f
QC,vic-social1,Saint-Vincent-de-Paul — Victoriaville,social,Aide matérielle,Victoriaville,819-758-2181,,,46.0517,-71.9614,X,,,,,f
QC,police-victoriaville,Service de police de Victoriaville,social,Service de police,Victoriaville,819-758-1211,,,46.0517,-71.9614,X,,,,,f
QC,incendie-victoriaville,Service de sécurité incendie de Victoriaville,social,Service des incendies,Victoriaville,819-758-0414,,,46.0517,-71.9614,X,,,,,f
QC,msss-chsld-ville-marie-chsld-de-ville-marie,CHSLD De Ville-Marie,health,CHSLD,Ville-Marie,,,"37, rue Saint-Jean-Baptiste Sud, Ville-Marie, QC J9V 2A9",47.32699966430664,-79.43789672851562,,,X,,donnees-quebec.ca/MSSS,f
QC,msss-clsc-ville-marie-clsc-et-centre-de-protection-de-l-enfance-et-de-la-jeunesse-,CLSC Et Centre De Protection De L'Enfance Et De La Jeunesse De Ville-Marie,health,CLSC,Ville-Marie,,,"21, rue Notre-Dame-de-Lourdes, Ville-Marie, QC J9V 1X8",47.33319854736328,-79.44029998779297,,,X,,donnees-quebec.ca/MSSS,f
QC,msss-clsc-ville-marie-centre-multiservices-de-sante-et-de-services-sociaux-de-vill,Centre Multiservices De Santé Et De Services Sociaux De Ville-Marie,health,CLSC,Ville-Marie,,,"22, rue Notre-Dame Nord, Ville-Marie, QC J9V 1W8",47.33290100097656,-79.44439697265625,,,X,,donnees-quebec.ca/MSSS,f
QC,msss-chsld-warwick-centre-d-hebergement-de-warwick,Centre D'Hébergement De Warwick,health,CHSLD,Warwick,,,"10, rue l'Heureux, Warwick, QC J0A 1M0",45.94580078125,-71.98570251464844,,,X,,donnees-quebec.ca/MSSS,f
QC,msss-clsc-waskaganish-cmc-waskaganish,Cmc Waskaganish,health,CLSC,Waskaganish,,,"2, rue Taakatachun, Waskaganish, QC J0M 1R0",51.485198974609375,-78.74199676513672,,,X,,donnees-quebec.ca/MSSS,f
QC,msss-clsc-waskaganish-msdc-waskaganish,Msdc Waskaganish,health,CLSC,Waskaganish,,,"8, Cowboy Trail, Waskaganish, QC J0M 1R0",51.48830032348633,-78.74620056152344,,,X,,donnees-quebec.ca/MSSS,f
QC,msss-clsc-waswanipi-cmc-waswanipi,Cmc Waswanipi,health,CLSC,Waswanipi,,,"1, rue West Aspen, Waswanipi, QC J0Y 3C0",49.69269943237305,-75.96320343017578,,,X,,donnees-quebec.ca/MSSS,f
QC,msss-clsc-waswanipi-msdc-waswanipi,Msdc Waswanipi,health,CLSC,Waswanipi,,,"3, rue West Aspen, Waswanipi, QC J0Y 3C0",49.69260025024414,-75.9623031616211,,,X,,donnees-quebec.ca/MSSS,f
QC,msss-clsc-waterloo-clsc-de-waterloo,CLSC De Waterloo,health,CLSC,Waterloo,,,"48, rue Young, Waterloo, QC J0E 2N0",45.34519958496094,-72.5186996459961,,,X,,donnees-quebec.ca/MSSS,f
QC,msss-chsld-waterloo-sante-courville-de-waterloo,Santé Courville De Waterloo,health,CHSLD,Waterloo,,,"5305, avenue Courville, Waterloo, QC J0E 2N0",45.34109878540039,-72.5062026977539,,,X,,donnees-quebec.ca/MSSS,f
QC,msss-chsld-weedon-chsld-de-weedon,CHSLD De Weedon,health,CHSLD,Weedon,,,"245, rue Saint-Janvier, Weedon, QC J0B 3J0",45.70090103149414,-71.4636001586914,,,X,,donnees-quebec.ca/MSSS,f
QC,msss-clsc-weedon-clsc-de-weedon,CLSC De Weedon,health,CLSC,Weedon,,,"460, 2e Avenue, Weedon, QC J0B 3J0",45.705501556396484,-71.46199798583984,,,X,,donnees-quebec.ca/MSSS,f
QC,msss-clsc-wemindji-cmc-wemindji,Cmc Wemindji,health,CLSC,Wemindji,,,"60, rue Maquatau, Wemindji, QC J0M 1L0",53.005699157714844,-78.8145980834961,,,X,,donnees-quebec.ca/MSSS,f
QC,msss-clsc-wemindji-msdc-wemindji,Msdc Wemindji,health,CLSC,Wemindji,,,"27, rue Gilpin, Wemindji, QC J0M 1L0",52.999000549316406,-78.81279754638672,,,X,,donnees-quebec.ca/MSSS,f
QC,msss-chsld-wendake-chsld-de-wendake,CHSLD De Wendake,health,CHSLD,Wendake,,,"40, rue Chef-Simon-Romain, Wendake, QC G0A 4V0",46.8651008605957,-71.3561019897461,,,X,,donnees-quebec.ca/MSSS,f
QC,msss-chsld-wendake-residence-marcel-sioui,Résidence Marcel Sioui,health,CHSLD,Wendake,,,"70, rue de l'Ours, Wendake, QC G0A 4V0",46.8650016784668,-71.35769653320312,,,X,,donnees-quebec.ca/MSSS,f
QC,msss-chsld-westmount-chateau-westmount,CHâteau Westmount,health,CHSLD,Westmount,,,"4860, boulevard de Maisonneuve Ouest, Westmount, QC H3Z 3G2",45.47719955444336,-73.6001968383789,,,X,,donnees-quebec.ca/MSSS,f
QC,msss-chsld-westmount-centre-d-hebergement-saint-margaret,Centre D'Hébergement Saint-Margaret,health,CHSLD,Westmount,,,"50, avenue Hillside, Westmount, QC H3Z 1V9",45.481998443603516,-73.589599609375,,,X,,donnees-quebec.ca/MSSS,f
QC,msss-hopital-westmount-centre-de-services-ambulatoires-gilman,Centre De Services Ambulatoires Gilman,health,Hôpital,Westmount,,,"1040, avenue Atwater, Westmount, QC H3Z 1X3",45.487300872802734,-73.58260345458984,,,X,,donnees-quebec.ca/MSSS,f
QC,msss-clsc-whapmagoostui-cmc-whapmagoostui,Cmc Whapmagoostui,health,CLSC,Whapmagoostui,,,"425, rue Nisk, Whapmagoostui, QC J0M 1G0",55.27750015258789,-77.75879669189453,,,X,,donnees-quebec.ca/MSSS,f
QC,msss-clsc-whapmagoostui-msdc-whapmagoostui,Msdc Whapmagoostui,health,CLSC,Whapmagoostui,,,"423, rue Whapmakw, Whapmagoostui, QC J0M 1G0",55.27799987792969,-77.76129913330078,,,X,,donnees-quebec.ca/MSSS,f
QC,msss-clsc-windsor-centre-multiservices-de-sante-et-de-services-sociaux-de-wind,Centre Multiservices De Santé Et De Services Sociaux De Windsor,health,CLSC,Windsor,,,"23, rue Ambroise-Dearden, Windsor, QC J1S 1G8",45.57080078125,-72.00499725341797,,,X,,donnees-quebec.ca/MSSS,f
ON,pw-211-on,211 Ontario,social,Référence communautaire,Province de l'Ontario,211,https://211ontario.ca,,43.6532,-79.3832,X,,,,,t
ON,on-tribunaux-juridique,Tribunaux administratifs de l'Ontario – Aide juridique (FR),legal,Aide juridique en français,Toronto,416-326-2220,https://tribunalsontario.ca/fr/soutiens-et-services/obtenir-de-laide-juridique/,,43.6532,-79.3832,X,,,,,f
NB,pw-211-nb,211 Nouveau-Brunswick,social,Référence communautaire,Province du Nouveau-Brunswick,211,https://nb.211.ca,,45.9636,-66.6431,X,,,,,t
NS,pw-211-ns,211 Nouvelle-Écosse,social,Référence communautaire,Province de la Nouvelle-Écosse,211,https://ns.211.ca,,44.6488,-63.5752,X,,,,,t
PE,pw-211-pe,211 Île-du-Prince-Édouard,social,Référence communautaire,Province de l'Île-du-Prince-Édouard,211,https://pe.211.ca,,46.2382,-63.1311,X,,,,,t
NL,pw-211-nl,211 Terre-Neuve-et-Labrador,social,Référence communautaire,Province de Terre-Neuve-et-Labrador,211,https://nl.211.ca,,47.5615,-52.7126,X,,,,,t
MB,pw-211-mb,211 Manitoba,social,Référence communautaire,Province du Manitoba,211,https://mb.211.ca,,49.8951,-97.1384,X,,,,,t
SK,pw-211-sk,211 Saskatchewan,social,Référence communautaire,Province de la Saskatchewan,211,https://sk.211.ca,,50.4452,-104.6189,X,,,,,t
AB,pw-211-ab,211 Alberta,social,Référence communautaire,Province de l'Alberta,211,https://ab.211.ca,,53.5461,-113.4938,X,,,,,t
BC,pw-211-bc,211 Colombie-Britannique,social,Référence communautaire,Province de la Colombie-Britannique,211,https://bc.211.ca,,48.4284,-123.3656,X,,,,,t
YT,pw-211-yt,211 Yukon,social,Référence communautaire,Territoire du Yukon,211,https://yukon211.ca,,60.7212,-135.0568,X,,,,,t
NT,pw-211-nt,211 Territoires du Nord-Ouest,social,Référence communautaire,Territoires du Nord-Ouest,211,https://nwt211.ca,,62.454,-114.3718,X,,,,,t
NU,pw-211-nu,Nunavut Kamatsiaqtut Helpline,mentalHealth,Ligne d'écoute,Territoire du Nunavut,1-800-265-3333,https://nunavuthelpline.ca,,63.7467,-68.517,X,,,,,t
